
                           Design Compiler Graphical 
                                 DC Ultra (TM)
                                  DFTMAX (TM)
                              Power Compiler (TM)
                                 DesignWare (R)
                                 DC Expert (TM)
                               Design Vision (TM)
                               HDL Compiler (TM)
                               VHDL Compiler (TM)
                                  DFT Compiler
                               Design Compiler(R)

               Version S-2021.06-SP4 for linux64 - Nov 23, 2021 

                    Copyright (c) 1988 - 2021 Synopsys, Inc.
   This software and the associated documentation are proprietary to Synopsys,
 Inc. This software may only be used in accordance with the terms and conditions
 of a written license agreement with Synopsys, Inc. All other use, reproduction,
   or distribution of this software is strictly prohibited.  Licensed Products
     communicate with Synopsys servers for the purpose of providing software
    updates, detecting software piracy and verifying that customers are using
    Licensed Products in conformity with the applicable License Key for such
  Licensed Products. Synopsys will use information gathered in connection with
    this process to deliver software updates and pursue software pirates and
                                   infringers.

 Inclusivity & Diversity - Visit SolvNetPlus to read the "Synopsys Statement on
            Inclusivity and Diversity" (Refer to article 000036315 at
                        https://solvnetplus.synopsys.com)
Initializing...
# TCL script for Design Compiler
# Enable multicore functionality (caution: using this option may slow down optimization for smaller designs)
#set_host_options -max_cores 4
# Do not change this line
set top_level "Rasterizer_unit"
Rasterizer_unit
# Load common variables, artisan standard cells
source -verbose "../syn/common.syn.tcl"
/ids/kits/UMC28_Kit/v-logic_um28nchslogl30hdh140f/DesignWare_logic_libs/umc28nllh/30hd/hdh/svt/latest/liberty/ccs
/ids/tools/SYNOPSYS/syn/S-2021.06-SP4/
. /ids/kits/UMC28_Kit/v-logic_um28nchslogl30hdh140f/DesignWare_logic_libs/umc28nllh/30hd/hdh/svt/latest/liberty/ccs /ids/tools/SYNOPSYS/syn/S-2021.06-SP4//libraries/syn
* um28nchslogl30hdh140f_tt0p9v25c.db dw_foundation.sldb gtech.db standard.sldb
um28nchslogl30hdh140f_tt0p9v25c.db
# Set top level name
set dir_name "${top_level}"
Rasterizer_unit
# Read verilog files
read_verilog "../src/${top_level}.v"
Loading db file '/ids/kits/UMC28_Kit/v-logic_um28nchslogl30hdh140f/DesignWare_logic_libs/umc28nllh/30hd/hdh/svt/latest/liberty/ccs/um28nchslogl30hdh140f_tt0p9v25c.db'
Information: Using CCS timing libraries. (TIM-024)
Loading db file '/ids/tools/SYNOPSYS/syn/S-2021.06-SP4/libraries/syn/dw_foundation.sldb'
Loading db file '/ids/tools/SYNOPSYS/syn/S-2021.06-SP4/libraries/syn/gtech.db'
Loading db file '/ids/tools/SYNOPSYS/syn/S-2021.06-SP4/libraries/syn/standard.sldb'
  Loading link library 'um28nchslogl30hdh140f_tt0p9v25c'
  Loading link library 'gtech'
Loading verilog file '/home/hyukjun/Projects/MonoGS_HW/SLAM_Rasterizer/src/Rasterizer_unit.v'
Detecting input file type automatically (-rtl or -netlist).
Reading with Presto HDL Compiler (equivalent to -rtl option).
Running PRESTO HDLC
Compiling source file /home/hyukjun/Projects/MonoGS_HW/SLAM_Rasterizer/src/Rasterizer_unit.v

Inferred memory devices in process
	in routine Rasterizer_unit line 197 in file
		'/home/hyukjun/Projects/MonoGS_HW/SLAM_Rasterizer/src/Rasterizer_unit.v'.
============================================================================================
|          Register Name           |   Type    | Width | Bus | MB | AR | AS | SR | SS | ST |
============================================================================================
|       dL_dpixel_depth0_reg       | Flip-flop |  32   |  Y  | N  | N  | N  | N  | N  | N  |
|       dL_dpixel_depth1_reg       | Flip-flop |  32   |  Y  | N  | N  | N  | N  | N  | N  |
|      gradient_valid_out_reg      | Flip-flop |   1   |  N  | N  | N  | N  | N  | N  | N  |
|       alpha_calculated_reg       | Flip-flop |  32   |  Y  | N  | N  | N  | N  | N  | N  |
|    skip_and_alpha_i_valid_reg    | Flip-flop |   1   |  N  | N  | N  | N  | N  | N  | N  |
|  gradient_gaussians_i_valid_reg  | Flip-flop |   1   |  N  | N  | N  | N  | N  | N  | N  |
| gradient_depth_color_i_valid_reg | Flip-flop |   1   |  N  | N  | N  | N  | N  | N  | N  |
|             skip_reg             | Flip-flop |   1   |  N  | N  | N  | N  | N  | N  | N  |
|              G1_reg              | Flip-flop |  32   |  Y  | N  | N  | N  | N  | N  | N  |
|              G2_reg              | Flip-flop |  32   |  Y  | N  | N  | N  | N  | N  | N  |
|              d1_reg              | Flip-flop |  64   |  Y  | N  | N  | N  | N  | N  | N  |
|              d2_reg              | Flip-flop |  64   |  Y  | N  | N  | N  | N  | N  | N  |
|            T_reg_reg             | Flip-flop |  32   |  Y  | N  | N  | N  | N  | N  | N  |
|          color_reg_reg           | Flip-flop |  96   |  Y  | N  | N  | N  | N  | N  | N  |
|          alpha_reg_reg           | Flip-flop |  32   |  Y  | N  | N  | N  | N  | N  | N  |
|          depth_reg_reg           | Flip-flop |  32   |  Y  | N  | N  | N  | N  | N  | N  |
|        accum_rec_reg_reg         | Flip-flop |  96   |  Y  | N  | N  | N  | N  | N  | N  |
|     accum_rec_depth_reg_reg      | Flip-flop |  32   |  Y  | N  | N  | N  | N  | N  | N  |
|          dL_dalpha_reg           | Flip-flop |  32   |  Y  | N  | N  | N  | N  | N  | N  |
|          dL_dcolor_reg           | Flip-flop |  96   |  Y  | N  | N  | N  | N  | N  | N  |
|          dL_ddepth_reg           | Flip-flop |  32   |  Y  | N  | N  | N  | N  | N  | N  |
|          dL_dmean2D_reg          | Flip-flop |  64   |  Y  | N  | N  | N  | N  | N  | N  |
|          dL_dconic_reg           | Flip-flop |  128  |  Y  | N  | N  | N  | N  | N  | N  |
|         dL_dopacity_reg          | Flip-flop |  32   |  Y  | N  | N  | N  | N  | N  | N  |
|       gaussian_color0_reg        | Flip-flop |  96   |  Y  | N  | N  | N  | N  | N  | N  |
|       gaussian_color1_reg        | Flip-flop |  96   |  Y  | N  | N  | N  | N  | N  | N  |
|       gaussian_depth0_reg        | Flip-flop |  32   |  Y  | N  | N  | N  | N  | N  | N  |
|       gaussian_depth1_reg        | Flip-flop |  32   |  Y  | N  | N  | N  | N  | N  | N  |
|             H_in_reg             | Flip-flop |  32   |  Y  | N  | N  | N  | N  | N  | N  |
|             W_in_reg             | Flip-flop |  32   |  Y  | N  | N  | N  | N  | N  | N  |
|          dL_dcolor2_reg          | Flip-flop |  96   |  Y  | N  | N  | N  | N  | N  | N  |
|          dL_ddepth2_reg          | Flip-flop |  32   |  Y  | N  | N  | N  | N  | N  | N  |
|          dL_dpixel0_reg          | Flip-flop |  96   |  Y  | N  | N  | N  | N  | N  | N  |
|          dL_dpixel1_reg          | Flip-flop |  96   |  Y  | N  | N  | N  | N  | N  | N  |
============================================================================================
Presto compilation completed successfully.
Current design is now '/home/hyukjun/Projects/MonoGS_HW/SLAM_Rasterizer/src/Rasterizer_unit.db:Rasterizer_unit'
Loaded 1 design.
Current design is 'Rasterizer_unit'.
Rasterizer_unit
read_verilog "../src/skip_and_alpha.v"
Loading verilog file '/home/hyukjun/Projects/MonoGS_HW/SLAM_Rasterizer/src/skip_and_alpha.v'
Detecting input file type automatically (-rtl or -netlist).
Reading with Presto HDL Compiler (equivalent to -rtl option).
Running PRESTO HDLC
Compiling source file /home/hyukjun/Projects/MonoGS_HW/SLAM_Rasterizer/src/skip_and_alpha.v
Warning:  /home/hyukjun/Projects/MonoGS_HW/SLAM_Rasterizer/src/skip_and_alpha.v:80: A unnamed generate block with an LRM-defined name 'genblk1' is detected, which is incompatible with Verilog standard 2001 or 1995. (VER-944)
Warning:  /home/hyukjun/Projects/MonoGS_HW/SLAM_Rasterizer/src/skip_and_alpha.v:80: A unnamed generate block with an LRM-defined name 'genblk1' is detected, which is incompatible with Verilog standard 2001 or 1995. (VER-944)
Warning:  /home/hyukjun/Projects/MonoGS_HW/SLAM_Rasterizer/src/skip_and_alpha.v:74: A unnamed generate block with an LRM-defined name 'genblk1' is detected, which is incompatible with Verilog standard 2001 or 1995. (VER-944)
Module 'skip_and_alpha' was not elaborated because it contains the 'template' attribute.  Instead, it has been saved as a template.
No designs were read
read_verilog "../src/gradient_depth_color.v"
Loading verilog file '/home/hyukjun/Projects/MonoGS_HW/SLAM_Rasterizer/src/gradient_depth_color.v'
Detecting input file type automatically (-rtl or -netlist).
Reading with Presto HDL Compiler (equivalent to -rtl option).
Running PRESTO HDLC
Compiling source file /home/hyukjun/Projects/MonoGS_HW/SLAM_Rasterizer/src/gradient_depth_color.v
Module 'gradient_depth_color' was not elaborated because it contains the 'template' attribute.  Instead, it has been saved as a template.
No designs were read
read_verilog "../src/gradient_gaussians.v"
Loading verilog file '/home/hyukjun/Projects/MonoGS_HW/SLAM_Rasterizer/src/gradient_gaussians.v'
Detecting input file type automatically (-rtl or -netlist).
Reading with Presto HDL Compiler (equivalent to -rtl option).
Running PRESTO HDLC
Compiling source file /home/hyukjun/Projects/MonoGS_HW/SLAM_Rasterizer/src/gradient_gaussians.v
Module 'gradient_gaussians' was not elaborated because it contains the 'template' attribute.  Instead, it has been saved as a template.
No designs were read
list_designs
Rasterizer_unit (*)
1
current_design $top_level
Current design is 'Rasterizer_unit'.
{Rasterizer_unit}
# Clock period
set clk_period 5
5
# clk_period (ns)
set clk_uncertainty 0.1
0.1
set clk_transition 0.1
0.1
# Create real clock if clock port is found
if {[sizeof_collection [get_ports clk]] > 0} {
  set clk_name "clk"
  set clk_port "clk"
  #If no waveform is specified, 50% duty cycle is assumed
  create_clock -name $clk_name -period $clk_period [get_ports $clk_port] 
  set_drive 0 [get_clocks $clk_name] 
}
Information: Building the design 'skip_and_alpha' instantiated from design 'Rasterizer_unit' with
	the parameters "BLOCK_SIZE=16,exponent_bit=8,mantissa_bit=23,precision=32". (HDL-193)
Presto compilation completed successfully. (skip_and_alpha_BLOCK_SIZE16_exponent_bit8_mantissa_bit23_precision32)
Information: Building the design 'gradient_depth_color' instantiated from design 'Rasterizer_unit' with
	the parameters "BLOCK_SIZE=16,exponent_bit=8,mantissa_bit=23,precision=32". (HDL-193)
Presto compilation completed successfully. (gradient_depth_color_BLOCK_SIZE16_exponent_bit8_mantissa_bit23_precision32)
Information: Building the design 'gradient_gaussians' instantiated from design 'Rasterizer_unit' with
	the parameters "BLOCK_SIZE=16,exponent_bit=8,mantissa_bit=23,precision=32". (HDL-193)
Presto compilation completed successfully. (gradient_gaussians_BLOCK_SIZE16_exponent_bit8_mantissa_bit23_precision32)
1
set_operating_conditions "TT0P9V25C" -library "um28nchslogl30hdh140f_tt0p9v25c" 
Using operating conditions 'TT0P9V25C' found in library 'um28nchslogl30hdh140f_tt0p9v25c'.
1
set_wire_load_selection_group "um28nchslogl30hdh140f" -library "um28nchslogl30hdh140f_tt0p9v25c" 
1
set min_input_delay 0.1
0.1
set max_input_delay 0.5
0.5
set typical_input_transition 0.1
0.1
set min_output_delay 0.1
0.1
set max_output_delay 0.5
0.5
set typical_output_load 0.010 
0.010
# Link the design
link

  Linking design 'Rasterizer_unit'
  Using the following designs and libraries:
  --------------------------------------------------------------------------
  * (4 designs)               /home/hyukjun/Projects/MonoGS_HW/SLAM_Rasterizer/src/Rasterizer_unit.db, etc
  um28nchslogl30hdh140f_tt0p9v25c (library) /ids/kits/UMC28_Kit/v-logic_um28nchslogl30hdh140f/DesignWare_logic_libs/umc28nllh/30hd/hdh/svt/latest/liberty/ccs/um28nchslogl30hdh140f_tt0p9v25c.db
  dw_foundation.sldb (library) /ids/tools/SYNOPSYS/syn/S-2021.06-SP4/libraries/syn/dw_foundation.sldb

1
# Set maximum fanout of gates
set_max_fanout 16 $top_level 
1
# Configure the clock network
set_fix_hold [all_clocks] 
1
set_dont_touch_network $clk_port 
1
# Set delays and transitions
#set_driving_cell -lib_cell INVD32BWP12T50M1P [all_inputs]
set_input_transition $typical_input_transition [all_inputs]
1
set_input_delay $min_input_delay -min [all_inputs] -clock $clk_name 
1
set_input_delay $max_input_delay -max [all_inputs] -clock $clk_name 
1
remove_input_delay -clock $clk_name [find port $clk_port]
1
set_output_delay $min_output_delay -min [all_outputs] -clock $clk_name 
1
set_output_delay $max_output_delay -max [all_outputs] -clock $clk_name 
1
set_clock_uncertainty $clk_uncertainty [get_clocks $clk_name]
1
#Propagated clock used for gated clocks only
#set_propagated_clock [get_clocks $clk_name]
set_clock_transition $clk_transition [get_clocks $clk_name]
1
# Set max delay for async reset path
#set_max_delay [expr $clk_period/2] -from reset
# Set loading of outputs 
set_load $typical_output_load [all_outputs] 
1
# Verify the design
check_design
 
****************************************
check_design summary:
Version:     S-2021.06-SP4
Date:        Thu Oct 10 17:42:15 2024
****************************************

                   Name                                            Total
--------------------------------------------------------------------------------
Inputs/Outputs                                                     74
    Unconnected ports (LINT-28)                                    10
    Feedthrough (LINT-29)                                           1
    Shorted outputs (LINT-31)                                      31
    Constant outputs (LINT-52)                                     32

Nets                                                              551
    Unloaded nets (LINT-2)                                        551
--------------------------------------------------------------------------------

Warning: In design 'Rasterizer_unit', net 'skip_and_alpha_unit/status_flag_3[0]' driven by pin 'skip_and_alpha_unit/alpha_skip_comp/status1_0' has no loads. (LINT-2)
Warning: In design 'Rasterizer_unit', net 'skip_and_alpha_unit/status_flag_3[1]' driven by pin 'skip_and_alpha_unit/alpha_skip_comp/status1_1' has no loads. (LINT-2)
Warning: In design 'Rasterizer_unit', net 'skip_and_alpha_unit/status_flag_3[2]' driven by pin 'skip_and_alpha_unit/alpha_skip_comp/status1_2' has no loads. (LINT-2)
Warning: In design 'Rasterizer_unit', net 'skip_and_alpha_unit/status_flag_3[3]' driven by pin 'skip_and_alpha_unit/alpha_skip_comp/status1_3' has no loads. (LINT-2)
Warning: In design 'Rasterizer_unit', net 'skip_and_alpha_unit/status_flag_3[4]' driven by pin 'skip_and_alpha_unit/alpha_skip_comp/status1_4' has no loads. (LINT-2)
Warning: In design 'Rasterizer_unit', net 'skip_and_alpha_unit/status_flag_3[5]' driven by pin 'skip_and_alpha_unit/alpha_skip_comp/status1_5' has no loads. (LINT-2)
Warning: In design 'Rasterizer_unit', net 'skip_and_alpha_unit/status_flag_3[6]' driven by pin 'skip_and_alpha_unit/alpha_skip_comp/status1_6' has no loads. (LINT-2)
Warning: In design 'Rasterizer_unit', net 'skip_and_alpha_unit/status_flag_3[7]' driven by pin 'skip_and_alpha_unit/alpha_skip_comp/status1_7' has no loads. (LINT-2)
Warning: In design 'Rasterizer_unit', net 'skip_and_alpha_unit/status_flag_2[0]' driven by pin 'skip_and_alpha_unit/alpha_skip_comp/status0_0' has no loads. (LINT-2)
Warning: In design 'Rasterizer_unit', net 'skip_and_alpha_unit/status_flag_2[1]' driven by pin 'skip_and_alpha_unit/alpha_skip_comp/status0_1' has no loads. (LINT-2)
Warning: In design 'Rasterizer_unit', net 'skip_and_alpha_unit/status_flag_2[2]' driven by pin 'skip_and_alpha_unit/alpha_skip_comp/status0_2' has no loads. (LINT-2)
Warning: In design 'Rasterizer_unit', net 'skip_and_alpha_unit/status_flag_2[3]' driven by pin 'skip_and_alpha_unit/alpha_skip_comp/status0_3' has no loads. (LINT-2)
Warning: In design 'Rasterizer_unit', net 'skip_and_alpha_unit/status_flag_2[4]' driven by pin 'skip_and_alpha_unit/alpha_skip_comp/status0_4' has no loads. (LINT-2)
Warning: In design 'Rasterizer_unit', net 'skip_and_alpha_unit/status_flag_2[5]' driven by pin 'skip_and_alpha_unit/alpha_skip_comp/status0_5' has no loads. (LINT-2)
Warning: In design 'Rasterizer_unit', net 'skip_and_alpha_unit/status_flag_2[6]' driven by pin 'skip_and_alpha_unit/alpha_skip_comp/status0_6' has no loads. (LINT-2)
Warning: In design 'Rasterizer_unit', net 'skip_and_alpha_unit/status_flag_2[7]' driven by pin 'skip_and_alpha_unit/alpha_skip_comp/status0_7' has no loads. (LINT-2)
Warning: In design 'Rasterizer_unit', net 'skip_and_alpha_unit/not_used_alpha3[0]' driven by pin 'skip_and_alpha_unit/alpha_skip_comp/z1_0' has no loads. (LINT-2)
Warning: In design 'Rasterizer_unit', net 'skip_and_alpha_unit/not_used_alpha3[1]' driven by pin 'skip_and_alpha_unit/alpha_skip_comp/z1_1' has no loads. (LINT-2)
Warning: In design 'Rasterizer_unit', net 'skip_and_alpha_unit/not_used_alpha3[2]' driven by pin 'skip_and_alpha_unit/alpha_skip_comp/z1_2' has no loads. (LINT-2)
Warning: In design 'Rasterizer_unit', net 'skip_and_alpha_unit/not_used_alpha3[3]' driven by pin 'skip_and_alpha_unit/alpha_skip_comp/z1_3' has no loads. (LINT-2)
Warning: In design 'Rasterizer_unit', net 'skip_and_alpha_unit/not_used_alpha3[4]' driven by pin 'skip_and_alpha_unit/alpha_skip_comp/z1_4' has no loads. (LINT-2)
Warning: In design 'Rasterizer_unit', net 'skip_and_alpha_unit/not_used_alpha3[5]' driven by pin 'skip_and_alpha_unit/alpha_skip_comp/z1_5' has no loads. (LINT-2)
Warning: In design 'Rasterizer_unit', net 'skip_and_alpha_unit/not_used_alpha3[6]' driven by pin 'skip_and_alpha_unit/alpha_skip_comp/z1_6' has no loads. (LINT-2)
Warning: In design 'Rasterizer_unit', net 'skip_and_alpha_unit/not_used_alpha3[7]' driven by pin 'skip_and_alpha_unit/alpha_skip_comp/z1_7' has no loads. (LINT-2)
Warning: In design 'Rasterizer_unit', net 'skip_and_alpha_unit/not_used_alpha3[8]' driven by pin 'skip_and_alpha_unit/alpha_skip_comp/z1_8' has no loads. (LINT-2)
Warning: In design 'Rasterizer_unit', net 'skip_and_alpha_unit/not_used_alpha3[9]' driven by pin 'skip_and_alpha_unit/alpha_skip_comp/z1_9' has no loads. (LINT-2)
Warning: In design 'Rasterizer_unit', net 'skip_and_alpha_unit/not_used_alpha3[10]' driven by pin 'skip_and_alpha_unit/alpha_skip_comp/z1_10' has no loads. (LINT-2)
Warning: In design 'Rasterizer_unit', net 'skip_and_alpha_unit/not_used_alpha3[11]' driven by pin 'skip_and_alpha_unit/alpha_skip_comp/z1_11' has no loads. (LINT-2)
Warning: In design 'Rasterizer_unit', net 'skip_and_alpha_unit/not_used_alpha3[12]' driven by pin 'skip_and_alpha_unit/alpha_skip_comp/z1_12' has no loads. (LINT-2)
Warning: In design 'Rasterizer_unit', net 'skip_and_alpha_unit/not_used_alpha3[13]' driven by pin 'skip_and_alpha_unit/alpha_skip_comp/z1_13' has no loads. (LINT-2)
Warning: In design 'Rasterizer_unit', net 'skip_and_alpha_unit/not_used_alpha3[14]' driven by pin 'skip_and_alpha_unit/alpha_skip_comp/z1_14' has no loads. (LINT-2)
Warning: In design 'Rasterizer_unit', net 'skip_and_alpha_unit/not_used_alpha3[15]' driven by pin 'skip_and_alpha_unit/alpha_skip_comp/z1_15' has no loads. (LINT-2)
Warning: In design 'Rasterizer_unit', net 'skip_and_alpha_unit/not_used_alpha3[16]' driven by pin 'skip_and_alpha_unit/alpha_skip_comp/z1_16' has no loads. (LINT-2)
Warning: In design 'Rasterizer_unit', net 'skip_and_alpha_unit/not_used_alpha3[17]' driven by pin 'skip_and_alpha_unit/alpha_skip_comp/z1_17' has no loads. (LINT-2)
Warning: In design 'Rasterizer_unit', net 'skip_and_alpha_unit/not_used_alpha3[18]' driven by pin 'skip_and_alpha_unit/alpha_skip_comp/z1_18' has no loads. (LINT-2)
Warning: In design 'Rasterizer_unit', net 'skip_and_alpha_unit/not_used_alpha3[19]' driven by pin 'skip_and_alpha_unit/alpha_skip_comp/z1_19' has no loads. (LINT-2)
Warning: In design 'Rasterizer_unit', net 'skip_and_alpha_unit/not_used_alpha3[20]' driven by pin 'skip_and_alpha_unit/alpha_skip_comp/z1_20' has no loads. (LINT-2)
Warning: In design 'Rasterizer_unit', net 'skip_and_alpha_unit/not_used_alpha3[21]' driven by pin 'skip_and_alpha_unit/alpha_skip_comp/z1_21' has no loads. (LINT-2)
Warning: In design 'Rasterizer_unit', net 'skip_and_alpha_unit/not_used_alpha3[22]' driven by pin 'skip_and_alpha_unit/alpha_skip_comp/z1_22' has no loads. (LINT-2)
Warning: In design 'Rasterizer_unit', net 'skip_and_alpha_unit/not_used_alpha3[23]' driven by pin 'skip_and_alpha_unit/alpha_skip_comp/z1_23' has no loads. (LINT-2)
Warning: In design 'Rasterizer_unit', net 'skip_and_alpha_unit/not_used_alpha3[24]' driven by pin 'skip_and_alpha_unit/alpha_skip_comp/z1_24' has no loads. (LINT-2)
Warning: In design 'Rasterizer_unit', net 'skip_and_alpha_unit/not_used_alpha3[25]' driven by pin 'skip_and_alpha_unit/alpha_skip_comp/z1_25' has no loads. (LINT-2)
Warning: In design 'Rasterizer_unit', net 'skip_and_alpha_unit/not_used_alpha3[26]' driven by pin 'skip_and_alpha_unit/alpha_skip_comp/z1_26' has no loads. (LINT-2)
Warning: In design 'Rasterizer_unit', net 'skip_and_alpha_unit/not_used_alpha3[27]' driven by pin 'skip_and_alpha_unit/alpha_skip_comp/z1_27' has no loads. (LINT-2)
Warning: In design 'Rasterizer_unit', net 'skip_and_alpha_unit/not_used_alpha3[28]' driven by pin 'skip_and_alpha_unit/alpha_skip_comp/z1_28' has no loads. (LINT-2)
Warning: In design 'Rasterizer_unit', net 'skip_and_alpha_unit/not_used_alpha3[29]' driven by pin 'skip_and_alpha_unit/alpha_skip_comp/z1_29' has no loads. (LINT-2)
Warning: In design 'Rasterizer_unit', net 'skip_and_alpha_unit/not_used_alpha3[30]' driven by pin 'skip_and_alpha_unit/alpha_skip_comp/z1_30' has no loads. (LINT-2)
Warning: In design 'Rasterizer_unit', net 'skip_and_alpha_unit/not_used_alpha3[31]' driven by pin 'skip_and_alpha_unit/alpha_skip_comp/z1_31' has no loads. (LINT-2)
Warning: In design 'Rasterizer_unit', net 'skip_and_alpha_unit/not_used_alpha2[0]' driven by pin 'skip_and_alpha_unit/alpha_skip_comp/z0_0' has no loads. (LINT-2)
Warning: In design 'Rasterizer_unit', net 'skip_and_alpha_unit/not_used_alpha2[1]' driven by pin 'skip_and_alpha_unit/alpha_skip_comp/z0_1' has no loads. (LINT-2)
Warning: In design 'Rasterizer_unit', net 'skip_and_alpha_unit/not_used_alpha2[2]' driven by pin 'skip_and_alpha_unit/alpha_skip_comp/z0_2' has no loads. (LINT-2)
Warning: In design 'Rasterizer_unit', net 'skip_and_alpha_unit/not_used_alpha2[3]' driven by pin 'skip_and_alpha_unit/alpha_skip_comp/z0_3' has no loads. (LINT-2)
Warning: In design 'Rasterizer_unit', net 'skip_and_alpha_unit/not_used_alpha2[4]' driven by pin 'skip_and_alpha_unit/alpha_skip_comp/z0_4' has no loads. (LINT-2)
Warning: In design 'Rasterizer_unit', net 'skip_and_alpha_unit/not_used_alpha2[5]' driven by pin 'skip_and_alpha_unit/alpha_skip_comp/z0_5' has no loads. (LINT-2)
Warning: In design 'Rasterizer_unit', net 'skip_and_alpha_unit/not_used_alpha2[6]' driven by pin 'skip_and_alpha_unit/alpha_skip_comp/z0_6' has no loads. (LINT-2)
Warning: In design 'Rasterizer_unit', net 'skip_and_alpha_unit/not_used_alpha2[7]' driven by pin 'skip_and_alpha_unit/alpha_skip_comp/z0_7' has no loads. (LINT-2)
Warning: In design 'Rasterizer_unit', net 'skip_and_alpha_unit/not_used_alpha2[8]' driven by pin 'skip_and_alpha_unit/alpha_skip_comp/z0_8' has no loads. (LINT-2)
Warning: In design 'Rasterizer_unit', net 'skip_and_alpha_unit/not_used_alpha2[9]' driven by pin 'skip_and_alpha_unit/alpha_skip_comp/z0_9' has no loads. (LINT-2)
Warning: In design 'Rasterizer_unit', net 'skip_and_alpha_unit/not_used_alpha2[10]' driven by pin 'skip_and_alpha_unit/alpha_skip_comp/z0_10' has no loads. (LINT-2)
Warning: In design 'Rasterizer_unit', net 'skip_and_alpha_unit/not_used_alpha2[11]' driven by pin 'skip_and_alpha_unit/alpha_skip_comp/z0_11' has no loads. (LINT-2)
Warning: In design 'Rasterizer_unit', net 'skip_and_alpha_unit/not_used_alpha2[12]' driven by pin 'skip_and_alpha_unit/alpha_skip_comp/z0_12' has no loads. (LINT-2)
Warning: In design 'Rasterizer_unit', net 'skip_and_alpha_unit/not_used_alpha2[13]' driven by pin 'skip_and_alpha_unit/alpha_skip_comp/z0_13' has no loads. (LINT-2)
Warning: In design 'Rasterizer_unit', net 'skip_and_alpha_unit/not_used_alpha2[14]' driven by pin 'skip_and_alpha_unit/alpha_skip_comp/z0_14' has no loads. (LINT-2)
Warning: In design 'Rasterizer_unit', net 'skip_and_alpha_unit/not_used_alpha2[15]' driven by pin 'skip_and_alpha_unit/alpha_skip_comp/z0_15' has no loads. (LINT-2)
Warning: In design 'Rasterizer_unit', net 'skip_and_alpha_unit/not_used_alpha2[16]' driven by pin 'skip_and_alpha_unit/alpha_skip_comp/z0_16' has no loads. (LINT-2)
Warning: In design 'Rasterizer_unit', net 'skip_and_alpha_unit/not_used_alpha2[17]' driven by pin 'skip_and_alpha_unit/alpha_skip_comp/z0_17' has no loads. (LINT-2)
Warning: In design 'Rasterizer_unit', net 'skip_and_alpha_unit/not_used_alpha2[18]' driven by pin 'skip_and_alpha_unit/alpha_skip_comp/z0_18' has no loads. (LINT-2)
Warning: In design 'Rasterizer_unit', net 'skip_and_alpha_unit/not_used_alpha2[19]' driven by pin 'skip_and_alpha_unit/alpha_skip_comp/z0_19' has no loads. (LINT-2)
Warning: In design 'Rasterizer_unit', net 'skip_and_alpha_unit/not_used_alpha2[20]' driven by pin 'skip_and_alpha_unit/alpha_skip_comp/z0_20' has no loads. (LINT-2)
Warning: In design 'Rasterizer_unit', net 'skip_and_alpha_unit/not_used_alpha2[21]' driven by pin 'skip_and_alpha_unit/alpha_skip_comp/z0_21' has no loads. (LINT-2)
Warning: In design 'Rasterizer_unit', net 'skip_and_alpha_unit/not_used_alpha2[22]' driven by pin 'skip_and_alpha_unit/alpha_skip_comp/z0_22' has no loads. (LINT-2)
Warning: In design 'Rasterizer_unit', net 'skip_and_alpha_unit/not_used_alpha2[23]' driven by pin 'skip_and_alpha_unit/alpha_skip_comp/z0_23' has no loads. (LINT-2)
Warning: In design 'Rasterizer_unit', net 'skip_and_alpha_unit/not_used_alpha2[24]' driven by pin 'skip_and_alpha_unit/alpha_skip_comp/z0_24' has no loads. (LINT-2)
Warning: In design 'Rasterizer_unit', net 'skip_and_alpha_unit/not_used_alpha2[25]' driven by pin 'skip_and_alpha_unit/alpha_skip_comp/z0_25' has no loads. (LINT-2)
Warning: In design 'Rasterizer_unit', net 'skip_and_alpha_unit/not_used_alpha2[26]' driven by pin 'skip_and_alpha_unit/alpha_skip_comp/z0_26' has no loads. (LINT-2)
Warning: In design 'Rasterizer_unit', net 'skip_and_alpha_unit/not_used_alpha2[27]' driven by pin 'skip_and_alpha_unit/alpha_skip_comp/z0_27' has no loads. (LINT-2)
Warning: In design 'Rasterizer_unit', net 'skip_and_alpha_unit/not_used_alpha2[28]' driven by pin 'skip_and_alpha_unit/alpha_skip_comp/z0_28' has no loads. (LINT-2)
Warning: In design 'Rasterizer_unit', net 'skip_and_alpha_unit/not_used_alpha2[29]' driven by pin 'skip_and_alpha_unit/alpha_skip_comp/z0_29' has no loads. (LINT-2)
Warning: In design 'Rasterizer_unit', net 'skip_and_alpha_unit/not_used_alpha2[30]' driven by pin 'skip_and_alpha_unit/alpha_skip_comp/z0_30' has no loads. (LINT-2)
Warning: In design 'Rasterizer_unit', net 'skip_and_alpha_unit/not_used_alpha2[31]' driven by pin 'skip_and_alpha_unit/alpha_skip_comp/z0_31' has no loads. (LINT-2)
Warning: In design 'Rasterizer_unit', net 'skip_and_alpha_unit/unordered_inst2' driven by pin 'skip_and_alpha_unit/alpha_skip_comp/unordered' has no loads. (LINT-2)
Warning: In design 'Rasterizer_unit', net 'skip_and_alpha_unit/agtb_inst2' driven by pin 'skip_and_alpha_unit/alpha_skip_comp/agtb' has no loads. (LINT-2)
Warning: In design 'Rasterizer_unit', net 'skip_and_alpha_unit/aeqb_inst2' driven by pin 'skip_and_alpha_unit/alpha_skip_comp/aeqb' has no loads. (LINT-2)
Warning: In design 'Rasterizer_unit', net 'skip_and_alpha_unit/status_flag_1[0]' driven by pin 'skip_and_alpha_unit/alpha_comp/status1_0' has no loads. (LINT-2)
Warning: In design 'Rasterizer_unit', net 'skip_and_alpha_unit/status_flag_1[1]' driven by pin 'skip_and_alpha_unit/alpha_comp/status1_1' has no loads. (LINT-2)
Warning: In design 'Rasterizer_unit', net 'skip_and_alpha_unit/status_flag_1[2]' driven by pin 'skip_and_alpha_unit/alpha_comp/status1_2' has no loads. (LINT-2)
Warning: In design 'Rasterizer_unit', net 'skip_and_alpha_unit/status_flag_1[3]' driven by pin 'skip_and_alpha_unit/alpha_comp/status1_3' has no loads. (LINT-2)
Warning: In design 'Rasterizer_unit', net 'skip_and_alpha_unit/status_flag_1[4]' driven by pin 'skip_and_alpha_unit/alpha_comp/status1_4' has no loads. (LINT-2)
Warning: In design 'Rasterizer_unit', net 'skip_and_alpha_unit/status_flag_1[5]' driven by pin 'skip_and_alpha_unit/alpha_comp/status1_5' has no loads. (LINT-2)
Warning: In design 'Rasterizer_unit', net 'skip_and_alpha_unit/status_flag_1[6]' driven by pin 'skip_and_alpha_unit/alpha_comp/status1_6' has no loads. (LINT-2)
Warning: In design 'Rasterizer_unit', net 'skip_and_alpha_unit/status_flag_1[7]' driven by pin 'skip_and_alpha_unit/alpha_comp/status1_7' has no loads. (LINT-2)
Warning: In design 'Rasterizer_unit', net 'skip_and_alpha_unit/status_flag_0[0]' driven by pin 'skip_and_alpha_unit/alpha_comp/status0_0' has no loads. (LINT-2)
Warning: In design 'Rasterizer_unit', net 'skip_and_alpha_unit/status_flag_0[1]' driven by pin 'skip_and_alpha_unit/alpha_comp/status0_1' has no loads. (LINT-2)
Warning: In design 'Rasterizer_unit', net 'skip_and_alpha_unit/status_flag_0[2]' driven by pin 'skip_and_alpha_unit/alpha_comp/status0_2' has no loads. (LINT-2)
Warning: In design 'Rasterizer_unit', net 'skip_and_alpha_unit/status_flag_0[3]' driven by pin 'skip_and_alpha_unit/alpha_comp/status0_3' has no loads. (LINT-2)
Warning: In design 'Rasterizer_unit', net 'skip_and_alpha_unit/status_flag_0[4]' driven by pin 'skip_and_alpha_unit/alpha_comp/status0_4' has no loads. (LINT-2)
Warning: In design 'Rasterizer_unit', net 'skip_and_alpha_unit/status_flag_0[5]' driven by pin 'skip_and_alpha_unit/alpha_comp/status0_5' has no loads. (LINT-2)
Warning: In design 'Rasterizer_unit', net 'skip_and_alpha_unit/status_flag_0[6]' driven by pin 'skip_and_alpha_unit/alpha_comp/status0_6' has no loads. (LINT-2)
Warning: In design 'Rasterizer_unit', net 'skip_and_alpha_unit/status_flag_0[7]' driven by pin 'skip_and_alpha_unit/alpha_comp/status0_7' has no loads. (LINT-2)
Warning: In design 'Rasterizer_unit', net 'skip_and_alpha_unit/not_used_alpha1[0]' driven by pin 'skip_and_alpha_unit/alpha_comp/z1_0' has no loads. (LINT-2)
Warning: In design 'Rasterizer_unit', net 'skip_and_alpha_unit/not_used_alpha1[1]' driven by pin 'skip_and_alpha_unit/alpha_comp/z1_1' has no loads. (LINT-2)
Warning: In design 'Rasterizer_unit', net 'skip_and_alpha_unit/not_used_alpha1[2]' driven by pin 'skip_and_alpha_unit/alpha_comp/z1_2' has no loads. (LINT-2)
Warning: In design 'Rasterizer_unit', net 'skip_and_alpha_unit/not_used_alpha1[3]' driven by pin 'skip_and_alpha_unit/alpha_comp/z1_3' has no loads. (LINT-2)
Warning: In design 'Rasterizer_unit', net 'skip_and_alpha_unit/not_used_alpha1[4]' driven by pin 'skip_and_alpha_unit/alpha_comp/z1_4' has no loads. (LINT-2)
Warning: In design 'Rasterizer_unit', net 'skip_and_alpha_unit/not_used_alpha1[5]' driven by pin 'skip_and_alpha_unit/alpha_comp/z1_5' has no loads. (LINT-2)
Warning: In design 'Rasterizer_unit', net 'skip_and_alpha_unit/not_used_alpha1[6]' driven by pin 'skip_and_alpha_unit/alpha_comp/z1_6' has no loads. (LINT-2)
Warning: In design 'Rasterizer_unit', net 'skip_and_alpha_unit/not_used_alpha1[7]' driven by pin 'skip_and_alpha_unit/alpha_comp/z1_7' has no loads. (LINT-2)
Warning: In design 'Rasterizer_unit', net 'skip_and_alpha_unit/not_used_alpha1[8]' driven by pin 'skip_and_alpha_unit/alpha_comp/z1_8' has no loads. (LINT-2)
Warning: In design 'Rasterizer_unit', net 'skip_and_alpha_unit/not_used_alpha1[9]' driven by pin 'skip_and_alpha_unit/alpha_comp/z1_9' has no loads. (LINT-2)
Warning: In design 'Rasterizer_unit', net 'skip_and_alpha_unit/not_used_alpha1[10]' driven by pin 'skip_and_alpha_unit/alpha_comp/z1_10' has no loads. (LINT-2)
Warning: In design 'Rasterizer_unit', net 'skip_and_alpha_unit/not_used_alpha1[11]' driven by pin 'skip_and_alpha_unit/alpha_comp/z1_11' has no loads. (LINT-2)
Warning: In design 'Rasterizer_unit', net 'skip_and_alpha_unit/not_used_alpha1[12]' driven by pin 'skip_and_alpha_unit/alpha_comp/z1_12' has no loads. (LINT-2)
Warning: In design 'Rasterizer_unit', net 'skip_and_alpha_unit/not_used_alpha1[13]' driven by pin 'skip_and_alpha_unit/alpha_comp/z1_13' has no loads. (LINT-2)
Warning: In design 'Rasterizer_unit', net 'skip_and_alpha_unit/not_used_alpha1[14]' driven by pin 'skip_and_alpha_unit/alpha_comp/z1_14' has no loads. (LINT-2)
Warning: In design 'Rasterizer_unit', net 'skip_and_alpha_unit/not_used_alpha1[15]' driven by pin 'skip_and_alpha_unit/alpha_comp/z1_15' has no loads. (LINT-2)
Warning: In design 'Rasterizer_unit', net 'skip_and_alpha_unit/not_used_alpha1[16]' driven by pin 'skip_and_alpha_unit/alpha_comp/z1_16' has no loads. (LINT-2)
Warning: In design 'Rasterizer_unit', net 'skip_and_alpha_unit/not_used_alpha1[17]' driven by pin 'skip_and_alpha_unit/alpha_comp/z1_17' has no loads. (LINT-2)
Warning: In design 'Rasterizer_unit', net 'skip_and_alpha_unit/not_used_alpha1[18]' driven by pin 'skip_and_alpha_unit/alpha_comp/z1_18' has no loads. (LINT-2)
Warning: In design 'Rasterizer_unit', net 'skip_and_alpha_unit/not_used_alpha1[19]' driven by pin 'skip_and_alpha_unit/alpha_comp/z1_19' has no loads. (LINT-2)
Warning: In design 'Rasterizer_unit', net 'skip_and_alpha_unit/not_used_alpha1[20]' driven by pin 'skip_and_alpha_unit/alpha_comp/z1_20' has no loads. (LINT-2)
Warning: In design 'Rasterizer_unit', net 'skip_and_alpha_unit/not_used_alpha1[21]' driven by pin 'skip_and_alpha_unit/alpha_comp/z1_21' has no loads. (LINT-2)
Warning: In design 'Rasterizer_unit', net 'skip_and_alpha_unit/not_used_alpha1[22]' driven by pin 'skip_and_alpha_unit/alpha_comp/z1_22' has no loads. (LINT-2)
Warning: In design 'Rasterizer_unit', net 'skip_and_alpha_unit/not_used_alpha1[23]' driven by pin 'skip_and_alpha_unit/alpha_comp/z1_23' has no loads. (LINT-2)
Warning: In design 'Rasterizer_unit', net 'skip_and_alpha_unit/not_used_alpha1[24]' driven by pin 'skip_and_alpha_unit/alpha_comp/z1_24' has no loads. (LINT-2)
Warning: In design 'Rasterizer_unit', net 'skip_and_alpha_unit/not_used_alpha1[25]' driven by pin 'skip_and_alpha_unit/alpha_comp/z1_25' has no loads. (LINT-2)
Warning: In design 'Rasterizer_unit', net 'skip_and_alpha_unit/not_used_alpha1[26]' driven by pin 'skip_and_alpha_unit/alpha_comp/z1_26' has no loads. (LINT-2)
Warning: In design 'Rasterizer_unit', net 'skip_and_alpha_unit/not_used_alpha1[27]' driven by pin 'skip_and_alpha_unit/alpha_comp/z1_27' has no loads. (LINT-2)
Warning: In design 'Rasterizer_unit', net 'skip_and_alpha_unit/not_used_alpha1[28]' driven by pin 'skip_and_alpha_unit/alpha_comp/z1_28' has no loads. (LINT-2)
Warning: In design 'Rasterizer_unit', net 'skip_and_alpha_unit/not_used_alpha1[29]' driven by pin 'skip_and_alpha_unit/alpha_comp/z1_29' has no loads. (LINT-2)
Warning: In design 'Rasterizer_unit', net 'skip_and_alpha_unit/not_used_alpha1[30]' driven by pin 'skip_and_alpha_unit/alpha_comp/z1_30' has no loads. (LINT-2)
Warning: In design 'Rasterizer_unit', net 'skip_and_alpha_unit/not_used_alpha1[31]' driven by pin 'skip_and_alpha_unit/alpha_comp/z1_31' has no loads. (LINT-2)
Warning: In design 'Rasterizer_unit', net 'skip_and_alpha_unit/unordered_inst1' driven by pin 'skip_and_alpha_unit/alpha_comp/unordered' has no loads. (LINT-2)
Warning: In design 'Rasterizer_unit', net 'skip_and_alpha_unit/agtb_inst1' driven by pin 'skip_and_alpha_unit/alpha_comp/agtb' has no loads. (LINT-2)
Warning: In design 'Rasterizer_unit', net 'skip_and_alpha_unit/altb_inst' driven by pin 'skip_and_alpha_unit/alpha_comp/altb' has no loads. (LINT-2)
Warning: In design 'Rasterizer_unit', net 'skip_and_alpha_unit/aeqb_inst1' driven by pin 'skip_and_alpha_unit/alpha_comp/aeqb' has no loads. (LINT-2)
Warning: In design 'Rasterizer_unit', net 'skip_and_alpha_unit/status_inst[16][0]' driven by pin 'skip_and_alpha_unit/T_temp_maker/status_0' has no loads. (LINT-2)
Warning: In design 'Rasterizer_unit', net 'skip_and_alpha_unit/status_inst[16][1]' driven by pin 'skip_and_alpha_unit/T_temp_maker/status_1' has no loads. (LINT-2)
Warning: In design 'Rasterizer_unit', net 'skip_and_alpha_unit/status_inst[16][2]' driven by pin 'skip_and_alpha_unit/T_temp_maker/status_2' has no loads. (LINT-2)
Warning: In design 'Rasterizer_unit', net 'skip_and_alpha_unit/status_inst[16][3]' driven by pin 'skip_and_alpha_unit/T_temp_maker/status_3' has no loads. (LINT-2)
Warning: In design 'Rasterizer_unit', net 'skip_and_alpha_unit/status_inst[16][4]' driven by pin 'skip_and_alpha_unit/T_temp_maker/status_4' has no loads. (LINT-2)
Warning: In design 'Rasterizer_unit', net 'skip_and_alpha_unit/status_inst[16][5]' driven by pin 'skip_and_alpha_unit/T_temp_maker/status_5' has no loads. (LINT-2)
Warning: In design 'Rasterizer_unit', net 'skip_and_alpha_unit/status_inst[16][6]' driven by pin 'skip_and_alpha_unit/T_temp_maker/status_6' has no loads. (LINT-2)
Warning: In design 'Rasterizer_unit', net 'skip_and_alpha_unit/status_inst[16][7]' driven by pin 'skip_and_alpha_unit/T_temp_maker/status_7' has no loads. (LINT-2)
Warning: In design 'Rasterizer_unit', net 'skip_and_alpha_unit/status_inst[15][0]' driven by pin 'skip_and_alpha_unit/One_minus_alpha_maker/status_0' has no loads. (LINT-2)
Warning: In design 'Rasterizer_unit', net 'skip_and_alpha_unit/status_inst[15][1]' driven by pin 'skip_and_alpha_unit/One_minus_alpha_maker/status_1' has no loads. (LINT-2)
Warning: In design 'Rasterizer_unit', net 'skip_and_alpha_unit/status_inst[15][2]' driven by pin 'skip_and_alpha_unit/One_minus_alpha_maker/status_2' has no loads. (LINT-2)
Warning: In design 'Rasterizer_unit', net 'skip_and_alpha_unit/status_inst[15][3]' driven by pin 'skip_and_alpha_unit/One_minus_alpha_maker/status_3' has no loads. (LINT-2)
Warning: In design 'Rasterizer_unit', net 'skip_and_alpha_unit/status_inst[15][4]' driven by pin 'skip_and_alpha_unit/One_minus_alpha_maker/status_4' has no loads. (LINT-2)
Warning: In design 'Rasterizer_unit', net 'skip_and_alpha_unit/status_inst[15][5]' driven by pin 'skip_and_alpha_unit/One_minus_alpha_maker/status_5' has no loads. (LINT-2)
Warning: In design 'Rasterizer_unit', net 'skip_and_alpha_unit/status_inst[15][6]' driven by pin 'skip_and_alpha_unit/One_minus_alpha_maker/status_6' has no loads. (LINT-2)
Warning: In design 'Rasterizer_unit', net 'skip_and_alpha_unit/status_inst[15][7]' driven by pin 'skip_and_alpha_unit/One_minus_alpha_maker/status_7' has no loads. (LINT-2)
Warning: In design 'Rasterizer_unit', net 'skip_and_alpha_unit/status_inst[14][0]' driven by pin 'skip_and_alpha_unit/alpha_temp_maker/status_0' has no loads. (LINT-2)
Warning: In design 'Rasterizer_unit', net 'skip_and_alpha_unit/status_inst[14][1]' driven by pin 'skip_and_alpha_unit/alpha_temp_maker/status_1' has no loads. (LINT-2)
Warning: In design 'Rasterizer_unit', net 'skip_and_alpha_unit/status_inst[14][2]' driven by pin 'skip_and_alpha_unit/alpha_temp_maker/status_2' has no loads. (LINT-2)
Warning: In design 'Rasterizer_unit', net 'skip_and_alpha_unit/status_inst[14][3]' driven by pin 'skip_and_alpha_unit/alpha_temp_maker/status_3' has no loads. (LINT-2)
Warning: In design 'Rasterizer_unit', net 'skip_and_alpha_unit/status_inst[14][4]' driven by pin 'skip_and_alpha_unit/alpha_temp_maker/status_4' has no loads. (LINT-2)
Warning: In design 'Rasterizer_unit', net 'skip_and_alpha_unit/status_inst[14][5]' driven by pin 'skip_and_alpha_unit/alpha_temp_maker/status_5' has no loads. (LINT-2)
Warning: In design 'Rasterizer_unit', net 'skip_and_alpha_unit/status_inst[14][6]' driven by pin 'skip_and_alpha_unit/alpha_temp_maker/status_6' has no loads. (LINT-2)
Warning: In design 'Rasterizer_unit', net 'skip_and_alpha_unit/status_inst[14][7]' driven by pin 'skip_and_alpha_unit/alpha_temp_maker/status_7' has no loads. (LINT-2)
Warning: In design 'Rasterizer_unit', net 'skip_and_alpha_unit/status_inst[13][0]' driven by pin 'skip_and_alpha_unit/exponent_power/status_0' has no loads. (LINT-2)
Warning: In design 'Rasterizer_unit', net 'skip_and_alpha_unit/status_inst[13][1]' driven by pin 'skip_and_alpha_unit/exponent_power/status_1' has no loads. (LINT-2)
Warning: In design 'Rasterizer_unit', net 'skip_and_alpha_unit/status_inst[13][2]' driven by pin 'skip_and_alpha_unit/exponent_power/status_2' has no loads. (LINT-2)
Warning: In design 'Rasterizer_unit', net 'skip_and_alpha_unit/status_inst[13][3]' driven by pin 'skip_and_alpha_unit/exponent_power/status_3' has no loads. (LINT-2)
Warning: In design 'Rasterizer_unit', net 'skip_and_alpha_unit/status_inst[13][4]' driven by pin 'skip_and_alpha_unit/exponent_power/status_4' has no loads. (LINT-2)
Warning: In design 'Rasterizer_unit', net 'skip_and_alpha_unit/status_inst[13][5]' driven by pin 'skip_and_alpha_unit/exponent_power/status_5' has no loads. (LINT-2)
Warning: In design 'Rasterizer_unit', net 'skip_and_alpha_unit/status_inst[13][6]' driven by pin 'skip_and_alpha_unit/exponent_power/status_6' has no loads. (LINT-2)
Warning: In design 'Rasterizer_unit', net 'skip_and_alpha_unit/status_inst[13][7]' driven by pin 'skip_and_alpha_unit/exponent_power/status_7' has no loads. (LINT-2)
Warning: In design 'Rasterizer_unit', net 'skip_and_alpha_unit/status_inst[12][0]' driven by pin 'skip_and_alpha_unit/power_maker/status_0' has no loads. (LINT-2)
Warning: In design 'Rasterizer_unit', net 'skip_and_alpha_unit/status_inst[12][1]' driven by pin 'skip_and_alpha_unit/power_maker/status_1' has no loads. (LINT-2)
Warning: In design 'Rasterizer_unit', net 'skip_and_alpha_unit/status_inst[12][2]' driven by pin 'skip_and_alpha_unit/power_maker/status_2' has no loads. (LINT-2)
Warning: In design 'Rasterizer_unit', net 'skip_and_alpha_unit/status_inst[12][3]' driven by pin 'skip_and_alpha_unit/power_maker/status_3' has no loads. (LINT-2)
Warning: In design 'Rasterizer_unit', net 'skip_and_alpha_unit/status_inst[12][4]' driven by pin 'skip_and_alpha_unit/power_maker/status_4' has no loads. (LINT-2)
Warning: In design 'Rasterizer_unit', net 'skip_and_alpha_unit/status_inst[12][5]' driven by pin 'skip_and_alpha_unit/power_maker/status_5' has no loads. (LINT-2)
Warning: In design 'Rasterizer_unit', net 'skip_and_alpha_unit/status_inst[12][6]' driven by pin 'skip_and_alpha_unit/power_maker/status_6' has no loads. (LINT-2)
Warning: In design 'Rasterizer_unit', net 'skip_and_alpha_unit/status_inst[12][7]' driven by pin 'skip_and_alpha_unit/power_maker/status_7' has no loads. (LINT-2)
Warning: In design 'Rasterizer_unit', net 'skip_and_alpha_unit/status_inst[11][0]' driven by pin 'skip_and_alpha_unit/t4/status_0' has no loads. (LINT-2)
Warning: In design 'Rasterizer_unit', net 'skip_and_alpha_unit/status_inst[11][1]' driven by pin 'skip_and_alpha_unit/t4/status_1' has no loads. (LINT-2)
Warning: In design 'Rasterizer_unit', net 'skip_and_alpha_unit/status_inst[11][2]' driven by pin 'skip_and_alpha_unit/t4/status_2' has no loads. (LINT-2)
Warning: In design 'Rasterizer_unit', net 'skip_and_alpha_unit/status_inst[11][3]' driven by pin 'skip_and_alpha_unit/t4/status_3' has no loads. (LINT-2)
Warning: In design 'Rasterizer_unit', net 'skip_and_alpha_unit/status_inst[11][4]' driven by pin 'skip_and_alpha_unit/t4/status_4' has no loads. (LINT-2)
Warning: In design 'Rasterizer_unit', net 'skip_and_alpha_unit/status_inst[11][5]' driven by pin 'skip_and_alpha_unit/t4/status_5' has no loads. (LINT-2)
Warning: In design 'Rasterizer_unit', net 'skip_and_alpha_unit/status_inst[11][6]' driven by pin 'skip_and_alpha_unit/t4/status_6' has no loads. (LINT-2)
Warning: In design 'Rasterizer_unit', net 'skip_and_alpha_unit/status_inst[11][7]' driven by pin 'skip_and_alpha_unit/t4/status_7' has no loads. (LINT-2)
Warning: In design 'Rasterizer_unit', net 'skip_and_alpha_unit/status_inst[10][0]' driven by pin 'skip_and_alpha_unit/t3/status_0' has no loads. (LINT-2)
Warning: In design 'Rasterizer_unit', net 'skip_and_alpha_unit/status_inst[10][1]' driven by pin 'skip_and_alpha_unit/t3/status_1' has no loads. (LINT-2)
Warning: In design 'Rasterizer_unit', net 'skip_and_alpha_unit/status_inst[10][2]' driven by pin 'skip_and_alpha_unit/t3/status_2' has no loads. (LINT-2)
Warning: In design 'Rasterizer_unit', net 'skip_and_alpha_unit/status_inst[10][3]' driven by pin 'skip_and_alpha_unit/t3/status_3' has no loads. (LINT-2)
Warning: In design 'Rasterizer_unit', net 'skip_and_alpha_unit/status_inst[10][4]' driven by pin 'skip_and_alpha_unit/t3/status_4' has no loads. (LINT-2)
Warning: In design 'Rasterizer_unit', net 'skip_and_alpha_unit/status_inst[10][5]' driven by pin 'skip_and_alpha_unit/t3/status_5' has no loads. (LINT-2)
Warning: In design 'Rasterizer_unit', net 'skip_and_alpha_unit/status_inst[10][6]' driven by pin 'skip_and_alpha_unit/t3/status_6' has no loads. (LINT-2)
Warning: In design 'Rasterizer_unit', net 'skip_and_alpha_unit/status_inst[10][7]' driven by pin 'skip_and_alpha_unit/t3/status_7' has no loads. (LINT-2)
Warning: In design 'Rasterizer_unit', net 'skip_and_alpha_unit/status_inst[9][0]' driven by pin 'skip_and_alpha_unit/t2/status_0' has no loads. (LINT-2)
Warning: In design 'Rasterizer_unit', net 'skip_and_alpha_unit/status_inst[9][1]' driven by pin 'skip_and_alpha_unit/t2/status_1' has no loads. (LINT-2)
Warning: In design 'Rasterizer_unit', net 'skip_and_alpha_unit/status_inst[9][2]' driven by pin 'skip_and_alpha_unit/t2/status_2' has no loads. (LINT-2)
Warning: In design 'Rasterizer_unit', net 'skip_and_alpha_unit/status_inst[9][3]' driven by pin 'skip_and_alpha_unit/t2/status_3' has no loads. (LINT-2)
Warning: In design 'Rasterizer_unit', net 'skip_and_alpha_unit/status_inst[9][4]' driven by pin 'skip_and_alpha_unit/t2/status_4' has no loads. (LINT-2)
Warning: In design 'Rasterizer_unit', net 'skip_and_alpha_unit/status_inst[9][5]' driven by pin 'skip_and_alpha_unit/t2/status_5' has no loads. (LINT-2)
Warning: In design 'Rasterizer_unit', net 'skip_and_alpha_unit/status_inst[9][6]' driven by pin 'skip_and_alpha_unit/t2/status_6' has no loads. (LINT-2)
Warning: In design 'Rasterizer_unit', net 'skip_and_alpha_unit/status_inst[9][7]' driven by pin 'skip_and_alpha_unit/t2/status_7' has no loads. (LINT-2)
Warning: In design 'Rasterizer_unit', net 'skip_and_alpha_unit/status_inst[8][0]' driven by pin 'skip_and_alpha_unit/t1/status_0' has no loads. (LINT-2)
Warning: In design 'Rasterizer_unit', net 'skip_and_alpha_unit/status_inst[8][1]' driven by pin 'skip_and_alpha_unit/t1/status_1' has no loads. (LINT-2)
Warning: In design 'Rasterizer_unit', net 'skip_and_alpha_unit/status_inst[8][2]' driven by pin 'skip_and_alpha_unit/t1/status_2' has no loads. (LINT-2)
Warning: In design 'Rasterizer_unit', net 'skip_and_alpha_unit/status_inst[8][3]' driven by pin 'skip_and_alpha_unit/t1/status_3' has no loads. (LINT-2)
Warning: In design 'Rasterizer_unit', net 'skip_and_alpha_unit/status_inst[8][4]' driven by pin 'skip_and_alpha_unit/t1/status_4' has no loads. (LINT-2)
Warning: In design 'Rasterizer_unit', net 'skip_and_alpha_unit/status_inst[8][5]' driven by pin 'skip_and_alpha_unit/t1/status_5' has no loads. (LINT-2)
Warning: In design 'Rasterizer_unit', net 'skip_and_alpha_unit/status_inst[8][6]' driven by pin 'skip_and_alpha_unit/t1/status_6' has no loads. (LINT-2)
Warning: In design 'Rasterizer_unit', net 'skip_and_alpha_unit/status_inst[8][7]' driven by pin 'skip_and_alpha_unit/t1/status_7' has no loads. (LINT-2)
Warning: In design 'Rasterizer_unit', net 'skip_and_alpha_unit/status_inst[7][0]' driven by pin 'skip_and_alpha_unit/dxy/status_0' has no loads. (LINT-2)
Warning: In design 'Rasterizer_unit', net 'skip_and_alpha_unit/status_inst[7][1]' driven by pin 'skip_and_alpha_unit/dxy/status_1' has no loads. (LINT-2)
Warning: In design 'Rasterizer_unit', net 'skip_and_alpha_unit/status_inst[7][2]' driven by pin 'skip_and_alpha_unit/dxy/status_2' has no loads. (LINT-2)
Warning: In design 'Rasterizer_unit', net 'skip_and_alpha_unit/status_inst[7][3]' driven by pin 'skip_and_alpha_unit/dxy/status_3' has no loads. (LINT-2)
Warning: In design 'Rasterizer_unit', net 'skip_and_alpha_unit/status_inst[7][4]' driven by pin 'skip_and_alpha_unit/dxy/status_4' has no loads. (LINT-2)
Warning: In design 'Rasterizer_unit', net 'skip_and_alpha_unit/status_inst[7][5]' driven by pin 'skip_and_alpha_unit/dxy/status_5' has no loads. (LINT-2)
Warning: In design 'Rasterizer_unit', net 'skip_and_alpha_unit/status_inst[7][6]' driven by pin 'skip_and_alpha_unit/dxy/status_6' has no loads. (LINT-2)
Warning: In design 'Rasterizer_unit', net 'skip_and_alpha_unit/status_inst[7][7]' driven by pin 'skip_and_alpha_unit/dxy/status_7' has no loads. (LINT-2)
Warning: In design 'Rasterizer_unit', net 'skip_and_alpha_unit/status_inst[6][0]' driven by pin 'skip_and_alpha_unit/dyy/status_0' has no loads. (LINT-2)
Warning: In design 'Rasterizer_unit', net 'skip_and_alpha_unit/status_inst[6][1]' driven by pin 'skip_and_alpha_unit/dyy/status_1' has no loads. (LINT-2)
Warning: In design 'Rasterizer_unit', net 'skip_and_alpha_unit/status_inst[6][2]' driven by pin 'skip_and_alpha_unit/dyy/status_2' has no loads. (LINT-2)
Warning: In design 'Rasterizer_unit', net 'skip_and_alpha_unit/status_inst[6][3]' driven by pin 'skip_and_alpha_unit/dyy/status_3' has no loads. (LINT-2)
Warning: In design 'Rasterizer_unit', net 'skip_and_alpha_unit/status_inst[6][4]' driven by pin 'skip_and_alpha_unit/dyy/status_4' has no loads. (LINT-2)
Warning: In design 'Rasterizer_unit', net 'skip_and_alpha_unit/status_inst[6][5]' driven by pin 'skip_and_alpha_unit/dyy/status_5' has no loads. (LINT-2)
Warning: In design 'Rasterizer_unit', net 'skip_and_alpha_unit/status_inst[6][6]' driven by pin 'skip_and_alpha_unit/dyy/status_6' has no loads. (LINT-2)
Warning: In design 'Rasterizer_unit', net 'skip_and_alpha_unit/status_inst[6][7]' driven by pin 'skip_and_alpha_unit/dyy/status_7' has no loads. (LINT-2)
Warning: In design 'Rasterizer_unit', net 'skip_and_alpha_unit/status_inst[5][0]' driven by pin 'skip_and_alpha_unit/dxx/status_0' has no loads. (LINT-2)
Warning: In design 'Rasterizer_unit', net 'skip_and_alpha_unit/status_inst[5][1]' driven by pin 'skip_and_alpha_unit/dxx/status_1' has no loads. (LINT-2)
Warning: In design 'Rasterizer_unit', net 'skip_and_alpha_unit/status_inst[5][2]' driven by pin 'skip_and_alpha_unit/dxx/status_2' has no loads. (LINT-2)
Warning: In design 'Rasterizer_unit', net 'skip_and_alpha_unit/status_inst[5][3]' driven by pin 'skip_and_alpha_unit/dxx/status_3' has no loads. (LINT-2)
Warning: In design 'Rasterizer_unit', net 'skip_and_alpha_unit/status_inst[5][4]' driven by pin 'skip_and_alpha_unit/dxx/status_4' has no loads. (LINT-2)
Warning: In design 'Rasterizer_unit', net 'skip_and_alpha_unit/status_inst[5][5]' driven by pin 'skip_and_alpha_unit/dxx/status_5' has no loads. (LINT-2)
Warning: In design 'Rasterizer_unit', net 'skip_and_alpha_unit/status_inst[5][6]' driven by pin 'skip_and_alpha_unit/dxx/status_6' has no loads. (LINT-2)
Warning: In design 'Rasterizer_unit', net 'skip_and_alpha_unit/status_inst[5][7]' driven by pin 'skip_and_alpha_unit/dxx/status_7' has no loads. (LINT-2)
Warning: In design 'Rasterizer_unit', net 'skip_and_alpha_unit/status_inst[4][0]' driven by pin 'skip_and_alpha_unit/d_y/status_0' has no loads. (LINT-2)
Warning: In design 'Rasterizer_unit', net 'skip_and_alpha_unit/status_inst[4][1]' driven by pin 'skip_and_alpha_unit/d_y/status_1' has no loads. (LINT-2)
Warning: In design 'Rasterizer_unit', net 'skip_and_alpha_unit/status_inst[4][2]' driven by pin 'skip_and_alpha_unit/d_y/status_2' has no loads. (LINT-2)
Warning: In design 'Rasterizer_unit', net 'skip_and_alpha_unit/status_inst[4][3]' driven by pin 'skip_and_alpha_unit/d_y/status_3' has no loads. (LINT-2)
Warning: In design 'Rasterizer_unit', net 'skip_and_alpha_unit/status_inst[4][4]' driven by pin 'skip_and_alpha_unit/d_y/status_4' has no loads. (LINT-2)
Warning: In design 'Rasterizer_unit', net 'skip_and_alpha_unit/status_inst[4][5]' driven by pin 'skip_and_alpha_unit/d_y/status_5' has no loads. (LINT-2)
Warning: In design 'Rasterizer_unit', net 'skip_and_alpha_unit/status_inst[4][6]' driven by pin 'skip_and_alpha_unit/d_y/status_6' has no loads. (LINT-2)
Warning: In design 'Rasterizer_unit', net 'skip_and_alpha_unit/status_inst[4][7]' driven by pin 'skip_and_alpha_unit/d_y/status_7' has no loads. (LINT-2)
Warning: In design 'Rasterizer_unit', net 'skip_and_alpha_unit/status_inst[3][0]' driven by pin 'skip_and_alpha_unit/d_x/status_0' has no loads. (LINT-2)
Warning: In design 'Rasterizer_unit', net 'skip_and_alpha_unit/status_inst[3][1]' driven by pin 'skip_and_alpha_unit/d_x/status_1' has no loads. (LINT-2)
Warning: In design 'Rasterizer_unit', net 'skip_and_alpha_unit/status_inst[3][2]' driven by pin 'skip_and_alpha_unit/d_x/status_2' has no loads. (LINT-2)
Warning: In design 'Rasterizer_unit', net 'skip_and_alpha_unit/status_inst[3][3]' driven by pin 'skip_and_alpha_unit/d_x/status_3' has no loads. (LINT-2)
Warning: In design 'Rasterizer_unit', net 'skip_and_alpha_unit/status_inst[3][4]' driven by pin 'skip_and_alpha_unit/d_x/status_4' has no loads. (LINT-2)
Warning: In design 'Rasterizer_unit', net 'skip_and_alpha_unit/status_inst[3][5]' driven by pin 'skip_and_alpha_unit/d_x/status_5' has no loads. (LINT-2)
Warning: In design 'Rasterizer_unit', net 'skip_and_alpha_unit/status_inst[3][6]' driven by pin 'skip_and_alpha_unit/d_x/status_6' has no loads. (LINT-2)
Warning: In design 'Rasterizer_unit', net 'skip_and_alpha_unit/status_inst[3][7]' driven by pin 'skip_and_alpha_unit/d_x/status_7' has no loads. (LINT-2)
Warning: In design 'Rasterizer_unit', net 'skip_and_alpha_unit/status_inst[2][0]' driven by pin 'skip_and_alpha_unit/fp_pixel_y/status_0' has no loads. (LINT-2)
Warning: In design 'Rasterizer_unit', net 'skip_and_alpha_unit/status_inst[2][1]' driven by pin 'skip_and_alpha_unit/fp_pixel_y/status_1' has no loads. (LINT-2)
Warning: In design 'Rasterizer_unit', net 'skip_and_alpha_unit/status_inst[2][2]' driven by pin 'skip_and_alpha_unit/fp_pixel_y/status_2' has no loads. (LINT-2)
Warning: In design 'Rasterizer_unit', net 'skip_and_alpha_unit/status_inst[2][3]' driven by pin 'skip_and_alpha_unit/fp_pixel_y/status_3' has no loads. (LINT-2)
Warning: In design 'Rasterizer_unit', net 'skip_and_alpha_unit/status_inst[2][4]' driven by pin 'skip_and_alpha_unit/fp_pixel_y/status_4' has no loads. (LINT-2)
Warning: In design 'Rasterizer_unit', net 'skip_and_alpha_unit/status_inst[2][5]' driven by pin 'skip_and_alpha_unit/fp_pixel_y/status_5' has no loads. (LINT-2)
Warning: In design 'Rasterizer_unit', net 'skip_and_alpha_unit/status_inst[2][6]' driven by pin 'skip_and_alpha_unit/fp_pixel_y/status_6' has no loads. (LINT-2)
Warning: In design 'Rasterizer_unit', net 'skip_and_alpha_unit/status_inst[2][7]' driven by pin 'skip_and_alpha_unit/fp_pixel_y/status_7' has no loads. (LINT-2)
Warning: In design 'Rasterizer_unit', net 'skip_and_alpha_unit/status_inst[1][0]' driven by pin 'skip_and_alpha_unit/fp_pixel_x/status_0' has no loads. (LINT-2)
Warning: In design 'Rasterizer_unit', net 'skip_and_alpha_unit/status_inst[1][1]' driven by pin 'skip_and_alpha_unit/fp_pixel_x/status_1' has no loads. (LINT-2)
Warning: In design 'Rasterizer_unit', net 'skip_and_alpha_unit/status_inst[1][2]' driven by pin 'skip_and_alpha_unit/fp_pixel_x/status_2' has no loads. (LINT-2)
Warning: In design 'Rasterizer_unit', net 'skip_and_alpha_unit/status_inst[1][3]' driven by pin 'skip_and_alpha_unit/fp_pixel_x/status_3' has no loads. (LINT-2)
Warning: In design 'Rasterizer_unit', net 'skip_and_alpha_unit/status_inst[1][4]' driven by pin 'skip_and_alpha_unit/fp_pixel_x/status_4' has no loads. (LINT-2)
Warning: In design 'Rasterizer_unit', net 'skip_and_alpha_unit/status_inst[1][5]' driven by pin 'skip_and_alpha_unit/fp_pixel_x/status_5' has no loads. (LINT-2)
Warning: In design 'Rasterizer_unit', net 'skip_and_alpha_unit/status_inst[1][6]' driven by pin 'skip_and_alpha_unit/fp_pixel_x/status_6' has no loads. (LINT-2)
Warning: In design 'Rasterizer_unit', net 'skip_and_alpha_unit/status_inst[1][7]' driven by pin 'skip_and_alpha_unit/fp_pixel_x/status_7' has no loads. (LINT-2)
Warning: In design 'Rasterizer_unit', net 'gradient_depth_color_unit/status_inst[26][0]' driven by pin 'gradient_depth_color_unit/dL_ddepth_maker/status_0' has no loads. (LINT-2)
Warning: In design 'Rasterizer_unit', net 'gradient_depth_color_unit/status_inst[26][1]' driven by pin 'gradient_depth_color_unit/dL_ddepth_maker/status_1' has no loads. (LINT-2)
Warning: In design 'Rasterizer_unit', net 'gradient_depth_color_unit/status_inst[26][2]' driven by pin 'gradient_depth_color_unit/dL_ddepth_maker/status_2' has no loads. (LINT-2)
Warning: In design 'Rasterizer_unit', net 'gradient_depth_color_unit/status_inst[26][3]' driven by pin 'gradient_depth_color_unit/dL_ddepth_maker/status_3' has no loads. (LINT-2)
Warning: In design 'Rasterizer_unit', net 'gradient_depth_color_unit/status_inst[26][4]' driven by pin 'gradient_depth_color_unit/dL_ddepth_maker/status_4' has no loads. (LINT-2)
Warning: In design 'Rasterizer_unit', net 'gradient_depth_color_unit/status_inst[26][5]' driven by pin 'gradient_depth_color_unit/dL_ddepth_maker/status_5' has no loads. (LINT-2)
Warning: In design 'Rasterizer_unit', net 'gradient_depth_color_unit/status_inst[26][6]' driven by pin 'gradient_depth_color_unit/dL_ddepth_maker/status_6' has no loads. (LINT-2)
Warning: In design 'Rasterizer_unit', net 'gradient_depth_color_unit/status_inst[26][7]' driven by pin 'gradient_depth_color_unit/dL_ddepth_maker/status_7' has no loads. (LINT-2)
Warning: In design 'Rasterizer_unit', net 'gradient_depth_color_unit/status_inst[25][0]' driven by pin 'gradient_depth_color_unit/dL_dalpha_maker_from_T/status_0' has no loads. (LINT-2)
Warning: In design 'Rasterizer_unit', net 'gradient_depth_color_unit/status_inst[25][1]' driven by pin 'gradient_depth_color_unit/dL_dalpha_maker_from_T/status_1' has no loads. (LINT-2)
Warning: In design 'Rasterizer_unit', net 'gradient_depth_color_unit/status_inst[25][2]' driven by pin 'gradient_depth_color_unit/dL_dalpha_maker_from_T/status_2' has no loads. (LINT-2)
Warning: In design 'Rasterizer_unit', net 'gradient_depth_color_unit/status_inst[25][3]' driven by pin 'gradient_depth_color_unit/dL_dalpha_maker_from_T/status_3' has no loads. (LINT-2)
Warning: In design 'Rasterizer_unit', net 'gradient_depth_color_unit/status_inst[25][4]' driven by pin 'gradient_depth_color_unit/dL_dalpha_maker_from_T/status_4' has no loads. (LINT-2)
Warning: In design 'Rasterizer_unit', net 'gradient_depth_color_unit/status_inst[25][5]' driven by pin 'gradient_depth_color_unit/dL_dalpha_maker_from_T/status_5' has no loads. (LINT-2)
Warning: In design 'Rasterizer_unit', net 'gradient_depth_color_unit/status_inst[25][6]' driven by pin 'gradient_depth_color_unit/dL_dalpha_maker_from_T/status_6' has no loads. (LINT-2)
Warning: In design 'Rasterizer_unit', net 'gradient_depth_color_unit/status_inst[25][7]' driven by pin 'gradient_depth_color_unit/dL_dalpha_maker_from_T/status_7' has no loads. (LINT-2)
Warning: In design 'Rasterizer_unit', net 'gradient_depth_color_unit/status_inst[24][0]' driven by pin 'gradient_depth_color_unit/dL_dalpha_depth_temporary2/status_0' has no loads. (LINT-2)
Warning: In design 'Rasterizer_unit', net 'gradient_depth_color_unit/status_inst[24][1]' driven by pin 'gradient_depth_color_unit/dL_dalpha_depth_temporary2/status_1' has no loads. (LINT-2)
Warning: In design 'Rasterizer_unit', net 'gradient_depth_color_unit/status_inst[24][2]' driven by pin 'gradient_depth_color_unit/dL_dalpha_depth_temporary2/status_2' has no loads. (LINT-2)
Warning: In design 'Rasterizer_unit', net 'gradient_depth_color_unit/status_inst[24][3]' driven by pin 'gradient_depth_color_unit/dL_dalpha_depth_temporary2/status_3' has no loads. (LINT-2)
Warning: In design 'Rasterizer_unit', net 'gradient_depth_color_unit/status_inst[24][4]' driven by pin 'gradient_depth_color_unit/dL_dalpha_depth_temporary2/status_4' has no loads. (LINT-2)
Warning: In design 'Rasterizer_unit', net 'gradient_depth_color_unit/status_inst[24][5]' driven by pin 'gradient_depth_color_unit/dL_dalpha_depth_temporary2/status_5' has no loads. (LINT-2)
Warning: In design 'Rasterizer_unit', net 'gradient_depth_color_unit/status_inst[24][6]' driven by pin 'gradient_depth_color_unit/dL_dalpha_depth_temporary2/status_6' has no loads. (LINT-2)
Warning: In design 'Rasterizer_unit', net 'gradient_depth_color_unit/status_inst[24][7]' driven by pin 'gradient_depth_color_unit/dL_dalpha_depth_temporary2/status_7' has no loads. (LINT-2)
Warning: In design 'Rasterizer_unit', net 'gradient_depth_color_unit/status_inst[21][0]' driven by pin 'gradient_depth_color_unit/dL_dalpha_maker_from_depth2/status_0' has no loads. (LINT-2)
Warning: In design 'Rasterizer_unit', net 'gradient_depth_color_unit/status_inst[21][1]' driven by pin 'gradient_depth_color_unit/dL_dalpha_maker_from_depth2/status_1' has no loads. (LINT-2)
Warning: In design 'Rasterizer_unit', net 'gradient_depth_color_unit/status_inst[21][2]' driven by pin 'gradient_depth_color_unit/dL_dalpha_maker_from_depth2/status_2' has no loads. (LINT-2)
Warning: In design 'Rasterizer_unit', net 'gradient_depth_color_unit/status_inst[21][3]' driven by pin 'gradient_depth_color_unit/dL_dalpha_maker_from_depth2/status_3' has no loads. (LINT-2)
Warning: In design 'Rasterizer_unit', net 'gradient_depth_color_unit/status_inst[21][4]' driven by pin 'gradient_depth_color_unit/dL_dalpha_maker_from_depth2/status_4' has no loads. (LINT-2)
Warning: In design 'Rasterizer_unit', net 'gradient_depth_color_unit/status_inst[21][5]' driven by pin 'gradient_depth_color_unit/dL_dalpha_maker_from_depth2/status_5' has no loads. (LINT-2)
Warning: In design 'Rasterizer_unit', net 'gradient_depth_color_unit/status_inst[21][6]' driven by pin 'gradient_depth_color_unit/dL_dalpha_maker_from_depth2/status_6' has no loads. (LINT-2)
Warning: In design 'Rasterizer_unit', net 'gradient_depth_color_unit/status_inst[21][7]' driven by pin 'gradient_depth_color_unit/dL_dalpha_maker_from_depth2/status_7' has no loads. (LINT-2)
Warning: In design 'Rasterizer_unit', net 'gradient_depth_color_unit/status_inst[20][0]' driven by pin 'gradient_depth_color_unit/dL_dalpha_maker_from_depth1/status_0' has no loads. (LINT-2)
Warning: In design 'Rasterizer_unit', net 'gradient_depth_color_unit/status_inst[20][1]' driven by pin 'gradient_depth_color_unit/dL_dalpha_maker_from_depth1/status_1' has no loads. (LINT-2)
Warning: In design 'Rasterizer_unit', net 'gradient_depth_color_unit/status_inst[20][2]' driven by pin 'gradient_depth_color_unit/dL_dalpha_maker_from_depth1/status_2' has no loads. (LINT-2)
Warning: In design 'Rasterizer_unit', net 'gradient_depth_color_unit/status_inst[20][3]' driven by pin 'gradient_depth_color_unit/dL_dalpha_maker_from_depth1/status_3' has no loads. (LINT-2)
Warning: In design 'Rasterizer_unit', net 'gradient_depth_color_unit/status_inst[20][4]' driven by pin 'gradient_depth_color_unit/dL_dalpha_maker_from_depth1/status_4' has no loads. (LINT-2)
Warning: In design 'Rasterizer_unit', net 'gradient_depth_color_unit/status_inst[20][5]' driven by pin 'gradient_depth_color_unit/dL_dalpha_maker_from_depth1/status_5' has no loads. (LINT-2)
Warning: In design 'Rasterizer_unit', net 'gradient_depth_color_unit/status_inst[20][6]' driven by pin 'gradient_depth_color_unit/dL_dalpha_maker_from_depth1/status_6' has no loads. (LINT-2)
Warning: In design 'Rasterizer_unit', net 'gradient_depth_color_unit/status_inst[20][7]' driven by pin 'gradient_depth_color_unit/dL_dalpha_maker_from_depth1/status_7' has no loads. (LINT-2)
Warning: In design 'Rasterizer_unit', net 'gradient_depth_color_unit/status_inst[19][0]' driven by pin 'gradient_depth_color_unit/accum_rec_depth_temp_maker/status_0' has no loads. (LINT-2)
Warning: In design 'Rasterizer_unit', net 'gradient_depth_color_unit/status_inst[19][1]' driven by pin 'gradient_depth_color_unit/accum_rec_depth_temp_maker/status_1' has no loads. (LINT-2)
Warning: In design 'Rasterizer_unit', net 'gradient_depth_color_unit/status_inst[19][2]' driven by pin 'gradient_depth_color_unit/accum_rec_depth_temp_maker/status_2' has no loads. (LINT-2)
Warning: In design 'Rasterizer_unit', net 'gradient_depth_color_unit/status_inst[19][3]' driven by pin 'gradient_depth_color_unit/accum_rec_depth_temp_maker/status_3' has no loads. (LINT-2)
Warning: In design 'Rasterizer_unit', net 'gradient_depth_color_unit/status_inst[19][4]' driven by pin 'gradient_depth_color_unit/accum_rec_depth_temp_maker/status_4' has no loads. (LINT-2)
Warning: In design 'Rasterizer_unit', net 'gradient_depth_color_unit/status_inst[19][5]' driven by pin 'gradient_depth_color_unit/accum_rec_depth_temp_maker/status_5' has no loads. (LINT-2)
Warning: In design 'Rasterizer_unit', net 'gradient_depth_color_unit/status_inst[19][6]' driven by pin 'gradient_depth_color_unit/accum_rec_depth_temp_maker/status_6' has no loads. (LINT-2)
Warning: In design 'Rasterizer_unit', net 'gradient_depth_color_unit/status_inst[19][7]' driven by pin 'gradient_depth_color_unit/accum_rec_depth_temp_maker/status_7' has no loads. (LINT-2)
Warning: In design 'Rasterizer_unit', net 'gradient_depth_color_unit/status_inst[16][0]' driven by pin 'gradient_depth_color_unit/dL_dalpha_color_temporary1/status_0' has no loads. (LINT-2)
Warning: In design 'Rasterizer_unit', net 'gradient_depth_color_unit/status_inst[16][1]' driven by pin 'gradient_depth_color_unit/dL_dalpha_color_temporary1/status_1' has no loads. (LINT-2)
Warning: In design 'Rasterizer_unit', net 'gradient_depth_color_unit/status_inst[16][2]' driven by pin 'gradient_depth_color_unit/dL_dalpha_color_temporary1/status_2' has no loads. (LINT-2)
Warning: In design 'Rasterizer_unit', net 'gradient_depth_color_unit/status_inst[16][3]' driven by pin 'gradient_depth_color_unit/dL_dalpha_color_temporary1/status_3' has no loads. (LINT-2)
Warning: In design 'Rasterizer_unit', net 'gradient_depth_color_unit/status_inst[16][4]' driven by pin 'gradient_depth_color_unit/dL_dalpha_color_temporary1/status_4' has no loads. (LINT-2)
Warning: In design 'Rasterizer_unit', net 'gradient_depth_color_unit/status_inst[16][5]' driven by pin 'gradient_depth_color_unit/dL_dalpha_color_temporary1/status_5' has no loads. (LINT-2)
Warning: In design 'Rasterizer_unit', net 'gradient_depth_color_unit/status_inst[16][6]' driven by pin 'gradient_depth_color_unit/dL_dalpha_color_temporary1/status_6' has no loads. (LINT-2)
Warning: In design 'Rasterizer_unit', net 'gradient_depth_color_unit/status_inst[16][7]' driven by pin 'gradient_depth_color_unit/dL_dalpha_color_temporary1/status_7' has no loads. (LINT-2)
Warning: In design 'Rasterizer_unit', net 'gradient_depth_color_unit/status_inst[15][0]' driven by pin 'gradient_depth_color_unit/dL_dalpha_maker_from_color/status_0' has no loads. (LINT-2)
Warning: In design 'Rasterizer_unit', net 'gradient_depth_color_unit/status_inst[15][1]' driven by pin 'gradient_depth_color_unit/dL_dalpha_maker_from_color/status_1' has no loads. (LINT-2)
Warning: In design 'Rasterizer_unit', net 'gradient_depth_color_unit/status_inst[15][2]' driven by pin 'gradient_depth_color_unit/dL_dalpha_maker_from_color/status_2' has no loads. (LINT-2)
Warning: In design 'Rasterizer_unit', net 'gradient_depth_color_unit/status_inst[15][3]' driven by pin 'gradient_depth_color_unit/dL_dalpha_maker_from_color/status_3' has no loads. (LINT-2)
Warning: In design 'Rasterizer_unit', net 'gradient_depth_color_unit/status_inst[15][4]' driven by pin 'gradient_depth_color_unit/dL_dalpha_maker_from_color/status_4' has no loads. (LINT-2)
Warning: In design 'Rasterizer_unit', net 'gradient_depth_color_unit/status_inst[15][5]' driven by pin 'gradient_depth_color_unit/dL_dalpha_maker_from_color/status_5' has no loads. (LINT-2)
Warning: In design 'Rasterizer_unit', net 'gradient_depth_color_unit/status_inst[15][6]' driven by pin 'gradient_depth_color_unit/dL_dalpha_maker_from_color/status_6' has no loads. (LINT-2)
Warning: In design 'Rasterizer_unit', net 'gradient_depth_color_unit/status_inst[15][7]' driven by pin 'gradient_depth_color_unit/dL_dalpha_maker_from_color/status_7' has no loads. (LINT-2)
Warning: In design 'Rasterizer_unit', net 'gradient_depth_color_unit/status_inst[11][0]' driven by pin 'gradient_depth_color_unit/dL_dalpha_temp_B/status_0' has no loads. (LINT-2)
Warning: In design 'Rasterizer_unit', net 'gradient_depth_color_unit/status_inst[11][1]' driven by pin 'gradient_depth_color_unit/dL_dalpha_temp_B/status_1' has no loads. (LINT-2)
Warning: In design 'Rasterizer_unit', net 'gradient_depth_color_unit/status_inst[11][2]' driven by pin 'gradient_depth_color_unit/dL_dalpha_temp_B/status_2' has no loads. (LINT-2)
Warning: In design 'Rasterizer_unit', net 'gradient_depth_color_unit/status_inst[11][3]' driven by pin 'gradient_depth_color_unit/dL_dalpha_temp_B/status_3' has no loads. (LINT-2)
Warning: In design 'Rasterizer_unit', net 'gradient_depth_color_unit/status_inst[11][4]' driven by pin 'gradient_depth_color_unit/dL_dalpha_temp_B/status_4' has no loads. (LINT-2)
Warning: In design 'Rasterizer_unit', net 'gradient_depth_color_unit/status_inst[11][5]' driven by pin 'gradient_depth_color_unit/dL_dalpha_temp_B/status_5' has no loads. (LINT-2)
Warning: In design 'Rasterizer_unit', net 'gradient_depth_color_unit/status_inst[11][6]' driven by pin 'gradient_depth_color_unit/dL_dalpha_temp_B/status_6' has no loads. (LINT-2)
Warning: In design 'Rasterizer_unit', net 'gradient_depth_color_unit/status_inst[11][7]' driven by pin 'gradient_depth_color_unit/dL_dalpha_temp_B/status_7' has no loads. (LINT-2)
Warning: In design 'Rasterizer_unit', net 'gradient_depth_color_unit/status_inst[10][0]' driven by pin 'gradient_depth_color_unit/dL_dalpha_temp_G/status_0' has no loads. (LINT-2)
Warning: In design 'Rasterizer_unit', net 'gradient_depth_color_unit/status_inst[10][1]' driven by pin 'gradient_depth_color_unit/dL_dalpha_temp_G/status_1' has no loads. (LINT-2)
Warning: In design 'Rasterizer_unit', net 'gradient_depth_color_unit/status_inst[10][2]' driven by pin 'gradient_depth_color_unit/dL_dalpha_temp_G/status_2' has no loads. (LINT-2)
Warning: In design 'Rasterizer_unit', net 'gradient_depth_color_unit/status_inst[10][3]' driven by pin 'gradient_depth_color_unit/dL_dalpha_temp_G/status_3' has no loads. (LINT-2)
Warning: In design 'Rasterizer_unit', net 'gradient_depth_color_unit/status_inst[10][4]' driven by pin 'gradient_depth_color_unit/dL_dalpha_temp_G/status_4' has no loads. (LINT-2)
Warning: In design 'Rasterizer_unit', net 'gradient_depth_color_unit/status_inst[10][5]' driven by pin 'gradient_depth_color_unit/dL_dalpha_temp_G/status_5' has no loads. (LINT-2)
Warning: In design 'Rasterizer_unit', net 'gradient_depth_color_unit/status_inst[10][6]' driven by pin 'gradient_depth_color_unit/dL_dalpha_temp_G/status_6' has no loads. (LINT-2)
Warning: In design 'Rasterizer_unit', net 'gradient_depth_color_unit/status_inst[10][7]' driven by pin 'gradient_depth_color_unit/dL_dalpha_temp_G/status_7' has no loads. (LINT-2)
Warning: In design 'Rasterizer_unit', net 'gradient_depth_color_unit/status_inst[9][0]' driven by pin 'gradient_depth_color_unit/dL_dalpha_temp_R/status_0' has no loads. (LINT-2)
Warning: In design 'Rasterizer_unit', net 'gradient_depth_color_unit/status_inst[9][1]' driven by pin 'gradient_depth_color_unit/dL_dalpha_temp_R/status_1' has no loads. (LINT-2)
Warning: In design 'Rasterizer_unit', net 'gradient_depth_color_unit/status_inst[9][2]' driven by pin 'gradient_depth_color_unit/dL_dalpha_temp_R/status_2' has no loads. (LINT-2)
Warning: In design 'Rasterizer_unit', net 'gradient_depth_color_unit/status_inst[9][3]' driven by pin 'gradient_depth_color_unit/dL_dalpha_temp_R/status_3' has no loads. (LINT-2)
Warning: In design 'Rasterizer_unit', net 'gradient_depth_color_unit/status_inst[9][4]' driven by pin 'gradient_depth_color_unit/dL_dalpha_temp_R/status_4' has no loads. (LINT-2)
Warning: In design 'Rasterizer_unit', net 'gradient_depth_color_unit/status_inst[9][5]' driven by pin 'gradient_depth_color_unit/dL_dalpha_temp_R/status_5' has no loads. (LINT-2)
Warning: In design 'Rasterizer_unit', net 'gradient_depth_color_unit/status_inst[9][6]' driven by pin 'gradient_depth_color_unit/dL_dalpha_temp_R/status_6' has no loads. (LINT-2)
Warning: In design 'Rasterizer_unit', net 'gradient_depth_color_unit/status_inst[9][7]' driven by pin 'gradient_depth_color_unit/dL_dalpha_temp_R/status_7' has no loads. (LINT-2)
Warning: In design 'Rasterizer_unit', net 'gradient_depth_color_unit/status_inst[8][0]' driven by pin 'gradient_depth_color_unit/accum_rec_temp_maker_B/status_0' has no loads. (LINT-2)
Warning: In design 'Rasterizer_unit', net 'gradient_depth_color_unit/status_inst[8][1]' driven by pin 'gradient_depth_color_unit/accum_rec_temp_maker_B/status_1' has no loads. (LINT-2)
Warning: In design 'Rasterizer_unit', net 'gradient_depth_color_unit/status_inst[8][2]' driven by pin 'gradient_depth_color_unit/accum_rec_temp_maker_B/status_2' has no loads. (LINT-2)
Warning: In design 'Rasterizer_unit', net 'gradient_depth_color_unit/status_inst[8][3]' driven by pin 'gradient_depth_color_unit/accum_rec_temp_maker_B/status_3' has no loads. (LINT-2)
Warning: In design 'Rasterizer_unit', net 'gradient_depth_color_unit/status_inst[8][4]' driven by pin 'gradient_depth_color_unit/accum_rec_temp_maker_B/status_4' has no loads. (LINT-2)
Warning: In design 'Rasterizer_unit', net 'gradient_depth_color_unit/status_inst[8][5]' driven by pin 'gradient_depth_color_unit/accum_rec_temp_maker_B/status_5' has no loads. (LINT-2)
Warning: In design 'Rasterizer_unit', net 'gradient_depth_color_unit/status_inst[8][6]' driven by pin 'gradient_depth_color_unit/accum_rec_temp_maker_B/status_6' has no loads. (LINT-2)
Warning: In design 'Rasterizer_unit', net 'gradient_depth_color_unit/status_inst[8][7]' driven by pin 'gradient_depth_color_unit/accum_rec_temp_maker_B/status_7' has no loads. (LINT-2)
Warning: In design 'Rasterizer_unit', net 'gradient_depth_color_unit/status_inst[7][0]' driven by pin 'gradient_depth_color_unit/accum_rec_temp_maker_G/status_0' has no loads. (LINT-2)
Warning: In design 'Rasterizer_unit', net 'gradient_depth_color_unit/status_inst[7][1]' driven by pin 'gradient_depth_color_unit/accum_rec_temp_maker_G/status_1' has no loads. (LINT-2)
Warning: In design 'Rasterizer_unit', net 'gradient_depth_color_unit/status_inst[7][2]' driven by pin 'gradient_depth_color_unit/accum_rec_temp_maker_G/status_2' has no loads. (LINT-2)
Warning: In design 'Rasterizer_unit', net 'gradient_depth_color_unit/status_inst[7][3]' driven by pin 'gradient_depth_color_unit/accum_rec_temp_maker_G/status_3' has no loads. (LINT-2)
Warning: In design 'Rasterizer_unit', net 'gradient_depth_color_unit/status_inst[7][4]' driven by pin 'gradient_depth_color_unit/accum_rec_temp_maker_G/status_4' has no loads. (LINT-2)
Warning: In design 'Rasterizer_unit', net 'gradient_depth_color_unit/status_inst[7][5]' driven by pin 'gradient_depth_color_unit/accum_rec_temp_maker_G/status_5' has no loads. (LINT-2)
Warning: In design 'Rasterizer_unit', net 'gradient_depth_color_unit/status_inst[7][6]' driven by pin 'gradient_depth_color_unit/accum_rec_temp_maker_G/status_6' has no loads. (LINT-2)
Warning: In design 'Rasterizer_unit', net 'gradient_depth_color_unit/status_inst[7][7]' driven by pin 'gradient_depth_color_unit/accum_rec_temp_maker_G/status_7' has no loads. (LINT-2)
Warning: In design 'Rasterizer_unit', net 'gradient_depth_color_unit/status_inst[6][0]' driven by pin 'gradient_depth_color_unit/accum_rec_temp_maker_R/status_0' has no loads. (LINT-2)
Warning: In design 'Rasterizer_unit', net 'gradient_depth_color_unit/status_inst[6][1]' driven by pin 'gradient_depth_color_unit/accum_rec_temp_maker_R/status_1' has no loads. (LINT-2)
Warning: In design 'Rasterizer_unit', net 'gradient_depth_color_unit/status_inst[6][2]' driven by pin 'gradient_depth_color_unit/accum_rec_temp_maker_R/status_2' has no loads. (LINT-2)
Warning: In design 'Rasterizer_unit', net 'gradient_depth_color_unit/status_inst[6][3]' driven by pin 'gradient_depth_color_unit/accum_rec_temp_maker_R/status_3' has no loads. (LINT-2)
Warning: In design 'Rasterizer_unit', net 'gradient_depth_color_unit/status_inst[6][4]' driven by pin 'gradient_depth_color_unit/accum_rec_temp_maker_R/status_4' has no loads. (LINT-2)
Warning: In design 'Rasterizer_unit', net 'gradient_depth_color_unit/status_inst[6][5]' driven by pin 'gradient_depth_color_unit/accum_rec_temp_maker_R/status_5' has no loads. (LINT-2)
Warning: In design 'Rasterizer_unit', net 'gradient_depth_color_unit/status_inst[6][6]' driven by pin 'gradient_depth_color_unit/accum_rec_temp_maker_R/status_6' has no loads. (LINT-2)
Warning: In design 'Rasterizer_unit', net 'gradient_depth_color_unit/status_inst[6][7]' driven by pin 'gradient_depth_color_unit/accum_rec_temp_maker_R/status_7' has no loads. (LINT-2)
Warning: In design 'Rasterizer_unit', net 'gradient_depth_color_unit/status_inst[5][0]' driven by pin 'gradient_depth_color_unit/One_alpha_R/status_0' has no loads. (LINT-2)
Warning: In design 'Rasterizer_unit', net 'gradient_depth_color_unit/status_inst[5][1]' driven by pin 'gradient_depth_color_unit/One_alpha_R/status_1' has no loads. (LINT-2)
Warning: In design 'Rasterizer_unit', net 'gradient_depth_color_unit/status_inst[5][2]' driven by pin 'gradient_depth_color_unit/One_alpha_R/status_2' has no loads. (LINT-2)
Warning: In design 'Rasterizer_unit', net 'gradient_depth_color_unit/status_inst[5][3]' driven by pin 'gradient_depth_color_unit/One_alpha_R/status_3' has no loads. (LINT-2)
Warning: In design 'Rasterizer_unit', net 'gradient_depth_color_unit/status_inst[5][4]' driven by pin 'gradient_depth_color_unit/One_alpha_R/status_4' has no loads. (LINT-2)
Warning: In design 'Rasterizer_unit', net 'gradient_depth_color_unit/status_inst[5][5]' driven by pin 'gradient_depth_color_unit/One_alpha_R/status_5' has no loads. (LINT-2)
Warning: In design 'Rasterizer_unit', net 'gradient_depth_color_unit/status_inst[5][6]' driven by pin 'gradient_depth_color_unit/One_alpha_R/status_6' has no loads. (LINT-2)
Warning: In design 'Rasterizer_unit', net 'gradient_depth_color_unit/status_inst[5][7]' driven by pin 'gradient_depth_color_unit/One_alpha_R/status_7' has no loads. (LINT-2)
Warning: In design 'Rasterizer_unit', net 'gradient_depth_color_unit/status_inst[4][0]' driven by pin 'gradient_depth_color_unit/local_dL_dcolors_temp_B/status_0' has no loads. (LINT-2)
Warning: In design 'Rasterizer_unit', net 'gradient_depth_color_unit/status_inst[4][1]' driven by pin 'gradient_depth_color_unit/local_dL_dcolors_temp_B/status_1' has no loads. (LINT-2)
Warning: In design 'Rasterizer_unit', net 'gradient_depth_color_unit/status_inst[4][2]' driven by pin 'gradient_depth_color_unit/local_dL_dcolors_temp_B/status_2' has no loads. (LINT-2)
Warning: In design 'Rasterizer_unit', net 'gradient_depth_color_unit/status_inst[4][3]' driven by pin 'gradient_depth_color_unit/local_dL_dcolors_temp_B/status_3' has no loads. (LINT-2)
Warning: In design 'Rasterizer_unit', net 'gradient_depth_color_unit/status_inst[4][4]' driven by pin 'gradient_depth_color_unit/local_dL_dcolors_temp_B/status_4' has no loads. (LINT-2)
Warning: In design 'Rasterizer_unit', net 'gradient_depth_color_unit/status_inst[4][5]' driven by pin 'gradient_depth_color_unit/local_dL_dcolors_temp_B/status_5' has no loads. (LINT-2)
Warning: In design 'Rasterizer_unit', net 'gradient_depth_color_unit/status_inst[4][6]' driven by pin 'gradient_depth_color_unit/local_dL_dcolors_temp_B/status_6' has no loads. (LINT-2)
Warning: In design 'Rasterizer_unit', net 'gradient_depth_color_unit/status_inst[4][7]' driven by pin 'gradient_depth_color_unit/local_dL_dcolors_temp_B/status_7' has no loads. (LINT-2)
Warning: In design 'Rasterizer_unit', net 'gradient_depth_color_unit/status_inst[3][0]' driven by pin 'gradient_depth_color_unit/local_dL_dcolors_temp_G/status_0' has no loads. (LINT-2)
Warning: In design 'Rasterizer_unit', net 'gradient_depth_color_unit/status_inst[3][1]' driven by pin 'gradient_depth_color_unit/local_dL_dcolors_temp_G/status_1' has no loads. (LINT-2)
Warning: In design 'Rasterizer_unit', net 'gradient_depth_color_unit/status_inst[3][2]' driven by pin 'gradient_depth_color_unit/local_dL_dcolors_temp_G/status_2' has no loads. (LINT-2)
Warning: In design 'Rasterizer_unit', net 'gradient_depth_color_unit/status_inst[3][3]' driven by pin 'gradient_depth_color_unit/local_dL_dcolors_temp_G/status_3' has no loads. (LINT-2)
Warning: In design 'Rasterizer_unit', net 'gradient_depth_color_unit/status_inst[3][4]' driven by pin 'gradient_depth_color_unit/local_dL_dcolors_temp_G/status_4' has no loads. (LINT-2)
Warning: In design 'Rasterizer_unit', net 'gradient_depth_color_unit/status_inst[3][5]' driven by pin 'gradient_depth_color_unit/local_dL_dcolors_temp_G/status_5' has no loads. (LINT-2)
Warning: In design 'Rasterizer_unit', net 'gradient_depth_color_unit/status_inst[3][6]' driven by pin 'gradient_depth_color_unit/local_dL_dcolors_temp_G/status_6' has no loads. (LINT-2)
Warning: In design 'Rasterizer_unit', net 'gradient_depth_color_unit/status_inst[3][7]' driven by pin 'gradient_depth_color_unit/local_dL_dcolors_temp_G/status_7' has no loads. (LINT-2)
Warning: In design 'Rasterizer_unit', net 'gradient_depth_color_unit/status_inst[2][0]' driven by pin 'gradient_depth_color_unit/local_dL_dcolors_temp_R/status_0' has no loads. (LINT-2)
Warning: In design 'Rasterizer_unit', net 'gradient_depth_color_unit/status_inst[2][1]' driven by pin 'gradient_depth_color_unit/local_dL_dcolors_temp_R/status_1' has no loads. (LINT-2)
Warning: In design 'Rasterizer_unit', net 'gradient_depth_color_unit/status_inst[2][2]' driven by pin 'gradient_depth_color_unit/local_dL_dcolors_temp_R/status_2' has no loads. (LINT-2)
Warning: In design 'Rasterizer_unit', net 'gradient_depth_color_unit/status_inst[2][3]' driven by pin 'gradient_depth_color_unit/local_dL_dcolors_temp_R/status_3' has no loads. (LINT-2)
Warning: In design 'Rasterizer_unit', net 'gradient_depth_color_unit/status_inst[2][4]' driven by pin 'gradient_depth_color_unit/local_dL_dcolors_temp_R/status_4' has no loads. (LINT-2)
Warning: In design 'Rasterizer_unit', net 'gradient_depth_color_unit/status_inst[2][5]' driven by pin 'gradient_depth_color_unit/local_dL_dcolors_temp_R/status_5' has no loads. (LINT-2)
Warning: In design 'Rasterizer_unit', net 'gradient_depth_color_unit/status_inst[2][6]' driven by pin 'gradient_depth_color_unit/local_dL_dcolors_temp_R/status_6' has no loads. (LINT-2)
Warning: In design 'Rasterizer_unit', net 'gradient_depth_color_unit/status_inst[2][7]' driven by pin 'gradient_depth_color_unit/local_dL_dcolors_temp_R/status_7' has no loads. (LINT-2)
Warning: In design 'Rasterizer_unit', net 'gradient_depth_color_unit/status_inst[1][0]' driven by pin 'gradient_depth_color_unit/dL_dch_dcolor/status_0' has no loads. (LINT-2)
Warning: In design 'Rasterizer_unit', net 'gradient_depth_color_unit/status_inst[1][1]' driven by pin 'gradient_depth_color_unit/dL_dch_dcolor/status_1' has no loads. (LINT-2)
Warning: In design 'Rasterizer_unit', net 'gradient_depth_color_unit/status_inst[1][2]' driven by pin 'gradient_depth_color_unit/dL_dch_dcolor/status_2' has no loads. (LINT-2)
Warning: In design 'Rasterizer_unit', net 'gradient_depth_color_unit/status_inst[1][3]' driven by pin 'gradient_depth_color_unit/dL_dch_dcolor/status_3' has no loads. (LINT-2)
Warning: In design 'Rasterizer_unit', net 'gradient_depth_color_unit/status_inst[1][4]' driven by pin 'gradient_depth_color_unit/dL_dch_dcolor/status_4' has no loads. (LINT-2)
Warning: In design 'Rasterizer_unit', net 'gradient_depth_color_unit/status_inst[1][5]' driven by pin 'gradient_depth_color_unit/dL_dch_dcolor/status_5' has no loads. (LINT-2)
Warning: In design 'Rasterizer_unit', net 'gradient_depth_color_unit/status_inst[1][6]' driven by pin 'gradient_depth_color_unit/dL_dch_dcolor/status_6' has no loads. (LINT-2)
Warning: In design 'Rasterizer_unit', net 'gradient_depth_color_unit/status_inst[1][7]' driven by pin 'gradient_depth_color_unit/dL_dch_dcolor/status_7' has no loads. (LINT-2)
Warning: In design 'Rasterizer_unit', net 'gradient_gaussians_unit/status_inst[17][0]' driven by pin 'gradient_gaussians_unit/dL_dopacity_maker/status_0' has no loads. (LINT-2)
Warning: In design 'Rasterizer_unit', net 'gradient_gaussians_unit/status_inst[17][1]' driven by pin 'gradient_gaussians_unit/dL_dopacity_maker/status_1' has no loads. (LINT-2)
Warning: In design 'Rasterizer_unit', net 'gradient_gaussians_unit/status_inst[17][2]' driven by pin 'gradient_gaussians_unit/dL_dopacity_maker/status_2' has no loads. (LINT-2)
Warning: In design 'Rasterizer_unit', net 'gradient_gaussians_unit/status_inst[17][3]' driven by pin 'gradient_gaussians_unit/dL_dopacity_maker/status_3' has no loads. (LINT-2)
Warning: In design 'Rasterizer_unit', net 'gradient_gaussians_unit/status_inst[17][4]' driven by pin 'gradient_gaussians_unit/dL_dopacity_maker/status_4' has no loads. (LINT-2)
Warning: In design 'Rasterizer_unit', net 'gradient_gaussians_unit/status_inst[17][5]' driven by pin 'gradient_gaussians_unit/dL_dopacity_maker/status_5' has no loads. (LINT-2)
Warning: In design 'Rasterizer_unit', net 'gradient_gaussians_unit/status_inst[17][6]' driven by pin 'gradient_gaussians_unit/dL_dopacity_maker/status_6' has no loads. (LINT-2)
Warning: In design 'Rasterizer_unit', net 'gradient_gaussians_unit/status_inst[17][7]' driven by pin 'gradient_gaussians_unit/dL_dopacity_maker/status_7' has no loads. (LINT-2)
Warning: In design 'Rasterizer_unit', net 'gradient_gaussians_unit/status_inst[16][0]' driven by pin 'gradient_gaussians_unit/dL_dconic2D_w_maker/status_0' has no loads. (LINT-2)
Warning: In design 'Rasterizer_unit', net 'gradient_gaussians_unit/status_inst[16][1]' driven by pin 'gradient_gaussians_unit/dL_dconic2D_w_maker/status_1' has no loads. (LINT-2)
Warning: In design 'Rasterizer_unit', net 'gradient_gaussians_unit/status_inst[16][2]' driven by pin 'gradient_gaussians_unit/dL_dconic2D_w_maker/status_2' has no loads. (LINT-2)
Warning: In design 'Rasterizer_unit', net 'gradient_gaussians_unit/status_inst[16][3]' driven by pin 'gradient_gaussians_unit/dL_dconic2D_w_maker/status_3' has no loads. (LINT-2)
Warning: In design 'Rasterizer_unit', net 'gradient_gaussians_unit/status_inst[16][4]' driven by pin 'gradient_gaussians_unit/dL_dconic2D_w_maker/status_4' has no loads. (LINT-2)
Warning: In design 'Rasterizer_unit', net 'gradient_gaussians_unit/status_inst[16][5]' driven by pin 'gradient_gaussians_unit/dL_dconic2D_w_maker/status_5' has no loads. (LINT-2)
Warning: In design 'Rasterizer_unit', net 'gradient_gaussians_unit/status_inst[16][6]' driven by pin 'gradient_gaussians_unit/dL_dconic2D_w_maker/status_6' has no loads. (LINT-2)
Warning: In design 'Rasterizer_unit', net 'gradient_gaussians_unit/status_inst[16][7]' driven by pin 'gradient_gaussians_unit/dL_dconic2D_w_maker/status_7' has no loads. (LINT-2)
Warning: In design 'Rasterizer_unit', net 'gradient_gaussians_unit/status_inst[15][0]' driven by pin 'gradient_gaussians_unit/dL_gdy_maker/status_0' has no loads. (LINT-2)
Warning: In design 'Rasterizer_unit', net 'gradient_gaussians_unit/status_inst[15][1]' driven by pin 'gradient_gaussians_unit/dL_gdy_maker/status_1' has no loads. (LINT-2)
Warning: In design 'Rasterizer_unit', net 'gradient_gaussians_unit/status_inst[15][2]' driven by pin 'gradient_gaussians_unit/dL_gdy_maker/status_2' has no loads. (LINT-2)
Warning: In design 'Rasterizer_unit', net 'gradient_gaussians_unit/status_inst[15][3]' driven by pin 'gradient_gaussians_unit/dL_gdy_maker/status_3' has no loads. (LINT-2)
Warning: In design 'Rasterizer_unit', net 'gradient_gaussians_unit/status_inst[15][4]' driven by pin 'gradient_gaussians_unit/dL_gdy_maker/status_4' has no loads. (LINT-2)
Warning: In design 'Rasterizer_unit', net 'gradient_gaussians_unit/status_inst[15][5]' driven by pin 'gradient_gaussians_unit/dL_gdy_maker/status_5' has no loads. (LINT-2)
Warning: In design 'Rasterizer_unit', net 'gradient_gaussians_unit/status_inst[15][6]' driven by pin 'gradient_gaussians_unit/dL_gdy_maker/status_6' has no loads. (LINT-2)
Warning: In design 'Rasterizer_unit', net 'gradient_gaussians_unit/status_inst[15][7]' driven by pin 'gradient_gaussians_unit/dL_gdy_maker/status_7' has no loads. (LINT-2)
Warning: In design 'Rasterizer_unit', net 'gradient_gaussians_unit/status_inst[14][0]' driven by pin 'gradient_gaussians_unit/dL_dconic2D_y_maker/status_0' has no loads. (LINT-2)
Warning: In design 'Rasterizer_unit', net 'gradient_gaussians_unit/status_inst[14][1]' driven by pin 'gradient_gaussians_unit/dL_dconic2D_y_maker/status_1' has no loads. (LINT-2)
Warning: In design 'Rasterizer_unit', net 'gradient_gaussians_unit/status_inst[14][2]' driven by pin 'gradient_gaussians_unit/dL_dconic2D_y_maker/status_2' has no loads. (LINT-2)
Warning: In design 'Rasterizer_unit', net 'gradient_gaussians_unit/status_inst[14][3]' driven by pin 'gradient_gaussians_unit/dL_dconic2D_y_maker/status_3' has no loads. (LINT-2)
Warning: In design 'Rasterizer_unit', net 'gradient_gaussians_unit/status_inst[14][4]' driven by pin 'gradient_gaussians_unit/dL_dconic2D_y_maker/status_4' has no loads. (LINT-2)
Warning: In design 'Rasterizer_unit', net 'gradient_gaussians_unit/status_inst[14][5]' driven by pin 'gradient_gaussians_unit/dL_dconic2D_y_maker/status_5' has no loads. (LINT-2)
Warning: In design 'Rasterizer_unit', net 'gradient_gaussians_unit/status_inst[14][6]' driven by pin 'gradient_gaussians_unit/dL_dconic2D_y_maker/status_6' has no loads. (LINT-2)
Warning: In design 'Rasterizer_unit', net 'gradient_gaussians_unit/status_inst[14][7]' driven by pin 'gradient_gaussians_unit/dL_dconic2D_y_maker/status_7' has no loads. (LINT-2)
Warning: In design 'Rasterizer_unit', net 'gradient_gaussians_unit/status_inst[13][0]' driven by pin 'gradient_gaussians_unit/dL_dconic2D_x_maker/status_0' has no loads. (LINT-2)
Warning: In design 'Rasterizer_unit', net 'gradient_gaussians_unit/status_inst[13][1]' driven by pin 'gradient_gaussians_unit/dL_dconic2D_x_maker/status_1' has no loads. (LINT-2)
Warning: In design 'Rasterizer_unit', net 'gradient_gaussians_unit/status_inst[13][2]' driven by pin 'gradient_gaussians_unit/dL_dconic2D_x_maker/status_2' has no loads. (LINT-2)
Warning: In design 'Rasterizer_unit', net 'gradient_gaussians_unit/status_inst[13][3]' driven by pin 'gradient_gaussians_unit/dL_dconic2D_x_maker/status_3' has no loads. (LINT-2)
Warning: In design 'Rasterizer_unit', net 'gradient_gaussians_unit/status_inst[13][4]' driven by pin 'gradient_gaussians_unit/dL_dconic2D_x_maker/status_4' has no loads. (LINT-2)
Warning: In design 'Rasterizer_unit', net 'gradient_gaussians_unit/status_inst[13][5]' driven by pin 'gradient_gaussians_unit/dL_dconic2D_x_maker/status_5' has no loads. (LINT-2)
Warning: In design 'Rasterizer_unit', net 'gradient_gaussians_unit/status_inst[13][6]' driven by pin 'gradient_gaussians_unit/dL_dconic2D_x_maker/status_6' has no loads. (LINT-2)
Warning: In design 'Rasterizer_unit', net 'gradient_gaussians_unit/status_inst[13][7]' driven by pin 'gradient_gaussians_unit/dL_dconic2D_x_maker/status_7' has no loads. (LINT-2)
Warning: In design 'Rasterizer_unit', net 'gradient_gaussians_unit/status_inst[12][0]' driven by pin 'gradient_gaussians_unit/dL_gdx_maker/status_0' has no loads. (LINT-2)
Warning: In design 'Rasterizer_unit', net 'gradient_gaussians_unit/status_inst[12][1]' driven by pin 'gradient_gaussians_unit/dL_gdx_maker/status_1' has no loads. (LINT-2)
Warning: In design 'Rasterizer_unit', net 'gradient_gaussians_unit/status_inst[12][2]' driven by pin 'gradient_gaussians_unit/dL_gdx_maker/status_2' has no loads. (LINT-2)
Warning: In design 'Rasterizer_unit', net 'gradient_gaussians_unit/status_inst[12][3]' driven by pin 'gradient_gaussians_unit/dL_gdx_maker/status_3' has no loads. (LINT-2)
Warning: In design 'Rasterizer_unit', net 'gradient_gaussians_unit/status_inst[12][4]' driven by pin 'gradient_gaussians_unit/dL_gdx_maker/status_4' has no loads. (LINT-2)
Warning: In design 'Rasterizer_unit', net 'gradient_gaussians_unit/status_inst[12][5]' driven by pin 'gradient_gaussians_unit/dL_gdx_maker/status_5' has no loads. (LINT-2)
Warning: In design 'Rasterizer_unit', net 'gradient_gaussians_unit/status_inst[12][6]' driven by pin 'gradient_gaussians_unit/dL_gdx_maker/status_6' has no loads. (LINT-2)
Warning: In design 'Rasterizer_unit', net 'gradient_gaussians_unit/status_inst[12][7]' driven by pin 'gradient_gaussians_unit/dL_gdx_maker/status_7' has no loads. (LINT-2)
Warning: In design 'Rasterizer_unit', net 'gradient_gaussians_unit/status_inst[11][0]' driven by pin 'gradient_gaussians_unit/dL_dmean2D_y_maker/status_0' has no loads. (LINT-2)
Warning: In design 'Rasterizer_unit', net 'gradient_gaussians_unit/status_inst[11][1]' driven by pin 'gradient_gaussians_unit/dL_dmean2D_y_maker/status_1' has no loads. (LINT-2)
Warning: In design 'Rasterizer_unit', net 'gradient_gaussians_unit/status_inst[11][2]' driven by pin 'gradient_gaussians_unit/dL_dmean2D_y_maker/status_2' has no loads. (LINT-2)
Warning: In design 'Rasterizer_unit', net 'gradient_gaussians_unit/status_inst[11][3]' driven by pin 'gradient_gaussians_unit/dL_dmean2D_y_maker/status_3' has no loads. (LINT-2)
Warning: In design 'Rasterizer_unit', net 'gradient_gaussians_unit/status_inst[11][4]' driven by pin 'gradient_gaussians_unit/dL_dmean2D_y_maker/status_4' has no loads. (LINT-2)
Warning: In design 'Rasterizer_unit', net 'gradient_gaussians_unit/status_inst[11][5]' driven by pin 'gradient_gaussians_unit/dL_dmean2D_y_maker/status_5' has no loads. (LINT-2)
Warning: In design 'Rasterizer_unit', net 'gradient_gaussians_unit/status_inst[11][6]' driven by pin 'gradient_gaussians_unit/dL_dmean2D_y_maker/status_6' has no loads. (LINT-2)
Warning: In design 'Rasterizer_unit', net 'gradient_gaussians_unit/status_inst[11][7]' driven by pin 'gradient_gaussians_unit/dL_dmean2D_y_maker/status_7' has no loads. (LINT-2)
Warning: In design 'Rasterizer_unit', net 'gradient_gaussians_unit/status_inst[10][0]' driven by pin 'gradient_gaussians_unit/dL_dmean2D_x_maker/status_0' has no loads. (LINT-2)
Warning: In design 'Rasterizer_unit', net 'gradient_gaussians_unit/status_inst[10][1]' driven by pin 'gradient_gaussians_unit/dL_dmean2D_x_maker/status_1' has no loads. (LINT-2)
Warning: In design 'Rasterizer_unit', net 'gradient_gaussians_unit/status_inst[10][2]' driven by pin 'gradient_gaussians_unit/dL_dmean2D_x_maker/status_2' has no loads. (LINT-2)
Warning: In design 'Rasterizer_unit', net 'gradient_gaussians_unit/status_inst[10][3]' driven by pin 'gradient_gaussians_unit/dL_dmean2D_x_maker/status_3' has no loads. (LINT-2)
Warning: In design 'Rasterizer_unit', net 'gradient_gaussians_unit/status_inst[10][4]' driven by pin 'gradient_gaussians_unit/dL_dmean2D_x_maker/status_4' has no loads. (LINT-2)
Warning: In design 'Rasterizer_unit', net 'gradient_gaussians_unit/status_inst[10][5]' driven by pin 'gradient_gaussians_unit/dL_dmean2D_x_maker/status_5' has no loads. (LINT-2)
Warning: In design 'Rasterizer_unit', net 'gradient_gaussians_unit/status_inst[10][6]' driven by pin 'gradient_gaussians_unit/dL_dmean2D_x_maker/status_6' has no loads. (LINT-2)
Warning: In design 'Rasterizer_unit', net 'gradient_gaussians_unit/status_inst[10][7]' driven by pin 'gradient_gaussians_unit/dL_dmean2D_x_maker/status_7' has no loads. (LINT-2)
Warning: In design 'Rasterizer_unit', net 'gradient_gaussians_unit/status_inst[9][0]' driven by pin 'gradient_gaussians_unit/dG_dy_maker/status_0' has no loads. (LINT-2)
Warning: In design 'Rasterizer_unit', net 'gradient_gaussians_unit/status_inst[9][1]' driven by pin 'gradient_gaussians_unit/dG_dy_maker/status_1' has no loads. (LINT-2)
Warning: In design 'Rasterizer_unit', net 'gradient_gaussians_unit/status_inst[9][2]' driven by pin 'gradient_gaussians_unit/dG_dy_maker/status_2' has no loads. (LINT-2)
Warning: In design 'Rasterizer_unit', net 'gradient_gaussians_unit/status_inst[9][3]' driven by pin 'gradient_gaussians_unit/dG_dy_maker/status_3' has no loads. (LINT-2)
Warning: In design 'Rasterizer_unit', net 'gradient_gaussians_unit/status_inst[9][4]' driven by pin 'gradient_gaussians_unit/dG_dy_maker/status_4' has no loads. (LINT-2)
Warning: In design 'Rasterizer_unit', net 'gradient_gaussians_unit/status_inst[9][5]' driven by pin 'gradient_gaussians_unit/dG_dy_maker/status_5' has no loads. (LINT-2)
Warning: In design 'Rasterizer_unit', net 'gradient_gaussians_unit/status_inst[9][6]' driven by pin 'gradient_gaussians_unit/dG_dy_maker/status_6' has no loads. (LINT-2)
Warning: In design 'Rasterizer_unit', net 'gradient_gaussians_unit/status_inst[9][7]' driven by pin 'gradient_gaussians_unit/dG_dy_maker/status_7' has no loads. (LINT-2)
Warning: In design 'Rasterizer_unit', net 'gradient_gaussians_unit/status_inst[8][0]' driven by pin 'gradient_gaussians_unit/dG_dx_maker/status_0' has no loads. (LINT-2)
Warning: In design 'Rasterizer_unit', net 'gradient_gaussians_unit/status_inst[8][1]' driven by pin 'gradient_gaussians_unit/dG_dx_maker/status_1' has no loads. (LINT-2)
Warning: In design 'Rasterizer_unit', net 'gradient_gaussians_unit/status_inst[8][2]' driven by pin 'gradient_gaussians_unit/dG_dx_maker/status_2' has no loads. (LINT-2)
Warning: In design 'Rasterizer_unit', net 'gradient_gaussians_unit/status_inst[8][3]' driven by pin 'gradient_gaussians_unit/dG_dx_maker/status_3' has no loads. (LINT-2)
Warning: In design 'Rasterizer_unit', net 'gradient_gaussians_unit/status_inst[8][4]' driven by pin 'gradient_gaussians_unit/dG_dx_maker/status_4' has no loads. (LINT-2)
Warning: In design 'Rasterizer_unit', net 'gradient_gaussians_unit/status_inst[8][5]' driven by pin 'gradient_gaussians_unit/dG_dx_maker/status_5' has no loads. (LINT-2)
Warning: In design 'Rasterizer_unit', net 'gradient_gaussians_unit/status_inst[8][6]' driven by pin 'gradient_gaussians_unit/dG_dx_maker/status_6' has no loads. (LINT-2)
Warning: In design 'Rasterizer_unit', net 'gradient_gaussians_unit/status_inst[8][7]' driven by pin 'gradient_gaussians_unit/dG_dx_maker/status_7' has no loads. (LINT-2)
Warning: In design 'Rasterizer_unit', net 'gradient_gaussians_unit/status_inst[7][0]' driven by pin 'gradient_gaussians_unit/ddely_dy_maker/status_0' has no loads. (LINT-2)
Warning: In design 'Rasterizer_unit', net 'gradient_gaussians_unit/status_inst[7][1]' driven by pin 'gradient_gaussians_unit/ddely_dy_maker/status_1' has no loads. (LINT-2)
Warning: In design 'Rasterizer_unit', net 'gradient_gaussians_unit/status_inst[7][2]' driven by pin 'gradient_gaussians_unit/ddely_dy_maker/status_2' has no loads. (LINT-2)
Warning: In design 'Rasterizer_unit', net 'gradient_gaussians_unit/status_inst[7][3]' driven by pin 'gradient_gaussians_unit/ddely_dy_maker/status_3' has no loads. (LINT-2)
Warning: In design 'Rasterizer_unit', net 'gradient_gaussians_unit/status_inst[7][4]' driven by pin 'gradient_gaussians_unit/ddely_dy_maker/status_4' has no loads. (LINT-2)
Warning: In design 'Rasterizer_unit', net 'gradient_gaussians_unit/status_inst[7][5]' driven by pin 'gradient_gaussians_unit/ddely_dy_maker/status_5' has no loads. (LINT-2)
Warning: In design 'Rasterizer_unit', net 'gradient_gaussians_unit/status_inst[7][6]' driven by pin 'gradient_gaussians_unit/ddely_dy_maker/status_6' has no loads. (LINT-2)
Warning: In design 'Rasterizer_unit', net 'gradient_gaussians_unit/status_inst[7][7]' driven by pin 'gradient_gaussians_unit/ddely_dy_maker/status_7' has no loads. (LINT-2)
Warning: In design 'Rasterizer_unit', net 'gradient_gaussians_unit/status_inst[6][0]' driven by pin 'gradient_gaussians_unit/ddelx_dx_maker/status_0' has no loads. (LINT-2)
Warning: In design 'Rasterizer_unit', net 'gradient_gaussians_unit/status_inst[6][1]' driven by pin 'gradient_gaussians_unit/ddelx_dx_maker/status_1' has no loads. (LINT-2)
Warning: In design 'Rasterizer_unit', net 'gradient_gaussians_unit/status_inst[6][2]' driven by pin 'gradient_gaussians_unit/ddelx_dx_maker/status_2' has no loads. (LINT-2)
Warning: In design 'Rasterizer_unit', net 'gradient_gaussians_unit/status_inst[6][3]' driven by pin 'gradient_gaussians_unit/ddelx_dx_maker/status_3' has no loads. (LINT-2)
Warning: In design 'Rasterizer_unit', net 'gradient_gaussians_unit/status_inst[6][4]' driven by pin 'gradient_gaussians_unit/ddelx_dx_maker/status_4' has no loads. (LINT-2)
Warning: In design 'Rasterizer_unit', net 'gradient_gaussians_unit/status_inst[6][5]' driven by pin 'gradient_gaussians_unit/ddelx_dx_maker/status_5' has no loads. (LINT-2)
Warning: In design 'Rasterizer_unit', net 'gradient_gaussians_unit/status_inst[6][6]' driven by pin 'gradient_gaussians_unit/ddelx_dx_maker/status_6' has no loads. (LINT-2)
Warning: In design 'Rasterizer_unit', net 'gradient_gaussians_unit/status_inst[6][7]' driven by pin 'gradient_gaussians_unit/ddelx_dx_maker/status_7' has no loads. (LINT-2)
Warning: In design 'Rasterizer_unit', net 'gradient_gaussians_unit/status_inst[5][0]' driven by pin 'gradient_gaussians_unit/dG_ddely_maker/status_0' has no loads. (LINT-2)
Warning: In design 'Rasterizer_unit', net 'gradient_gaussians_unit/status_inst[5][1]' driven by pin 'gradient_gaussians_unit/dG_ddely_maker/status_1' has no loads. (LINT-2)
Warning: In design 'Rasterizer_unit', net 'gradient_gaussians_unit/status_inst[5][2]' driven by pin 'gradient_gaussians_unit/dG_ddely_maker/status_2' has no loads. (LINT-2)
Warning: In design 'Rasterizer_unit', net 'gradient_gaussians_unit/status_inst[5][3]' driven by pin 'gradient_gaussians_unit/dG_ddely_maker/status_3' has no loads. (LINT-2)
Warning: In design 'Rasterizer_unit', net 'gradient_gaussians_unit/status_inst[5][4]' driven by pin 'gradient_gaussians_unit/dG_ddely_maker/status_4' has no loads. (LINT-2)
Warning: In design 'Rasterizer_unit', net 'gradient_gaussians_unit/status_inst[5][5]' driven by pin 'gradient_gaussians_unit/dG_ddely_maker/status_5' has no loads. (LINT-2)
Warning: In design 'Rasterizer_unit', net 'gradient_gaussians_unit/status_inst[5][6]' driven by pin 'gradient_gaussians_unit/dG_ddely_maker/status_6' has no loads. (LINT-2)
Warning: In design 'Rasterizer_unit', net 'gradient_gaussians_unit/status_inst[5][7]' driven by pin 'gradient_gaussians_unit/dG_ddely_maker/status_7' has no loads. (LINT-2)
Warning: In design 'Rasterizer_unit', net 'gradient_gaussians_unit/status_inst[4][0]' driven by pin 'gradient_gaussians_unit/dG_ddelx_maker/status_0' has no loads. (LINT-2)
Warning: In design 'Rasterizer_unit', net 'gradient_gaussians_unit/status_inst[4][1]' driven by pin 'gradient_gaussians_unit/dG_ddelx_maker/status_1' has no loads. (LINT-2)
Warning: In design 'Rasterizer_unit', net 'gradient_gaussians_unit/status_inst[4][2]' driven by pin 'gradient_gaussians_unit/dG_ddelx_maker/status_2' has no loads. (LINT-2)
Warning: In design 'Rasterizer_unit', net 'gradient_gaussians_unit/status_inst[4][3]' driven by pin 'gradient_gaussians_unit/dG_ddelx_maker/status_3' has no loads. (LINT-2)
Warning: In design 'Rasterizer_unit', net 'gradient_gaussians_unit/status_inst[4][4]' driven by pin 'gradient_gaussians_unit/dG_ddelx_maker/status_4' has no loads. (LINT-2)
Warning: In design 'Rasterizer_unit', net 'gradient_gaussians_unit/status_inst[4][5]' driven by pin 'gradient_gaussians_unit/dG_ddelx_maker/status_5' has no loads. (LINT-2)
Warning: In design 'Rasterizer_unit', net 'gradient_gaussians_unit/status_inst[4][6]' driven by pin 'gradient_gaussians_unit/dG_ddelx_maker/status_6' has no loads. (LINT-2)
Warning: In design 'Rasterizer_unit', net 'gradient_gaussians_unit/status_inst[4][7]' driven by pin 'gradient_gaussians_unit/dG_ddelx_maker/status_7' has no loads. (LINT-2)
Warning: In design 'Rasterizer_unit', net 'gradient_gaussians_unit/status_inst[3][0]' driven by pin 'gradient_gaussians_unit/gdy_maker/status_0' has no loads. (LINT-2)
Warning: In design 'Rasterizer_unit', net 'gradient_gaussians_unit/status_inst[3][1]' driven by pin 'gradient_gaussians_unit/gdy_maker/status_1' has no loads. (LINT-2)
Warning: In design 'Rasterizer_unit', net 'gradient_gaussians_unit/status_inst[3][2]' driven by pin 'gradient_gaussians_unit/gdy_maker/status_2' has no loads. (LINT-2)
Warning: In design 'Rasterizer_unit', net 'gradient_gaussians_unit/status_inst[3][3]' driven by pin 'gradient_gaussians_unit/gdy_maker/status_3' has no loads. (LINT-2)
Warning: In design 'Rasterizer_unit', net 'gradient_gaussians_unit/status_inst[3][4]' driven by pin 'gradient_gaussians_unit/gdy_maker/status_4' has no loads. (LINT-2)
Warning: In design 'Rasterizer_unit', net 'gradient_gaussians_unit/status_inst[3][5]' driven by pin 'gradient_gaussians_unit/gdy_maker/status_5' has no loads. (LINT-2)
Warning: In design 'Rasterizer_unit', net 'gradient_gaussians_unit/status_inst[3][6]' driven by pin 'gradient_gaussians_unit/gdy_maker/status_6' has no loads. (LINT-2)
Warning: In design 'Rasterizer_unit', net 'gradient_gaussians_unit/status_inst[3][7]' driven by pin 'gradient_gaussians_unit/gdy_maker/status_7' has no loads. (LINT-2)
Warning: In design 'Rasterizer_unit', net 'gradient_gaussians_unit/status_inst[2][0]' driven by pin 'gradient_gaussians_unit/gdx_maker/status_0' has no loads. (LINT-2)
Warning: In design 'Rasterizer_unit', net 'gradient_gaussians_unit/status_inst[2][1]' driven by pin 'gradient_gaussians_unit/gdx_maker/status_1' has no loads. (LINT-2)
Warning: In design 'Rasterizer_unit', net 'gradient_gaussians_unit/status_inst[2][2]' driven by pin 'gradient_gaussians_unit/gdx_maker/status_2' has no loads. (LINT-2)
Warning: In design 'Rasterizer_unit', net 'gradient_gaussians_unit/status_inst[2][3]' driven by pin 'gradient_gaussians_unit/gdx_maker/status_3' has no loads. (LINT-2)
Warning: In design 'Rasterizer_unit', net 'gradient_gaussians_unit/status_inst[2][4]' driven by pin 'gradient_gaussians_unit/gdx_maker/status_4' has no loads. (LINT-2)
Warning: In design 'Rasterizer_unit', net 'gradient_gaussians_unit/status_inst[2][5]' driven by pin 'gradient_gaussians_unit/gdx_maker/status_5' has no loads. (LINT-2)
Warning: In design 'Rasterizer_unit', net 'gradient_gaussians_unit/status_inst[2][6]' driven by pin 'gradient_gaussians_unit/gdx_maker/status_6' has no loads. (LINT-2)
Warning: In design 'Rasterizer_unit', net 'gradient_gaussians_unit/status_inst[2][7]' driven by pin 'gradient_gaussians_unit/gdx_maker/status_7' has no loads. (LINT-2)
Warning: In design 'Rasterizer_unit', net 'gradient_gaussians_unit/status_inst[1][0]' driven by pin 'gradient_gaussians_unit/dL_dG_maker/status_0' has no loads. (LINT-2)
Warning: In design 'Rasterizer_unit', net 'gradient_gaussians_unit/status_inst[1][1]' driven by pin 'gradient_gaussians_unit/dL_dG_maker/status_1' has no loads. (LINT-2)
Warning: In design 'Rasterizer_unit', net 'gradient_gaussians_unit/status_inst[1][2]' driven by pin 'gradient_gaussians_unit/dL_dG_maker/status_2' has no loads. (LINT-2)
Warning: In design 'Rasterizer_unit', net 'gradient_gaussians_unit/status_inst[1][3]' driven by pin 'gradient_gaussians_unit/dL_dG_maker/status_3' has no loads. (LINT-2)
Warning: In design 'Rasterizer_unit', net 'gradient_gaussians_unit/status_inst[1][4]' driven by pin 'gradient_gaussians_unit/dL_dG_maker/status_4' has no loads. (LINT-2)
Warning: In design 'Rasterizer_unit', net 'gradient_gaussians_unit/status_inst[1][5]' driven by pin 'gradient_gaussians_unit/dL_dG_maker/status_5' has no loads. (LINT-2)
Warning: In design 'Rasterizer_unit', net 'gradient_gaussians_unit/status_inst[1][6]' driven by pin 'gradient_gaussians_unit/dL_dG_maker/status_6' has no loads. (LINT-2)
Warning: In design 'Rasterizer_unit', net 'gradient_gaussians_unit/status_inst[1][7]' driven by pin 'gradient_gaussians_unit/dL_dG_maker/status_7' has no loads. (LINT-2)
Warning: In design 'Rasterizer_unit', port 'done' is not connected to any nets. (LINT-28)
Warning: In design 'skip_and_alpha_BLOCK_SIZE16_exponent_bit8_mantissa_bit23_precision32', port 'block_id[63]' is not connected to any nets. (LINT-28)
Warning: In design 'skip_and_alpha_BLOCK_SIZE16_exponent_bit8_mantissa_bit23_precision32', port 'block_id[62]' is not connected to any nets. (LINT-28)
Warning: In design 'skip_and_alpha_BLOCK_SIZE16_exponent_bit8_mantissa_bit23_precision32', port 'block_id[61]' is not connected to any nets. (LINT-28)
Warning: In design 'skip_and_alpha_BLOCK_SIZE16_exponent_bit8_mantissa_bit23_precision32', port 'block_id[60]' is not connected to any nets. (LINT-28)
Warning: In design 'skip_and_alpha_BLOCK_SIZE16_exponent_bit8_mantissa_bit23_precision32', port 'block_id[31]' is not connected to any nets. (LINT-28)
Warning: In design 'skip_and_alpha_BLOCK_SIZE16_exponent_bit8_mantissa_bit23_precision32', port 'block_id[30]' is not connected to any nets. (LINT-28)
Warning: In design 'skip_and_alpha_BLOCK_SIZE16_exponent_bit8_mantissa_bit23_precision32', port 'block_id[29]' is not connected to any nets. (LINT-28)
Warning: In design 'skip_and_alpha_BLOCK_SIZE16_exponent_bit8_mantissa_bit23_precision32', port 'block_id[28]' is not connected to any nets. (LINT-28)
Warning: In design 'skip_and_alpha_BLOCK_SIZE16_exponent_bit8_mantissa_bit23_precision32', port 'i_valid' is not connected to any nets. (LINT-28)
Warning: In design 'gradient_gaussians_BLOCK_SIZE16_exponent_bit8_mantissa_bit23_precision32', input port 'i_valid' is connected directly to output port 'gradient_valid'. (LINT-29)
Warning: In design 'gradient_gaussians_BLOCK_SIZE16_exponent_bit8_mantissa_bit23_precision32', output port 'dL_dconic[63]' is connected directly to output port 'dL_dconic[32]'. (LINT-31)
Warning: In design 'gradient_gaussians_BLOCK_SIZE16_exponent_bit8_mantissa_bit23_precision32', output port 'dL_dconic[63]' is connected directly to output port 'dL_dconic[33]'. (LINT-31)
Warning: In design 'gradient_gaussians_BLOCK_SIZE16_exponent_bit8_mantissa_bit23_precision32', output port 'dL_dconic[63]' is connected directly to output port 'dL_dconic[34]'. (LINT-31)
Warning: In design 'gradient_gaussians_BLOCK_SIZE16_exponent_bit8_mantissa_bit23_precision32', output port 'dL_dconic[63]' is connected directly to output port 'dL_dconic[35]'. (LINT-31)
Warning: In design 'gradient_gaussians_BLOCK_SIZE16_exponent_bit8_mantissa_bit23_precision32', output port 'dL_dconic[63]' is connected directly to output port 'dL_dconic[36]'. (LINT-31)
Warning: In design 'gradient_gaussians_BLOCK_SIZE16_exponent_bit8_mantissa_bit23_precision32', output port 'dL_dconic[63]' is connected directly to output port 'dL_dconic[37]'. (LINT-31)
Warning: In design 'gradient_gaussians_BLOCK_SIZE16_exponent_bit8_mantissa_bit23_precision32', output port 'dL_dconic[63]' is connected directly to output port 'dL_dconic[38]'. (LINT-31)
Warning: In design 'gradient_gaussians_BLOCK_SIZE16_exponent_bit8_mantissa_bit23_precision32', output port 'dL_dconic[63]' is connected directly to output port 'dL_dconic[39]'. (LINT-31)
Warning: In design 'gradient_gaussians_BLOCK_SIZE16_exponent_bit8_mantissa_bit23_precision32', output port 'dL_dconic[63]' is connected directly to output port 'dL_dconic[40]'. (LINT-31)
Warning: In design 'gradient_gaussians_BLOCK_SIZE16_exponent_bit8_mantissa_bit23_precision32', output port 'dL_dconic[63]' is connected directly to output port 'dL_dconic[41]'. (LINT-31)
Warning: In design 'gradient_gaussians_BLOCK_SIZE16_exponent_bit8_mantissa_bit23_precision32', output port 'dL_dconic[63]' is connected directly to output port 'dL_dconic[42]'. (LINT-31)
Warning: In design 'gradient_gaussians_BLOCK_SIZE16_exponent_bit8_mantissa_bit23_precision32', output port 'dL_dconic[63]' is connected directly to output port 'dL_dconic[43]'. (LINT-31)
Warning: In design 'gradient_gaussians_BLOCK_SIZE16_exponent_bit8_mantissa_bit23_precision32', output port 'dL_dconic[63]' is connected directly to output port 'dL_dconic[44]'. (LINT-31)
Warning: In design 'gradient_gaussians_BLOCK_SIZE16_exponent_bit8_mantissa_bit23_precision32', output port 'dL_dconic[63]' is connected directly to output port 'dL_dconic[45]'. (LINT-31)
Warning: In design 'gradient_gaussians_BLOCK_SIZE16_exponent_bit8_mantissa_bit23_precision32', output port 'dL_dconic[63]' is connected directly to output port 'dL_dconic[46]'. (LINT-31)
Warning: In design 'gradient_gaussians_BLOCK_SIZE16_exponent_bit8_mantissa_bit23_precision32', output port 'dL_dconic[63]' is connected directly to output port 'dL_dconic[47]'. (LINT-31)
Warning: In design 'gradient_gaussians_BLOCK_SIZE16_exponent_bit8_mantissa_bit23_precision32', output port 'dL_dconic[63]' is connected directly to output port 'dL_dconic[48]'. (LINT-31)
Warning: In design 'gradient_gaussians_BLOCK_SIZE16_exponent_bit8_mantissa_bit23_precision32', output port 'dL_dconic[63]' is connected directly to output port 'dL_dconic[49]'. (LINT-31)
Warning: In design 'gradient_gaussians_BLOCK_SIZE16_exponent_bit8_mantissa_bit23_precision32', output port 'dL_dconic[63]' is connected directly to output port 'dL_dconic[50]'. (LINT-31)
Warning: In design 'gradient_gaussians_BLOCK_SIZE16_exponent_bit8_mantissa_bit23_precision32', output port 'dL_dconic[63]' is connected directly to output port 'dL_dconic[51]'. (LINT-31)
Warning: In design 'gradient_gaussians_BLOCK_SIZE16_exponent_bit8_mantissa_bit23_precision32', output port 'dL_dconic[63]' is connected directly to output port 'dL_dconic[52]'. (LINT-31)
Warning: In design 'gradient_gaussians_BLOCK_SIZE16_exponent_bit8_mantissa_bit23_precision32', output port 'dL_dconic[63]' is connected directly to output port 'dL_dconic[53]'. (LINT-31)
Warning: In design 'gradient_gaussians_BLOCK_SIZE16_exponent_bit8_mantissa_bit23_precision32', output port 'dL_dconic[63]' is connected directly to output port 'dL_dconic[54]'. (LINT-31)
Warning: In design 'gradient_gaussians_BLOCK_SIZE16_exponent_bit8_mantissa_bit23_precision32', output port 'dL_dconic[63]' is connected directly to output port 'dL_dconic[55]'. (LINT-31)
Warning: In design 'gradient_gaussians_BLOCK_SIZE16_exponent_bit8_mantissa_bit23_precision32', output port 'dL_dconic[63]' is connected directly to output port 'dL_dconic[56]'. (LINT-31)
Warning: In design 'gradient_gaussians_BLOCK_SIZE16_exponent_bit8_mantissa_bit23_precision32', output port 'dL_dconic[63]' is connected directly to output port 'dL_dconic[57]'. (LINT-31)
Warning: In design 'gradient_gaussians_BLOCK_SIZE16_exponent_bit8_mantissa_bit23_precision32', output port 'dL_dconic[63]' is connected directly to output port 'dL_dconic[58]'. (LINT-31)
Warning: In design 'gradient_gaussians_BLOCK_SIZE16_exponent_bit8_mantissa_bit23_precision32', output port 'dL_dconic[63]' is connected directly to output port 'dL_dconic[59]'. (LINT-31)
Warning: In design 'gradient_gaussians_BLOCK_SIZE16_exponent_bit8_mantissa_bit23_precision32', output port 'dL_dconic[63]' is connected directly to output port 'dL_dconic[60]'. (LINT-31)
Warning: In design 'gradient_gaussians_BLOCK_SIZE16_exponent_bit8_mantissa_bit23_precision32', output port 'dL_dconic[63]' is connected directly to output port 'dL_dconic[61]'. (LINT-31)
Warning: In design 'gradient_gaussians_BLOCK_SIZE16_exponent_bit8_mantissa_bit23_precision32', output port 'dL_dconic[63]' is connected directly to output port 'dL_dconic[62]'. (LINT-31)
Warning: In design 'gradient_gaussians_BLOCK_SIZE16_exponent_bit8_mantissa_bit23_precision32', output port 'dL_dconic[63]' is connected directly to 'logic 0'. (LINT-52)
Warning: In design 'gradient_gaussians_BLOCK_SIZE16_exponent_bit8_mantissa_bit23_precision32', output port 'dL_dconic[62]' is connected directly to 'logic 0'. (LINT-52)
Warning: In design 'gradient_gaussians_BLOCK_SIZE16_exponent_bit8_mantissa_bit23_precision32', output port 'dL_dconic[61]' is connected directly to 'logic 0'. (LINT-52)
Warning: In design 'gradient_gaussians_BLOCK_SIZE16_exponent_bit8_mantissa_bit23_precision32', output port 'dL_dconic[60]' is connected directly to 'logic 0'. (LINT-52)
Warning: In design 'gradient_gaussians_BLOCK_SIZE16_exponent_bit8_mantissa_bit23_precision32', output port 'dL_dconic[59]' is connected directly to 'logic 0'. (LINT-52)
Warning: In design 'gradient_gaussians_BLOCK_SIZE16_exponent_bit8_mantissa_bit23_precision32', output port 'dL_dconic[58]' is connected directly to 'logic 0'. (LINT-52)
Warning: In design 'gradient_gaussians_BLOCK_SIZE16_exponent_bit8_mantissa_bit23_precision32', output port 'dL_dconic[57]' is connected directly to 'logic 0'. (LINT-52)
Warning: In design 'gradient_gaussians_BLOCK_SIZE16_exponent_bit8_mantissa_bit23_precision32', output port 'dL_dconic[56]' is connected directly to 'logic 0'. (LINT-52)
Warning: In design 'gradient_gaussians_BLOCK_SIZE16_exponent_bit8_mantissa_bit23_precision32', output port 'dL_dconic[55]' is connected directly to 'logic 0'. (LINT-52)
Warning: In design 'gradient_gaussians_BLOCK_SIZE16_exponent_bit8_mantissa_bit23_precision32', output port 'dL_dconic[54]' is connected directly to 'logic 0'. (LINT-52)
Warning: In design 'gradient_gaussians_BLOCK_SIZE16_exponent_bit8_mantissa_bit23_precision32', output port 'dL_dconic[53]' is connected directly to 'logic 0'. (LINT-52)
Warning: In design 'gradient_gaussians_BLOCK_SIZE16_exponent_bit8_mantissa_bit23_precision32', output port 'dL_dconic[52]' is connected directly to 'logic 0'. (LINT-52)
Warning: In design 'gradient_gaussians_BLOCK_SIZE16_exponent_bit8_mantissa_bit23_precision32', output port 'dL_dconic[51]' is connected directly to 'logic 0'. (LINT-52)
Warning: In design 'gradient_gaussians_BLOCK_SIZE16_exponent_bit8_mantissa_bit23_precision32', output port 'dL_dconic[50]' is connected directly to 'logic 0'. (LINT-52)
Warning: In design 'gradient_gaussians_BLOCK_SIZE16_exponent_bit8_mantissa_bit23_precision32', output port 'dL_dconic[49]' is connected directly to 'logic 0'. (LINT-52)
Warning: In design 'gradient_gaussians_BLOCK_SIZE16_exponent_bit8_mantissa_bit23_precision32', output port 'dL_dconic[48]' is connected directly to 'logic 0'. (LINT-52)
Warning: In design 'gradient_gaussians_BLOCK_SIZE16_exponent_bit8_mantissa_bit23_precision32', output port 'dL_dconic[47]' is connected directly to 'logic 0'. (LINT-52)
Warning: In design 'gradient_gaussians_BLOCK_SIZE16_exponent_bit8_mantissa_bit23_precision32', output port 'dL_dconic[46]' is connected directly to 'logic 0'. (LINT-52)
Warning: In design 'gradient_gaussians_BLOCK_SIZE16_exponent_bit8_mantissa_bit23_precision32', output port 'dL_dconic[45]' is connected directly to 'logic 0'. (LINT-52)
Warning: In design 'gradient_gaussians_BLOCK_SIZE16_exponent_bit8_mantissa_bit23_precision32', output port 'dL_dconic[44]' is connected directly to 'logic 0'. (LINT-52)
Warning: In design 'gradient_gaussians_BLOCK_SIZE16_exponent_bit8_mantissa_bit23_precision32', output port 'dL_dconic[43]' is connected directly to 'logic 0'. (LINT-52)
Warning: In design 'gradient_gaussians_BLOCK_SIZE16_exponent_bit8_mantissa_bit23_precision32', output port 'dL_dconic[42]' is connected directly to 'logic 0'. (LINT-52)
Warning: In design 'gradient_gaussians_BLOCK_SIZE16_exponent_bit8_mantissa_bit23_precision32', output port 'dL_dconic[41]' is connected directly to 'logic 0'. (LINT-52)
Warning: In design 'gradient_gaussians_BLOCK_SIZE16_exponent_bit8_mantissa_bit23_precision32', output port 'dL_dconic[40]' is connected directly to 'logic 0'. (LINT-52)
Warning: In design 'gradient_gaussians_BLOCK_SIZE16_exponent_bit8_mantissa_bit23_precision32', output port 'dL_dconic[39]' is connected directly to 'logic 0'. (LINT-52)
Warning: In design 'gradient_gaussians_BLOCK_SIZE16_exponent_bit8_mantissa_bit23_precision32', output port 'dL_dconic[38]' is connected directly to 'logic 0'. (LINT-52)
Warning: In design 'gradient_gaussians_BLOCK_SIZE16_exponent_bit8_mantissa_bit23_precision32', output port 'dL_dconic[37]' is connected directly to 'logic 0'. (LINT-52)
Warning: In design 'gradient_gaussians_BLOCK_SIZE16_exponent_bit8_mantissa_bit23_precision32', output port 'dL_dconic[36]' is connected directly to 'logic 0'. (LINT-52)
Warning: In design 'gradient_gaussians_BLOCK_SIZE16_exponent_bit8_mantissa_bit23_precision32', output port 'dL_dconic[35]' is connected directly to 'logic 0'. (LINT-52)
Warning: In design 'gradient_gaussians_BLOCK_SIZE16_exponent_bit8_mantissa_bit23_precision32', output port 'dL_dconic[34]' is connected directly to 'logic 0'. (LINT-52)
Warning: In design 'gradient_gaussians_BLOCK_SIZE16_exponent_bit8_mantissa_bit23_precision32', output port 'dL_dconic[33]' is connected directly to 'logic 0'. (LINT-52)
Warning: In design 'gradient_gaussians_BLOCK_SIZE16_exponent_bit8_mantissa_bit23_precision32', output port 'dL_dconic[32]' is connected directly to 'logic 0'. (LINT-52)
1
# Enable pipelined-logic retiming
set_optimize_registers -designs $top_level
1
# Synthesize the design with adaptive retiming
compile_ultra -retime -no_autoungroup
Information: Performing power optimization. (PWR-850)
Analyzing: "/ids/kits/UMC28_Kit/v-logic_um28nchslogl30hdh140f/DesignWare_logic_libs/umc28nllh/30hd/hdh/svt/latest/liberty/ccs/um28nchslogl30hdh140f_tt0p9v25c.db"
Library analysis succeeded.
Information: Evaluating DesignWare library utilization. (UISN-27)

============================================================================
| DesignWare Building Block Library  |         Version         | Available |
============================================================================
| Basic DW Building Blocks           | S-2021.06-DWBB_202106.4 |     *     |
| Licensed DW Building Blocks        | S-2021.06-DWBB_202106.4 |     *     |
============================================================================

============================================================================
| Flow Information                                                         |
----------------------------------------------------------------------------
| Flow         | Design Compiler WLM                                       |
============================================================================
| Design Information                                      | Value          |
============================================================================
| Number of Scenarios                                     | 0              |
| Leaf Cell Count                                         | 1783           |
| Number of User Hierarchies                              | 3              |
| Sequential Cell Count                                   | 1637           |
| Macro Count                                             | 0              |
| Number of Power Domains                                 | 0              |
| Design with UPF Data                                    | false          |
============================================================================
Information: Sequential output inversion is enabled.  SVF file must be used for formal verification. (OPT-1208)
Information: Retiming is enabled. SVF file must be used for formal verification. (OPT-1210)

Information: There are 625 potential problems in your design. Please run 'check_design' for more information. (LINT-99)

  Simplifying Design 'Rasterizer_unit'

Loaded alib file './alib-52/um28nchslogl30hdh140f_tt0p9v25c.db.alib'
Information: State dependent leakage is now switched from on to off.

  Beginning Pass 1 Mapping
  ------------------------
  Processing 'Rasterizer_unit'
  Processing 'gradient_depth_color_BLOCK_SIZE16_exponent_bit8_mantissa_bit23_precision32'
 Implement Synthetic for 'gradient_depth_color_BLOCK_SIZE16_exponent_bit8_mantissa_bit23_precision32'.
  Processing 'gradient_depth_color_BLOCK_SIZE16_exponent_bit8_mantissa_bit23_precision32_DW_fp_mult_J2_0'
  Processing 'gradient_depth_color_BLOCK_SIZE16_exponent_bit8_mantissa_bit23_precision32_DW_lzd_J2_0'
  Processing 'gradient_depth_color_BLOCK_SIZE16_exponent_bit8_mantissa_bit23_precision32_DW_lzd_J2_1'
  Processing 'gradient_depth_color_BLOCK_SIZE16_exponent_bit8_mantissa_bit23_precision32_DW_fp_mult_J2_1'
  Processing 'gradient_depth_color_BLOCK_SIZE16_exponent_bit8_mantissa_bit23_precision32_DW_lzd_J2_2'
  Processing 'gradient_depth_color_BLOCK_SIZE16_exponent_bit8_mantissa_bit23_precision32_DW_lzd_J2_3'
  Processing 'gradient_depth_color_BLOCK_SIZE16_exponent_bit8_mantissa_bit23_precision32_DW_fp_addsub_J2_0'
  Processing 'gradient_depth_color_BLOCK_SIZE16_exponent_bit8_mantissa_bit23_precision32_DW_lzd_J2_4'
  Processing 'gradient_depth_color_BLOCK_SIZE16_exponent_bit8_mantissa_bit23_precision32_DW_fp_mult_J2_2'
  Processing 'gradient_depth_color_BLOCK_SIZE16_exponent_bit8_mantissa_bit23_precision32_DW_lzd_J2_5'
  Processing 'gradient_depth_color_BLOCK_SIZE16_exponent_bit8_mantissa_bit23_precision32_DW_lzd_J2_6'
  Processing 'gradient_depth_color_BLOCK_SIZE16_exponent_bit8_mantissa_bit23_precision32_DW_fp_addsub_J2_1'
  Processing 'gradient_depth_color_BLOCK_SIZE16_exponent_bit8_mantissa_bit23_precision32_DW_lzd_J2_7'
  Processing 'gradient_depth_color_BLOCK_SIZE16_exponent_bit8_mantissa_bit23_precision32_DW_fp_dp2_J2_0'
  Processing 'gradient_depth_color_BLOCK_SIZE16_exponent_bit8_mantissa_bit23_precision32_DW_lzd_J2_8'
  Processing 'gradient_depth_color_BLOCK_SIZE16_exponent_bit8_mantissa_bit23_precision32_DW_fp_addsub_J2_2'
  Processing 'gradient_depth_color_BLOCK_SIZE16_exponent_bit8_mantissa_bit23_precision32_DW_lzd_J2_9'
  Processing 'gradient_depth_color_BLOCK_SIZE16_exponent_bit8_mantissa_bit23_precision32_DW_fp_dp3_J2_0'
  Processing 'gradient_depth_color_BLOCK_SIZE16_exponent_bit8_mantissa_bit23_precision32_DW_norm_J2_0'
  Processing 'gradient_depth_color_BLOCK_SIZE16_exponent_bit8_mantissa_bit23_precision32_DW_norm_J2_1'
  Processing 'gradient_depth_color_BLOCK_SIZE16_exponent_bit8_mantissa_bit23_precision32_DW_norm_J2_2'
  Processing 'gradient_depth_color_BLOCK_SIZE16_exponent_bit8_mantissa_bit23_precision32_DW_lzd_J2_10'
  Processing 'gradient_depth_color_BLOCK_SIZE16_exponent_bit8_mantissa_bit23_precision32_DW_fp_addsub_J2_3'
  Processing 'gradient_depth_color_BLOCK_SIZE16_exponent_bit8_mantissa_bit23_precision32_DW_lzd_J2_11'
  Processing 'gradient_depth_color_BLOCK_SIZE16_exponent_bit8_mantissa_bit23_precision32_DW_fp_addsub_J2_4'
  Processing 'gradient_depth_color_BLOCK_SIZE16_exponent_bit8_mantissa_bit23_precision32_DW_lzd_J2_12'
  Processing 'gradient_depth_color_BLOCK_SIZE16_exponent_bit8_mantissa_bit23_precision32_DW_fp_addsub_J2_5'
  Processing 'gradient_depth_color_BLOCK_SIZE16_exponent_bit8_mantissa_bit23_precision32_DW_lzd_J2_13'
  Processing 'gradient_depth_color_BLOCK_SIZE16_exponent_bit8_mantissa_bit23_precision32_DW_fp_dp2_J2_1'
  Processing 'gradient_depth_color_BLOCK_SIZE16_exponent_bit8_mantissa_bit23_precision32_DW_lzd_J2_14'
  Processing 'gradient_depth_color_BLOCK_SIZE16_exponent_bit8_mantissa_bit23_precision32_DW_fp_dp2_J2_2'
  Processing 'gradient_depth_color_BLOCK_SIZE16_exponent_bit8_mantissa_bit23_precision32_DW_lzd_J2_15'
  Processing 'gradient_depth_color_BLOCK_SIZE16_exponent_bit8_mantissa_bit23_precision32_DW_fp_dp2_J2_3'
  Processing 'gradient_depth_color_BLOCK_SIZE16_exponent_bit8_mantissa_bit23_precision32_DW_lzd_J2_16'
  Processing 'gradient_depth_color_BLOCK_SIZE16_exponent_bit8_mantissa_bit23_precision32_DW_fp_addsub_J2_6'
  Processing 'gradient_depth_color_BLOCK_SIZE16_exponent_bit8_mantissa_bit23_precision32_DW_lzd_J2_17'
  Processing 'gradient_depth_color_BLOCK_SIZE16_exponent_bit8_mantissa_bit23_precision32_DW_fp_mult_J2_3'
  Processing 'gradient_depth_color_BLOCK_SIZE16_exponent_bit8_mantissa_bit23_precision32_DW_lzd_J2_18'
  Processing 'gradient_depth_color_BLOCK_SIZE16_exponent_bit8_mantissa_bit23_precision32_DW_lzd_J2_19'
  Processing 'gradient_depth_color_BLOCK_SIZE16_exponent_bit8_mantissa_bit23_precision32_DW_fp_mult_J2_4'
  Processing 'gradient_depth_color_BLOCK_SIZE16_exponent_bit8_mantissa_bit23_precision32_DW_lzd_J2_20'
  Processing 'gradient_depth_color_BLOCK_SIZE16_exponent_bit8_mantissa_bit23_precision32_DW_lzd_J2_21'
  Processing 'gradient_depth_color_BLOCK_SIZE16_exponent_bit8_mantissa_bit23_precision32_DW_fp_mult_J2_5'
  Processing 'gradient_depth_color_BLOCK_SIZE16_exponent_bit8_mantissa_bit23_precision32_DW_lzd_J2_22'
  Processing 'gradient_depth_color_BLOCK_SIZE16_exponent_bit8_mantissa_bit23_precision32_DW_lzd_J2_23'
  Processing 'gradient_depth_color_BLOCK_SIZE16_exponent_bit8_mantissa_bit23_precision32_DW_fp_mult_J2_6'
  Processing 'gradient_depth_color_BLOCK_SIZE16_exponent_bit8_mantissa_bit23_precision32_DW_lzd_J2_24'
  Processing 'gradient_depth_color_BLOCK_SIZE16_exponent_bit8_mantissa_bit23_precision32_DW_lzd_J2_25'
Information: Added key list 'DesignWare' to design 'gradient_depth_color_BLOCK_SIZE16_exponent_bit8_mantissa_bit23_precision32'. (DDB-72)
  Processing 'gradient_gaussians_BLOCK_SIZE16_exponent_bit8_mantissa_bit23_precision32'
 Implement Synthetic for 'gradient_gaussians_BLOCK_SIZE16_exponent_bit8_mantissa_bit23_precision32'.
  Processing 'gradient_gaussians_BLOCK_SIZE16_exponent_bit8_mantissa_bit23_precision32_DW_fp_mult_J2_0_DW_fp_mult_J2_7'
  Processing 'gradient_gaussians_BLOCK_SIZE16_exponent_bit8_mantissa_bit23_precision32_DW_lzd_J2_0_DW_lzd_J2_26'
  Processing 'gradient_gaussians_BLOCK_SIZE16_exponent_bit8_mantissa_bit23_precision32_DW_lzd_J2_1_DW_lzd_J2_27'
  Processing 'gradient_gaussians_BLOCK_SIZE16_exponent_bit8_mantissa_bit23_precision32_DW_fp_mult_J2_1_DW_fp_mult_J2_8'
  Processing 'gradient_gaussians_BLOCK_SIZE16_exponent_bit8_mantissa_bit23_precision32_DW_lzd_J2_2_DW_lzd_J2_28'
  Processing 'gradient_gaussians_BLOCK_SIZE16_exponent_bit8_mantissa_bit23_precision32_DW_lzd_J2_3_DW_lzd_J2_29'
  Processing 'gradient_gaussians_BLOCK_SIZE16_exponent_bit8_mantissa_bit23_precision32_DW_fp_mult_J2_2_DW_fp_mult_J2_9'
  Processing 'gradient_gaussians_BLOCK_SIZE16_exponent_bit8_mantissa_bit23_precision32_DW_lzd_J2_4_DW_lzd_J2_30'
  Processing 'gradient_gaussians_BLOCK_SIZE16_exponent_bit8_mantissa_bit23_precision32_DW_lzd_J2_5_DW_lzd_J2_31'
  Processing 'gradient_gaussians_BLOCK_SIZE16_exponent_bit8_mantissa_bit23_precision32_DW_fp_mult_J2_3_DW_fp_mult_J2_10'
  Processing 'gradient_gaussians_BLOCK_SIZE16_exponent_bit8_mantissa_bit23_precision32_DW_lzd_J2_6_DW_lzd_J2_32'
  Processing 'gradient_gaussians_BLOCK_SIZE16_exponent_bit8_mantissa_bit23_precision32_DW_lzd_J2_7_DW_lzd_J2_33'
  Processing 'gradient_gaussians_BLOCK_SIZE16_exponent_bit8_mantissa_bit23_precision32_DW_fp_mult_J2_4_DW_fp_mult_J2_11'
  Processing 'gradient_gaussians_BLOCK_SIZE16_exponent_bit8_mantissa_bit23_precision32_DW_lzd_J2_8_DW_lzd_J2_34'
  Processing 'gradient_gaussians_BLOCK_SIZE16_exponent_bit8_mantissa_bit23_precision32_DW_lzd_J2_9_DW_lzd_J2_35'
  Processing 'gradient_gaussians_BLOCK_SIZE16_exponent_bit8_mantissa_bit23_precision32_DW_fp_mult_J2_5_DW_fp_mult_J2_12'
  Processing 'gradient_gaussians_BLOCK_SIZE16_exponent_bit8_mantissa_bit23_precision32_DW_lzd_J2_10_DW_lzd_J2_36'
  Processing 'gradient_gaussians_BLOCK_SIZE16_exponent_bit8_mantissa_bit23_precision32_DW_lzd_J2_11_DW_lzd_J2_37'
  Processing 'gradient_gaussians_BLOCK_SIZE16_exponent_bit8_mantissa_bit23_precision32_DW_fp_mult_J2_6_DW_fp_mult_J2_13'
  Processing 'gradient_gaussians_BLOCK_SIZE16_exponent_bit8_mantissa_bit23_precision32_DW_lzd_J2_12_DW_lzd_J2_38'
  Processing 'gradient_gaussians_BLOCK_SIZE16_exponent_bit8_mantissa_bit23_precision32_DW_lzd_J2_13_DW_lzd_J2_39'
  Processing 'gradient_gaussians_BLOCK_SIZE16_exponent_bit8_mantissa_bit23_precision32_DW_fp_mult_J2_7_DW_fp_mult_J2_14'
  Processing 'gradient_gaussians_BLOCK_SIZE16_exponent_bit8_mantissa_bit23_precision32_DW_lzd_J2_14_DW_lzd_J2_40'
  Processing 'gradient_gaussians_BLOCK_SIZE16_exponent_bit8_mantissa_bit23_precision32_DW_lzd_J2_15_DW_lzd_J2_41'
  Processing 'gradient_gaussians_BLOCK_SIZE16_exponent_bit8_mantissa_bit23_precision32_DW_fp_mult_J2_8_DW_fp_mult_J2_15'
  Processing 'gradient_gaussians_BLOCK_SIZE16_exponent_bit8_mantissa_bit23_precision32_DW_lzd_J2_16_DW_lzd_J2_42'
  Processing 'gradient_gaussians_BLOCK_SIZE16_exponent_bit8_mantissa_bit23_precision32_DW_lzd_J2_17_DW_lzd_J2_43'
  Processing 'gradient_gaussians_BLOCK_SIZE16_exponent_bit8_mantissa_bit23_precision32_DW_fp_mult_J2_9_DW_fp_mult_J2_16'
  Processing 'gradient_gaussians_BLOCK_SIZE16_exponent_bit8_mantissa_bit23_precision32_DW_lzd_J2_18_DW_lzd_J2_44'
  Processing 'gradient_gaussians_BLOCK_SIZE16_exponent_bit8_mantissa_bit23_precision32_DW_lzd_J2_19_DW_lzd_J2_45'
  Processing 'gradient_gaussians_BLOCK_SIZE16_exponent_bit8_mantissa_bit23_precision32_DW_fp_i2flt_J2_0'
  Processing 'gradient_gaussians_BLOCK_SIZE16_exponent_bit8_mantissa_bit23_precision32_DW_lzd_J2_20_DW_lzd_J2_46'
  Processing 'gradient_gaussians_BLOCK_SIZE16_exponent_bit8_mantissa_bit23_precision32_DW_fp_i2flt_J2_1'
  Processing 'gradient_gaussians_BLOCK_SIZE16_exponent_bit8_mantissa_bit23_precision32_DW_lzd_J2_21_DW_lzd_J2_47'
  Processing 'gradient_gaussians_BLOCK_SIZE16_exponent_bit8_mantissa_bit23_precision32_DW_fp_dp2_J2_0_DW_fp_dp2_J2_4'
  Processing 'gradient_gaussians_BLOCK_SIZE16_exponent_bit8_mantissa_bit23_precision32_DW_lzd_J2_22_DW_lzd_J2_48'
  Processing 'gradient_gaussians_BLOCK_SIZE16_exponent_bit8_mantissa_bit23_precision32_DW_fp_dp2_J2_1_DW_fp_dp2_J2_5'
  Processing 'gradient_gaussians_BLOCK_SIZE16_exponent_bit8_mantissa_bit23_precision32_DW_lzd_J2_23_DW_lzd_J2_49'
  Processing 'gradient_gaussians_BLOCK_SIZE16_exponent_bit8_mantissa_bit23_precision32_DW_fp_mult_J2_10_DW_fp_mult_J2_17'
  Processing 'gradient_gaussians_BLOCK_SIZE16_exponent_bit8_mantissa_bit23_precision32_DW_lzd_J2_24_DW_lzd_J2_50'
  Processing 'gradient_gaussians_BLOCK_SIZE16_exponent_bit8_mantissa_bit23_precision32_DW_lzd_J2_25_DW_lzd_J2_51'
  Processing 'gradient_gaussians_BLOCK_SIZE16_exponent_bit8_mantissa_bit23_precision32_DW_fp_mult_J2_11_DW_fp_mult_J2_18'
  Processing 'gradient_gaussians_BLOCK_SIZE16_exponent_bit8_mantissa_bit23_precision32_DW_lzd_J2_26_DW_lzd_J2_52'
  Processing 'gradient_gaussians_BLOCK_SIZE16_exponent_bit8_mantissa_bit23_precision32_DW_lzd_J2_27_DW_lzd_J2_53'
  Processing 'gradient_gaussians_BLOCK_SIZE16_exponent_bit8_mantissa_bit23_precision32_DW_fp_mult_J2_12_DW_fp_mult_J2_19'
  Processing 'gradient_gaussians_BLOCK_SIZE16_exponent_bit8_mantissa_bit23_precision32_DW_lzd_J2_28_DW_lzd_J2_54'
  Processing 'gradient_gaussians_BLOCK_SIZE16_exponent_bit8_mantissa_bit23_precision32_DW_lzd_J2_29_DW_lzd_J2_55'
Information: Added key list 'DesignWare' to design 'gradient_gaussians_BLOCK_SIZE16_exponent_bit8_mantissa_bit23_precision32'. (DDB-72)
  Processing 'skip_and_alpha_BLOCK_SIZE16_exponent_bit8_mantissa_bit23_precision32'
 Implement Synthetic for 'skip_and_alpha_BLOCK_SIZE16_exponent_bit8_mantissa_bit23_precision32'.
  Processing 'skip_and_alpha_BLOCK_SIZE16_exponent_bit8_mantissa_bit23_precision32_DW_fp_div_J2_0'
  Processing 'skip_and_alpha_BLOCK_SIZE16_exponent_bit8_mantissa_bit23_precision32_DW_div_J2_0'
  Processing 'skip_and_alpha_BLOCK_SIZE16_exponent_bit8_mantissa_bit23_precision32_DW_fp_addsub_J2_0_DW_fp_addsub_J2_7'
  Processing 'skip_and_alpha_BLOCK_SIZE16_exponent_bit8_mantissa_bit23_precision32_DW_lzd_J2_0_DW_lzd_J2_56'
  Processing 'skip_and_alpha_BLOCK_SIZE16_exponent_bit8_mantissa_bit23_precision32_DW_fp_cmp_J2_0'
  Processing 'skip_and_alpha_BLOCK_SIZE16_exponent_bit8_mantissa_bit23_precision32_DW_fp_cmp_J2_1'
  Processing 'skip_and_alpha_BLOCK_SIZE16_exponent_bit8_mantissa_bit23_precision32_DW_fp_mult_J2_0_DW_fp_mult_J2_20'
  Processing 'skip_and_alpha_BLOCK_SIZE16_exponent_bit8_mantissa_bit23_precision32_DW_lzd_J2_1_DW_lzd_J2_57'
  Processing 'skip_and_alpha_BLOCK_SIZE16_exponent_bit8_mantissa_bit23_precision32_DW_lzd_J2_2_DW_lzd_J2_58'
  Processing 'skip_and_alpha_BLOCK_SIZE16_exponent_bit8_mantissa_bit23_precision32_DW_fp_exp_J2_0'
  Processing 'skip_and_alpha_BLOCK_SIZE16_exponent_bit8_mantissa_bit23_precision32_DW_exp2_J2_0'
  Processing 'skip_and_alpha_BLOCK_SIZE16_exponent_bit8_mantissa_bit23_precision32_DW_fp_addsub_J2_1_DW_fp_addsub_J2_8'
  Processing 'skip_and_alpha_BLOCK_SIZE16_exponent_bit8_mantissa_bit23_precision32_DW_lzd_J2_3_DW_lzd_J2_59'
  Processing 'skip_and_alpha_BLOCK_SIZE16_exponent_bit8_mantissa_bit23_precision32_DW_fp_addsub_J2_2_DW_fp_addsub_J2_9'
  Processing 'skip_and_alpha_BLOCK_SIZE16_exponent_bit8_mantissa_bit23_precision32_DW_lzd_J2_4_DW_lzd_J2_60'
  Processing 'skip_and_alpha_BLOCK_SIZE16_exponent_bit8_mantissa_bit23_precision32_DW_fp_mult_J2_1_DW_fp_mult_J2_21'
  Processing 'skip_and_alpha_BLOCK_SIZE16_exponent_bit8_mantissa_bit23_precision32_DW_lzd_J2_5_DW_lzd_J2_61'
  Processing 'skip_and_alpha_BLOCK_SIZE16_exponent_bit8_mantissa_bit23_precision32_DW_lzd_J2_6_DW_lzd_J2_62'
  Processing 'skip_and_alpha_BLOCK_SIZE16_exponent_bit8_mantissa_bit23_precision32_DW_fp_mult_J2_2_DW_fp_mult_J2_22'
  Processing 'skip_and_alpha_BLOCK_SIZE16_exponent_bit8_mantissa_bit23_precision32_DW_lzd_J2_7_DW_lzd_J2_63'
  Processing 'skip_and_alpha_BLOCK_SIZE16_exponent_bit8_mantissa_bit23_precision32_DW_lzd_J2_8_DW_lzd_J2_64'
  Processing 'skip_and_alpha_BLOCK_SIZE16_exponent_bit8_mantissa_bit23_precision32_DW_fp_mult_J2_3_DW_fp_mult_J2_23'
  Processing 'skip_and_alpha_BLOCK_SIZE16_exponent_bit8_mantissa_bit23_precision32_DW_lzd_J2_9_DW_lzd_J2_65'
  Processing 'skip_and_alpha_BLOCK_SIZE16_exponent_bit8_mantissa_bit23_precision32_DW_lzd_J2_10_DW_lzd_J2_66'
  Processing 'skip_and_alpha_BLOCK_SIZE16_exponent_bit8_mantissa_bit23_precision32_DW_fp_mult_J2_4_DW_fp_mult_J2_24'
  Processing 'skip_and_alpha_BLOCK_SIZE16_exponent_bit8_mantissa_bit23_precision32_DW_lzd_J2_11_DW_lzd_J2_67'
  Processing 'skip_and_alpha_BLOCK_SIZE16_exponent_bit8_mantissa_bit23_precision32_DW_lzd_J2_12_DW_lzd_J2_68'
  Processing 'skip_and_alpha_BLOCK_SIZE16_exponent_bit8_mantissa_bit23_precision32_DW_fp_mult_J2_5_DW_fp_mult_J2_25'
  Processing 'skip_and_alpha_BLOCK_SIZE16_exponent_bit8_mantissa_bit23_precision32_DW_lzd_J2_13_DW_lzd_J2_69'
  Processing 'skip_and_alpha_BLOCK_SIZE16_exponent_bit8_mantissa_bit23_precision32_DW_lzd_J2_14_DW_lzd_J2_70'
  Processing 'skip_and_alpha_BLOCK_SIZE16_exponent_bit8_mantissa_bit23_precision32_DW_fp_mult_J2_6_DW_fp_mult_J2_26'
  Processing 'skip_and_alpha_BLOCK_SIZE16_exponent_bit8_mantissa_bit23_precision32_DW_lzd_J2_15_DW_lzd_J2_71'
  Processing 'skip_and_alpha_BLOCK_SIZE16_exponent_bit8_mantissa_bit23_precision32_DW_lzd_J2_16_DW_lzd_J2_72'
  Processing 'skip_and_alpha_BLOCK_SIZE16_exponent_bit8_mantissa_bit23_precision32_DW_fp_addsub_J2_3_DW_fp_addsub_J2_10'
  Processing 'skip_and_alpha_BLOCK_SIZE16_exponent_bit8_mantissa_bit23_precision32_DW_lzd_J2_17_DW_lzd_J2_73'
  Processing 'skip_and_alpha_BLOCK_SIZE16_exponent_bit8_mantissa_bit23_precision32_DW_fp_addsub_J2_4_DW_fp_addsub_J2_11'
  Processing 'skip_and_alpha_BLOCK_SIZE16_exponent_bit8_mantissa_bit23_precision32_DW_lzd_J2_18_DW_lzd_J2_74'
  Processing 'skip_and_alpha_BLOCK_SIZE16_exponent_bit8_mantissa_bit23_precision32_DW_fp_i2flt_J2_0_DW_fp_i2flt_J2_2'
  Processing 'skip_and_alpha_BLOCK_SIZE16_exponent_bit8_mantissa_bit23_precision32_DW_lzd_J2_19_DW_lzd_J2_75'
  Processing 'skip_and_alpha_BLOCK_SIZE16_exponent_bit8_mantissa_bit23_precision32_DW_fp_i2flt_J2_1_DW_fp_i2flt_J2_3'
  Processing 'skip_and_alpha_BLOCK_SIZE16_exponent_bit8_mantissa_bit23_precision32_DW_lzd_J2_20_DW_lzd_J2_76'
Information: Added key list 'DesignWare' to design 'skip_and_alpha_BLOCK_SIZE16_exponent_bit8_mantissa_bit23_precision32'. (DDB-72)

  Updating timing information
Information: Updating design information... (UID-85)
Information: Complementing port 'skip' in design 'skip_and_alpha_BLOCK_SIZE16_exponent_bit8_mantissa_bit23_precision32'.
	 The new name of the port is 'skip_BAR'. (OPT-319)
Information: The register 'dL_dconic_reg[32]' is a constant and will be removed. (OPT-1206)
Information: The register 'dL_dconic_reg[33]' is a constant and will be removed. (OPT-1206)
Information: The register 'dL_dconic_reg[34]' is a constant and will be removed. (OPT-1206)
Information: The register 'dL_dconic_reg[35]' is a constant and will be removed. (OPT-1206)
Information: The register 'dL_dconic_reg[36]' is a constant and will be removed. (OPT-1206)
Information: The register 'dL_dconic_reg[37]' is a constant and will be removed. (OPT-1206)
Information: The register 'dL_dconic_reg[38]' is a constant and will be removed. (OPT-1206)
Information: The register 'dL_dconic_reg[39]' is a constant and will be removed. (OPT-1206)
Information: The register 'dL_dconic_reg[40]' is a constant and will be removed. (OPT-1206)
Information: The register 'dL_dconic_reg[41]' is a constant and will be removed. (OPT-1206)
Information: The register 'dL_dconic_reg[42]' is a constant and will be removed. (OPT-1206)
Information: The register 'dL_dconic_reg[43]' is a constant and will be removed. (OPT-1206)
Information: The register 'dL_dconic_reg[44]' is a constant and will be removed. (OPT-1206)
Information: The register 'dL_dconic_reg[45]' is a constant and will be removed. (OPT-1206)
Information: The register 'dL_dconic_reg[46]' is a constant and will be removed. (OPT-1206)
Information: The register 'dL_dconic_reg[47]' is a constant and will be removed. (OPT-1206)
Information: The register 'dL_dconic_reg[48]' is a constant and will be removed. (OPT-1206)
Information: The register 'dL_dconic_reg[49]' is a constant and will be removed. (OPT-1206)
Information: The register 'dL_dconic_reg[50]' is a constant and will be removed. (OPT-1206)
Information: The register 'dL_dconic_reg[51]' is a constant and will be removed. (OPT-1206)
Information: The register 'dL_dconic_reg[52]' is a constant and will be removed. (OPT-1206)
Information: The register 'dL_dconic_reg[53]' is a constant and will be removed. (OPT-1206)
Information: The register 'dL_dconic_reg[54]' is a constant and will be removed. (OPT-1206)
Information: The register 'dL_dconic_reg[55]' is a constant and will be removed. (OPT-1206)
Information: The register 'dL_dconic_reg[56]' is a constant and will be removed. (OPT-1206)
Information: The register 'dL_dconic_reg[57]' is a constant and will be removed. (OPT-1206)
Information: The register 'dL_dconic_reg[58]' is a constant and will be removed. (OPT-1206)
Information: The register 'dL_dconic_reg[59]' is a constant and will be removed. (OPT-1206)
Information: The register 'dL_dconic_reg[60]' is a constant and will be removed. (OPT-1206)
Information: The register 'dL_dconic_reg[61]' is a constant and will be removed. (OPT-1206)
Information: The register 'dL_dconic_reg[62]' is a constant and will be removed. (OPT-1206)
Information: The register 'dL_dconic_reg[63]' is a constant and will be removed. (OPT-1206)
Information: The register 'G1_reg[31]' is a constant and will be removed. (OPT-1206)
Information: The register 'G2_reg[31]' is a constant and will be removed. (OPT-1206)

Threshold voltage group cell usage:
>> SVT30 98.69%, undefined 1.31%

  Beginning Mapping Optimizations  (Ultra High effort)
  -------------------------------
  Structuring 'skip_and_alpha_BLOCK_SIZE16_exponent_bit8_mantissa_bit23_precision32_DW_fp_div_0'
  Mapping 'skip_and_alpha_BLOCK_SIZE16_exponent_bit8_mantissa_bit23_precision32_DW_fp_div_0'
  Structuring 'skip_and_alpha_BLOCK_SIZE16_exponent_bit8_mantissa_bit23_precision32_DW_fp_div_1'
  Mapping 'skip_and_alpha_BLOCK_SIZE16_exponent_bit8_mantissa_bit23_precision32_DW_fp_div_1'
  Structuring 'skip_and_alpha_BLOCK_SIZE16_exponent_bit8_mantissa_bit23_precision32_DW_fp_div_2'
  Mapping 'skip_and_alpha_BLOCK_SIZE16_exponent_bit8_mantissa_bit23_precision32_DW_fp_div_2'
  Mapping 'DW_cmp'
  Mapping 'skip_and_alpha_BLOCK_SIZE16_exponent_bit8_mantissa_bit23_precision32_DW_mult_uns_0'
  Mapping 'skip_and_alpha_BLOCK_SIZE16_exponent_bit8_mantissa_bit23_precision32_DW_mult_uns_1'
  Mapping 'skip_and_alpha_BLOCK_SIZE16_exponent_bit8_mantissa_bit23_precision32_DW01_inc_0'
  Mapping 'skip_and_alpha_BLOCK_SIZE16_exponent_bit8_mantissa_bit23_precision32_DW01_add_0'
  Mapping 'skip_and_alpha_BLOCK_SIZE16_exponent_bit8_mantissa_bit23_precision32_DW01_add_1'
  Mapping 'DW_cmp'
  Mapping 'DW_cmp'
  Mapping 'DW_cmp'
  Mapping 'DW_cmp'
  Mapping 'skip_and_alpha_BLOCK_SIZE16_exponent_bit8_mantissa_bit23_precision32_DW_cmp_0'
  Mapping 'DW_cmp'
  Mapping 'skip_and_alpha_BLOCK_SIZE16_exponent_bit8_mantissa_bit23_precision32_DP_OP_117_202_5279_0'
  Mapping 'skip_and_alpha_BLOCK_SIZE16_exponent_bit8_mantissa_bit23_precision32_DP_OP_118_203_2390_0'
  Mapping 'skip_and_alpha_BLOCK_SIZE16_exponent_bit8_mantissa_bit23_precision32_DP_OP_119_204_8279_0'
  Mapping 'skip_and_alpha_BLOCK_SIZE16_exponent_bit8_mantissa_bit23_precision32_DW_fp_div_2'
  Structuring 'skip_and_alpha_BLOCK_SIZE16_exponent_bit8_mantissa_bit23_precision32_DW_fp_mult_0'
  Mapping 'skip_and_alpha_BLOCK_SIZE16_exponent_bit8_mantissa_bit23_precision32_DW_fp_mult_0'
  Structuring 'skip_and_alpha_BLOCK_SIZE16_exponent_bit8_mantissa_bit23_precision32_DW_fp_mult_1'
  Mapping 'skip_and_alpha_BLOCK_SIZE16_exponent_bit8_mantissa_bit23_precision32_DW_fp_mult_1'
  Structuring 'skip_and_alpha_BLOCK_SIZE16_exponent_bit8_mantissa_bit23_precision32_DW_fp_mult_2'
  Mapping 'skip_and_alpha_BLOCK_SIZE16_exponent_bit8_mantissa_bit23_precision32_DW_fp_mult_2'
  Mapping 'skip_and_alpha_BLOCK_SIZE16_exponent_bit8_mantissa_bit23_precision32_DW_cmp_1'
  Mapping 'skip_and_alpha_BLOCK_SIZE16_exponent_bit8_mantissa_bit23_precision32_DW_cmp_3'
  Mapping 'skip_and_alpha_BLOCK_SIZE16_exponent_bit8_mantissa_bit23_precision32_DW01_add_2'
  Mapping 'skip_and_alpha_BLOCK_SIZE16_exponent_bit8_mantissa_bit23_precision32_DW01_add_3'
  Mapping 'skip_and_alpha_BLOCK_SIZE16_exponent_bit8_mantissa_bit23_precision32_DW01_add_4'
  Mapping 'DW_cmp'
  Mapping 'skip_and_alpha_BLOCK_SIZE16_exponent_bit8_mantissa_bit23_precision32_DW_cmp_4'
  Mapping 'skip_and_alpha_BLOCK_SIZE16_exponent_bit8_mantissa_bit23_precision32_DW_cmp_5'
  Mapping 'DW01_add'
  Mapping 'DW01_add'
  Structuring 'skip_and_alpha_BLOCK_SIZE16_exponent_bit8_mantissa_bit23_precision32_DW_lzd_4'
  Mapping 'skip_and_alpha_BLOCK_SIZE16_exponent_bit8_mantissa_bit23_precision32_DW_lzd_4'
  Structuring 'skip_and_alpha_BLOCK_SIZE16_exponent_bit8_mantissa_bit23_precision32_DW_lzd_5'
  Mapping 'skip_and_alpha_BLOCK_SIZE16_exponent_bit8_mantissa_bit23_precision32_DW_lzd_5'
  Mapping 'skip_and_alpha_BLOCK_SIZE16_exponent_bit8_mantissa_bit23_precision32_DW02_multp_0'
  Mapping 'skip_and_alpha_BLOCK_SIZE16_exponent_bit8_mantissa_bit23_precision32_DP_OP_108_207_7736_0'
  Mapping 'skip_and_alpha_BLOCK_SIZE16_exponent_bit8_mantissa_bit23_precision32_DP_OP_109_208_8092_0'
  Mapping 'skip_and_alpha_BLOCK_SIZE16_exponent_bit8_mantissa_bit23_precision32_DW_fp_mult_2'
  Structuring 'skip_and_alpha_BLOCK_SIZE16_exponent_bit8_mantissa_bit23_precision32_DW_fp_mult_3'
  Mapping 'skip_and_alpha_BLOCK_SIZE16_exponent_bit8_mantissa_bit23_precision32_DW_fp_mult_3'
  Structuring 'skip_and_alpha_BLOCK_SIZE16_exponent_bit8_mantissa_bit23_precision32_DW_fp_mult_4'
  Mapping 'skip_and_alpha_BLOCK_SIZE16_exponent_bit8_mantissa_bit23_precision32_DW_fp_mult_4'
  Structuring 'skip_and_alpha_BLOCK_SIZE16_exponent_bit8_mantissa_bit23_precision32_DW_fp_mult_5'
  Mapping 'skip_and_alpha_BLOCK_SIZE16_exponent_bit8_mantissa_bit23_precision32_DW_fp_mult_5'
  Mapping 'skip_and_alpha_BLOCK_SIZE16_exponent_bit8_mantissa_bit23_precision32_DW_cmp_6'
  Mapping 'skip_and_alpha_BLOCK_SIZE16_exponent_bit8_mantissa_bit23_precision32_DW_cmp_8'
  Mapping 'skip_and_alpha_BLOCK_SIZE16_exponent_bit8_mantissa_bit23_precision32_DW01_add_5'
  Mapping 'skip_and_alpha_BLOCK_SIZE16_exponent_bit8_mantissa_bit23_precision32_DW01_add_6'
  Mapping 'skip_and_alpha_BLOCK_SIZE16_exponent_bit8_mantissa_bit23_precision32_DW01_add_7'
  Mapping 'DW_cmp'
  Mapping 'skip_and_alpha_BLOCK_SIZE16_exponent_bit8_mantissa_bit23_precision32_DW_cmp_9'
  Mapping 'skip_and_alpha_BLOCK_SIZE16_exponent_bit8_mantissa_bit23_precision32_DW_cmp_10'
  Mapping 'DW01_add'
  Mapping 'DW01_add'
  Structuring 'skip_and_alpha_BLOCK_SIZE16_exponent_bit8_mantissa_bit23_precision32_DW_lzd_8'
  Mapping 'skip_and_alpha_BLOCK_SIZE16_exponent_bit8_mantissa_bit23_precision32_DW_lzd_8'
  Structuring 'skip_and_alpha_BLOCK_SIZE16_exponent_bit8_mantissa_bit23_precision32_DW_lzd_9'
  Mapping 'skip_and_alpha_BLOCK_SIZE16_exponent_bit8_mantissa_bit23_precision32_DW_lzd_9'
  Mapping 'skip_and_alpha_BLOCK_SIZE16_exponent_bit8_mantissa_bit23_precision32_DW02_multp_1'
  Mapping 'skip_and_alpha_BLOCK_SIZE16_exponent_bit8_mantissa_bit23_precision32_DP_OP_108_211_7736_0'
  Mapping 'skip_and_alpha_BLOCK_SIZE16_exponent_bit8_mantissa_bit23_precision32_DP_OP_109_212_8092_0'
  Mapping 'skip_and_alpha_BLOCK_SIZE16_exponent_bit8_mantissa_bit23_precision32_DW_fp_mult_5'
  Structuring 'skip_and_alpha_BLOCK_SIZE16_exponent_bit8_mantissa_bit23_precision32_DW_fp_mult_6'
  Mapping 'skip_and_alpha_BLOCK_SIZE16_exponent_bit8_mantissa_bit23_precision32_DW_fp_mult_6'
  Structuring 'skip_and_alpha_BLOCK_SIZE16_exponent_bit8_mantissa_bit23_precision32_DW_fp_mult_7'
  Mapping 'skip_and_alpha_BLOCK_SIZE16_exponent_bit8_mantissa_bit23_precision32_DW_fp_mult_7'
  Structuring 'skip_and_alpha_BLOCK_SIZE16_exponent_bit8_mantissa_bit23_precision32_DW_fp_mult_8'
  Mapping 'skip_and_alpha_BLOCK_SIZE16_exponent_bit8_mantissa_bit23_precision32_DW_fp_mult_8'
  Mapping 'skip_and_alpha_BLOCK_SIZE16_exponent_bit8_mantissa_bit23_precision32_DW_cmp_11'
  Mapping 'skip_and_alpha_BLOCK_SIZE16_exponent_bit8_mantissa_bit23_precision32_DW_cmp_13'
  Mapping 'skip_and_alpha_BLOCK_SIZE16_exponent_bit8_mantissa_bit23_precision32_DW01_add_8'
  Mapping 'skip_and_alpha_BLOCK_SIZE16_exponent_bit8_mantissa_bit23_precision32_DW01_add_9'
  Mapping 'skip_and_alpha_BLOCK_SIZE16_exponent_bit8_mantissa_bit23_precision32_DW01_add_10'
  Mapping 'DW_cmp'
  Mapping 'skip_and_alpha_BLOCK_SIZE16_exponent_bit8_mantissa_bit23_precision32_DW_cmp_14'
  Mapping 'skip_and_alpha_BLOCK_SIZE16_exponent_bit8_mantissa_bit23_precision32_DW_cmp_15'
  Mapping 'DW01_add'
  Mapping 'DW01_add'
  Structuring 'skip_and_alpha_BLOCK_SIZE16_exponent_bit8_mantissa_bit23_precision32_DW_lzd_12'
  Mapping 'skip_and_alpha_BLOCK_SIZE16_exponent_bit8_mantissa_bit23_precision32_DW_lzd_12'
  Structuring 'skip_and_alpha_BLOCK_SIZE16_exponent_bit8_mantissa_bit23_precision32_DW_lzd_13'
  Mapping 'skip_and_alpha_BLOCK_SIZE16_exponent_bit8_mantissa_bit23_precision32_DW_lzd_13'
  Mapping 'skip_and_alpha_BLOCK_SIZE16_exponent_bit8_mantissa_bit23_precision32_DW02_multp_2'
  Mapping 'skip_and_alpha_BLOCK_SIZE16_exponent_bit8_mantissa_bit23_precision32_DP_OP_108_215_7736_0'
  Mapping 'skip_and_alpha_BLOCK_SIZE16_exponent_bit8_mantissa_bit23_precision32_DP_OP_109_216_8092_0'
  Mapping 'skip_and_alpha_BLOCK_SIZE16_exponent_bit8_mantissa_bit23_precision32_DW_fp_mult_8'
  Structuring 'skip_and_alpha_BLOCK_SIZE16_exponent_bit8_mantissa_bit23_precision32_DW_fp_mult_9'
  Mapping 'skip_and_alpha_BLOCK_SIZE16_exponent_bit8_mantissa_bit23_precision32_DW_fp_mult_9'
  Structuring 'skip_and_alpha_BLOCK_SIZE16_exponent_bit8_mantissa_bit23_precision32_DW_fp_mult_10'
  Mapping 'skip_and_alpha_BLOCK_SIZE16_exponent_bit8_mantissa_bit23_precision32_DW_fp_mult_10'
  Structuring 'skip_and_alpha_BLOCK_SIZE16_exponent_bit8_mantissa_bit23_precision32_DW_fp_mult_11'
  Mapping 'skip_and_alpha_BLOCK_SIZE16_exponent_bit8_mantissa_bit23_precision32_DW_fp_mult_11'
  Mapping 'skip_and_alpha_BLOCK_SIZE16_exponent_bit8_mantissa_bit23_precision32_DW_cmp_16'
  Mapping 'skip_and_alpha_BLOCK_SIZE16_exponent_bit8_mantissa_bit23_precision32_DW_cmp_18'
  Mapping 'skip_and_alpha_BLOCK_SIZE16_exponent_bit8_mantissa_bit23_precision32_DW01_add_11'
  Mapping 'skip_and_alpha_BLOCK_SIZE16_exponent_bit8_mantissa_bit23_precision32_DW01_add_12'
  Mapping 'skip_and_alpha_BLOCK_SIZE16_exponent_bit8_mantissa_bit23_precision32_DW01_add_13'
  Mapping 'DW_cmp'
  Mapping 'skip_and_alpha_BLOCK_SIZE16_exponent_bit8_mantissa_bit23_precision32_DW_cmp_19'
  Mapping 'skip_and_alpha_BLOCK_SIZE16_exponent_bit8_mantissa_bit23_precision32_DW_cmp_20'
  Mapping 'DW01_add'
  Mapping 'DW01_add'
  Structuring 'skip_and_alpha_BLOCK_SIZE16_exponent_bit8_mantissa_bit23_precision32_DW_lzd_16'
  Mapping 'skip_and_alpha_BLOCK_SIZE16_exponent_bit8_mantissa_bit23_precision32_DW_lzd_16'
  Structuring 'skip_and_alpha_BLOCK_SIZE16_exponent_bit8_mantissa_bit23_precision32_DW_lzd_17'
  Mapping 'skip_and_alpha_BLOCK_SIZE16_exponent_bit8_mantissa_bit23_precision32_DW_lzd_17'
  Mapping 'skip_and_alpha_BLOCK_SIZE16_exponent_bit8_mantissa_bit23_precision32_DW02_multp_3'
  Mapping 'skip_and_alpha_BLOCK_SIZE16_exponent_bit8_mantissa_bit23_precision32_DP_OP_108_219_7736_0'
  Mapping 'skip_and_alpha_BLOCK_SIZE16_exponent_bit8_mantissa_bit23_precision32_DP_OP_109_220_8092_0'
  Mapping 'skip_and_alpha_BLOCK_SIZE16_exponent_bit8_mantissa_bit23_precision32_DW_fp_mult_11'
  Structuring 'skip_and_alpha_BLOCK_SIZE16_exponent_bit8_mantissa_bit23_precision32_DW_fp_mult_12'
  Mapping 'skip_and_alpha_BLOCK_SIZE16_exponent_bit8_mantissa_bit23_precision32_DW_fp_mult_12'
  Structuring 'skip_and_alpha_BLOCK_SIZE16_exponent_bit8_mantissa_bit23_precision32_DW_fp_mult_13'
  Mapping 'skip_and_alpha_BLOCK_SIZE16_exponent_bit8_mantissa_bit23_precision32_DW_fp_mult_13'
  Structuring 'skip_and_alpha_BLOCK_SIZE16_exponent_bit8_mantissa_bit23_precision32_DW_fp_mult_14'
  Mapping 'skip_and_alpha_BLOCK_SIZE16_exponent_bit8_mantissa_bit23_precision32_DW_fp_mult_14'
  Mapping 'skip_and_alpha_BLOCK_SIZE16_exponent_bit8_mantissa_bit23_precision32_DW_cmp_21'
  Mapping 'skip_and_alpha_BLOCK_SIZE16_exponent_bit8_mantissa_bit23_precision32_DW_cmp_23'
  Mapping 'skip_and_alpha_BLOCK_SIZE16_exponent_bit8_mantissa_bit23_precision32_DW01_add_14'
  Mapping 'skip_and_alpha_BLOCK_SIZE16_exponent_bit8_mantissa_bit23_precision32_DW01_add_15'
  Mapping 'skip_and_alpha_BLOCK_SIZE16_exponent_bit8_mantissa_bit23_precision32_DW01_add_16'
  Mapping 'DW_cmp'
  Mapping 'skip_and_alpha_BLOCK_SIZE16_exponent_bit8_mantissa_bit23_precision32_DW_cmp_24'
  Mapping 'skip_and_alpha_BLOCK_SIZE16_exponent_bit8_mantissa_bit23_precision32_DW_cmp_25'
  Mapping 'DW01_add'
  Mapping 'DW01_add'
  Structuring 'skip_and_alpha_BLOCK_SIZE16_exponent_bit8_mantissa_bit23_precision32_DW_lzd_20'
  Mapping 'skip_and_alpha_BLOCK_SIZE16_exponent_bit8_mantissa_bit23_precision32_DW_lzd_20'
  Structuring 'skip_and_alpha_BLOCK_SIZE16_exponent_bit8_mantissa_bit23_precision32_DW_lzd_21'
  Mapping 'skip_and_alpha_BLOCK_SIZE16_exponent_bit8_mantissa_bit23_precision32_DW_lzd_21'
  Mapping 'skip_and_alpha_BLOCK_SIZE16_exponent_bit8_mantissa_bit23_precision32_DW02_multp_4'
  Mapping 'skip_and_alpha_BLOCK_SIZE16_exponent_bit8_mantissa_bit23_precision32_DP_OP_108_223_7736_0'
  Mapping 'skip_and_alpha_BLOCK_SIZE16_exponent_bit8_mantissa_bit23_precision32_DP_OP_109_224_8092_0'
  Mapping 'skip_and_alpha_BLOCK_SIZE16_exponent_bit8_mantissa_bit23_precision32_DW_fp_mult_14'
  Structuring 'skip_and_alpha_BLOCK_SIZE16_exponent_bit8_mantissa_bit23_precision32_DW_fp_mult_15'
  Mapping 'skip_and_alpha_BLOCK_SIZE16_exponent_bit8_mantissa_bit23_precision32_DW_fp_mult_15'
  Structuring 'skip_and_alpha_BLOCK_SIZE16_exponent_bit8_mantissa_bit23_precision32_DW_fp_mult_16'
  Mapping 'skip_and_alpha_BLOCK_SIZE16_exponent_bit8_mantissa_bit23_precision32_DW_fp_mult_16'
  Structuring 'skip_and_alpha_BLOCK_SIZE16_exponent_bit8_mantissa_bit23_precision32_DW_fp_mult_17'
  Mapping 'skip_and_alpha_BLOCK_SIZE16_exponent_bit8_mantissa_bit23_precision32_DW_fp_mult_17'
  Mapping 'skip_and_alpha_BLOCK_SIZE16_exponent_bit8_mantissa_bit23_precision32_DW_cmp_26'
  Mapping 'skip_and_alpha_BLOCK_SIZE16_exponent_bit8_mantissa_bit23_precision32_DW_cmp_28'
  Mapping 'skip_and_alpha_BLOCK_SIZE16_exponent_bit8_mantissa_bit23_precision32_DW01_add_17'
  Mapping 'skip_and_alpha_BLOCK_SIZE16_exponent_bit8_mantissa_bit23_precision32_DW01_add_18'
  Mapping 'skip_and_alpha_BLOCK_SIZE16_exponent_bit8_mantissa_bit23_precision32_DW01_add_19'
  Mapping 'DW_cmp'
  Mapping 'skip_and_alpha_BLOCK_SIZE16_exponent_bit8_mantissa_bit23_precision32_DW_cmp_29'
  Mapping 'skip_and_alpha_BLOCK_SIZE16_exponent_bit8_mantissa_bit23_precision32_DW_cmp_30'
  Mapping 'DW01_add'
  Mapping 'DW01_add'
  Structuring 'skip_and_alpha_BLOCK_SIZE16_exponent_bit8_mantissa_bit23_precision32_DW_lzd_24'
  Mapping 'skip_and_alpha_BLOCK_SIZE16_exponent_bit8_mantissa_bit23_precision32_DW_lzd_24'
  Structuring 'skip_and_alpha_BLOCK_SIZE16_exponent_bit8_mantissa_bit23_precision32_DW_lzd_25'
  Mapping 'skip_and_alpha_BLOCK_SIZE16_exponent_bit8_mantissa_bit23_precision32_DW_lzd_25'
  Mapping 'skip_and_alpha_BLOCK_SIZE16_exponent_bit8_mantissa_bit23_precision32_DW02_multp_5'
  Mapping 'skip_and_alpha_BLOCK_SIZE16_exponent_bit8_mantissa_bit23_precision32_DP_OP_108_227_7736_0'
  Mapping 'skip_and_alpha_BLOCK_SIZE16_exponent_bit8_mantissa_bit23_precision32_DP_OP_109_228_8092_0'
  Mapping 'skip_and_alpha_BLOCK_SIZE16_exponent_bit8_mantissa_bit23_precision32_DW_fp_mult_17'
  Structuring 'skip_and_alpha_BLOCK_SIZE16_exponent_bit8_mantissa_bit23_precision32_DW_fp_mult_18'
  Mapping 'skip_and_alpha_BLOCK_SIZE16_exponent_bit8_mantissa_bit23_precision32_DW_fp_mult_18'
  Structuring 'skip_and_alpha_BLOCK_SIZE16_exponent_bit8_mantissa_bit23_precision32_DW_fp_mult_19'
  Mapping 'skip_and_alpha_BLOCK_SIZE16_exponent_bit8_mantissa_bit23_precision32_DW_fp_mult_19'
  Structuring 'skip_and_alpha_BLOCK_SIZE16_exponent_bit8_mantissa_bit23_precision32_DW_fp_mult_20'
  Mapping 'skip_and_alpha_BLOCK_SIZE16_exponent_bit8_mantissa_bit23_precision32_DW_fp_mult_20'
  Mapping 'skip_and_alpha_BLOCK_SIZE16_exponent_bit8_mantissa_bit23_precision32_DW_cmp_31'
  Mapping 'skip_and_alpha_BLOCK_SIZE16_exponent_bit8_mantissa_bit23_precision32_DW_cmp_33'
  Mapping 'skip_and_alpha_BLOCK_SIZE16_exponent_bit8_mantissa_bit23_precision32_DW01_add_20'
  Mapping 'skip_and_alpha_BLOCK_SIZE16_exponent_bit8_mantissa_bit23_precision32_DW01_add_21'
  Mapping 'skip_and_alpha_BLOCK_SIZE16_exponent_bit8_mantissa_bit23_precision32_DW01_add_22'
  Mapping 'DW_cmp'
  Mapping 'skip_and_alpha_BLOCK_SIZE16_exponent_bit8_mantissa_bit23_precision32_DW_cmp_34'
  Mapping 'skip_and_alpha_BLOCK_SIZE16_exponent_bit8_mantissa_bit23_precision32_DW_cmp_35'
  Mapping 'DW01_add'
  Mapping 'DW01_add'
  Structuring 'skip_and_alpha_BLOCK_SIZE16_exponent_bit8_mantissa_bit23_precision32_DW_lzd_28'
  Mapping 'skip_and_alpha_BLOCK_SIZE16_exponent_bit8_mantissa_bit23_precision32_DW_lzd_28'
  Structuring 'skip_and_alpha_BLOCK_SIZE16_exponent_bit8_mantissa_bit23_precision32_DW_lzd_29'
  Mapping 'skip_and_alpha_BLOCK_SIZE16_exponent_bit8_mantissa_bit23_precision32_DW_lzd_29'
  Mapping 'skip_and_alpha_BLOCK_SIZE16_exponent_bit8_mantissa_bit23_precision32_DW02_multp_6'
  Mapping 'skip_and_alpha_BLOCK_SIZE16_exponent_bit8_mantissa_bit23_precision32_DP_OP_108_231_7736_0'
  Mapping 'skip_and_alpha_BLOCK_SIZE16_exponent_bit8_mantissa_bit23_precision32_DP_OP_109_232_8092_0'
  Mapping 'skip_and_alpha_BLOCK_SIZE16_exponent_bit8_mantissa_bit23_precision32_DW_fp_mult_20'
  Structuring 'skip_and_alpha_BLOCK_SIZE16_exponent_bit8_mantissa_bit23_precision32_DW_fp_i2flt_0'
  Mapping 'skip_and_alpha_BLOCK_SIZE16_exponent_bit8_mantissa_bit23_precision32_DW_fp_i2flt_0'
  Structuring 'skip_and_alpha_BLOCK_SIZE16_exponent_bit8_mantissa_bit23_precision32_DW_fp_i2flt_1'
  Mapping 'skip_and_alpha_BLOCK_SIZE16_exponent_bit8_mantissa_bit23_precision32_DW_fp_i2flt_1'
  Structuring 'skip_and_alpha_BLOCK_SIZE16_exponent_bit8_mantissa_bit23_precision32_DW_fp_i2flt_2'
  Mapping 'skip_and_alpha_BLOCK_SIZE16_exponent_bit8_mantissa_bit23_precision32_DW_fp_i2flt_2'
  Mapping 'skip_and_alpha_BLOCK_SIZE16_exponent_bit8_mantissa_bit23_precision32_DW01_add_23'
  Mapping 'skip_and_alpha_BLOCK_SIZE16_exponent_bit8_mantissa_bit23_precision32_DW01_inc_1'
  Mapping 'skip_and_alpha_BLOCK_SIZE16_exponent_bit8_mantissa_bit23_precision32_DW01_add_24'
  Structuring 'skip_and_alpha_BLOCK_SIZE16_exponent_bit8_mantissa_bit23_precision32_DW_lzd_30'
  Mapping 'skip_and_alpha_BLOCK_SIZE16_exponent_bit8_mantissa_bit23_precision32_DW_lzd_30'
  Mapping 'skip_and_alpha_BLOCK_SIZE16_exponent_bit8_mantissa_bit23_precision32_DP_OP_24_235_3896_0'
  Structuring 'skip_and_alpha_BLOCK_SIZE16_exponent_bit8_mantissa_bit23_precision32_DW_fp_i2flt_3'
  Mapping 'skip_and_alpha_BLOCK_SIZE16_exponent_bit8_mantissa_bit23_precision32_DW_fp_i2flt_3'
  Structuring 'skip_and_alpha_BLOCK_SIZE16_exponent_bit8_mantissa_bit23_precision32_DW_fp_i2flt_4'
  Mapping 'skip_and_alpha_BLOCK_SIZE16_exponent_bit8_mantissa_bit23_precision32_DW_fp_i2flt_4'
  Structuring 'skip_and_alpha_BLOCK_SIZE16_exponent_bit8_mantissa_bit23_precision32_DW_fp_i2flt_5'
  Mapping 'skip_and_alpha_BLOCK_SIZE16_exponent_bit8_mantissa_bit23_precision32_DW_fp_i2flt_5'
  Mapping 'skip_and_alpha_BLOCK_SIZE16_exponent_bit8_mantissa_bit23_precision32_DW01_add_25'
  Mapping 'skip_and_alpha_BLOCK_SIZE16_exponent_bit8_mantissa_bit23_precision32_DW01_inc_2'
  Mapping 'skip_and_alpha_BLOCK_SIZE16_exponent_bit8_mantissa_bit23_precision32_DW01_add_26'
  Structuring 'skip_and_alpha_BLOCK_SIZE16_exponent_bit8_mantissa_bit23_precision32_DW_lzd_31'
  Mapping 'skip_and_alpha_BLOCK_SIZE16_exponent_bit8_mantissa_bit23_precision32_DW_lzd_31'
  Mapping 'skip_and_alpha_BLOCK_SIZE16_exponent_bit8_mantissa_bit23_precision32_DP_OP_24_238_3896_0'
  Structuring 'gradient_depth_color_BLOCK_SIZE16_exponent_bit8_mantissa_bit23_precision32_DW_fp_mult_0'
  Mapping 'gradient_depth_color_BLOCK_SIZE16_exponent_bit8_mantissa_bit23_precision32_DW_fp_mult_0'
  Structuring 'gradient_depth_color_BLOCK_SIZE16_exponent_bit8_mantissa_bit23_precision32_DW_fp_mult_1'
  Mapping 'gradient_depth_color_BLOCK_SIZE16_exponent_bit8_mantissa_bit23_precision32_DW_fp_mult_1'
  Structuring 'gradient_depth_color_BLOCK_SIZE16_exponent_bit8_mantissa_bit23_precision32_DW_fp_mult_2'
  Mapping 'gradient_depth_color_BLOCK_SIZE16_exponent_bit8_mantissa_bit23_precision32_DW_fp_mult_2'
  Mapping 'gradient_depth_color_BLOCK_SIZE16_exponent_bit8_mantissa_bit23_precision32_DW_cmp_0'
  Mapping 'gradient_depth_color_BLOCK_SIZE16_exponent_bit8_mantissa_bit23_precision32_DW_cmp_2'
  Mapping 'gradient_depth_color_BLOCK_SIZE16_exponent_bit8_mantissa_bit23_precision32_DW01_add_0'
  Mapping 'gradient_depth_color_BLOCK_SIZE16_exponent_bit8_mantissa_bit23_precision32_DW01_add_1'
  Mapping 'gradient_depth_color_BLOCK_SIZE16_exponent_bit8_mantissa_bit23_precision32_DW01_add_2'
  Mapping 'DW_cmp'
  Mapping 'gradient_depth_color_BLOCK_SIZE16_exponent_bit8_mantissa_bit23_precision32_DW_cmp_3'
  Mapping 'gradient_depth_color_BLOCK_SIZE16_exponent_bit8_mantissa_bit23_precision32_DW_cmp_4'
  Mapping 'DW01_add'
  Mapping 'DW01_add'
  Structuring 'gradient_depth_color_BLOCK_SIZE16_exponent_bit8_mantissa_bit23_precision32_DW_lzd_2'
  Mapping 'gradient_depth_color_BLOCK_SIZE16_exponent_bit8_mantissa_bit23_precision32_DW_lzd_2'
  Structuring 'gradient_depth_color_BLOCK_SIZE16_exponent_bit8_mantissa_bit23_precision32_DW_lzd_3'
  Mapping 'gradient_depth_color_BLOCK_SIZE16_exponent_bit8_mantissa_bit23_precision32_DW_lzd_3'
  Mapping 'gradient_depth_color_BLOCK_SIZE16_exponent_bit8_mantissa_bit23_precision32_DW02_multp_0'
  Mapping 'gradient_depth_color_BLOCK_SIZE16_exponent_bit8_mantissa_bit23_precision32_DP_OP_108_241_7736_0'
  Mapping 'gradient_depth_color_BLOCK_SIZE16_exponent_bit8_mantissa_bit23_precision32_DP_OP_109_242_8092_0'
  Mapping 'gradient_depth_color_BLOCK_SIZE16_exponent_bit8_mantissa_bit23_precision32_DW_fp_mult_2'
  Structuring 'gradient_depth_color_BLOCK_SIZE16_exponent_bit8_mantissa_bit23_precision32_DW_fp_mult_3'
  Mapping 'gradient_depth_color_BLOCK_SIZE16_exponent_bit8_mantissa_bit23_precision32_DW_fp_mult_3'
  Structuring 'gradient_depth_color_BLOCK_SIZE16_exponent_bit8_mantissa_bit23_precision32_DW_fp_mult_4'
  Mapping 'gradient_depth_color_BLOCK_SIZE16_exponent_bit8_mantissa_bit23_precision32_DW_fp_mult_4'
  Structuring 'gradient_depth_color_BLOCK_SIZE16_exponent_bit8_mantissa_bit23_precision32_DW_fp_mult_5'
  Mapping 'gradient_depth_color_BLOCK_SIZE16_exponent_bit8_mantissa_bit23_precision32_DW_fp_mult_5'
  Mapping 'gradient_depth_color_BLOCK_SIZE16_exponent_bit8_mantissa_bit23_precision32_DW_cmp_5'
  Mapping 'gradient_depth_color_BLOCK_SIZE16_exponent_bit8_mantissa_bit23_precision32_DW_cmp_7'
  Mapping 'gradient_depth_color_BLOCK_SIZE16_exponent_bit8_mantissa_bit23_precision32_DW01_add_3'
  Mapping 'gradient_depth_color_BLOCK_SIZE16_exponent_bit8_mantissa_bit23_precision32_DW01_add_4'
  Mapping 'gradient_depth_color_BLOCK_SIZE16_exponent_bit8_mantissa_bit23_precision32_DW01_add_5'
  Mapping 'DW_cmp'
  Mapping 'gradient_depth_color_BLOCK_SIZE16_exponent_bit8_mantissa_bit23_precision32_DW_cmp_8'
  Mapping 'gradient_depth_color_BLOCK_SIZE16_exponent_bit8_mantissa_bit23_precision32_DW_cmp_9'
  Mapping 'DW01_add'
  Mapping 'DW01_add'
  Structuring 'gradient_depth_color_BLOCK_SIZE16_exponent_bit8_mantissa_bit23_precision32_DW_lzd_6'
  Mapping 'gradient_depth_color_BLOCK_SIZE16_exponent_bit8_mantissa_bit23_precision32_DW_lzd_6'
  Structuring 'gradient_depth_color_BLOCK_SIZE16_exponent_bit8_mantissa_bit23_precision32_DW_lzd_7'
  Mapping 'gradient_depth_color_BLOCK_SIZE16_exponent_bit8_mantissa_bit23_precision32_DW_lzd_7'
  Mapping 'gradient_depth_color_BLOCK_SIZE16_exponent_bit8_mantissa_bit23_precision32_DW02_multp_1'
  Mapping 'gradient_depth_color_BLOCK_SIZE16_exponent_bit8_mantissa_bit23_precision32_DP_OP_108_245_7736_0'
  Mapping 'gradient_depth_color_BLOCK_SIZE16_exponent_bit8_mantissa_bit23_precision32_DP_OP_109_246_8092_0'
  Mapping 'gradient_depth_color_BLOCK_SIZE16_exponent_bit8_mantissa_bit23_precision32_DW_fp_mult_5'
  Structuring 'gradient_gaussians_BLOCK_SIZE16_exponent_bit8_mantissa_bit23_precision32_DW_fp_mult_0'
  Mapping 'gradient_gaussians_BLOCK_SIZE16_exponent_bit8_mantissa_bit23_precision32_DW_fp_mult_0'
  Structuring 'gradient_gaussians_BLOCK_SIZE16_exponent_bit8_mantissa_bit23_precision32_DW_fp_mult_1'
  Mapping 'gradient_gaussians_BLOCK_SIZE16_exponent_bit8_mantissa_bit23_precision32_DW_fp_mult_1'
  Structuring 'gradient_gaussians_BLOCK_SIZE16_exponent_bit8_mantissa_bit23_precision32_DW_fp_mult_2'
  Mapping 'gradient_gaussians_BLOCK_SIZE16_exponent_bit8_mantissa_bit23_precision32_DW_fp_mult_2'
  Mapping 'gradient_gaussians_BLOCK_SIZE16_exponent_bit8_mantissa_bit23_precision32_DW_cmp_0'
  Mapping 'gradient_gaussians_BLOCK_SIZE16_exponent_bit8_mantissa_bit23_precision32_DW_cmp_2'
  Mapping 'gradient_gaussians_BLOCK_SIZE16_exponent_bit8_mantissa_bit23_precision32_DW01_add_0'
  Mapping 'gradient_gaussians_BLOCK_SIZE16_exponent_bit8_mantissa_bit23_precision32_DW01_add_1'
  Mapping 'gradient_gaussians_BLOCK_SIZE16_exponent_bit8_mantissa_bit23_precision32_DW01_add_2'
  Mapping 'DW_cmp'
  Mapping 'gradient_gaussians_BLOCK_SIZE16_exponent_bit8_mantissa_bit23_precision32_DW_cmp_3'
  Mapping 'gradient_gaussians_BLOCK_SIZE16_exponent_bit8_mantissa_bit23_precision32_DW_cmp_4'
  Mapping 'DW01_add'
  Mapping 'DW01_add'
  Structuring 'gradient_gaussians_BLOCK_SIZE16_exponent_bit8_mantissa_bit23_precision32_DW_lzd_2'
  Mapping 'gradient_gaussians_BLOCK_SIZE16_exponent_bit8_mantissa_bit23_precision32_DW_lzd_2'
  Structuring 'gradient_gaussians_BLOCK_SIZE16_exponent_bit8_mantissa_bit23_precision32_DW_lzd_3'
  Mapping 'gradient_gaussians_BLOCK_SIZE16_exponent_bit8_mantissa_bit23_precision32_DW_lzd_3'
  Mapping 'gradient_gaussians_BLOCK_SIZE16_exponent_bit8_mantissa_bit23_precision32_DW02_multp_0'
  Mapping 'gradient_gaussians_BLOCK_SIZE16_exponent_bit8_mantissa_bit23_precision32_DP_OP_108_249_7736_0'
  Mapping 'gradient_gaussians_BLOCK_SIZE16_exponent_bit8_mantissa_bit23_precision32_DP_OP_109_250_8092_0'
  Mapping 'gradient_gaussians_BLOCK_SIZE16_exponent_bit8_mantissa_bit23_precision32_DW_fp_mult_2'
  Structuring 'gradient_gaussians_BLOCK_SIZE16_exponent_bit8_mantissa_bit23_precision32_DW_fp_mult_3'
  Mapping 'gradient_gaussians_BLOCK_SIZE16_exponent_bit8_mantissa_bit23_precision32_DW_fp_mult_3'
  Structuring 'gradient_gaussians_BLOCK_SIZE16_exponent_bit8_mantissa_bit23_precision32_DW_fp_mult_4'
  Mapping 'gradient_gaussians_BLOCK_SIZE16_exponent_bit8_mantissa_bit23_precision32_DW_fp_mult_4'
  Structuring 'gradient_gaussians_BLOCK_SIZE16_exponent_bit8_mantissa_bit23_precision32_DW_fp_mult_5'
  Mapping 'gradient_gaussians_BLOCK_SIZE16_exponent_bit8_mantissa_bit23_precision32_DW_fp_mult_5'
  Mapping 'gradient_gaussians_BLOCK_SIZE16_exponent_bit8_mantissa_bit23_precision32_DW_cmp_5'
  Mapping 'gradient_gaussians_BLOCK_SIZE16_exponent_bit8_mantissa_bit23_precision32_DW_cmp_7'
  Mapping 'gradient_gaussians_BLOCK_SIZE16_exponent_bit8_mantissa_bit23_precision32_DW01_add_3'
  Mapping 'gradient_gaussians_BLOCK_SIZE16_exponent_bit8_mantissa_bit23_precision32_DW01_add_4'
  Mapping 'gradient_gaussians_BLOCK_SIZE16_exponent_bit8_mantissa_bit23_precision32_DW01_add_5'
  Mapping 'DW_cmp'
  Mapping 'gradient_gaussians_BLOCK_SIZE16_exponent_bit8_mantissa_bit23_precision32_DW_cmp_8'
  Mapping 'gradient_gaussians_BLOCK_SIZE16_exponent_bit8_mantissa_bit23_precision32_DW_cmp_9'
  Mapping 'DW01_add'
  Mapping 'DW01_add'
  Structuring 'gradient_gaussians_BLOCK_SIZE16_exponent_bit8_mantissa_bit23_precision32_DW_lzd_6'
  Mapping 'gradient_gaussians_BLOCK_SIZE16_exponent_bit8_mantissa_bit23_precision32_DW_lzd_6'
  Structuring 'gradient_gaussians_BLOCK_SIZE16_exponent_bit8_mantissa_bit23_precision32_DW_lzd_7'
  Mapping 'gradient_gaussians_BLOCK_SIZE16_exponent_bit8_mantissa_bit23_precision32_DW_lzd_7'
  Mapping 'gradient_gaussians_BLOCK_SIZE16_exponent_bit8_mantissa_bit23_precision32_DW02_multp_1'
  Mapping 'gradient_gaussians_BLOCK_SIZE16_exponent_bit8_mantissa_bit23_precision32_DP_OP_108_253_7736_0'
  Mapping 'gradient_gaussians_BLOCK_SIZE16_exponent_bit8_mantissa_bit23_precision32_DP_OP_109_254_8092_0'
  Mapping 'gradient_gaussians_BLOCK_SIZE16_exponent_bit8_mantissa_bit23_precision32_DW_fp_mult_5'
  Structuring 'gradient_gaussians_BLOCK_SIZE16_exponent_bit8_mantissa_bit23_precision32_DW_fp_mult_6'
  Mapping 'gradient_gaussians_BLOCK_SIZE16_exponent_bit8_mantissa_bit23_precision32_DW_fp_mult_6'
  Structuring 'gradient_gaussians_BLOCK_SIZE16_exponent_bit8_mantissa_bit23_precision32_DW_fp_mult_7'
  Mapping 'gradient_gaussians_BLOCK_SIZE16_exponent_bit8_mantissa_bit23_precision32_DW_fp_mult_7'
  Structuring 'gradient_gaussians_BLOCK_SIZE16_exponent_bit8_mantissa_bit23_precision32_DW_fp_mult_8'
  Mapping 'gradient_gaussians_BLOCK_SIZE16_exponent_bit8_mantissa_bit23_precision32_DW_fp_mult_8'
  Mapping 'gradient_gaussians_BLOCK_SIZE16_exponent_bit8_mantissa_bit23_precision32_DW_cmp_10'
  Mapping 'gradient_gaussians_BLOCK_SIZE16_exponent_bit8_mantissa_bit23_precision32_DW_cmp_12'
  Mapping 'gradient_gaussians_BLOCK_SIZE16_exponent_bit8_mantissa_bit23_precision32_DW01_add_6'
  Mapping 'gradient_gaussians_BLOCK_SIZE16_exponent_bit8_mantissa_bit23_precision32_DW01_add_7'
  Mapping 'gradient_gaussians_BLOCK_SIZE16_exponent_bit8_mantissa_bit23_precision32_DW01_add_8'
  Mapping 'DW_cmp'
  Mapping 'gradient_gaussians_BLOCK_SIZE16_exponent_bit8_mantissa_bit23_precision32_DW_cmp_13'
  Mapping 'gradient_gaussians_BLOCK_SIZE16_exponent_bit8_mantissa_bit23_precision32_DW_cmp_14'
  Mapping 'DW01_add'
  Mapping 'DW01_add'
  Structuring 'gradient_gaussians_BLOCK_SIZE16_exponent_bit8_mantissa_bit23_precision32_DW_lzd_10'
  Mapping 'gradient_gaussians_BLOCK_SIZE16_exponent_bit8_mantissa_bit23_precision32_DW_lzd_10'
  Structuring 'gradient_gaussians_BLOCK_SIZE16_exponent_bit8_mantissa_bit23_precision32_DW_lzd_11'
  Mapping 'gradient_gaussians_BLOCK_SIZE16_exponent_bit8_mantissa_bit23_precision32_DW_lzd_11'
  Mapping 'gradient_gaussians_BLOCK_SIZE16_exponent_bit8_mantissa_bit23_precision32_DW02_multp_2'
  Mapping 'gradient_gaussians_BLOCK_SIZE16_exponent_bit8_mantissa_bit23_precision32_DP_OP_108_257_7736_0'
  Mapping 'gradient_gaussians_BLOCK_SIZE16_exponent_bit8_mantissa_bit23_precision32_DP_OP_109_258_8092_0'
  Mapping 'gradient_gaussians_BLOCK_SIZE16_exponent_bit8_mantissa_bit23_precision32_DW_fp_mult_8'
  Structuring 'gradient_gaussians_BLOCK_SIZE16_exponent_bit8_mantissa_bit23_precision32_DW_fp_mult_9'
  Mapping 'gradient_gaussians_BLOCK_SIZE16_exponent_bit8_mantissa_bit23_precision32_DW_fp_mult_9'
  Structuring 'gradient_gaussians_BLOCK_SIZE16_exponent_bit8_mantissa_bit23_precision32_DW_fp_mult_10'
  Mapping 'gradient_gaussians_BLOCK_SIZE16_exponent_bit8_mantissa_bit23_precision32_DW_fp_mult_10'
  Structuring 'gradient_gaussians_BLOCK_SIZE16_exponent_bit8_mantissa_bit23_precision32_DW_fp_mult_11'
  Mapping 'gradient_gaussians_BLOCK_SIZE16_exponent_bit8_mantissa_bit23_precision32_DW_fp_mult_11'
  Mapping 'gradient_gaussians_BLOCK_SIZE16_exponent_bit8_mantissa_bit23_precision32_DW_cmp_15'
  Mapping 'gradient_gaussians_BLOCK_SIZE16_exponent_bit8_mantissa_bit23_precision32_DW_cmp_17'
  Mapping 'gradient_gaussians_BLOCK_SIZE16_exponent_bit8_mantissa_bit23_precision32_DW01_add_9'
  Mapping 'gradient_gaussians_BLOCK_SIZE16_exponent_bit8_mantissa_bit23_precision32_DW01_add_10'
  Mapping 'gradient_gaussians_BLOCK_SIZE16_exponent_bit8_mantissa_bit23_precision32_DW01_add_11'
  Mapping 'DW_cmp'
  Mapping 'gradient_gaussians_BLOCK_SIZE16_exponent_bit8_mantissa_bit23_precision32_DW_cmp_18'
  Mapping 'gradient_gaussians_BLOCK_SIZE16_exponent_bit8_mantissa_bit23_precision32_DW_cmp_19'
  Mapping 'DW01_add'
  Mapping 'DW01_add'
  Structuring 'gradient_gaussians_BLOCK_SIZE16_exponent_bit8_mantissa_bit23_precision32_DW_lzd_14'
  Mapping 'gradient_gaussians_BLOCK_SIZE16_exponent_bit8_mantissa_bit23_precision32_DW_lzd_14'
  Structuring 'gradient_gaussians_BLOCK_SIZE16_exponent_bit8_mantissa_bit23_precision32_DW_lzd_15'
  Mapping 'gradient_gaussians_BLOCK_SIZE16_exponent_bit8_mantissa_bit23_precision32_DW_lzd_15'
  Mapping 'gradient_gaussians_BLOCK_SIZE16_exponent_bit8_mantissa_bit23_precision32_DW02_multp_3'
  Mapping 'gradient_gaussians_BLOCK_SIZE16_exponent_bit8_mantissa_bit23_precision32_DP_OP_108_261_7736_0'
  Mapping 'gradient_gaussians_BLOCK_SIZE16_exponent_bit8_mantissa_bit23_precision32_DP_OP_109_262_8092_0'
  Mapping 'gradient_gaussians_BLOCK_SIZE16_exponent_bit8_mantissa_bit23_precision32_DW_fp_mult_11'
  Structuring 'gradient_gaussians_BLOCK_SIZE16_exponent_bit8_mantissa_bit23_precision32_DW_fp_mult_12'
  Mapping 'gradient_gaussians_BLOCK_SIZE16_exponent_bit8_mantissa_bit23_precision32_DW_fp_mult_12'
  Structuring 'gradient_gaussians_BLOCK_SIZE16_exponent_bit8_mantissa_bit23_precision32_DW_fp_mult_13'
  Mapping 'gradient_gaussians_BLOCK_SIZE16_exponent_bit8_mantissa_bit23_precision32_DW_fp_mult_13'
  Structuring 'gradient_gaussians_BLOCK_SIZE16_exponent_bit8_mantissa_bit23_precision32_DW_fp_mult_14'
  Mapping 'gradient_gaussians_BLOCK_SIZE16_exponent_bit8_mantissa_bit23_precision32_DW_fp_mult_14'
  Mapping 'gradient_gaussians_BLOCK_SIZE16_exponent_bit8_mantissa_bit23_precision32_DW_cmp_20'
  Mapping 'gradient_gaussians_BLOCK_SIZE16_exponent_bit8_mantissa_bit23_precision32_DW_cmp_22'
  Mapping 'gradient_gaussians_BLOCK_SIZE16_exponent_bit8_mantissa_bit23_precision32_DW01_add_12'
  Mapping 'gradient_gaussians_BLOCK_SIZE16_exponent_bit8_mantissa_bit23_precision32_DW01_add_13'
  Mapping 'gradient_gaussians_BLOCK_SIZE16_exponent_bit8_mantissa_bit23_precision32_DW01_add_14'
  Mapping 'DW_cmp'
  Mapping 'gradient_gaussians_BLOCK_SIZE16_exponent_bit8_mantissa_bit23_precision32_DW_cmp_23'
  Mapping 'gradient_gaussians_BLOCK_SIZE16_exponent_bit8_mantissa_bit23_precision32_DW_cmp_24'
  Mapping 'DW01_add'
  Mapping 'DW01_add'
  Structuring 'gradient_gaussians_BLOCK_SIZE16_exponent_bit8_mantissa_bit23_precision32_DW_lzd_18'
  Mapping 'gradient_gaussians_BLOCK_SIZE16_exponent_bit8_mantissa_bit23_precision32_DW_lzd_18'
  Structuring 'gradient_gaussians_BLOCK_SIZE16_exponent_bit8_mantissa_bit23_precision32_DW_lzd_19'
  Mapping 'gradient_gaussians_BLOCK_SIZE16_exponent_bit8_mantissa_bit23_precision32_DW_lzd_19'
  Mapping 'gradient_gaussians_BLOCK_SIZE16_exponent_bit8_mantissa_bit23_precision32_DW02_multp_4'
  Mapping 'gradient_gaussians_BLOCK_SIZE16_exponent_bit8_mantissa_bit23_precision32_DP_OP_108_265_7736_0'
  Mapping 'gradient_gaussians_BLOCK_SIZE16_exponent_bit8_mantissa_bit23_precision32_DP_OP_109_266_8092_0'
  Mapping 'gradient_gaussians_BLOCK_SIZE16_exponent_bit8_mantissa_bit23_precision32_DW_fp_mult_14'
  Structuring 'gradient_gaussians_BLOCK_SIZE16_exponent_bit8_mantissa_bit23_precision32_DW_fp_mult_15'
  Mapping 'gradient_gaussians_BLOCK_SIZE16_exponent_bit8_mantissa_bit23_precision32_DW_fp_mult_15'
  Structuring 'gradient_gaussians_BLOCK_SIZE16_exponent_bit8_mantissa_bit23_precision32_DW_fp_mult_16'
  Mapping 'gradient_gaussians_BLOCK_SIZE16_exponent_bit8_mantissa_bit23_precision32_DW_fp_mult_16'
  Structuring 'gradient_gaussians_BLOCK_SIZE16_exponent_bit8_mantissa_bit23_precision32_DW_fp_mult_17'
  Mapping 'gradient_gaussians_BLOCK_SIZE16_exponent_bit8_mantissa_bit23_precision32_DW_fp_mult_17'
  Mapping 'gradient_gaussians_BLOCK_SIZE16_exponent_bit8_mantissa_bit23_precision32_DW_cmp_25'
  Mapping 'gradient_gaussians_BLOCK_SIZE16_exponent_bit8_mantissa_bit23_precision32_DW_cmp_27'
  Mapping 'gradient_gaussians_BLOCK_SIZE16_exponent_bit8_mantissa_bit23_precision32_DW01_add_15'
  Mapping 'gradient_gaussians_BLOCK_SIZE16_exponent_bit8_mantissa_bit23_precision32_DW01_add_16'
  Mapping 'gradient_gaussians_BLOCK_SIZE16_exponent_bit8_mantissa_bit23_precision32_DW01_add_17'
  Mapping 'DW_cmp'
  Mapping 'gradient_gaussians_BLOCK_SIZE16_exponent_bit8_mantissa_bit23_precision32_DW_cmp_28'
  Mapping 'gradient_gaussians_BLOCK_SIZE16_exponent_bit8_mantissa_bit23_precision32_DW_cmp_29'
  Mapping 'DW01_add'
  Mapping 'DW01_add'
  Structuring 'gradient_gaussians_BLOCK_SIZE16_exponent_bit8_mantissa_bit23_precision32_DW_lzd_22'
  Mapping 'gradient_gaussians_BLOCK_SIZE16_exponent_bit8_mantissa_bit23_precision32_DW_lzd_22'
  Structuring 'gradient_gaussians_BLOCK_SIZE16_exponent_bit8_mantissa_bit23_precision32_DW_lzd_23'
  Mapping 'gradient_gaussians_BLOCK_SIZE16_exponent_bit8_mantissa_bit23_precision32_DW_lzd_23'
  Mapping 'gradient_gaussians_BLOCK_SIZE16_exponent_bit8_mantissa_bit23_precision32_DW02_multp_5'
  Mapping 'gradient_gaussians_BLOCK_SIZE16_exponent_bit8_mantissa_bit23_precision32_DP_OP_108_269_7736_0'
  Mapping 'gradient_gaussians_BLOCK_SIZE16_exponent_bit8_mantissa_bit23_precision32_DP_OP_109_270_8092_0'
  Mapping 'gradient_gaussians_BLOCK_SIZE16_exponent_bit8_mantissa_bit23_precision32_DW_fp_mult_17'
Information: Checking pipeline property of design Rasterizer_unit. (RTDC-137)
Information: Pipeline detection aborted. Reason: cell color_reg_reg[41] is on a feedback loop. (RTDC-138)
Information: Aborted pipeline detection on design Rasterizer_unit. (RTDC-140)
  Mapping Optimization (Phase 1)
  Mapping Optimization (Phase 2)
  Mapping Optimization (Phase 3)
  Mapping Optimization (Phase 4)
  Mapping Optimization (Phase 5)
  Mapping Optimization (Phase 6)
  Mapping Optimization (Phase 7)
  Mapping Optimization (Phase 8)
  Mapping Optimization (Phase 9)
  Mapping Optimization (Phase 10)
  Mapping Optimization (Phase 11)
  Mapping Optimization (Phase 12)
  Mapping Optimization (Phase 13)
  Mapping Optimization (Phase 14)
  Mapping Optimization (Phase 15)
  Mapping Optimization (Phase 16)
  Mapping Optimization (Phase 17)
  Mapping Optimization (Phase 18)
  Mapping Optimization (Phase 19)
  Mapping Optimization (Phase 20)
  Mapping Optimization (Phase 21)
  Mapping Optimization (Phase 22)
  Mapping Optimization (Phase 23)
  Mapping Optimization (Phase 24)
  Mapping Optimization (Phase 25)
  Mapping Optimization (Phase 26)
  Mapping Optimization (Phase 27)
  Mapping Optimization (Phase 28)
  Mapping Optimization (Phase 29)
  Mapping Optimization (Phase 30)
  Mapping Optimization (Phase 31)
  Mapping Optimization (Phase 32)
  Mapping Optimization (Phase 33)
  Mapping Optimization (Phase 34)
  Mapping Optimization (Phase 35)
  Mapping Optimization (Phase 36)
  Mapping Optimization (Phase 37)
  Mapping Optimization (Phase 38)
  Mapping Optimization (Phase 39)
  Mapping Optimization (Phase 40)
  Mapping Optimization (Phase 41)
  Mapping Optimization (Phase 42)
  Mapping Optimization (Phase 43)
  Mapping Optimization (Phase 44)
  Mapping Optimization (Phase 45)
  Mapping Optimization (Phase 46)
  Mapping Optimization (Phase 47)
  Mapping Optimization (Phase 48)
  Mapping Optimization (Phase 49)
  Mapping Optimization (Phase 50)
  Mapping Optimization (Phase 51)
  Mapping Optimization (Phase 52)
  Mapping Optimization (Phase 53)
  Mapping Optimization (Phase 54)
  Mapping Optimization (Phase 55)
  Mapping Optimization (Phase 56)
  Mapping Optimization (Phase 57)
  Mapping Optimization (Phase 58)
  Mapping Optimization (Phase 59)
  Mapping Optimization (Phase 60)
  Mapping Optimization (Phase 61)
  Mapping Optimization (Phase 62)
  Mapping Optimization (Phase 63)
  Mapping Optimization (Phase 64)
  Mapping Optimization (Phase 65)
  Mapping Optimization (Phase 66)
  Mapping Optimization (Phase 67)
  Mapping Optimization (Phase 68)
  Mapping Optimization (Phase 69)
  Mapping Optimization (Phase 70)
  Mapping Optimization (Phase 71)
  Mapping Optimization (Phase 72)
  Mapping Optimization (Phase 73)
  Mapping Optimization (Phase 74)
  Mapping Optimization (Phase 75)
  Mapping Optimization (Phase 76)
  Mapping Optimization (Phase 77)
  Mapping Optimization (Phase 78)
  Mapping Optimization (Phase 79)
Information: Checkpoint guidance is generated in the .svf file. (INFO-122)
Warning: Retiming is likely to run for an extended
	period of time due to the large design size. (RTDC-135)
  Retiming Rasterizer_unit (top)
  Preferred flip-flop is SEN_FSDPQO_F4_12 with setup = 0.02

Warning: The design contains the following cells
	 which have no influence on the design's function but cannot
	 be removed (e.g. because a dont_touch attribute has been set
	 set on them). Retiming will ignore these cells in order to 
	 achieve good results:
	skip_and_alpha_unit/dxy/UM1/*cell*567323 (SEN_INV_N200_4)
	skip_and_alpha_unit/t3/UM1/*cell*567565 (SEN_INV_N200_4)
	skip_and_alpha_unit/t2/UM1/*cell*566302 (SEN_INV_N200_4)
	skip_and_alpha_unit/alpha_temp_maker/UM1/*cell*811390 (SEN_INV_N200_4)
	skip_and_alpha_unit/t1/UM1/*cell*811619 (SEN_INV_N200_4)
	gradient_depth_color_unit/dL_dalpha_maker_from_T/UM1/*cell*756707 (SEN_INV_N200_4)
	gradient_depth_color_unit/dL_dalpha_maker_from_depth2/UM1/*cell*814614 (SEN_INV_N200_4)
	gradient_gaussians_unit/*cell*783254 (SEN_INV_N200_4)
	gradient_gaussians_unit/*cell*783252 (SEN_INV_N200_4)
	gradient_gaussians_unit/dL_dmean2D_y_maker/UM1/U74 (SEN_INV_N200_8)
	gradient_gaussians_unit/dG_dy_maker/UM1/*cell*815432 (SEN_INV_N200_4)
	gradient_gaussians_unit/gdx_maker/UM1/*cell*815692 (SEN_INV_N200_4)
	gradient_gaussians_unit/gdy_maker/UM1/*cell*816443 (SEN_INV_N200_4)
	skip_and_alpha_unit/dxy/UM1/U78 (SEN_NR2_T_4)
	skip_and_alpha_unit/t3/UM1/U78 (SEN_NR2_T_4)
	skip_and_alpha_unit/t2/UM1/U78 (SEN_NR2_T_4)
	skip_and_alpha_unit/alpha_temp_maker/UM1/U78 (SEN_NR2_T_4)
	skip_and_alpha_unit/t1/UM1/U78 (SEN_NR2_T_4)
	gradient_depth_color_unit/dL_dalpha_maker_from_T/UM1/U78 (SEN_NR2_T_4)
	gradient_depth_color_unit/dL_dalpha_maker_from_depth2/UM1/U78 (SEN_NR2_T_4)
	gradient_gaussians_unit/dL_dmean2D_y_maker/UM1/U78 (SEN_NR2_T_4)
	gradient_gaussians_unit/dG_dy_maker/UM1/U78 (SEN_NR2_T_4)
	gradient_gaussians_unit/gdx_maker/UM1/U78 (SEN_NR2_T_4)
	gradient_gaussians_unit/gdy_maker/UM1/U78 (SEN_NR2_T_4)

 (RTDC-60)

  Retiming base-clock clk, rising edge.
  Beginning minimum period retiming ...
  ... minimum period retiming done.
  Beginning minimum area retiming step 1 ...
  ... minimum area retiming step 1 done.
  Beginning minimum area retiming step 2 ...
  5% 10% 15% 20% 25% 30% 35% 40% 45% 50% 55% 60% 65% 70% 75% 80% 85% 90% 95% 100% 
  ... minimum area retiming step 2 done.
  Beginning minimum area retiming step 3 ...
  10% 20% 30% 40% 50% 60% 70% 80% 90% 100% 
  ... minimum area retiming step 3 done.
  Beginning final register move ...
  ... final register move done.
  Lower bound estimate = 7.30
  Critical path length = 7.30
  Clock correction = 0.14 (clock-to-Q delay = 0.02, setup = 0.02, uncertainty = 0.10)
  Mapping Optimization (Phase 80)
  Mapping Optimization (Phase 81)
  Mapping Optimization (Phase 82)
  Mapping Optimization (Phase 83)
  Mapping Optimization (Phase 84)
  Mapping Optimization (Phase 85)
  Mapping Optimization (Phase 86)
  Mapping Optimization (Phase 87)
  Mapping Optimization (Phase 88)
  Mapping Optimization (Phase 89)
  Mapping Optimization (Phase 90)
  Mapping Optimization (Phase 91)
  Mapping Optimization (Phase 92)
  Mapping Optimization (Phase 93)
  Mapping Optimization (Phase 94)
  Mapping Optimization (Phase 95)
  Mapping Optimization (Phase 96)
  Mapping Optimization (Phase 97)
  Mapping Optimization (Phase 98)
  Mapping Optimization (Phase 99)
  Mapping Optimization (Phase 100)
  Mapping Optimization (Phase 101)
  Mapping Optimization (Phase 102)
  Mapping Optimization (Phase 103)
  Mapping Optimization (Phase 104)
  Mapping Optimization (Phase 105)
  Mapping Optimization (Phase 106)

                                  TOTAL                                                            
   ELAPSED            WORST NEG   SETUP    DESIGN                              LEAKAGE   MIN DELAY 
    TIME      AREA      SLACK     COST    RULE COST         ENDPOINT            POWER      COST    
  --------- --------- --------- --------- --------- ------------------------- --------- -----------
    3:58:31  276338.9      2.08     669.6    3179.0 gradient_depth_color_unit/clk_r_REG1556_S1/D 1679500.1250      0.00  
    3:58:31  276338.9      2.08     669.6    3179.0 gradient_depth_color_unit/clk_r_REG1556_S1/D 1679500.1250      0.00  
    3:59:15  276327.8      1.88     633.5    3181.0 gradient_depth_color_unit/clk_r_REG1556_S1/D 1678863.7500      0.00  
    3:59:49  276207.1      1.79     609.7    3182.0 gradient_depth_color_unit/clk_r_REG1556_S1/D 1677343.1250      0.00  
    4:00:18  276231.6      1.73     597.8    3186.0 gradient_depth_color_unit/clk_r_REG1556_S1/D 1676996.8750      0.00  
    4:00:41  276234.5      1.69     585.3    3196.0 gradient_depth_color_unit/clk_r_REG1556_S1/D 1676546.3750      0.00  
    4:01:00  276261.3      1.66     578.2    3197.0 gradient_depth_color_unit/clk_r_REG1556_S1/D 1676422.3750      0.00  
    4:01:18  276231.3      1.64     575.7    3211.0 gradient_depth_color_unit/clk_r_REG1556_S1/D 1676040.2500      0.00  
    4:01:36  276158.5      1.61     571.2    3232.0 gradient_depth_color_unit/clk_r_REG1556_S1/D 1675087.1250      0.00  
    4:01:51  276135.0      1.60     565.6    3232.0 gradient_depth_color_unit/clk_r_REG1562_S1/D 1674657.6250      0.00  
    4:02:06  276119.2      1.58     556.0    3242.0 gradient_depth_color_unit/clk_r_REG1556_S1/D 1674411.0000      0.00  
    4:02:20  276126.7      1.56     554.3    3242.0 gradient_depth_color_unit/clk_r_REG1556_S1/D 1674389.2500      0.00  
    4:02:35  276153.6      1.55     552.1    3242.0 gradient_depth_color_unit/clk_r_REG1556_S1/D 1674612.7500      0.00  
    4:02:47  276173.0      1.54     550.6    3234.0 skip_and_alpha_unit/clk_r_REG1576_S1/D 1674661.6250      0.00  
    4:03:04  276134.8      1.52     546.0    3234.0 gradient_depth_color_unit/clk_r_REG1556_S1/D 1674291.0000      0.00  
    4:03:15  276117.9      1.51     536.9    3240.0 gradient_depth_color_unit/clk_r_REG1556_S1/D 1673990.1250      0.00  
    4:03:26  276055.0      1.51     535.9    3252.0 gradient_depth_color_unit/clk_r_REG1556_S1/D 1673281.6250      0.00  
    4:03:38  276082.5      1.49     533.0    3267.0 gradient_depth_color_unit/clk_r_REG1556_S1/D 1673479.3750      0.00  
    4:03:52  276118.9      1.48     531.4    3268.0 gradient_depth_color_unit/clk_r_REG1556_S1/D 1673724.6250      0.00  
    4:04:04  276140.2      1.47     530.1    3277.0 gradient_depth_color_unit/clk_r_REG1558_S1/D 1673862.6250      0.00  
    4:04:12  276149.5      1.47     525.1    3277.0 gradient_depth_color_unit/clk_r_REG1558_S1/D 1673903.6250      0.00  
    4:04:25  276131.1      1.46     523.9    3277.0 skip_and_alpha_unit/clk_r_REG1576_S1/D 1673693.0000      0.00  
    4:04:36  276153.9      1.45     522.9    3285.0 skip_and_alpha_unit/clk_r_REG1576_S1/D 1673737.6250      0.00  
    4:04:44  276181.9      1.45     522.1    3285.0 gradient_depth_color_unit/clk_r_REG1558_S1/D 1673886.8750      0.00  
    4:04:48  276185.4      1.45     521.7    3286.0 gradient_depth_color_unit/clk_r_REG1558_S1/D 1673952.0000      0.00  
    4:04:55  276167.2      1.44     521.2    3286.0 gradient_depth_color_unit/clk_r_REG1558_S1/D 1673843.6250      0.00  
    4:05:05  276162.8      1.44     520.7    3288.0 gradient_depth_color_unit/clk_r_REG1558_S1/D 1673716.8750      0.00  
    4:05:15  276172.6      1.44     519.8    3287.0 gradient_depth_color_unit/clk_r_REG1558_S1/D 1673751.1250      0.00  
    4:05:24  276175.7      1.43     519.3    3306.0 gradient_depth_color_unit/clk_r_REG1558_S1/D 1673717.8750      0.00  
    4:05:33  276124.3      1.43     518.8    3315.0 gradient_depth_color_unit/clk_r_REG1558_S1/D 1673272.5000      0.00  
    4:05:42  276136.2      1.42     513.7    3314.0 gradient_depth_color_unit/clk_r_REG1558_S1/D 1673114.0000      0.00  
    4:05:50  276141.1      1.42     511.9    3314.0 gradient_depth_color_unit/clk_r_REG1558_S1/D 1672963.3750      0.00  
    4:05:59  276144.6      1.41     509.3    3323.0 gradient_depth_color_unit/clk_r_REG1558_S1/D 1672915.2500      0.00  
    4:06:06  276160.9      1.41     508.9    3323.0 gradient_depth_color_unit/clk_r_REG1558_S1/D 1673098.8750      0.00  
    4:06:15  276123.8      1.41     508.5    3322.0 gradient_depth_color_unit/clk_r_REG1558_S1/D 1672759.8750      0.00  
    4:06:24  276135.3      1.40     504.7    3326.0 gradient_depth_color_unit/clk_r_REG1556_S1/D 1672606.3750      0.00  
    4:06:34  276158.1      1.40     502.1    3325.0 gradient_depth_color_unit/clk_r_REG1556_S1/D 1672795.2500      0.00  
    4:06:42  276158.1      1.39     501.6    3326.0 gradient_depth_color_unit/clk_r_REG1556_S1/D 1672736.3750      0.00  
    4:06:52  276183.4      1.39     501.0    3326.0 gradient_depth_color_unit/clk_r_REG1556_S1/D 1672678.7500      0.00  
    4:07:02  276150.8      1.38     500.3    3334.0 gradient_depth_color_unit/clk_r_REG1556_S1/D 1672292.8750      0.00  
    4:07:11  276150.8      1.38     500.0    3334.0 gradient_depth_color_unit/clk_r_REG1556_S1/D 1672254.5000      0.00  
    4:07:24  276158.2      1.38     499.0    3333.0 gradient_depth_color_unit/clk_r_REG1556_S1/D 1672265.8750      0.00  
    4:07:31  276187.5      1.37     498.7    3333.0 gradient_depth_color_unit/clk_r_REG1562_S1/D 1672425.1250      0.00  
    4:07:37  276187.2      1.37     498.5    3333.0 gradient_depth_color_unit/clk_r_REG1562_S1/D 1672335.3750      0.00  
    4:08:05  276328.8      1.35     491.5    3321.0 skip_and_alpha_unit/clk_r_REG1561_S1/D 1673132.2500      0.00  
    4:08:13  276357.7      1.35     489.8    3321.0 gradient_depth_color_unit/clk_r_REG1562_S1/D 1673252.2500      0.00  
    4:08:22  276365.5      1.34     487.9    3330.0 gradient_depth_color_unit/clk_r_REG1562_S1/D 1673234.3750      0.00  
    4:08:31  276362.5      1.34     487.5    3339.0 gradient_depth_color_unit/clk_r_REG1562_S1/D 1673095.5000      0.00  
    4:08:40  276378.9      1.33     482.9    3339.0 gradient_depth_color_unit/clk_r_REG1562_S1/D 1673132.5000      0.00  
    4:08:49  276401.4      1.33     482.0    3339.0 gradient_depth_color_unit/clk_r_REG1562_S1/D 1673337.8750      0.00  
    4:08:55  276404.6      1.33     481.7    3339.0 gradient_depth_color_unit/clk_r_REG1562_S1/D 1673262.3750      0.00  
    4:09:04  276422.1      1.32     479.3    3349.0 gradient_depth_color_unit/clk_r_REG1562_S1/D 1673394.0000      0.00  
    4:09:12  276430.1      1.32     478.5    3349.0 gradient_depth_color_unit/clk_r_REG1562_S1/D 1673461.8750      0.00  
    4:09:13  276427.4      1.32     478.5    3349.0                           1673445.5000      0.00  
    4:09:20  275086.2      1.56     508.2    3477.0                           1666398.2500      0.00  

Threshold voltage group cell usage:
>> SVT30 100.00%

  Beginning Constant Register Removal
  -----------------------------------

Threshold voltage group cell usage:
>> SVT30 100.00%

  Beginning Global Optimizations
  ------------------------------
  Numerical Synthesis (Phase 1)
  Numerical Synthesis (Phase 2)
  Global Optimization (Phase 1)
  Global Optimization (Phase 2)
  Global Optimization (Phase 3)
  Global Optimization (Phase 4)
  Global Optimization (Phase 5)
  Global Optimization (Phase 6)
  Global Optimization (Phase 7)
  Global Optimization (Phase 8)
  Global Optimization (Phase 9)
  Global Optimization (Phase 10)
  Global Optimization (Phase 11)
  Global Optimization (Phase 12)
  Global Optimization (Phase 13)
  Global Optimization (Phase 14)
  Global Optimization (Phase 15)
  Global Optimization (Phase 16)
  Global Optimization (Phase 17)
  Global Optimization (Phase 18)
  Global Optimization (Phase 19)
  Global Optimization (Phase 20)
  Global Optimization (Phase 21)
  Global Optimization (Phase 22)
  Global Optimization (Phase 23)
  Global Optimization (Phase 24)
  Global Optimization (Phase 25)
  Global Optimization (Phase 26)
  Global Optimization (Phase 27)
  Global Optimization (Phase 28)
  Global Optimization (Phase 29)
  Global Optimization (Phase 30)
  Global Optimization (Phase 31)

Threshold voltage group cell usage:
>> SVT30 100.00%

  Beginning Isolate Ports
  -----------------------

Threshold voltage group cell usage:
>> SVT30 100.00%

  Beginning Delay Optimization
  ----------------------------
    4:10:26  111432.8      3.35     894.5    3284.0                           353108.8438      0.00  
    4:11:50  115148.5      1.78     612.2    4265.0                           376026.3125      0.00  
    4:11:50  115148.5      1.78     612.2    4265.0                           376026.3125      0.00  
    4:11:50  115148.5      1.78     612.2    4265.0                           376026.3125      0.00  

Threshold voltage group cell usage:
>> SVT30 100.00%
    4:12:29  114282.8      1.89     614.7    4175.0                           373282.5625      0.00  
    4:12:39  113488.6      2.01     627.7    4209.0                           370937.6875      0.00  

  Beginning WLM Backend Optimization
  --------------------------------------
    4:13:26  113285.2      2.03     629.3    4202.0                           369992.4375      0.00  
    4:13:30  113126.8      2.03     627.7    4202.0                           369114.9375      0.00  
    4:13:35  112955.2      2.03     626.2    4202.0                           368260.7812      0.00  
    4:13:39  112797.5      2.02     625.6    4202.0                           367416.4062      0.00  
    4:13:42  112641.9      2.02     624.5    4202.0                           366472.7188      0.00  
    4:13:45  112494.8      2.01     623.0    4201.0                           365722.1250      0.00  
    4:13:47  112386.7      2.01     620.5    4196.0                           365125.1562      0.00  
    4:13:49  112162.2      2.01     617.5    4189.0                           363845.5938      0.00  
    4:13:51  111968.0      2.01     617.7    4178.0                           362730.1562      0.00  
    4:13:54  111745.9      2.01     617.8    4172.0                           361402.0000      0.00  
    4:13:57  111507.2      2.01     616.9    4166.0                           360014.1250      0.00  
    4:13:59  111281.8      2.01     616.2    4161.0                           358694.8125      0.00  
    4:14:01  111176.9      2.01     615.6    4161.0                           358111.4062      0.00  
    4:14:02  111121.0      2.01     615.4    4160.0                           357801.8750      0.00  
    4:14:03  110986.0      2.01     615.1    4160.0                           357063.7188      0.00  
    4:14:04  110920.4      2.01     615.2    4158.0                           356693.4062      0.00  
    4:14:23  111082.1      1.78     588.3    4158.0                           357920.0938      0.00  
    4:14:38  111104.3      1.74     584.1    4158.0                           358135.5312      0.00  
    4:14:45  111244.0      1.74     551.8    4158.0                           359190.2812      0.00  
    4:14:46  111244.0      1.74     551.8    4158.0                           359190.2812      0.00  
    4:15:23  107295.7      1.74     545.5    4158.0                           333574.0625      0.00  
    4:15:23  107295.7      1.74     545.5    4158.0                           333574.0625      0.00  
    4:19:17  112678.9      1.60     530.0    4184.0                           367031.0312      0.00  
    4:19:17  112678.9      1.60     530.0    4184.0                           367031.0312      0.00  
    4:20:06  115030.6      1.37     465.3    4184.0                           383654.7812      0.00  
    4:20:06  115030.6      1.37     465.3    4184.0                           383654.7812      0.00  
    4:32:31  120842.4      1.22     401.0    4307.0                           420375.5938      0.00  
    4:32:31  120842.4      1.22     401.0    4307.0                           420375.5938      0.00  
    4:36:57  125705.3      0.99     337.9    4340.0                           453453.4688      0.00  
    4:36:57  125705.3      0.99     337.9    4340.0                           453453.4688      0.00  
    4:40:19  125618.2      0.99     337.9    4358.0                           452887.4375      0.00  
    4:40:19  125618.2      0.99     337.9    4358.0                           452887.4375      0.00  
    4:42:12  127429.3      0.94     308.2    4369.0                           465301.2188      0.00  
    4:42:12  127429.3      0.94     308.2    4369.0                           465301.2188      0.00  
    4:45:39  127503.2      0.93     306.9    4404.0                           465844.1250      0.00  
    4:45:39  127503.2      0.93     306.9    4404.0                           465844.1250      0.00  
    4:47:04  128629.1      0.90     298.1    4445.0                           473207.3750      0.00  
    4:47:04  128629.1      0.90     298.1    4445.0                           473207.3750      0.00  
    4:50:12  128645.5      0.90     298.0    4466.0                           473263.8125      0.00  


  Beginning Design Rule Fixing  (max_fanout)
  ----------------------------

                                  TOTAL                                                            
   ELAPSED            WORST NEG   SETUP    DESIGN                              LEAKAGE   MIN DELAY 
    TIME      AREA      SLACK     COST    RULE COST         ENDPOINT            POWER      COST    
  --------- --------- --------- --------- --------- ------------------------- --------- -----------
    4:50:12  128645.5      0.90     298.0    4466.0                           473263.8125      0.00  
  Global Optimization (Phase 32)
  Global Optimization (Phase 33)
  Global Optimization (Phase 34)
    4:50:24  128696.4      0.95     291.2    1858.0 gradient_gaussians_unit/net3587848 474789.9062      0.00  
    4:50:27  128750.2      0.94     289.8    1480.0 gradient_depth_color_unit/clk_r_REG1548_S1/D 475160.5625      0.00  
    4:50:38  128760.4      0.93     288.6    1480.0 gradient_depth_color_unit/clk_r_REG1548_S1/D 475231.1250      0.00  
    4:50:47  128779.2      0.92     287.1    1480.0 gradient_depth_color_unit/clk_r_REG1601_S1/D 475353.9062      0.00  
    4:50:53  128760.7      0.91     286.5    1480.0 gradient_depth_color_unit/clk_r_REG1601_S1/D 475177.5000      0.00  
    4:50:59  128774.9      0.91     286.0    1480.0 gradient_depth_color_unit/clk_r_REG1601_S1/D 475274.7812      0.00  
    4:51:08  128757.3      0.90     285.4    1480.0 gradient_depth_color_unit/clk_r_REG1548_S1/D 475162.9688      0.00  
    4:51:14  128764.1      0.90     285.1    1480.0 gradient_depth_color_unit/clk_r_REG1548_S1/D 475234.3438      0.00  
    4:51:21  128784.6      0.89     284.6    1480.0 gradient_depth_color_unit/clk_r_REG1601_S1/D 475410.4062      0.00  
    4:51:26  128794.1      0.89     284.2    1480.0 gradient_depth_color_unit/clk_r_REG1548_S1/D 475454.6562      0.00  
    4:51:31  128792.4      0.89     284.0    1480.0 gradient_depth_color_unit/clk_r_REG1548_S1/D 475425.2188      0.00  
    4:51:38  128793.9      0.89     283.6    1480.0 gradient_depth_color_unit/clk_r_REG1548_S1/D 475476.2812      0.00  
    4:51:41  128796.9      0.88     283.4    1480.0 gradient_depth_color_unit/clk_r_REG1548_S1/D 475555.5000      0.00  
    4:51:46  128787.0      0.88     283.1    1479.0 gradient_depth_color_unit/clk_r_REG1548_S1/D 475481.0625      0.00  
    4:51:47  128785.9      0.88     283.1    1479.0 gradient_depth_color_unit/clk_r_REG1548_S1/D 475463.8750      0.00  
    4:51:51  128790.0      0.88     282.9    1479.0 gradient_depth_color_unit/clk_r_REG1548_S1/D 475495.5625      0.00  
    4:51:55  128796.1      0.88     282.8    1479.0 gradient_depth_color_unit/clk_r_REG1548_S1/D 475567.6562      0.00  
    4:51:59  128795.6      0.88     282.7    1479.0 gradient_depth_color_unit/clk_r_REG1548_S1/D 475521.1250      0.00  
    4:52:06  128800.5      0.88     282.6    1479.0 gradient_depth_color_unit/clk_r_REG1548_S1/D 475558.2500      0.00  
    4:52:13  128807.8      0.88     282.4    1479.0 gradient_depth_color_unit/clk_r_REG1546_S1/D 475635.7500      0.00  
    4:52:15  128844.3      0.92     287.5    1088.0 skip_and_alpha_unit/net3491128 476054.5312      0.00  
    4:52:19  128819.4      0.92     287.1    1062.0 gradient_depth_color_unit/clk_r_REG1601_S1/D 475840.4062      0.00  
    4:52:23  128814.1      0.92     286.9    1062.0 gradient_depth_color_unit/clk_r_REG1601_S1/D 475790.7500      0.00  
    4:52:29  128809.7      0.91     286.5    1062.0 gradient_depth_color_unit/clk_r_REG1601_S1/D 475703.5312      0.00  
    4:52:35  128808.8      0.91     286.2    1062.0 gradient_depth_color_unit/clk_r_REG1601_S1/D 475715.2812      0.00  
    4:52:39  128813.6      0.91     286.0    1062.0 gradient_depth_color_unit/clk_r_REG1601_S1/D 475733.6250      0.00  
    4:52:42  128814.7      0.91     285.9    1062.0 gradient_depth_color_unit/clk_r_REG1548_S1/D 475778.7500      0.00  
    4:52:46  128806.5      0.91     285.8    1062.0 gradient_depth_color_unit/clk_r_REG1548_S1/D 475709.6562      0.00  
    4:52:49  128809.2      0.91     285.7    1062.0 gradient_depth_color_unit/clk_r_REG1548_S1/D 475730.3750      0.00  
    4:52:52  128799.6      0.91     285.6    1062.0 gradient_depth_color_unit/clk_r_REG1601_S1/D 475655.9688      0.00  
    4:52:56  128808.9      0.90     285.5    1062.0 gradient_depth_color_unit/clk_r_REG1601_S1/D 475751.7188      0.00  
    4:53:00  128821.4      0.90     285.4    1062.0 gradient_depth_color_unit/clk_r_REG1601_S1/D 475882.1562      0.00  
    4:53:03  128819.1      0.90     285.3    1061.0 gradient_depth_color_unit/clk_r_REG1601_S1/D 475893.1562      0.00  
    4:53:06  128817.0      0.90     285.4    1060.0 gradient_depth_color_unit/clk_r_REG1601_S1/D 475845.1250      0.00  
    4:53:11  128813.2      0.90     285.2    1060.0 gradient_depth_color_unit/clk_r_REG1601_S1/D 475857.9375      0.00  
    4:53:14  128808.8      0.90     285.1    1060.0 gradient_depth_color_unit/clk_r_REG1601_S1/D 475801.8125      0.00  
    4:53:16  128801.1      0.90     285.0    1060.0 gradient_depth_color_unit/clk_r_REG1601_S1/D 475753.8438      0.00  
    4:53:21  128793.7      0.90     284.9    1060.0 gradient_depth_color_unit/clk_r_REG1601_S1/D 475732.1562      0.00  
    4:53:26  128792.4      0.90     284.8    1060.0 gradient_depth_color_unit/clk_r_REG1601_S1/D 475721.5938      0.00  
    4:53:31  128793.2      0.90     284.7    1059.0 gradient_depth_color_unit/clk_r_REG1548_S1/D 475735.9688      0.00  
    4:53:34  128793.4      0.90     284.7    1059.0 gradient_depth_color_unit/clk_r_REG1548_S1/D 475735.9375      0.00  
    4:53:40  128788.3      0.90     284.6    1059.0 gradient_depth_color_unit/clk_r_REG1548_S1/D 475675.3438      0.00  
    4:53:46  128781.5      0.88     283.3    1059.0 gradient_depth_color_unit/clk_r_REG1601_S1/D 475666.0312      0.00  
    4:53:49  128780.9      0.88     283.2    1059.0 gradient_depth_color_unit/clk_r_REG1601_S1/D 475669.1250      0.00  
    4:53:52  128783.6      0.88     283.2    1059.0 gradient_depth_color_unit/clk_r_REG1601_S1/D 475689.0000      0.00  
    4:53:54  128823.0      0.88     282.9     815.0 skip_and_alpha_unit/net3522710 476004.2812      0.00  
    4:53:58  128824.7      0.88     282.8     804.0 gradient_depth_color_unit/clk_r_REG1601_S1/D 476047.9688      0.00  
    4:54:00  128828.8      0.88     282.5     804.0                           476095.3125      0.00  
