3fd8879e
3fd244c9
3fd0fded
3fd6bc66
3fd0065a
3dff6e7f
3fd0df96
3e08bff1
3fd1c5ea
3fced688
3e0e41fa
3fd01a5f
3fd53a18
3e08ff98
3fcf02bb
3fd83776
3fd06e7a
3fd72524
3dbae693
3fd3ce2a
3fd4e43e
3fd7ec28
3fd3e3e2
3fd735b6
3c9beea9
3c825c64
3fd47b75
3fd6cb79
3cb2143a
3ccacffa
3cd673d9
3cce059b
3fce6970
3c8f0fbe
3c566c89
3c22189e
3fd7e597
3fd8fdda
3fd5a430
3fd8a178
3fd6d6fc
3fd48a4a
3c238f21
3c1071b9
3fd6e86c
3bdd277d
3fd546ee
3fd28b94
3b7b3210
3b2bf18f
3fd6d256
3fd2844e
3fd7b093
3fd90183
3fd40619
3a39c2b8
3fd3c6be
3a890c5c
3a81ce7c
3a5f9709
3fda3b39
39a5e79c
38d59a79
38f9fbfb
38d94490
3aea368f
3a88f9d9
3fd5f04e
38ddec30
3942d54f
3fd7afe8
38d5d060
3fd49e6a
395e8a2f
3fd75f14
3fd22671
39829400
392c1934
3fd89528
39003c1a
38d4930f
3fd221fa
3fd0aee8
38d409c3
3fda8212
3fd5c609
3fd5c3d0
395eeef5
38da8cb9
3acc8c63
38ef462e
39146513
390fe655
3fd49d0c
3fd3ca6c
3fd26576
3fd5d95d
3fd2115c
390c4bab
38d30212
3fd5e1e6
3ffb2c68
39078ba5
3fd6181a
38df48b5
391959e9
39599d2a
3996e3a3
38d754b8
390cd3f6
39182da6
38fbfcfd
3fd0723d
3fd45eea
390f075e
3fd7437e
3fdb32fa
39b6c7d7
3fd6dbf4
39a20b9b
392fd3c3
3fd5647e
39796f5c
3fd165d0
39acdc69
3fd74792
3fd9844b
398d3703
39985c8b
3fd6421d
38e80293
38fdb1de
3a1fe9a2
3fd6669b
38eb114f
3fd321d2
3fd90a24
39b35c48
3fd5ff23
39287faf
3fd5fc26
39284e23
38fdf4e0
3fdb9a4c
3fd8a8ba
3a259970
3fd8668f
3fdf382f
3aac4c76
3a6ec70e
3fd399b0
3fda1a16
3fd9d332
3fd868ae
3fda8ec4
3fd33d67
3fda4f0e
3fd76bb8
3fdcd311
38df9d54
3fda28f3
3fdb5a02
3fd89e38
390b79e8
3919c18b
38d433c2
3fda250d
3fd71480
3fd734c9
3fd7de62
39182c20
3fdb6014
394073bd
3fdc7dff
3fd94463
38ea4165
3964bb24
4007a332
3fd548a5
3fdb5e7f
38e0e828
3fd7eafa
3fd77eb2
38d5a73a
3fd92b98
398c46d4
3fd6de68
3fdca70e
3fdc05fe
3fe18ecd
3fe1f7d6
3fd915c8
3fdf2274
3fdbcf64
3fdbe4a1
3fd74ee1
3fd880fc
3fda633c
3fd915e6
3fdd83a4
3fdb9a28
3fe23cfe
38d29af3
392c9b33
3fda50b5
3fd816f0
3fda204f
38e8a241
392fdf2a
3fdcf8df
3fd77a72
3fdd661e
39020210
3fd6ff32
3fdde956
3ae87430
3fdc0776
3fe215bd
3fdbf692
3fdb8e9c
3901b688
3ff19aea
393187c8
3fdf6991
39d0bd33
3fe0682a
3fe9ef41
390c70d1
3ff89d5b
3fe44d08
38f6b1e0
3fe3dcea
3fe3f1f4
3fe3e4fb
39afb216
3fe7f2ef
3fde16c1
3990aa2b
3fe42ae8
3fd4d950
398996c1
3fef6668
3ffc86d5
40021c33
3984723c
3fd3fa09
3fd343a1
3fe9628a
3fe96e55
3fcc8a51
3a0446a1
39080852
3fdf118e
396014bd
40135a20
394eb221
38d77f6e
396edcb8
39988102
392c7063
39f15c73
3939eb5e
3911608d
39a279dd
390cefc5
39871bce
3981b46e
38d6e74c
38d55c53
390172b6
390e13bb
3fce550a
3fce8ff1
390f9934
394d28dd
391bfa38
3919b3db
39801a10
395ed45a
39035411
39819c07
39253588
39a6c283
3fc702c2
39098fac
3fe825ae
38e94956
38dda2c0
4006aae9
3923838e
39879500
38f88f03
38fbaebc
390dbb8d
38fc177b
3905d037
3a112daf
3a1f5fbc
3a29772d
38dd382b
3904e7ca
38d8f3af
39255bd8
38f34b3c
392adba9
39ed1814
391dbb26
398e2e6d
38d67e8f
38d533eb
39469ab3
394c75c7
396145d6
38feef49
39598f72
3924c512
38fc2a52
38d72db1
38f9d61e
391d7c6e
38d28bf7
3ffa04d5
38dfc1e8
3941882e
39a2bbce
3a120857
392cb215
3ffda8f3
3945a73d
39ccaead
38e25f7a
390214a8
4000842c
39064c99
3ac0115b
3a2db54c
3ff95f0d
3909bb11
40073110
3ae6836a
3fc4b6e9
39271c77
39271374
38eca976
40058a1a
3995e92c
3912c27b
39a24858
3fe61dc7
3a4960d9
3988b0dd
392e12fb
4002ebf3
3fbc43b7
395cd440
3a0482ac
3a2b0832
38de9776
3904adde
38d57367
4009e7f3
38d27c89
3ff6db89
38d4c885
3904d10e
3906a19f
38ded550
3ffb6eee
39185786
3ff2b4e8
39620a8e
391d56d1
4005c7ec
3901fbf5
3ffe72ee
397734fd
392204c0
393b1ca4
390784bc
39382b51
3a206bb6
39b77c11
4001c900
39013fda
40005471
3913a4fd
39058ab8
38d3be32
3fe91fa4
39371b32
3fffa31d
3ffa8d2d
396e8306
38d417c9
3ff7bf1f
3feaa02c
3926daad
3a03d11e
3ff8c2ab
4002a761
3ff94a83
40005841
38e567ff
38e2d682
3fe91ad3
3a4921b3
3ff8e6f5
3ad0beae
39c514ee
38de8fbb
3b3f1004
38e0d5e9
38e34250
38ff266f
38d4f0c6
392797ea
392b9e5d
3fec7a6e
39b1aec6
393e5763
38d1dfa9
3ffe3b7a
400261f6
394fda16
397f1278
3ffea1d7
38db719f
3feb3fc1
38e5d9b2
3904dfec
3ff01b8a
3fee5d20
394fd1f8
38d254e6
38e1fe40
39377f4e
38d64ef4
397d3745
39862e00
39062c87
40040925
3ff9cb67
3ff65fe8
3feb8175
3fb434f0
38e611f8
38d6293d
38d48fad
393fc0c2
3fb717c8
38d698e6
3ffe9223
3ff0b7eb
38dcde9f
3975d7ff
39355542
3fea19e8
38fec4f7
3fe1cac6
391ba9ee
38f31d66
38ffaa1f
3fff6581
3fe81ba6
3900b230
3a24591a
3a7e11af
39fb3840
38f3a38b
3900374d
38e64327
3ff6ab36
390c3c32
39be645f
39f972e7
38efb227
39fa3f1b
3fe5d95f
39fd98bd
3fe538dc
390a0315
39a75b4f
3a12cec9
3fe0d42e
3ff0ed18
3a2e573f
38fd18cd
3ff1db5f
3fe6d969
3fee631c
395ec98c
399b79de
38f6d5f3
3fe62cb5
39181169
38fe36d7
38d5e53b
398bdbc1
3fb38aa0
38d45618
3936230b
39235662
3ff3ef96
391739e9
38ec83c6
38e55ba8
38ec9f0f
3ab8c7e7
38dc41be
3feb4d49
396db00a
38d2bc2f
3908d6ce
391dcda1
3921add2
3969f60f
39347551
39160b45
38e28ec5
40035636
390f6a4c
3fe95826
3fe97919
38d3684a
38d47e10
38d24c1a
3fdfee61
398ba7da
392f231e
3fe63ee9
3fe25c5e
38d92679
391a3ec6
39de6616
3a3caa57
3fe2d266
3a464cb7
3a11ae3d
3fea3a36
3fe5923d
38d33552
3fe3d785
3976dc23
3908dc2a
3fe31f64
3a1dc54b
39d8768a
3a2b4584
3fe542db
3fe1e0ae
38ed5e56
391e24db
39182239
38d3b2b9
398791f0
38d699b3
39307e0b
39249c02
38efcdd0
3fc2d9c3
3fbd5359
3fb5917f
3fb2d4ed
3a712f26
3b0026d0
40018f89
400a168c
3fdb9527
3ae1283a
3b3d008a
400f88f4
3fd2576d
3b8bfdb5
3fd1fdde
3b280ecf
3b11d998
3af9157b
3aaea492
3a2a3109
395162a7
39549dd2
3933be28
3922347e
38e2f326
3916ae39
39034d76
3949a3c3
398b267b
39a992f4
39c1c3c2
39eb24e5
3a3042ae
3aa2399f
38ee9b22
394cc4d5
39bb6598
3a0e95d6
3a388395
3a44288a
3a1c51ff
39a58ede
38d9e0d2
394e88c7
392d497b
393ff505
3ffeaca4
39319802
3a22bb68
3feb78ee
38dc4ffb
3a29b2f0
3a6022f3
38e9a05b
3fe794c0
38dc6980
38fce256
3fe4f7d4
39aa7195
3fecd675
3a86c5ac
3fe55650
3fd62965
3adf1693
3aa727de
3fe727e2
3995a4df
38ec1292
3919c414
39337e98
38dbf3b1
39468ecb
3946b591
394d371d
3fda4e63
3fd905bc
39976e1e
39c1359b
3fe45fae
3990fdd0
3910606b
3dd722d9
3de75453
3df5f9a5
3e024b32
3e07e15c
3e0d3759
3e11b4d7
3e15d33d
3e17b369
3e191c26
3e199862
3e186711
3e1675b6
3fe00171
3e0dc89a
3e06f349
3dfdbd15
3fdc6d30
3dccf7fc
3daff6f1
3d91f631
3d6a6209
3fda27fb
3d0e9903
3ce58b46
3fd6f308
3cbea26e
3fe143eb
3fcd6a27
3ce54699
3cea701d
3cdfaf33
3cc7c4bb
3ca78f78
3c87736f
3c5b9ee5
3fd0d9cc
3c2dc70a
3c284206
3fd199dc
3fc67292
3c071ac6
3be5ff0f
3fde0366
3ba75f7b
3b95fed5
3b862d71
3fca17f6
3b28dc33
3ace750e
3a440e44
398ac8de
39441d79
39e27e42
3a60a231
3aae27a7
3fd21c1c
3b0aa514
3b1e2706
3b23727e
3af04dea
3a10c3fe
3a60fddb
393abe7a
3925cbca
3fd9bdf0
39ba4d1a
38e43bc8
3fd8f9bd
3fc74d48
392f76d7
395fd2c8
396aee1f
392ca124
394ebd9e
39a0d97d
399a8c51
39716848
3fd35a28
3910cb16
395cdc53
39335d94
38d2fa21
398f9a12
392e4697
3fc8a242
39945a42
390d062d
3a89078f
3a4ce085
3a1555b1
39ca83d2
3fcbe5a8
3fbef9fe
3fcbcd5a
3fc48376
3fc4be7b
3fb5693e
3a079678
3fc0bc9d
3fb97cbf
3fc0641c
3958f9ab
396f9111
3fc36112
3fc1ebf1
38d449e1
3fbfef7a
38f91f08
39321090
395746e9
3fb83d1d
3fb84da4
3fc2c2dc
391c917f
3914d977
38e63cb6
3948f022
3fad58e9
38ddcaff
3fcca51a
39190483
3fc64569
3faa9690
3fb04a70
3faae79c
3fad055f
3fc64339
3fbd8426
391ee6cf
3fbe20a9
3faea571
3fab54be
3fa48298
3fb677d9
3fb0d98e
3faa884c
3fb0bf88
3fb74586
3faf7c20
3fb07a50
3fb6a76c
3fb12276
3fa77158
3fb1754e
3fb879f6
38dac747
3918706c
3911f3da
3a8235af
399de4e0
39a2268e
38ea1274
395542d7
3992f8cc
38fd80ad
3fcc7eb5
390f9e0b
3936a879
39498f57
3fde327b
39196a69
3936ed7d
38db58d4
3fd25b3b
38f4f565
3fb7bbe8
38d3fa11
3fbe8fd2
3fa653ae
3923d5ce
392dedc9
392aa749
39507a01
39553887
3907238d
38e7f771
38dd81f7
391ae0dc
3986694a
38d429c1
3a500085
3975819f
39559ac6
3aaa93c0
38e3ed7a
395434ae
3ffcd300
38fbe2e3
396860e7
3fd4e9c2
39860dc8
3feb4cfa
39407ac0
39250529
3913a56a
3b405f48
3aa2ca4b
38d45e1e
39a697d0
38d85422
39ab3386
3a0e4728
3972a133
393c8e85
3999f5fa
3fd76c71
3fda3698
3fd8e523
395fb4b0
3a6cc758
3fddc7ef
38d58bcd
3fdf7a8c
38d5f058
3a886817
3a902c10
3a544f26
3901109b
391b2802
39a503f0
38e04ef5
3a216f25
398cda86
38efbdbd
3b1a8f20
38e32e9b
3909a61c
39831450
39ad5d10
39bf4382
3a0f33a5
3fe94dd8
38d47b9c
39215a1d
38e5a68f
3925cbd0
38d8ff6c
3fd5b51c
39148416
3980133f
39297f12
3fe7d620
397292fd
39cb6204
38df6424
394d3297
3fb3b4ec
393a739f
38e807ec
3fd301f8
3999af78
39e907fd
39cd8ab2
38e70d55
392998d4
3930baf9
38ed3886
39c04f62
3fd7d6f0
38d5f12d
3994d78f
38f3471d
39509137
3fceaa4d
3904f7ce
38d53a52
3fc08a21
3914b38b
39140b60
39382ab9
393177de
396e7afe
3fb27a02
39837458
395e299e
3fb95296
3fb12a78
3995cd2e
3914050b
3933860d
390b1ac3
3fa91db2
3fb0f7b4
3fb17a57
3fb674e4
3fac6a0d
38d2b72a
3fb562da
3fb8b7ba
394cb300
3940431c
38d2a1cf
3fa8d3f8
3fb8a272
3fbde844
3fa9ba54
3fa82421
3fac94fd
3fa55a82
3fbb9ade
3fa1eb54
3922462b
3fb1f207
3fa7a2dd
3fae3ff3
3fa32bbc
3fb11fa6
38f92dfc
39095e77
39772569
3fc2ce06
3fc76731
393ec626
396c5f1b
3910f6f3
390560c5
3fd62101
38d38005
399bc4a3
3fd9f7e3
3a0f99ab
38e191c1
3fd35d3a
3925c8b7
39627ea1
38d21303
38df81aa
39665999
39639dd1
3903b368
3fc23d78
3fc40af3
394c53b3
3ac7a5fe
3faa0f3c
39ae699e
3fa45eb0
3faf82b0
390bbd03
397c8bf1
3fba03be
3fa9d31c
39ab94b1
3949624f
38d52018
4000057f
3fd810fb
3a5e68e2
3a5a508f
39c5f9ac
39bd7963
390913c8
3fdde0ba
393effd1
39795200
3fd37f44
3a69d00c
39d89542
3c0f5060
3fdd04dc
3fe911bd
38eb6984
3fcf3420
3fe372c3
38e447ff
38db1e6e
38f605b5
38dea766
38d4cf31
38eb1975
3fcf0242
38d6e086
3915f46c
39457081
39555bc6
3fdb8fda
39637d62
390800fb
38f11a6d
396f7258
3fd0250c
38ecd75c
390bbd5d
38d305a3
3fab2961
3fb4a632
3fb7d635
3fe26623
3fd5b6cc
39052780
393dc571
39592a7b
3a1354c1
3fd35c5e
3b37241b
3ba8cd6f
3954ed68
3a1d7c03
38d2b6eb
3fbf6f89
38fcf073
39028811
3ff66c3d
38ef4136
3a34a05e
399d752e
3b015158
3fda99ae
392d3df6
3fdc4b43
38d46dbb
3911a7ac
390ae3df
390b7144
394d9725
3fbb2d7a
39bd437b
3905d4e0
3944a30a
38e555c1
38d48a46
391e9d2d
39269acd
394a3140
390fa063
38fd10a2
39076a6e
38d46252
38e1a0de
390aecc0
3fd2411c
38e7f579
3951b66a
39819ee8
3fcffd3f
3ac4ad8f
3fb22225
3968b016
39a418b7
39720b4a
38e0487c
38d20971
38e6fbf5
38eaa893
3912c3cb
3fd9013d
38ee5a61
38e4d95b
3fd9e57e
3be06367
3fcc2652
38d4c9b3
39132e3a
38ec4a58
3fce2888
3906a010
3fccb116
390a5968
38d6aee3
38e24afa
38d75d10
39395ea0
38d46d33
39d1fd70
3a83cec5
3a8c6f91
3a210f3d
3fd18ff8
3fd649eb
38e7d73c
3957bca6
3a179bf6
3fd4ba12
3a5577d9
39a03407
3908a20d
39e75f3a
3a090c50
38d37282
3934e3dc
3fd7afcf
38d1b8aa
3fda1daf
38e01b6c
3fda2342
3fd8b19c
38d484ac
3fe10d9a
3ff081fc
3ff012a0
3fe3f21c
3fe02769
3fe6288a
38f1959b
39004261
3fdd11a3
3a371e29
3ae88544
3922c782
39589062
3902d121
3fcfec57
3fc96818
394d5f5b
3b64896a
3fd5dc5a
3fd639aa
3a3d7f96
38def22d
3fd3196a
38ee8ee4
39512d72
391b708f
38e41794
38e34b3b
38ecff31
391d9767
3914e6ee
3fbb334e
3911837e
398990b1
38e6b989
395b529d
3fb554f0
39e3596d
39c01886
3935ca49
38d9cc01
392aa1e5
395cd062
3fcd54f8
39ac7e54
3fc7e580
3fb1ca59
3a8acbe2
3a56c252
3a0d0031
3fc663b2
392988a3
3ffe6726
3fca54ba
3fc01e08
40079a1c
4003d66c
4001099a
3fc47c90
40024aed
3fc97f52
3fbb6fce
3fbc1d8a
3fff7097
4001be6e
38e012ef
396f7cbe
39574b79
3fa56ab0
39ded419
3feee41a
3973e645
38d4e1f3
3fba5462
398734a4
39998ae7
3fc7065d
400227ee
3fff7f0c
3b9521d1
3b61fcd9
3fd62328
3fd02be6
3fd898b8
3fd676a4
3fd481a0
3fd84c59
3aaac6b7
3a838be3
40056039
39f119de
39539653
39b800d7
3903e7aa
394e414a
3926b146
38d3163e
39137c00
398f87b3
39e34195
3a17fefe
3a3a07ab
3a69e6ca
3fd85700
3b0fe653
3fe21f8c
3fdc66f4
3a1a729b
3fd93cce
3a978d42
3fe456f1
3aa144fe
3a7ee3d0
3fe1360f
3a1e0add
3a192ff5
39fcf678
3999c06e
390de474
3900ce63
3995ae9d
3909d316
39aca18b
3998c2ee
3ff933f7
3a27c169
3ffa3d97
3ff1951a
3ff7e6c3
3fec826c
3fb63b6e
3ff18d4b
3fecc53d
3ff0e6c9
3fec0777
3fe6442c
3a53a9ec
39c92b1a
3fbf9d12
3932b2d5
39265213
3926b694
3952f3cf
38dd7912
38db5dd1
38d86c23
38ec56c6
39174c13
391c8e0a
3fd8fb97
390470c1
3fd8ca8a
3dfaf565
3e048acb
3e0bba9a
3fdff77b
3e17550a
3fc131b8
3fc2d353
3e22b0e9
3e2461cc
3fdcfeed
3e24f0fb
3e2339ee
3e20bcf4
3e1c4f42
3e16bcc5
3e0f637d
3e06d353
3df66b42
3ddb981d
3dbe35b6
40030a9a
3d831e27
3d5293db
3fd866a1
3d0b2cc2
3cf18cd2
3cdf53d9
3fdb1c76
3ce291bd
3fd176e6
3ce6b5d6
3cd9da6e
3fbe3ba3
3ca0e675
3c8247cb
3fdcba6d
3c303bfb
3c197e85
3c07fc1a
3be84c4e
3bbaa457
3b897167
3b457895
3b1e970a
3b208cd5
3b35e178
3b49d154
3fdbc146
3b364399
3b15f0d4
3af73d82
3ae57637
3af77efe
3b1769f7
3b3f5d9d
3b6e11c9
3b8de071
3ba286d3
3bad0b32
3fd9f9a5
3b3bd69e
3a3b2a6f
3ae48254
393b53c0
3947891d
39394bc9
39aa5d45
39411e9b
38d80655
38e64ec8
38d261d0
391c74f7
38e7f49f
3b328431
3b837d5e
39086d9c
3fbd90d4
3998b1af
39afa6e9
38e7ca37
3992dba1
4040dd76
401fdff7
3959caac
3a2516dc
39b3fa74
38d7f4e4
38d38630
4044c182
4030687e
398289fa
39243651
395a8d6c
38d5ec11
4053d0a6
38f924fb
39d2c2b7
3960f2cf
401ca00a
40302516
39e7c42d
39c41883
39be573b
39d5e0a6
3a079317
3a3b1788
39162cea
39873a41
3fd86aaa
38df9657
38e40c30
38e615b5
38d3d72b
38e4e11d
3fd76d7b
394ffad9
3fd92fb7
3bb75828
3fda342c
3fdc8946
3914c7a4
3fd8e4d5
3fdda492
3fdb9730
3fdf1633
3fe5beea
3992c524
3902d1b2
38fdfed4
394d2cb5
3902c808
38d6a979
3fe933a4
38fdd20e
38f17d56
3fe0d109
3922f749
38ee2c30
3984eeee
3a088567
39132dfb
3904e596
39073a7d
3918deef
39ac2f56
3aaa6ccf
39551b9f
39943f77
398688ef
390f9c89
3fca3e60
39b83d1f
3ffdfc7c
40071ab2
3fa910af
3fb9632d
4001eea0
40037b40
3fbeadd8
3fbfe538
3fff85da
40015840
3fffad4c
38fd2bb9
3ff098ed
3929180f
39f54b3a
3fd3905e
38d21e5f
38d26209
3fd2e82b
3fd94560
38f1cedf
39033eaa
3fd8e4b2
38ec2b2a
38df03b8
38f36020
38e5994c
38d343df
38d56e33
3984ebb2
3ff8c983
3915fb6d
38f796fa
3a873ca6
38d558ca
39010387
38e4bd0e
3fe7b078
3fd84dd4
3fde6430
3fd7664e
39ff0ef7
39e45038
39ab4192
3fe0164d
38eed23c
396afa19
3fdc16c4
3fd108d4
3917b6bf
3fc5b450
38f40490
3c0234f1
38e3aace
394068d0
40028ddc
3fbe0b19
3ff8fcac
3fefe936
3ac68f33
3fd174d0
3909dbf1
3fd4e010
38d37641
3fbb91d8
38da42b2
398206dc
38e997b8
39d7177f
38ed15aa
39b86d42
38d379f6
396a6619
38e98d10
391a6352
3921beab
39812cf2
38d2f76f
3920876d
39cdba6c
3a1ce2ae
39c51228
38ea9754
391f0e97
3fdd3efc
39049266
38f89bf7
3fde817c
38d2196d
396f2730
3fd8c032
392bce06
399b6fc0
39177909
390a51ad
38d4a6a6
3fdadad3
3fd97c71
3fdbc854
3fc7a700
3a709947
38dfe549
38f531ea
3fd4bfb1
38dab70f
38d50a8b
39bb9f6a
38fc1347
39875a96
38ee8827
39d4d3f8
39fda11f
3faa2811
3fa5f06b
3fca9e19
3903fe67
39031ae9
38d70189
38ff0b2d
38f23e56
39312769
39de7c48
3a096eba
399d5bc1
39101118
3932b555
395d8dec
38eea23a
39460fa1
38e69d50
3a27c350
390b65d4
38d6fea4
3fd7d554
3fe03999
38d3ef9b
38d4e01c
38f74075
38d3af6f
390efa3b
3907c63c
390b562e
3980d9dd
398219a8
398513d6
3960c556
3923f417
3fab4662
3fa2b226
3fa86c92
3986830e
3fcb798a
39410f41
394417de
38ec3212
3fdadc4c
39b4452f
38d490a4
3fd14303
3984e69f
391f8afc
39584c22
3faeb694
38db2472
38fce279
3a1f03d9
3a257f9f
39560fc7
390042e4
3fdaaf8b
3fd8fc42
394b87cf
38dfb437
393840be
391151cf
38d41058
3fb9344c
39a1b83d
39264c8d
3910f060
3fd001ae
391e8635
38dbc923
38fc444f
38db6ad3
39091dd3
39a8c027
39095aef
392f4064
38d7e134
39b13b2a
393ab925
39084b02
39c706d7
39bc2ad6
3fdef0a1
4004c6d6
3a5162af
39d51532
3fd146b4
38e2624f
3b16e506
3a20f244
38e3a214
391ea2b1
39869dc1
3951f0da
392fd82e
3909af58
397793eb
39186d87
395193ff
38e25e4e
38dea91f
39821316
38ec0614
3fc3c9ca
39bb9b08
3b1dd323
3a27e204
394beedc
398a7dc4
39b3bad4
39376b12
3fd87571
3fda871f
3fe013a3
3a84822d
392d6420
3a06a485
3fe22c13
38dcd39d
3920b2c1
400258ad
3fe9b3a4
3935a175
38f0d6b2
3fda63e1
3fdf5cc7
39873986
3919e584
39b8051c
3a4b3084
3ad3aba4
3b41d6e5
39277842
39c9c860
3a1b5aa0
3a389dc9
3a559df9
38da229b
38e0ae3d
3fd83f17
3a02cc20
3fd0a203
390c30af
3fcff15a
3a05090f
3997e340
3fda7900
3965eba3
3930c21b
391cf726
39660fa2
39aaabf4
38d2f8f2
39136c26
393c2fe2
38d72194
38ddf429
390f2b89
39025101
39164642
39298485
38eb08f6
3ae680c7
3a143f6a
3936dfc7
3b7d0901
38f6c9d2
38ecdd15
3fc790cf
3909a2d8
38f40f7c
402d023e
40196bed
38daf3c2
404289bb
39a7f0e4
38e08cac
3901544e
3a71ff37
3ff54d7e
398efd53
40456756
394686be
402a8acf
38e02b69
38da048c
3a5cab90
4027cb00
4025b78b
4035d6fa
38da31ac
402a5810
38eee226
404f14a2
40241787
38d49a35
40196855
40533b7f
404af8a1
4032807d
4049c9c0
38f330bd
402c4ad2
40574aa5
4057aee8
3fcea92e
3fd3d2b8
3a98f13d
3fd0a64a
3fc9f038
3fd1f776
392bb7bf
3fd69727
4002e86e
3913b61e
38d23270
38da2e17
38dc5698
395b5844
38d2fb7b
38d8aacc
390fefc7
397810da
3980d10b
3fce87e0
3fe9114a
38d8a4df
38df503a
39277ebb
38e2e899
38da97e6
38e94de4
39c3a015
390d3599
3fd1a8c4
390ab262
3fcef4a2
38d1d3e9
40052cbe
40049384
4002c9f8
4004747e
3fbd0242
3fc6184a
3fcf9973
3fce22cf
3fb44d07
3fb9be09
3fc56b47
3fb3b126
3fa6603c
3fcb808b
3fa246ed
3fb11808
3fd6b5ae
3a2dc644
38d8d580
39c60114
3a5e9ca8
3aa06872
3aa99aba
3a7d5ac5
3a125694
39cb8c99
39c3ea3c
39ca2b56
39e0c572
3a165b96
3a5bd217
3a8baa56
3a7ad079
3a0379a1
396482da
397bfd08
39438a28
38f054e1
39cbd9ea
3902c9e9
38f0edf4
3fdde434
38d263c0
3fda15ad
3a5f291f
38ebce86
3910c484
3fdb8405
3fdbca91
38f1df51
3fea3903
395814fa
3fee5492
3fe36490
3a47d93d
3fd2bf11
398f67fe
3fd944cb
3910bf3b
3ffcf3af
3fd97566
3fd2ff56
3b618c5a
3bc8b496
3beba074
3bd50bd0
3bb02cec
3fbdfeac
3ba180dc
40042177
40063bf4
3ff5d001
4002d713
3a0c4e5e
3fb53fcd
3fe7bccf
3fb29018
3fb100c1
3fed1b01
3fedc05f
38e402b2
38f541c7
39313ed9
39a82fb7
3fdb39a2
3a6e3d9c
3aa81a18
3aea2780
3b2c6e12
3911d6c6
399e7d69
3a1b1388
40008bab
3ff959b6
3ae42952
3afcc374
3b05ff64
3fee4e76
3aff5de6
3ae88a5d
3ac5a72f
3fd77670
3a2d3953
3fd591e0
3fd722bb
3fd7c180
3fdfa6b4
3ffe11d3
392ea8ed
3fdf0406
3fe1ec3e
3fdce76e
3fd91be6
3ff1b3da
3fc198b6
399aa393
3a215b25
3a84e2ce
3fea463a
3fd4896f
3aa45d98
3a5f08f8
39e6cef1
392f32cc
3919d6ef
39caea65
39920a89
38d55535
3934982c
3963bc64
39819c53
38e70073
3932fb98
3fae2216
3facd7fe
3fbda97a
3fab0d14
3fb328b4
3f9f4ad7
3e1d84aa
3e22df84
3fe5ef25
3e2b8cc8
3fbd6356
3fb9ba3c
3fa6337d
3e311b1d
3fe0de67
3e2e2884
3fd85a5a
3e24f1b5
3e1e84b0
3e165318
3e0ce299
3e007d5e
3de4ab8e
3dc5e344
3da65b12
3d883889
3d5989a9
3d2ce69e
3d0b0799
3cea8e4b
3cd2bc0c
3cca2e3a
3ccac0f2
3fcd896d
3cc66f79
3cb55a84
3c9812f5
3c6e813d
3c334c11
3c08ac8b
3bdd930c
3bbfc91f
3fafa1f1
3fbe4b3b
3fa85c60
3fa282d0
3fa9f724
40079f7e
3fdc1e92
3b175d18
3b570f2f
3fd5abd8
3b8e4514
3fad5a3e
3b8fd4d4
3b8c641a
3b8aaa02
3fcc6124
3ba9c240
3bcb1a35
3becd20d
3fd5edb6
3fe7fe08
3bb8e8e5
3b35864c
3fb3a065
3fcf6da4
3fd86563
3a301ce6
39d43619
38e87886
392a5381
3fac9942
38daf8e3
38e0f177
3a4fd539
3a0b0d05
39144e31
38e6b2ae
3999119f
39579b42
39cabe93
399332dd
3fb78b2b
3986ce4b
3fcd428f
398020d7
39093612
39bd82bc
3945ca89
38dee5b6
39ba4d58
39840aab
4013aa02
38e10e8b
391bfda1
38e9d523
392e35a6
38d76782
39837461
38f2042f
39d04245
39666944
3905769e
3a1dd9aa
3a020ec7
39ef3562
39f8bcab
38e5abda
39374aa7
399a3726
40010afc
3fc7be4e
3fc56148
3fcd459f
3921ca87
38e9eb72
39117d76
3907e518
3900dbb4
391c2b91
39244ef5
3fd7144f
3fd83340
3fd6036c
38f991d3
38e5dd28
38e89a3b
3987c1cb
3fcc866d
38f84ccc
3fdfd42d
3fdf507e
3fd49f2b
39339656
3fbd90f5
3f9ffd54
38eab273
38f7a2ca
38d7fbfa
38dd5dc3
3fdb108a
3fc14e08
3a6fef97
38f4e301
394bbba8
3973f0f0
38ebe5ff
3fbe03fc
39134876
38de63c9
38d1b887
38e4d3de
38e05c8d
398f414f
39a51ace
3903a1d6
38ea13d0
3920933a
39419541
39529087
39570239
3fc43c51
3fbe5100
3907b6c1
38d3a73e
391088b4
40515b6f
38d6b26a
4038c40e
3a081508
39899a47
38d88821
3902adb4
3902b7b3
391db052
38f1413c
39112463
38d2b6fd
38ff6b94
38db8cba
38d63c40
38e90688
38dde18c
3fdc73b3
39d58794
39c430ed
3fdab484
3fdc9898
3fee88ad
3908f8e4
390ad13f
3fdc295d
3fdbd5f5
38f7779d
390a5d86
3950ba66
3ab151ea
3fbe3788
3ffbeaa7
3fd139f4
38ed13bf
3fdb4b2d
3fc8fd8d
398477f3
38d58fa2
39508f27
3a913067
391118ec
3983a295
3fe13b3d
39065081
3ff55cb8
3fdaf8fb
38db2239
3fe0c663
3984472b
38ef8f9b
3903d0a2
38f5ca10
3fa9cacc
3986c8e4
40095eaf
38dc6dc7
3908ac3b
3fd6c212
391f6122
38db37af
3a216133
3905b157
3fa41fc7
38ef85d6
39f9c6c6
38e1e0ba
39188c2d
39f6322e
3a108627
39f7954e
3984c9b8
38e5b15e
399b217b
392c0868
399126ce
392b5735
3966db0a
39a08463
39d3f9a5
3903dac7
3911a768
38f11703
394c1a99
398ba37d
3994f780
38eea79a
397e20dc
3a13a349
3a8483b7
3a942001
3a393a21
39a22454
3fd826dd
390a9ac1
398432f2
3fccfce6
39000dbd
38ec0880
39a86ec1
39b88b47
38e0c51e
3fc0ce16
38e59709
38fbdccb
38f19fee
38e869d6
38e7ea2e
3fdd74e0
390abe66
39be573b
3fc32eae
38eefc5f
39b4e467
3951f4d6
38f801f4
3951a75e
38eaf45c
39f9340c
39c0ff34
3fed99fe
3fcef1ae
3fccb2c0
3faf6904
3fb3200e
38ea1964
38e30ca5
3979c254
3ffd3304
38d8566c
391431ec
38d7e283
393e98b0
40344442
404dbd66
3930f879
40381b59
4052d7fe
402ef188
38df53f7
39206a61
395e7ecb
40522903
40395e80
404a7a60
39305e97
40653cec
40641424
40648803
3913dbd9
39648913
4016172a
3fcd41e2
38df7987
399aed40
3934cfbc
3ff24dc7
3fd38ff2
390fb926
38e65570
3fd12fb9
3ff6bca7
38edfe56
3fd23b54
38d536f6
3ff0eb41
38d35540
3fd770dc
390d95fb
395179aa
3fd5dd24
3fd9487b
38fbd3c4
3fc9cb7c
39042adc
38fb6862
38de2414
3947b3c1
3fd91460
38fda177
3fddc137
3945a5cb
3fdb62a8
3fdc7f02
3fdf32b1
3fdde3ee
3fdc42e4
3fd2ae57
38fe13b7
3939b39d
3fe5a3b1
38da9573
3fe5a4c3
390b0d4b
3fe58268
38f2c465
392a4a01
38d3e999
3fc03440
3994224d
38d7dfe5
3fd1db6a
3920876e
38f7ad67
3fbe2424
38eed470
3fbfbabc
3921de94
38dfb5e7
393dd104
39064081
39b3d8c3
39b98955
39ce7391
39b58d25
3fb99244
3fc7e255
3a0ee88d
3a0c3293
391b7199
3fb6d960
3903b21c
39179a88
3fc251e4
3940b2c5
3fd87867
3fd9d2d8
3fb0e920
3fd229ca
3fcb077c
392d6e4c
3fbe0f90
3fd1cf7d
3fce15c4
3fce8dc6
3fb754a6
3fbea3b9
3faa0ac5
3fbcc69e
3fcae0c2
3fc463a0
3fc89e10
3fcbe7b3
3963210d
3fb1d1ea
3fb47803
4001d38c
3fc957a8
3fb2e6b0
3ffffac2
3946ba3a
3fb3612d
3fb245e7
3fafd0bc
3fb478f0
3fc0bd49
3fb87cbe
3fae66ee
3fae5138
3fa00894
3fbc4b00
3fa51b60
40002368
3fc1ba7c
3fb02fd8
3fb13f9d
3fab4a22
3fa102d2
38da6ae9
3fba9dfd
3fabc0d2
3fbe21e4
40014475
3fedbf4e
3fece27e
3fba389c
4001a73f
3fb37016
3fc4b38c
3fb0ad80
3faa3cc0
3f9d784a
3faa96cd
3ffabe19
4085f67e
4082773b
408cf8fc
40837b23
40834439
408aa1f1
40862495
408243c6
405cc97f
408a09ca
405b88ea
40237552
4062e475
3fcb81e3
3fd29574
3fd25306
3fcb21fe
3ff751c0
3fcf28b2
3965542c
3fef607a
3fd8b3e8
3fd29a28
3a18f1e7
3fdef14a
3fbdc72c
3fe90af8
3fdc89f7
3fe5df7d
3fff267d
3ff36962
3ff81cab
3fe9cb3c
3fd0bada
3fd0af63
38d951e2
3fc22571
3fde29cc
3fc29ab9
3fc9cba6
3fedba46
3fd9be6d
3fd9fc33
3fdf176b
3fd1899a
38dd164e
3fbdfd9a
38e9f4af
3fc0868f
3fc3b498
3fd0ac28
3943da3f
3fcccbde
3fcc3367
3fcb4f49
3fd045ec
38f4d3ae
3a077e95
3fc8bf86
3fb18050
38d59749
3fc04ea3
3fb09aaa
3fc194b3
3faf8baf
3faf3868
3faf535e
3fb6e380
3faa6a5c
3fb27e75
3fc0c8a3
3fb4f1ce
3fb62485
3fb23096
3fc73143
3fb38d3c
3fba220a
3fb1b9c4
3fa9d19c
3faef3f0
3fa4a77d
3fb8fc39
3fa6c740
3fb398f3
3fa9ca98
3faa76f1
3faa1a22
3fa7d60e
3fb54823
3fa281ab
3fb3f1f8
3fa13f2b
39937f0b
408ae7e0
407a157b
4087614c
4076e6e2
4072a0af
40862b35
406e5860
40741880
4079268c
4074f31a
4063c36c
406c4122
40773720
406e7776
40743fbc
40737fc2
40682d0e
4079bf84
407fb522
4075158a
404db2dc
4073b020
40739e92
40745660
406f7fa6
407a457c
407975cc
4073680a
40808187
40784f2c
40546a80
4081bf42
407dfa66
403bf7aa
4078d3e2
3fcca105
3ff38bd5
3ff00ba6
3ff89fe9
3fc94f50
4028b7e1
4021dcf5
4028b802
3fc40590
4021db01
40203cec
4024a9fc
402715d2
402f6cd2
40285583
402759ba
40247d3a
402f7571
40223d8a
4025dabd
402f6d23
3ff4ad73
4018358b
40034ea4
3ffd5c9a
3ffcdcc1
3fe3a20d
3feab6a0
3fe18f98
3ff0eba3
3fecb6d7
3feb21fa
3fe1061f
3fe0a1f3
3fdff414
3fdbccfa
3fde0bf6
3fdb49e4
3fcf05ea
3fc92654
3fcf55c4
3fcbc8fe
3fca87fd
3fd6b58b
3fd0bd72
3fd2eef4
3fc40ff2
3fb9c3ce
3fcd1246
3fbc575d
3fb4a3e2
3fb7e8c9
3fc83b00
3f9f497b
3f9eda4c
3f9ed085
3fb726df
3fb2c81c
3fa35c64
3fb63a8e
3f9ebd06
3fb74967
3fb4b7c2
3f9f96e2
3fa4574e
3fabda88
3fa1ad7c
3fac4f20
3faf6494
3fa529a8
3faaccb8
3fa3efba
3fbe326c
3fb25350
3fb268d2
3f9ef06c
3fae9920
3e331852
3f9e9b82
3fd403a4
3fd27b46
3e109961
3fd54b1f
3de728d6
3ff2110f
3da35a3f
3d8175ad
3fda443d
3d174ea5
3fd92447
3cb54db7
3c9ba2cd
3fda1041
3c9690cc
3c9966ad
3fdac490
3fc4933b
3c462f0b
3c02d1f6
3b9bbe0f
3fbcff46
3fb9b9f5
3fecd442
3ffd4f51
3b1925c1
3ab112fb
3a11e82c
39d6dbcf
3a82dea5
3b086526
3b585f72
3b92b716
3fccc164
3bd15312
3be5143b
3beea4f9
3be6d83b
3bc9a547
3ba3048f
3b8b928d
3b971515
3bc30af3
3bea9a74
3be7f217
3ba1d9df
3af6258b
3985a6e0
3acf080e
3fd9cf5b
39309675
39d06b7c
38e4174f
3feaced9
3fd438c6
3967b1e7
39ea6741
39c14f89
3a45e024
3fd861d1
38ffe735
399421a1
3a120726
3fcdd65e
39567fa8
38eec872
3907e8e2
390b465a
39531735
39cb8b9e
3fd47231
39aa7c2f
397a8056
393a1b7b
3903d074
3fcea3ba
38f52210
3911a250
390eb4b8
38d4d6ad
3952ee8e
3fdc3fdf
396ffabc
3fc3da92
3fd85d7f
39552381
390b3b38
39026293
3ff6c4d6
38f1ed6e
3fd438b2
3fd9eb48
39904e65
391b36fb
39997d66
3a0de471
393d29ef
38e6673f
3fcf857f
38dea991
38f87416
38e3017d
391775fc
3fce807c
38d5919d
38db2a4a
40338f14
402f8292
38df872f
39810645
398e9edf
38ddf753
38fcea61
3fd2a5bf
38d29c0d
39413b0c
38f6e556
3fd66cfa
3fef1c08
3fce36d8
38f9372c
3fd1a7e6
38d2358d
3fb562de
3fe41252
38df047b
39a1676d
38d69cca
39298de2
3fc43cc2
39f2f73e
3996d492
39010f91
39314ac2
39353cf3
391f221b
4051da69
403505f4
402d1874
403556b4
401e1a3c
40399a24
3fe9d25c
3fed26b5
3fd1737b
392d8384
3fd32d90
3fcd4c51
3fb3c757
3fcc5b28
3fbc7988
3fcdd691
38fa16ca
38d5f417
38f2de31
3fda3974
3fe3e6f6
3fe44084
39086b2b
3fdc96c1
38f8e138
3fe7ed3c
3909fccd
38d69b1f
38d871fe
3fcb72bc
3fd75c59
3fb17ff4
3fd665d2
3fad17c2
38e211b5
38dc2364
38e2e4b2
3913bb8c
38df5009
39163156
38e169a7
39061236
3a48cc3b
38fa5b62
397751b0
391c4a28
395607a0
39a41272
3944aef8
38d76a7e
3fed8639
39ac5ddc
3906979f
391d0687
3a2fe160
3fe16ab4
38d755b0
3fb79b8c
38d2db71
38d4301f
404ab19e
40522722
3ff6d55b
3fc951f7
3fd70d7a
4066bcb0
406b12aa
40694f08
39a7d47a
3ffa8d2f
3fcfe776
3995bd1b
3fc31e2c
3fdda8c9
38dfff37
3fc5ac74
3fc0dc62
3fbd85a4
3fd2df46
3fc5d585
3fd75bf8
3fb69f9a
3fc11f00
3fb18a2e
3fabcd9f
3fae7d4e
3fab4a66
3fb03aec
3fbc9374
3fb7c469
3fba8700
3fada407
3fc40ea7
40576a78
3fdf3d79
3fd31efd
4001f9ab
3ff5003f
3fec48d2
3fdb5d83
3fd0b729
3fbda27e
3fd704b8
3fc812bc
3fb42ee1
3fb494f5
3fb5db44
3fb10067
3fb50bb0
3fa02006
3fa6bc62
4070ae84
406f0b00
40722c20
4072bdb2
40726298
407b52f7
4071e15c
407b2daa
406ec4de
4082a537
40259bf8
40286f77
4024a473
40289f33
4024da93
4025b6c8
401087ef
4003a64d
3fde721a
3fe522ef
3fd81fb2
3fe621d7
3fcd01d6
3ff88c71
3fc3462c
3fbc6954
3fcc1c6c
3fc4e442
3fa2e5ad
3fbab37a
3fb42f4a
3fa10409
3fb0e408
3fb33d7e
3fb2ce16
3f9db684
3fabc296
390b2891
39871157
404b38dd
404a19be
40985f6f
3fc05e96
40804af6
4027cac0
394337ea
391c3b59
403fce4d
404bf070
40533306
38d2605a
3fc4f36e
40665f47
40612937
40629b32
4068a800
40793e76
4070f76f
4040d130
403de73e
4064491e
4042150c
40775339
4047133a
40468d9c
40495cf8
4058e637
4040fb04
4048c86a
408a8b45
405d6bb6
4078a410
403bcad9
404474f8
40706d67
408515bd
4049fa43
404a3350
4049dc50
406ad286
402e7a80
408b0f72
40852817
405e148a
4086215d
4082285b
403520ff
40469e24
4070776b
4046b316
40815920
406ed008
404eda90
404915c2
4027946c
407c1cf4
4025c602
40253c45
4034c6da
3fe746c9
402aff96
402dbc27
402a690a
40260dd5
406f5420
40814848
402b5fa8
40518697
402526d4
3ff7439d
40275e2d
40272fde
4071a93a
4020ce42
402eea30
400c6243
4013ceb8
40096a3a
400a3604
4009bfcc
3fd2bc73
3ffb5290
4012d1a2
3ff2c899
3ff48564
400a44a6
3fd5eac5
3fec65b7
3ff4f231
3fd742ed
3fe1b8f6
3fef5ffe
3fe6fc00
3fda3b76
3fccf833
3fba467e
3fc92e68
3fd64bf1
3fbfd277
3fc8dafe
3fc2a7a5
3fdb184c
3fdd3eb0
3fc5db09
3fc9c43d
3fd7275c
3fb01c09
3fd6e94c
3fd9083b
3fd14c18
3fd636ae
3fd8f4c2
3fb3f7e6
3fd4e0bf
3fc232ef
3fd889b4
3fcbed02
3fdd7176
3fb481c2
3fc69919
3fcc53dd
3fb792cb
3fc4b0de
3fcef81e
3fb41947
3fb8075e
3fc10131
3fb4e528
3fa4548d
3fc8c860
3fc89609
3fc0ca22
3fc56fa8
3fa18ab8
3fc92336
3fd1bc38
3fc7077c
3fb91ffc
3fc17a2d
3fb4e208
3fca7438
3face996
3fa264f8
3fb9fa0b
3fb7f13c
3fb78e06
3f9e5a8e
3fa1438d
3fb43250
3fb0fac8
3fa18f37
3fb3f10b
3fb0824a
3fae2180
3f9fd982
3fadaa3c
3fa43e34
3fa34f3e
3fbfe4a7
3fbb68ae
3fabb6e0
3fb09b0c
3fa5a2fe
3fa12e25
3f96ea16
3fa67272
3fb0c37c
3fa38754
3faa9c8e
3fa55644
3fa4e9c8
3fa08260
3fa545c6
3f9e18d6
3fa42e86
3fae90c3
3f9f53a0
403764b4
403801d7
4035581a
4033fe7c
4033145a
38d447b2
3a017705
403d82b3
39c77367
403a44a4
405d716c
39831456
4033f4d0
38e7dbe4
38d6dd9e
403bb2d1
403a146b
38d49aad
403ed733
403d3864
402d0c15
38dcad8f
4064970e
40406fd2
392e9210
4046c837
38f939d0
403d4f17
4029e1e4
3ff992ff
38e81d6d
403da10c
407b6ed2
4040295b
403ed147
39055ab5
4044f96c
40438a0a
3969e874
4042069e
403fb830
390f2c5c
39ac62b9
404702d4
40197624
3b3863f6
3ffef47b
40004f01
3aca3958
3a871462
3a27babc
3998238d
393e855c
3ff4e9c0
3ffe64d5
39ceed7e
4002cce8
3a279d38
3a08f03c
39ca6ad2
3fed3311
3fd04d94
3ff68267
3fe5c3a5
3ffaf5f9
3fca44d4
3ff7d16e
3fda4c38
3feae033
3ffb37bb
3fccedbc
3fea731a
3fbe79de
3fec2db2
3fda7f07
3fd0289b
3fd44bab
3fd1f9cc
3fce6bd8
3fc6b840
3fd2ead2
3fd6f1d7
3fc41b84
3fc0f80c
3fcb6b0b
3fcadbf4
3fc65458
3fbab9e4
3fb78992
3fc3a895
3fbd3aec
3fb2bf12
3fae39e6
3fc38200
3fafaabf
3fb952ed
3fb62b92
3fad44da
3fb12006
3fbbe8f6
3fb9f3d4
3fccf0b4
3fa51787
3fb860ec
3fa4658a
3fae899c
3fc52042
3fa08910
3fadd53a
3fa32f6e
3fb2e8ca
3f9d332c
3fa7667c
3fa6541a
3f9eeb2c
3f9f9bbc
3f9e27e6
3fb5d77b
3fabb2ee
3f9e6443
3f9d789a
3fb244ee
3f9fd19d
3fb5c7dc
3f98c722
3fa3e54b
3f962a65
3f9fb3da
3fa300aa
3f8dd9d9
3fad87cf
3f8eccc1
3facddb5
3fa0949e
3fa3823b
3f9ec440
3f8b8af6
3f8f5708
3f954746
3f93d42e
3f8e6e56
3fa073fc
3fa06f8f
3f984244
3f8f734d
3f9b6bd6
3f8faf6e
3f9570fe
3f955751
3f886064
3f81420a
3f8d8081
3faa7905
3f973532
3f8a6b6a
3fa09ac2
3f957102
3f94fabc
3fa4332a
3fa958c6
3f97fd6d
3f998153
3fa08d26
3f9c38e6
3f87fb26
3fa8ed32
3f928517
3f9a1c16
3f999b40
3f921531
3f8b877d
3f91e980
3f8d748c
3f986a8e
3f9d9222
3f975d98
3f91d5e2
3f953ede
3fa86201
3f9de890
3f9f76d6
3f97ea1c
3f947878
3fa6dcbe
3f968b84
3f82371f
3f9eda0b
3f873f58
3f82ce90
3fd27c04
3fcf57be
3c4e5837
3c4eb38b
3c2ef233
3bec4fd6
3fd1b5a2
3a83dd18
3ff45c47
3a75b563
3b0299b1
3b2db1e1
3b2f41a0
3b1b1b8c
3b108cdc
3b1fcd33
3b488d25
3b800e44
3fdaba8a
3fd80698
3fd8f739
3fd7647c
3fdd13cd
3c14aca3
3c17faa1
3fd3ec5c
3fbc381e
4000625c
3afb6c14
3ad35216
3b39c6a2
3b82a099
3b55a320
3aa4a50e
38f558cb
3fde5267
38da1dc2
397b0352
3fe13029
39317407
392b5d72
38ef509d
38f8d45e
3fb87081
38e14e2e
3ad03a43
3a71cd75
3a89ea75
38d5a86c
38e02023
3a08bf27
38fe9187
3921199d
38e5c2a9
395a6dfa
3904d87e
395e14bf
3fd53cb9
3919fdea
3fed5710
39749f96
392d6d0b
38d984c6
38fb2a55
3905119e
38e850aa
394cb21d
39bedd96
3930d954
3fb84b1e
393096a8
38fd4b43
391bb079
396a076d
390cfad1
38dbdbc3
38f2ad38
3928dfc5
3982e908
391e43ee
39097dc3
398450f4
395e562a
3fcd3126
3fbb6c5f
3923f417
39be8148
3930a61c
39453089
391856d1
38f5bafc
38e19bd5
3908d491
39095a62
3fd8c513
392bb7de
39085878
3fd236e2
38da086d
38e53de2
3fcce8cc
3905450a
3fcddaab
38d6cdd3
38d48ae7
3fd1e537
403d40f2
38d6d800
38f2d18c
398c7155
4018cce1
38d828c7
39a1844f
3fd81817
3b1cbe64
38f50bbf
39f90d62
398eb43d
3912af77
3fcdc6ab
3fcfe03e
399f1154
3fe07d8c
399f1399
39ac7d90
39c1df4a
39d4479a
3fdf1319
39c89675
39b43c53
4005d0f1
392f599a
3917e793
390c6733
390a199b
38ed4ed0
3fc4c150
39200ea4
38dbb816
390ee601
38dab8fb
396cd288
390b5e03
39173801
38eaae74
3fb05bf6
405e5656
403e0578
403c8d9e
405ef4de
3fcfcdd9
39184fad
3f9c08e5
3fb1821b
3fd228a1
3981cd2e
39cc7773
3fdcaf93
391100cd
3fd92f3c
3ff99a90
396da879
3fe1d1c4
3fd8c221
3a5e3190
3fd4e2e4
3909a6f4
396d87a7
391999a4
38d975fa
39485bb4
390a431e
3fcb24b0
3b50f00b
3fae77ce
3959b2a0
39062982
38d69fd4
38d4a0fa
390f4b48
3fd8950e
38d552f4
393a6c62
38dd240e
3953ecfd
39a0a370
397450a5
391c8e6e
38e0d4f3
3946fbb8
398386e6
3903cbb4
3912a2a6
390879ac
3935d99d
3a2196f6
38dd4e17
3912ea78
3fbe7a17
3fc30b42
408511e7
40348d04
40875b1c
405be464
4056e520
398506af
3fdb8c7d
392a3d9d
3fbd9c7b
3fc424c6
3fd2ed21
3fccfe30
3fbb77bd
3fb82bc6
3fc77c48
3fb459b8
3fb2506e
3fc1326c
3fa0a590
3ff31f48
3fa34ed8
3fba78ef
4080d949
405ea36c
405aa39a
3fc90379
3fceca8a
3fcec2bf
40121925
3fed2616
3fef3f52
3fc80bfe
3fd8e3e7
3fd50294
3fd7b3b9
3fd777c4
3fdd6109
3fda0c4d
3fae3366
3fad120f
3fb40e15
3fb2eae2
3fbd4224
3fb6405d
3fb0d60c
3fb7606a
3fa4a62b
3f9f4162
3f9f3430
3fabb86c
408b4de6
407a5d37
405c5c70
40265a9c
402607f8
40248012
40138233
4004f5ce
4000d220
4004ced8
3fff34da
3ff9a4e4
3ffacf9e
3fe6a1c5
38e268a0
3fdbdb85
3fee1a11
3fe67557
3fd80c1e
3fcfa9fe
3fc6a024
3fd17e2c
3fb6c5f2
3fb51a06
3fbf9de6
3fb6fe08
3fa26320
3fb1d70e
3fb54e25
3fa0a755
3a0b9b5d
3fe503fe
3992bcfc
391541b7
38fef135
3912470b
392c9825
3947542e
38e4f732
38d8f97a
3fdedabb
3930ee64
3fdc9689
397de9d1
3fd93142
4067a7a6
3fd916f1
3fb8b7ee
38f7418d
3fc09609
38ec5853
391f04df
38db40d1
38dc7f52
39bd7a44
39209c31
39cae4cb
38d9df00
39821899
3a208f99
38f82bba
38f384e2
4052df2c
3a9438cc
3b30ef37
38de48c6
4060f742
4022a582
3fe1d28d
3fb98d96
3fbd9a31
405cb0fc
3fd0d2de
400190f4
3fe2f9b4
3fd13a1b
3fe0da58
3fcb0f73
3faf76f2
3fa86102
3f9d775e
3faa75b2
3fa60e8c
4070d007
40714c4e
406c7882
4028fac4
402a0d94
401a47f3
401b36a1
400e37d4
40122b0d
40045c6a
4005c742
3ffd3369
3ffa4ccb
3ffb9095
3ff3694d
3fe5ce6f
3ff247bd
3fbd7c96
3fb62f50
3f9f8244
3f9ec20b
3fb5f374
3f9d7556
3f956824
3fa18563
3f9fed22
3fc8f34b
3fd6f2fd
39709dde
404ab64e
405cb1b8
40594b87
4047c1b8
4072d466
407356e6
406a98be
4052e8c2
4024b1ea
40222582
400b15c3
3fefb3d8
3ffa6b9d
3ffaffa2
3ff3466b
40014d78
3ff12daf
3fe66dac
3fea47ae
3fe48cc6
3fd66b37
3fce1c8f
3fd1a260
3fda0d1d
3fb9d9f1
3fc3d66b
3fc53742
3fb44abc
3fa57133
3fa8d77f
3fb3f4c6
3fb08e1e
3fb175a8
3fa9cd5b
3faac568
3fa67508
3faff5fb
3fa8d9a3
3f9d1c8a
3f9c710c
3fa01650
3fa13d08
3fa2482a
3fa19b8a
3fa75fc6
3fa274b8
3f9ddd40
3fa09f78
3fa04cb4
3a29028a
4038fce6
403eb21e
403b4fee
403e40e8
403c6c32
398942aa
4040a59c
3947a439
4046c170
403de5cf
40410276
40433c60
4048cfd5
3b87ed81
40419b48
404941bc
3919cfee
4050e57b
40461220
40520390
40524f8e
404aaa52
4005197c
3937a81b
404ba734
4049fac0
3ffc7b54
3ffb94ee
3ffa969d
3ff2a3cd
390cbdc4
39d8c6a6
3fdb7f3a
3fe746d0
3ff39bab
3fe97eac
400b353c
3fefc651
3ff4b2d4
3fcc8a1a
3fd90a40
3fe8488c
3fde4171
3fdc8fe3
3fd866a0
3fd5419e
3fd36720
3fd1fd8b
3fc610e6
3fc0872a
3fc1c07f
3fc27f3c
3fbec0ff
3fadec62
3fb7998e
3fba8930
3fabd729
3fbbdf5e
3f9e9134
3fa35510
3fad9cf9
3fb3e396
3facdf0a
3f989278
3fa7dcb6
3f87e57d
3f8d6b2d
3f8e5882
3fa7e697
3faadebc
3f9662fa
3f9a52c0
3f9aab74
3f8e46c9
3f8d93e7
3f9c9f0e
3f94b93e
3f9998ea
3f881af0
3f91533e
3fb1d82c
3f91cdaa
3f8cc5e8
3f9787d2
3f903318
3f9610c5
3f896600
3fba8e50
3a4266be
3a093871
4071c390
406af4b4
406b8e20
39172893
40441098
4067c4e9
4031c991
3a4d75fa
3f88749c
3a8ae455
3a7c8a2b
4035f1ef
40592c9e
40552435
403b625f
40502bd9
39024d76
39f03f75
3fe88e14
394c6e05
406b7c82
406e68cb
4030208a
406737aa
406cef12
4079a916
3a4cbcb1
3a6081f3
3a525c9b
407e14d8
405af2e6
3a42fd98
3a8e6468
403e35b2
403fae02
4073956e
3fea6501
4029c269
4050a672
4046f770
408480c9
40789c6a
404524c9
40565118
404fffe8
404acefc
404c0bb5
3fb99dbc
404cefaf
404e050f
4055fa54
4016141a
4010618c
40058b4d
400a3463
4009184d
400d2a60
404cbbb9
400caa5d
404f07c3
4004c608
3fff2abf
3fff3935
4003832a
4004d6b3
3ff53145
3ff0ea95
3ff2a2b0
3ff25d70
3fe3cac1
3feaf086
3fe727ec
3fe0f4c2
3fd542c0
3ff4d501
3fe38142
3ff66cbd
3fdaf049
3fcb4a38
3fdae424
3fefbf88
3fe345d6
3fde8905
3fc7c617
3fdaeb9a
3fd33308
3fca6830
3fda6e1e
3fc190eb
3fb125d4
3fd1a4d4
3fd04fa5
3fc671cc
3fc3ad58
3fc8f880
3fb670b1
3fcca3a2
3fcc4746
3fc8fb0e
3fd03f62
3fb803af
3fcbcdce
3fbe5aee
3fbdac76
3fc47675
3faf4b98
3fc0a235
3fa5c40c
3fbbe48b
3fbc9403
3f9d34fd
3fb08db4
3fb12922
3fb6a2bf
3fb84dee
3fb5dbf6
3fb081e0
3fbb7574
3fb1d202
3faf98eb
3f9a1fa4
3fa96e2e
3faf8d69
3fa9118e
3face53c
3fa8ec8d
3fa222e8
3fa35d76
3fa87d82
3fa45fee
3fa60a0e
3fb062e7
3fa4c089
3f9f3c58
3fa9109a
3fa1b82d
3fab2184
3fa8bd8f
3f9eba54
3fa69e60
3fad4934
3f99b80c
3fa746e8
3f96fc52
3f9bbdaf
3f99ee74
3f9b2090
3f9208c3
3fa79642
3f93f7b1
3f9c22b4
3f8f4c60
3fa6dcd0
3f92a35e
3f8d83f6
3f9be650
3f95cd04
3f91be8c
3f9ffb4c
3f9481a2
3fa85250
3f936147
3f975236
3f8a9646
3f9235e6
3f9dc536
3f8c2aca
3fa48e7e
3f8cb679
3f8e2010
3f92fe04
3f8f258c
3f998a35
3f8d9bbc
3f84f02c
3f8d6b72
3f8f7900
3f8e1c8e
3f88e0a4
3f9427be
3f89e33c
3f9215d4
3f8987ea
3f925184
3f8c8ee8
3f84e51a
3f8901b2
3f97673d
3fa2bac2
3f876b49
3f8e8728
3f8de256
3f89126b
3f99c988
3f8962e5
402fcdda
402840a3
403273fc
40842642
400af787
400a5744
3fb68ece
40086b27
400552de
40086a8a
3fff1edb
4008c5be
400565e8
3ffb5721
3fb57aac
3ff780de
3fbcb256
3ffecf64
3fc371a9
3fbb8cd6
3fe2e556
3fd7d236
3fdd1535
3ff39c08
3fd3f3d5
3fc6099b
3fe24e66
3fc7d93a
3fd9757a
3fc94331
3fcf7cc0
3fbb43e0
3fc05fa8
3fce357e
3fc5bf64
3fd0364d
3fd1ac6c
3fce5d96
3fceb344
3fba7385
3fc3d085
3fce2e35
3fbb8af3
3fbe986a
3f9f3702
3fc6ceb3
3fc10951
3fe9914b
3fbdb56a
3fb71154
3fbd5366
3fb96291
3fbda8d9
3fb0ccdc
3faf974a
3fb01c60
3fad6747
3fb1a2c1
3fac7aca
3fb7a7fe
3fab79bb
3fb1b3a2
3fb4fe52
3fb46b07
3f9e9cdf
3fb2f01b
3fa899f4
3fb2e0c5
3fa0f8f1
3fae26bd
3f9f29d4
3fb10afe
3faf25ad
3fa3cb7e
3fa9ab60
3fa23464
3f9d9a0b
3fa8ccf2
3fab1f3a
3f99b6ee
3fa57e07
3fa7a138
3fa92649
3f9c4e13
3fa9f6ce
3f9bd79c
3fabd082
3f96da0a
3f985a3c
3f97609e
3f94df6b
3f93046a
3f9a4d66
3fa4003c
3f8eba29
3f92d87c
3f9bd22f
3f894603
3f8bc436
3f927fb6
3f8c41ac
3f9a8c1a
3f8e25c2
3f8c5d74
3f910970
3f8967f5
3f8fedc6
3f983cf4
3f8d4ec2
3f884bd0
3f852d2e
3f8e8710
3f86a307
3f8a94fe
3f9695fa
3f8a41c6
3f8f189b
3f897728
3f85d847
3f8911c7
3f9aef2a
3f857907
3f836263
3f9a1594
3f859be0
3f866d8c
3f885c3e
3f88e3e9
3f8464bf
3f931a96
3f944def
3f81e1ae
3f964eb0
3f8dc955
3f85d7f7
40274ae4
404aeee8
3fe9e7e0
4023123d
4065d13f
40284876
407f9d99
3fe3fd45
3fbefc3c
3fbc9fd8
400f7d24
400b1a76
400b251c
400906ea
4009213f
4008b7ac
4004e861
400060e6
3ff5474d
3ff62bf5
3ffb927c
3ff57647
3fee93a5
3fde37c0
3fba5934
3fe9e613
3fe959cd
3fe1d3e9
3fd17d03
3fdd69eb
3fce7bde
3fc3a967
3fce3894
3fcfa028
3fc87856
3fc787b7
3fce60d8
3fc05620
3fcd2927
3fb9c67b
3fbd2170
3fd7e0a4
3fbed84a
3fc561d4
3fc93a50
3fc12020
3fb8a376
3fcedcf4
3fbc2fd6
3fb4fb26
3fb45792
3fba8ad0
3fbb2ec2
3fb71f26
3fb221a8
3fb891b3
3fb2ecd8
3fafe443
3fae7c58
3fb3afaa
3fb419c2
3fb1e76e
3fb533f2
3fb52a4e
3faef32c
3fafac1c
3f9e1b02
3fae5ea3
3f9fc438
3faaf5ff
3fa98bda
3faef5ba
3f9dc4aa
3fa794ba
3f9e846e
3fa19f06
3fa009fa
3f9bcbeb
3f9b17bd
3f97a1b8
3f9efb24
3f96a4a5
3f9d935e
3f96b7ea
3f9ba286
3fa13b9e
3f907cd3
3f971118
3f914d64
3f99b160
3f999d63
3f909a6a
3f8cab5e
3f967342
3f906412
3f9817ce
3f9399b8
3f8fe8f2
3f92f1d1
3f9624da
3f8be2a0
3f9088ae
3f8f9df3
3f8e08e2
3f8a5cb0
3f898664
3f8e7d64
3f88e7ae
3f90ad8b
3f8eaa1a
3f8f9a50
3f86ae4e
3f8859a4
3ff38bec
3f8ba911
3f8ddac1
3f8a3f95
3f854082
3f8d716a
3f9079b4
3f91561e
3f95bb96
3f989fb4
3f860da8
3f82f9cf
3f875a04
3f85bd48
3f9444cc
3f835d51
3f861490
3f8e7464
3f833cf0
3f8753e8
3f8f07bc
3f9276fa
3f825478
3fe81da1
40146aec
4075d635
40819fa1
400b11fa
40057db6
3fe6ef9e
4001815b
3ff37b31
40003cca
3fbac590
3ff16406
3ff6070c
3fe068f5
3fdbb68d
3fc6e890
3fc84351
3fc2d531
3fc52438
3fbecea2
3fb7fe05
3fbb3798
3fbe8acf
3fb6b457
3fb81491
3fb05700
3fbd5932
3fb34a8c
3fb2aa1a
3fb4abd1
3fae0b1a
3fb2bcae
3fadfc2e
3fa9b584
3fb04841
3faa3f6d
3fa78dae
3fa8fcc0
3fada86d
3fa6a5a8
3fa2e3ae
3fb028e4
3f9e576a
3f9f3d46
3fac6cda
3f9dfde2
3f9a077c
3fa09bfa
3f9db78f
3f9cad56
400abef0
3f960f96
3f9b9beb
3f95d9bc
3f8caab5
400c4d2a
3f906038
3f8b0fe4
3f9545b1
3f8c60ea
3f88e8ac
3f8eb710
3f8c7dda
3f8490a7
3f95d9ca
3f971fb1
3f8f3a90
3f864210
3f89f0e9
3f8e9d45
3fd50824
3fddcf63
3f8c9f3e
3fc0d718
3f86aa8c
3f89b7ac
3fe6df70
3f898cd4
3f877577
3fdd0a9c
3fc3d0bb
3fc60b62
3f850e67
3f859502
3f814871
3f89e118
3f8acd52
3f88639c
3fd6c5dc
3f88b8e3
3f883f5a
3fd64f58
3f851ec0
3f86fde2
3f8758c7
3f863565
40802df8
407b9dde
40279e29
3fde6234
3ff65505
3ff484a9
4088bea6
3fecee60
40083cb0
4006bc78
3fda599d
3ffa7954
3fec5779
3ff40f4e
3fe3a0dc
3fec8416
3ff35871
3ff2af62
3fdf182a
3fbebe84
3fd536d2
3fcf90b1
3fc09f9a
3fcd85bd
3fcd4010
3fc085a0
3fb5410c
3fcf3f69
3fbdffec
3fa7793f
3fb45a84
3fab0487
3fa00106
3fa1b885
3fc781e1
3faac2e8
3facab01
3fa2491b
3fa9a0c0
3f9cd882
3f9e25b5
3faecc04
3fa68d49
3fb5bec6
3fac5a3a
3fb2b195
3f9b7903
400faca6
3fa5448c
400e72fa
4014ec5b
3fa2a2b7
3f8bb316
400c9882
400879ed
3fa0b739
3f8a7f19
3f98f448
3f905cfc
400f5441
3fa26026
400943e8
40005e87
3f8ce6ce
3f8a65f6
3f8d1304
3fef9b5e
4017c554
3f8d35b4
3f91e11f
3f90b57c
3ff3fc48
3fedf3d8
3f88cb9d
3f89b012
3fd776c8
3ff41fb9
3f892b3e
3ff1dff0
3ff07531
3fd427c5
3fd0e43e
3fced957
3f84d18f
3f8409b6
3f817790
3f873646
3ab004a1
3fcfbada
3f86ea3e
3f828138
3f818ace
3ff113e3
4024837a
407838d4
4077390c
402051e2
40817d35
4078f2c6
40822ae0
405ce1d6
4088cf0b
406957e2
4085e453
3fecc631
3fbb8f64
3ff28429
3fcf1c1e
3fb6c1d9
3fd5db8e
3fcaf83c
3fc7e334
3fd391eb
3fc77196
3fae4134
3fb3479d
3fb4ced4
3fab994e
3fae7350
3fcb5d83
3fb5e32a
3fb07100
3fa5f962
40180d25
40166e79
4019eac4
3f9cad78
400de25b
40086691
4012bf75
3f8a3d44
3f8d71b2
400a6db7
3f8d9e71
4003ecfd
3f8baa7e
3f8e5b54
4009814a
4002c6f3
3fffb3e6
4000c94d
40006389
3feb0cca
3f857fac
3f8cbc56
3f8bb47e
3f899c70
3f83f882
3ffbeb23
4004bced
3f83f23e
3f8c4215
3fefc751
4072043c
3fed7011
4076c654
4076c6f3
402f63b2
4078244e
3febfb55
4012030a
3fe17d27
406cf102
3ff13e0a
3ffbb092
3fe04131
3fe3c398
3fcc9a88
3fb6d9b5
3fcf6aa8
3fc2d58a
3fc64018
3fc9925f
3fbd8952
40281f22
401ad3b4
401ccef1
40198870
401b68db
4014315c
4014095a
401a747b
4019ad4f
3fa4e058
401af3cc
400ce17a
3f99ed14
3fe1126c
400267dd
400705e1
3f971115
40081a1b
4005d951
3f8ccdcc
3f8bc7f6
3f94e4bc
400647de
3fffd1c4
3ff1663a
3fece235
3ffb624d
3f90cef1
3f8ee81c
40801e2c
406bb3e2
4081cb74
3ff08e13
40871d38
3fec7749
3ff98866
408008a3
405c6304
40581c6b
405d3fcd
405db45e
3ff885ee
405d2a76
3ff1280d
3fe59920
3fdc7106
3fe29c4d
3fca89c9
3fb7777a
3fcae12e
3fc4c3d0
3fbe0f82
3fe107e8
401c856b
401d012a
401ac9a9
401c53bc
402a9e0b
3fb7726a
4014a186
40193e7a
40199592
3fab9102
40126eeb
3ff8bd30
3f893b08
3fe9035e
3fed3972
3fe02738
3feb3bde
3f8f3c66
3f8f8637
3fed71ae
4087e1c5
40864243
408939eb
3feb55e9
3fdde601
3ff5e8f3
3fae01a7
4014c17d
40160740
3fc1a691
4013d6b3
400e362a
3fa6f9c3
3f8acf39
3ff31d8c
3fe68cb9
3fe5a3c6
3fe9eb6e
38e4e672
39a132b1
39594075
393daf50
3aaabce4
3946c3e4
3fdc9c78
3fddb28e
3fdf78c2
3fe20591
38dbbaad
38d93852
38df30e0
3907bb8b
3901e0a0
397cf0ca
38f5bdbd
391c8f19
3937c914
390ddacc
395b7762
39944458
3909845d
3fc642e1
3a1e64e7
3fd5be10
39c87986
3f9c2768
39bdd721
39df11f0
3a11731a
3fb10b18
3954e525
391bda1f
39174910
392704a8
39899c02
38e62dfc
3fc9d30f
394e09d5
3fcc81b1
3fcf8031
391b06b5
390c587a
3fd62598
3fa9bb56
392e03cf
3911d47c
38d7ad8b
39c17356
39001891
38e958a0
38f9c79e
3a307163
3b06dc6c
38e0d3ce
391ac33f
39d1d964
392b0ac6
38e19081
38f5fa5c
38e27fac
393cf9f6
3fcf640a
3904e2f7
3fd8953f
3fde9d7a
397cccfd
39e7a2e0
3a1a4339
3a216794
3a0f45fd
3a054162
3a151593
3a37e17c
3a55afc5
3a5a5469
3a3c5b87
3a0324f5
404f3312
3fd6bb15
3fc9679d
3fb36b6a
3fe51ec8
3fbc6774
3fc12b48
3fa97f00
3facd3cd
3ff98812
3fdc3871
3fd8ceaa
3fcbc10e
3fabb68a
3fa7e704
4066ea7e
406ecf58
40173e50
3fe46eaa
3fde3154
3fd00c98
3f9f5628
3faed2f6
3fa137bc
3fadf008
3f9cdc6a
3910b8e3
38d6f05d
3fdbe154
3fcf3282
3914e46d
3fd9e470
3fb71e82
3903b90d
3fa4aaf0
3fbc8b3d
3fbf9232
3fd3c3a5
3fdfdec5
406b6852
3ff6a15b
38dcb890
405c3da1
3fee16d6
3fce8758
3fd7e215
3fe22900
3fc1b32c
3faf3566
3f9b70ec
3fa3c74c
3fa6718a
39331501
3fffd1c3
3ffa2158
3fcd3453
3fd326db
3fcfcf36
3fc987a6
3fc8da0a
3fb628dd
3fb7e25c
3fadc4fd
3faaeba5
3fbd50fe
3fa3394c
3fb39512
3f9ae09c
3f9cfe6a
3f920e4f
3f943cd6
3f8db636
3f8580f6
3fe1f0b6
3fd49de7
3943a812
395ffae1
3a3d9e43
393de946
4033a578
3fc364da
3fe68e84
3fbf07d7
3f9cfa62
40010a09
3fddebef
3fd8ffdc
40061f98
3fea9604
3fa2ffdd
3fa7403e
38deade3
3a014c90
3a88a21d
40051807
3fdc137f
3fc49944
3fae6a3c
3faeddf9
3f9e946a
400ef262
3fd09880
3fafc646
3faa0464
3fa8f031
3fa8288b
40017eb5
3fd6ccbe
3fce06c9
3fe0007c
3fc3e9e0
3fcb5262
3fc6f7d9
3fc171a4
3fb4d904
3fad1288
3fb28ddf
3fb15fe8
3fb9179c
3fa36c1b
3f8c43f4
3f83aed1
3f8cb39a
3f96ef52
3f9723b4
38e29e0a
3974a652
390038df
3fe5d989
406d65fe
400ac113
400850a4
3feab88f
3ffaf3b1
3ff05957
3fbf239c
3fb6c1f5
3fbd1600
3fa6a01e
3fb23efa
3f9a15d9
3fadb0d4
3f9a40d4
3f9d046a
3f9a158a
3f99a6da
3f9edf3e
3f90cac1
3f93cece
3f8e96f1
3f84d152
3f88a495
3fd418d7
3fbd406c
3fc7d725
3fcb277a
3fab9147
3fb13b44
3fa81dde
3fa9c35a
3fae856e
3fa63cc0
3f8b62d4
3f8bc62f
3f8cc226
3f89450b
3f8d991c
3f8d4830
3f864b0a
3f86ce87
3f8a995c
3f9a3b6c
3f83fb8a
3f8a1f1c
400a78cf
400820e0
4009a67c
3ff3c6ae
3fed4e12
3fdb16ae
3fbd3543
3fc14f90
3fccfc91
3fc57e3c
3fafd6cc
3f9c0a1b
3f9e6ba8
3f993c00
3fa1c746
3f914972
3f9144ee
3f8b737c
3f92239d
3f920eac
3f8a1720
3f83eee4
3f8977f4
3f880998
3f8c4673
3f84e9d5
3faf2fbf
3f9a25f0
3f8dc6ad
3f8ad7e8
3f86e511
3f918edc
3f85b830
3f81046e
3f848a74
3fdfc24a
3ff8469a
3ff42cc4
3ff4f8d5
3fa8f74c
3f9278f6
3f89d2b8
3febdf1e
3f90a3b0
3f85d526
3f8ad5fa
3f89aff8
4023cd74
3fb27de8
3fcac982
3f91d0aa
3f87ad1d
4048fc0c
3fabfd6a
3901ec1c
4084bb69
3fce699d
406df6d8
38fd0b9d
3fd2dd54
40534148
3fe33a2c
3fd0d15e
406d28a2
405c2b04
40521b95
400a393d
4011a416
3fc1ae9d
3fa4c958
402cb57a
3927439f
3fc974bf
4088df87
40422406
4063712a
3fb88466
402225c9
406e13a8
4070c80b
3fed51cb
402bb73a
4025681c
4022258a
3fe97b5e
4020c327
40320b8a
4032aef0
3ff3c57f
3fea710b
3ff5d6ab
40273316
40135d59
4006f22e
400711a8
40167c78
4002dfad
4013887e
4005c62a
3fdcf0df
3fe2ff24
3fde2dad
3fdc0be5
3fe8d1a5
3ff0da8d
3ffad8d8
4000403b
3ff7b1b7
3fec51f9
3fe524f3
3fc7ac0e
3fc9902e
3feff8c0
3fdd7882
3fe4de5f
3fde4165
3fcf8575
3fe1368b
3fc6dd38
3fd2c35c
3fc7d3f8
3fcfe56a
3fca8966
3fc20c13
3fb79b2c
3fa656da
3fcf4ab2
3fc910c2
3fa6e5e3
3fc976d4
3fbed9ec
3fa58fe4
3fa35a66
3fba53ef
3fb5861e
3fb4bf26
3fa85e2c
3fbc1516
3fa87078
3fd094cd
3fbdc8aa
3fbe7b7b
3fbcf204
3fb1c1e2
3fa879a9
3fcf019d
3fce238d
3fcfc04e
3fdfe437
3fc9efdd
3fd00f71
3f971498
3f8c4450
3ff5015b
3f8f6100
3adbe069
4002e60a
38daa21d
3fa31812
3ff6c9da
3a329a82
393a44c3
402f962c
402feefd
4029704d
4031c064
3fe2dfac
402eb90d
400fe11a
402b4a27
40333963
4009fc99
402d17b6
402c075c
40087cee
402b6d32
402bb6cc
40308bf8
3fed46d8
3fed2509
3fec19ae
3ff369f8
3ffd20f7
40141d2b
3ffd233d
3fec82ce
400fdef8
40052e96
3ff38a09
3ff19c40
3ff7af7e
3ff20ec1
4000df7e
3febe5ed
3fd94a8d
3ffc5653
4000c9c3
3fe925ca
3fff21f1
3fdeab64
3fd975fa
3fc5da4f
3fd0ee47
3fe0fb86
3fd610e6
3fd502f9
3fde7015
3fe6ab2e
3fe57994
3fd05696
3fe3cab0
3fcb6674
3fc2ea1c
3fd29596
3fdf8a95
3fb7ce82
3fc48c4f
3fb37312
3fd03f68
3fcfddd2
3fcc5976
3fb7ddaa
3fb7b994
3fac4143
3fcdea7c
3fcde722
3fb359d8
3fbb97c0
3fb79ab1
3f8eab78
3fb4ee60
3fdcac5d
3face4fd
3f9fb654
3fad5202
3ffc87a1
3fa1517d
3b61708b
4005e235
3bbbdd8e
3be431da
3bf73500
3f98dcae
3bbf4525
3fa91a06
3fa61466
400b7e68
3fea5690
40331996
3fec61f9
401140db
401011be
402d8ccf
40156e9f
40008b09
3ff0717b
3fec4fa2
3ff634ba
40032a7e
3fef1fad
3fedeb22
3fe727b9
3fb64142
3fd202c9
3fc42069
3f8e5efa
3fc90214
3ffba821
4011c212
3fed8e6f
3fd736e4
3fcb7880
3b31299f
3fb12ce9
3f8872a8
3f89048e
3b6347fc
3b0adb2c
3f85c810
3ffae44c
3ff793a6
3fc847b8
3fcb7bf8
3fe6005b
3fded741
3fe17c2e
400412f8
3fd60e94
3fb53c93
39068bf8
3f8ef7aa
40007993
3905ae15
3ffbc2e4
3fd662df
3fcd9731
3fe4d518
3aa4db0c
3a708d9b
3a1d4bfe
3fdb330a
3fdb4df0
3fdd925a
3adabc09
3abeb66b
3fe91db3
3923ffa2
38fdbc3c
3fb898be
392c9be2
39507b07
3e7bc512
3fdc1e74
3e7d29a0
3fdedd80
3fcb52c9
3fd31fb4
3e767f40
3e728219
3e6d5cf2
3e660265
3fa8f430
3fa5cec0
3e462f0b
3fd22366
3e279613
3e16491e
3e022215
3fb6b2ef
3fd59b3e
3d894fde
3fdbee6f
3fd337dc
3fde0052
3fda8d4e
3bbaad09
3fcb931e
4041747f
3aebb500
3fad8964
3bc83bf2
3c02727f
3c118e77
3c127512
3c0c2750
3c05fd41
3c033d61
3c02b548
3c019d62
3bf80837
3be5645c
3bcb4835
3fda55da
3b89d059
403cddac
404839fa
406445b6
404c9aba
3fd877a9
3fda92a6
3fb8c1d1
3fcc9071
3bd9963b
3bfcb3af
3fc00f1c
3fa98dfa
3fa4dc70
3bef7ea1
3bba45bb
3fd3d8b4
3b0355b6
3a44dafa
392a8499
3baeb46e
402f488d
3a9d7e65
39ca39aa
3a720d95
3a8b8576
404d321b
3fc472e8
3fc115e6
3fb52238
3fb0fbff
3f9d0a38
3fcb491d
3fdc108e
3fef5be3
3fb21a0c
3fa88e36
408851a0
403183f2
3ffd95ed
3ff7759b
3fe57d13
3fd165e2
3fb7fdb4
3fb5e742
3fb088c0
3f9e6aea
3faf4577
3fbf41a4
403486ca
3929f0a9
405c1d80
4057e7c1
3fa25117
399185ec
390a1677
39e4cebe
398a1146
393275a6
3fc91ad6
3fd76a06
3fbeecfa
3fa3e648
3faff56e
3fccac44
3fc7944e
3fcd9897
4019dc0a
40077051
3feea4cc
3fcc89e2
3fc78d89
3fdada21
3fd7ee78
3fd6e635
3facaa6c
3fc40a64
3fbf2f0d
3f9ffeba
3fa800e7
3f9d9f52
3fa69611
3fafe6ba
3fa90af3
402df488
4012b6f8
3ffaf62f
3ff09edd
3fd21772
3fd63b98
3fcd8c56
3fcf7f99
3fc605bb
3fd389c0
3fbc551b
3fc240cc
3fb74de0
3fa8075d
3fb6083c
3f9cc977
3fac4a8d
3fa4b71a
3fa97de6
3f9401f6
3f8d4d54
3f9621ba
3f8a2cd6
3f9166ae
3fda7cfb
3fd5f415
3a8429c0
3fc5714a
39f3355e
394938ce
3fced0e4
39040845
38d28707
38df59af
3f9f2ebe
3950d265
39485dbf
4035cc55
4087e2b9
3fdcfc2a
3fcf3e35
3fb5e134
4005f9e1
38ed21a9
3fe489cf
3fa4982e
39037e1e
38d47ebc
3fe240a2
3fc26e91
4020c754
3ffb7d9b
3fd12c42
3fd51466
3fafe5a8
40031ace
3fe3502e
3ff9fb33
3fce19b0
3fd5235b
3fc4c1f6
3fbf3dd2
3fb25dcd
3fb0edf0
3fb27305
3fbab328
3f90e300
3faaf23c
3f8c7e1f
3fb6cb21
3f9c41e8
3f952dea
3f8996c7
406a4eb7
399ae4fc
392ca948
406c499d
406c7ce4
3aa38013
4014c19e
3fee0236
3fcf76ec
3fc87d9c
3fc91aed
3fb1d648
3fadd69a
3fa30054
3f9a777d
3f8c86ee
3f87a592
3f8443f6
3f8ebbb6
3f851ff3
3f86801f
400a7677
401175f5
3ff2320c
3fea867b
3fd7893c
3fc6a2cc
3fb58298
3faa231c
3fb0f573
3f87bb3c
3f98cc0d
3f9c9c0e
3f89885c
3f856a52
3f8d768a
400c4819
40097966
40097611
3fe7adc1
3fc0ea80
3fc695a8
3fc9912e
3fb88302
3fb63db6
3f9fbbda
3fa06b73
3fb6ba2c
3fa23d8c
3fa35bf6
3f987ccd
3f8b1e22
3f889a48
3f88b078
3f8ba719
3f878d50
3f85ff72
3f85ddba
3f8e76e1
4001a474
3fd9919c
3fd4058c
3fbffabe
3fb6cf12
3faaa985
3fa8b30e
3fa2ab0a
3f99f8d0
3f824ef4
3ff5a603
3feb220a
3fa539bc
3fa851f9
3f8fb259
3f8b07cc
3f883580
3f87b296
3f90a06a
3f86b4c5
3f7f32c4
400c5474
3ff4e9e2
3fb8a5c8
3fb6a4c6
3f8fa237
3ff0b81c
3ff9f4ce
3fdc08b1
3fdccc5f
3fc8abc2
3fbe8222
3fbe38dc
3fec0807
3f890c2e
3fedb900
3ffa85df
3fe6c1bc
3fd5d30f
3fbba5f1
3fadd362
3fc2cca9
390b957e
3f997d50
3f9cf33a
3fdca5e5
3fd9ce48
3fc023a4
3fcc91cd
3fa7f014
3fa6c8bb
3fd89e21
3fd94e4c
406cfc13
3ffccd75
3fcd2974
3fd40c2f
3fc07cab
3fa9a33c
3fa2ebd0
3faa5abf
3fa55462
4010977b
406a5300
40207d0d
3fc8fc45
3fdf7d45
3fbf8fce
3fc0a935
3fb7a0e6
3fb07814
406db8d8
4008a203
3fd842f2
3fbb503c
3fb51646
3fc67a63
3fa8d88a
3f8affad
3f8ebd32
3fb47226
3fca9dd6
3fc8eccf
3f9a30c2
3f8a59ef
3f9212b8
3f8b710e
3f999723
3f86ec09
3ff8d9ae
3f8a0f92
3f88b7c6
3f88cd4c
3f83e710
3f882b22
38df0314
406cdb68
400bc5a3
3f9fe043
406bd3d6
4060f5a7
400dc60e
4018043d
3ff430b9
3ff0bbb0
3fa6092e
3fcd63da
3fbc5e52
38d95062
406b6f07
3fefc688
3fdb546d
400ce914
3fef8e06
3f979b38
4040247e
3fc19f86
3fdcff12
400bd30f
3fa0df6f
3fcb317a
40495c7a
3fda931d
3fbdd060
407ee97c
3fc8766c
40449296
39443257
3fc586c0
3fd5453f
3fe2eadf
3fa24fcf
4011bc8c
3f99cf90
408f33ff
40369f85
3fca304b
4032612e
400f7e1c
400b60a4
402f45a2
3ff1ce75
3fd2d6e2
3ff62497
3fe560d9
3ff1e635
3fcebbf1
3fdb988b
3fb8cb1e
3fec070a
3fb79952
3fd85469
3fb714ee
3fec9d9b
3fd7f19b
3fc18a31
3fb65010
3fd5fdec
3fd28702
3fbccab9
3fc10fdf
3faaba08
3fd4070e
3fe2c92d
3fddc121
3fdd2846
3fd88e39
3fd58852
3fb350de
3fb9ac49
3faf96c3
3fcd9bea
3f9e8c0a
3fbd0702
3f9cc324
3fc1f3d0
3fc4316a
3f98b7e7
3f90d491
3f973296
3fc96294
3ff1e5d5
3fda8f52
3ff21889
400ca26a
3ffa7c80
3ff48ed2
401d5b7e
3ff34abb
3fb27e0b
3fd0cb41
4001b410
3fc06d38
3fb85f1b
3fee22d1
3fb2f9f2
3fd9f5f0
3fbce2ab
3fc42d3a
3fbfa1cf
3fb4b52e
3fb037ee
3fb53693
3fbddc4a
3fd197f3
3fdd9270
3fddfafe
3fe79466
3fea31b5
3fd08c6d
3fe09e83
3fdb0d9e
3fd149a8
3f977622
3f89fc0f
3fc35c6a
3fc156b4
3fc3e562
3fba7f64
3fb4a3ca
3fdadce2
3fd67250
3fb08c8a
3fa81e13
3fa5b7ca
3fd32dfe
3fce9874
3fd06bf0
3fec8113
3f9851cd
3fbce2ac
3fdc4e0a
3f84002a
3fbe3f68
3fcf76a9
3fecb006
3fe9b1ff
3fe407ee
3fe3ad3a
3fed314a
3fe0e31a
3f8d87bd
3fca82d0
3fd21cfc
3fd75187
3fe00fab
3fd7f232
3913e77f
3a2a15e3
39842912
38f50096
3fda6920
391118c9
39078f71
39a19e3b
39e52bb3
39ae1338
3fb5ae8e
3fb5f80b
391b296b
391d3479
3fd1e144
40009789
3b172570
3ad6ac65
3a534773
39a710c1
390a9103
3fd633ba
392ce52a
3fc789e2
38f0008d
39026cd2
3fb1cbfa
3929bc7f
3fd6f317
39d809e3
3a2c74b0
3a5fad53
3a630daa
3a3f6903
3a162e6c
39db5d15
39811ea7
38edde62
38fd001c
3fdf5d76
3fc6543f
38dda12d
39294e9e
39102e2c
38d38684
3fd29c20
38d218a2
40484699
394f7219
3962bc1b
394c908f
392724dd
3fd95c42
393b4161
39934c22
39efc6b0
3a31ef68
3a6484a0
3a827ab7
3a8e11a5
3fa2bbb2
3adb50be
3b1fca9c
3b6d1c54
3ba6f134
3bd42b51
3bf0ef0c
3bf27bc6
3bd48c39
3ba9ac63
40170af4
403a84d2
3b3acfb9
3b32f144
3b169c14
3ace1f4a
3a62e1c0
3f9df255
394838a9
38efba1f
3fd01f21
39e59515
39dc2226
39267a11
3a0fabc1
3ab0b4f7
404b3e6e
402ad2c6
3bb35bd1
3fdc82ee
3fb98b7f
3c43171f
3c5a3865
3c56a8b6
3c36c0b7
3c0a09b1
3bd86a10
3bc5341a
402ea585
3ba81d1f
3fc2d844
3b22c923
3aa6573b
3fb84645
3fbc4fc7
3fb63efb
3fa6cf60
40765754
4024caaa
3fca1fcd
3fb32d25
3fa4693f
3f9b9c30
3faa4078
4013959a
40064bb6
3ffa2fde
3fc4aa49
3fc84a06
3fbff9aa
3fb07146
3fc05ee8
3fbe9458
3fdf3ce9
39f2eefd
399dd243
3fd32a17
38d75e01
3fd5473b
3f9ee6c1
3fad3180
3ff57f70
38fe14aa
3913880d
3946b0f6
40260e38
3e8879ed
40596670
3fc243a3
3fbcb9ea
3fb25df5
3fd71169
3fdc4c5c
3fc22b34
3f9d802a
3e63da92
404d263f
406e9840
4011fe21
3fe84edf
3fc41f13
3fc1ff59
3f9df0fe
3fa36e80
3fdb32bf
406c8a22
3fd39e31
3fd4058b
3fcbd94e
3fc80154
3fc52052
3fdb2814
3fc93032
3fb7bacf
3fbdadf8
3fa1848e
3f907144
3f8da43a
3f9273bc
3f9b28ec
3fa6b4b0
3f8ba470
3f8f7418
3f9178e4
3f90d4de
3b99883c
3b7804a7
3b3a6405
3aff2b84
3fb8b642
3a37fb4c
3a1ebd3d
3a79ac93
3ae4ea96
3b3e834b
3fdd0bd3
4039f6a2
3f979350
3bfc92df
3c057b44
3c036436
3bf1f80c
405df628
40258128
3fc3177f
3fbeda48
3fbcf7f8
3fb34d5e
4007055e
3fd71174
3fdce49e
3fb30512
3fea597d
3fd5a909
3f9fefa0
39a2bebe
3fb486c1
3fa049fd
3fd93bfb
401fc268
3ff296e1
3fe2bd7a
3fdb22d4
3fa5c3d8
3ffc4b44
3ff50c52
3fd11f28
3fce5df6
3fd041d7
3fc2b01b
3fc258e9
3fa71df4
3f99310b
3f97c686
3f96f89c
3f9c947f
3f9c65ba
3f896aae
406343aa
396ec972
3fe3fb31
4069ffde
404b7b99
3fd36322
3fe1829a
3fe9d822
3fc7ddc4
3fd4b3f9
3fbfd221
3fd178f9
3faeb800
3fa5bd06
3f98d060
3f872160
3f97b79b
3f82d492
3f7c5d58
3f86c4a0
3f89ca9e
400931e9
40058eee
3fcb8030
3fb9de4a
3f9c1ac4
3fb26a0d
3f98931a
3f8f2dcc
3f99f9ac
3f890797
3f82a95a
3f8c35ec
3f890d16
400a7d44
3fbe7973
3fde738b
3fd3113f
3fc1689e
3fbfbee4
3fac2206
3fafb600
3fa63008
3f96c878
3f9b3e6a
3f9a8332
3f8b582a
3f8af3de
3f8770aa
3f90953c
3f84e019
3f8a12b6
3f8f6280
3f8a17be
3f8bfe58
3f8f1dd6
3f8c9496
3f83b90e
3ff59dae
3fd39741
3fb0034e
3fb06bf2
3f9df368
3f9a104c
3f87057a
3f863d4a
3f856786
3ff22b3e
3fd72862
3fb751a9
3fa81808
3f94703b
3f8fc6f6
3f8a3065
3f89a7aa
3f82f5da
3f816e8e
3fec0d4e
3ff2f98b
3fcff421
3fca4183
3f9e3432
3fa5fb34
3fea5b16
3fd5f92a
3fc6e69a
3fd65b3e
3fbb34cc
3f874008
3ff6f540
3fd0d6a6
40504e93
4089dcb3
3fb593be
3fb8735e
3fd9372e
3fcc9943
3fa23f48
394ac0ac
3fad3b2b
3f9a6882
3955590d
3fc1f211
3fb2ae60
401fdcdb
3fdf0a92
3fa61010
3fda8111
3fc6fa9e
3faf0ba4
3fb8a992
3fb2e605
406c3e9e
400e5863
40081151
3fc01b48
3fbc1cda
3fcaa666
3f89bf82
3f83ad30
3f8c3aa6
3f8433ca
400a0f92
400583a6
3fc1d1f8
3fd69ff8
3f8a403c
3f89971e
3fd01a91
3f91a4fe
3f8e01f1
3fa7dc08
3f81fb72
38e730ab
406c549a
405b5764
3fcb7e8a
408cf0c8
3f95d430
406184e6
40213394
3ff87a77
3ff99b83
3fe0eced
3fb4d106
3fa7f51c
3fca5c89
3fa37b3e
3fb869e6
3faa27a2
3feae8ea
3fff7ab6
3ff6491e
3ff0d50c
3fdad074
3fe52d1e
3fdae031
3fe8292a
3ff3e327
38d7f90f
399d13fe
3fa339f4
3a06414f
3fa745f2
3fba0b05
3fb75a31
3feb33ff
38d85886
3fcd0e2a
3fbf0555
408705b8
3fa68d4f
3fc1b2d2
3fb6e4f4
3fd792c5
3fd22120
3913c9ad
38e4198e
38e5f746
3fbb896a
3fb78d9f
3fb001c6
3feb476c
3fd6c72b
3fb332c5
3fc8a525
3f8861b5
3f7ee4a2
3fcea488
3fbc4dae
3fe65a1a
3fd3c6ab
3fa38394
3f935872
3f926e5c
3f87b669
3fb19cde
3fed5d1c
3f9ec9e3
3faccea2
401ea9ed
3fb769ce
3fb3dc9e
3f8d7f39
3ff6d5b3
4069395c
401a4968
4015506e
3ffc3230
3fc562e2
3fce8ce8
3fa04244
3fc5839d
3f97d174
3fa34286
3fb6e33d
3f8a1700
3fd406e5
3fb242ea
3fd304ce
3fb50bed
3fd102ab
3fc7728a
3f86be0e
3f809b6e
392987fe
400311de
38d804d6
4013c6c4
405f0502
40769907
404dad95
3fdeae22
3fc670f2
39884940
406c9608
3fbd36fa
40193bbc
3fbcb659
4013300f
404fee74
400dff83
401acbfe
40198cd6
4002e730
4001588b
4003ed56
39088218
400657ef
40035c70
3fba1ec7
3928f3ea
3fc7485f
3fa09782
3fbfff4c
3ff0e916
3fd63f0c
3fd58dce
3faae776
3fc8e2ed
3fd09332
3fd3a792
3fce0f1e
3f833b2e
3f814a9e
3f89d112
3fc527fb
3f791b32
3fe5aae4
3f837876
40059a2e
3ffddf3a
3fd1b962
4014b351
40014593
3ffdfe04
3fbdea0e
3fbdec9c
4018aebd
3fce0635
3ffeb5fa
3feb8736
3fee64fc
39071782
3fd91833
400eb46e
38d1c8e8
4016f474
3feee077
3955b54d
3fc2c563
39023272
40080716
40006957
3fc6000a
4005ab91
3997eda2
39defcb5
3a21e9d8
4006b23e
39094754
3fc3e2fe
400151ac
3fde27cb
3f9f146e
3fb98ca9
3fc41798
3fc29b76
3ff1ac2b
3ffb4cec
3fef43ce
3fbd5fcb
3ff56911
3fecede3
3fd37785
3fe0bda3
3fe262db
3f85a43c
3fd747d6
3fc6654f
3f90510c
3fd88bd4
3f81527c
3fdcc643
3f81d650
402e2a44
4028cc9b
401e655c
4005f114
40274f44
401b1685
40259dba
40245c94
4027408c
402785e5
400842da
400c4a7d
4002aecd
3fe933d5
390d1a0d
402215d7
401d0db2
400f8de7
401318dd
40223c4d
3ffc5b66
3fec727f
3fd13188
400267a2
3fefa8c7
4013c208
4005683a
3fd37d01
4011bb27
4011ccbd
3fbf626c
3fdaed80
3fbfa369
400e1d33
4017feab
3ff95f56
3fb41784
4010e199
3fc209fe
3fc6fb26
39895409
3fb95651
3fec2133
3ff489a7
4001629a
3fda2aef
3fdbdfc4
3fd9823e
3fa6ba76
3ff775cd
3ffb49d7
3fef4796
3fd344cc
3ff07ac9
3fea6a8e
3f82d402
4033c243
402d11b2
402f3806
403ece19
400737a0
4039444c
40332dfc
4037257c
4036e3f5
403a738c
39027ecd
4026ef7b
40313bea
408503fb
3fec0ea0
40061c00
3fed5498
4090aa33
4018b699
40056a56
3fcb0157
3fec1a12
402b3be6
40037f12
4024ab83
402700f6
401f4368
400322c8
3ffbdb5b
400a95fc
40220c85
401a997b
4003102d
40117a15
3ffbe2ee
4010e346
4009f66f
391391a1
399479bb
39a3b7b7
398b30bd
396dd1a7
39219e25
392adc96
40152b80
3aa9e2b8
4013fea4
400cf4e2
4015b614
401c2891
40062234
38e7e076
40141ed5
395aa021
3ff3b4a3
38e193fd
3fc07710
390c0ad3
39011064
4004bd3d
40051190
3fedd3ac
3a15d0b6
39e96e4d
39969a5d
394d1ccc
3ffa8780
38fa5ca2
3ff9943b
3ff84e23
3feb0409
3fda488a
4005ee6e
3fa88820
3ffe70fd
3fd49b3e
3ff3d80d
3ff10113
3fe061bc
3f8cda68
3ff1a708
3fd01ac0
3b506c78
3b9096dd
3fde0214
3fd27acd
3fe36c20
3a01e5be
3a0db209
3a024f14
4002c603
39e2e25a
3a25a2b9
3a982c89
3b0bd7d7
3b682df8
3bad9109
3be44661
3c06c933
3c10754f
3c0ea9a5
3fd18c2e
3c043c04
3c031606
3bfa7f3c
3fb40286
3b8e0ad5
3b1c99c9
3a936685
3fce2c95
3955d189
39c6b1b2
3986eb68
39aef0e8
38e11de6
394bcb40
3a1c5584
3ad8556e
3b619fb7
3bbeaaef
3c0c0b0b
3fd6f713
3c64c10b
3fdcdf6a
3fda95bc
3c830132
3c615aa4
3c370c98
3c171767
3bfa47fb
3bcaafa3
3b97e358
3b4824df
3fd13135
3a464b35
398e1aa6
39025596
38e208fd
3a87ec92
39a7e7a0
38e6a923
3fd9367c
392583eb
38f0fc64
38da7cf4
405e1c48
404fed70
406a92aa
3fbb59d8
400bebfd
3a205eca
3a8b9210
3f9e1f76
3a5a60a0
39f66f9c
3fc92051
39a26c09
3fd589c4
393affc0
3fd6ce10
392a28fa
3fb7f154
3fc7a795
38e6ea66
39087392
394e827f
3e8f8619
3e90a2d4
3e9091e4
3e8f206f
3fb84f56
3fa66810
3e87be49
3e83ce1d
40546220
4027a502
4042a412
4031d28c
3ffa612c
3fd2b8e8
3fbe532e
3fc9f0e4
3fbb0435
3fbd3b30
3f9f9c33
3f9c6273
3fa198aa
3f9ead9b
3fcecc50
3facd786
3bbb5b81
3fb9d094
4017919e
3febbdba
3fb8d18f
3fc17e33
3fb06d98
3bf37d6a
3fd76d56
3befc6a9
3bdbbfa1
3bc00d4c
3fd59b3e
3b8a7956
3b6e429e
3fce483c
3b397711
40507a70
3af9a073
3ffd1fc2
3a2c541a
405dc822
40432a9b
3fc023e0
40623904
3fd000da
3fa1d4c0
401ac504
3fec51d2
3fe2458c
40499996
40117500
401a0586
3fe51f11
3ffa3289
3fe8318d
3fd51a5a
3fc44f73
3fdc239c
3fd15c0d
3fb0d040
3fae44c2
3fa8fdea
3fdaa630
3fc783b9
3fc75b48
3fbf1fe3
3fae738b
3f8b72cf
3f8cd2be
3f974ca8
3f95944b
3f93e862
3f8a09a5
3fd4a358
38e6f80f
3fd72750
38f3ad77
38d44aaf
38d9179e
39029725
3fba3508
3908c2a8
38fd9fdf
3909893e
3fd301c3
403d00a2
38dd97b9
3fd5bcb4
39817349
38efc105
39058c3f
3925c854
39bb1055
402528a4
4062f6f6
3feb669d
3fbde638
3fde0572
3fb1cb1b
3faa936e
405d2450
3fcf5bde
3907272b
4056eb6a
3fb3285d
3fb3c900
4055a1c1
40608bf8
400cea8f
3fcf1e8e
3fda606a
3fa49498
3ff21e4c
3fef80ef
3ff8ec47
3fd84160
3fcef572
3fbeaec4
3f8dc7e2
3f98f776
38d95af5
3940d648
4069f617
406afc2d
40474d29
38d33742
4013edea
3fcfcfb0
3fd4a2d4
3fcf5a25
3fd3058f
3fbbb502
3fb28db2
3faa0f4c
3fa36b08
3f97d1d4
3f9bdd2a
3f924455
3f923de0
3f8c2623
3f9d7084
3f85651c
3f897c94
3f8a5c98
3ff8c2b6
3fdd5b9a
3fc7222e
3fba184f
3fbaa89a
3fb18ec2
3f9ddd1e
3f9d9e52
3f9c3296
3f86bb6c
3f9ac724
3f89e3d4
4012afa1
3fba3ea8
40135054
400a8fd5
4007b2ae
400b34c9
4005f4e7
3fd0e048
3fc88f42
3fc42260
3fbb3b24
3fb0e965
3fb6432c
3fa29ef8
3fa5436a
3f8fa485
3f8cecee
3f874b20
3f8b72c8
3f8ee198
3f88f794
3f83c3ee
3f86aca2
3f7ea080
3f86c8f4
3fbc27a7
3fb62c34
3fa93f85
3f9b5ff2
3f89c902
3f831d4e
3f864a34
3f83e73c
3fec435a
3fb59d2c
3f8acf88
3f86db33
3f869f60
3f8883ae
4007db73
3ff42f9c
3fed49ee
3fef9338
3fd90eac
3faf1f2a
3f85a3c8
3f85a797
3fea9f46
3ffb4f18
3fd1e273
3fa31751
3fa59732
3fdad0e6
3fd5dcc2
3fbe1b72
3fcadec7
3facbacc
3fbee8d5
38e6a450
3fc53e45
3f9ad8fc
39ba68d1
3fbff9e2
3fdd02c4
40670b14
3fe70ae2
3fa0bf32
3a85ce0a
3fbfaf88
3fa15928
3fc92438
3fcb1a2b
3fad5614
3fabe48c
3fe66ca7
3fc1d9ea
3fc540f1
3fa3235a
3f95f436
406deb8e
400f85a7
400834c4
3f9e4efa
3f8895a1
3fcff1e6
3f870d8c
3f99b346
3f85781f
3f8cb256
3f8f6344
3f86c9e5
3fe9b7f4
3f9a82e6
401233d3
408d8390
406a545a
40225344
3ffae81f
3ff9c96f
3fab29f2
3fe8af30
3fecc34d
3ff39bc6
3fdd0487
3fc7f785
3febd561
3fb27ebd
3fd35f6b
3ff798f3
3fc5aa9d
3fa89cfe
38e39e58
3fdb281e
3f9a4ecc
408631ec
3fd54f2e
3ffd0d7d
3fc3935e
3a46024f
401560ba
3fb55930
3ff0c1b5
3fca4bd8
3909498a
3f9fc94d
3faee221
4020e529
3fdc65b9
3fa14890
406a1a1a
406a9ff6
3fec2f52
3f85b452
3ff6a34c
3fe83c6d
3fed5b48
3f877274
3f862977
401f7c34
3fac4e71
3febaa15
3fac5146
3fe2728f
406a4a08
40213eb3
3fe1f59a
3fc08ee6
3fce37fa
3f991c20
406c949d
3f9e850c
40136957
3fd1ebed
401e24eb
3fc2d521
3ff9d394
3ff1355c
3fce0696
3fd9a6e0
3fb33d78
3fd4b094
3f8471fa
3fc9c9ca
3fa57f88
3fc74c39
3fd8564f
3fd0f02e
3fd1ea03
3fb2f680
406f2cdc
3fe6a699
3fc00ee0
3fc04948
3fd1a06e
3f89664b
39b98015
39b17ef3
3fbfda7a
3fd96332
3f92c6da
3f9ec61e
3f81cf4c
3f79e5ec
3fcc390d
3fc616b4
3f9d7b5e
401ed1e4
3f816c0f
3f86aaa0
3f9f7f06
3fdb827a
3ff294c7
3fbfdef3
3f9b8fe8
3f8f98c8
3fc9bc86
408fca35
3ff0aee3
3fca938b
3fb999e2
3f9dccc2
3fbb6d6b
3f7a325c
3ffb8936
3fe46296
3fceaab0
3f900090
3fd0c18e
40512b2e
3fd82135
401c695a
4050b331
401015bf
3f71d994
400a5e00
4003bb9f
40041c55
40002e7b
3fd34b19
3fdd8160
3fcf0b07
3fdcf760
3fe5db1e
402d378a
402bf91a
3fc23844
3fd8b71d
3fdb89a4
40836dca
4038e535
4028a0e4
393720a8
38e1f9d1
3fde01b7
400b0417
3fa42538
402330d0
3fd760c5
38dbb6f4
3fae9d54
4003a355
39960114
402e26d0
402f841d
40530de4
40472d5a
40512d40
4048c5ae
402dec8d
40118bdf
390f81e3
402ff64e
38dff350
4042a23e
4033195e
4001fe44
40305479
40167a61
4000e289
400fda54
400bda42
403359d6
400c75d0
402eaa4f
402b73c4
403f0082
402e5756
4015f590
4009cf2e
402632a1
400d662d
40087e71
400a7c5c
402c3dbc
4031c975
4014fe71
4036ad3d
40313af2
40329d6d
400b011a
40223441
3fcbb90c
40068ebf
40040074
4086ca0d
4002af6c
400272d7
3fd67d82
408d5829
3ff91e29
402c9740
4017c2c2
402c1f88
402d91ee
3feaf12e
3fe50061
402aa6a9
4002977a
4026faad
40272253
38efd4d4
400f800d
39263557
3ff986ec
400fe63c
4007cb20
3ffafe09
3fe170af
39000e4e
40246bc3
3fe4235d
38d43d59
38dda655
3ff35fb5
3ff333b8
3908c3a6
4015d5e1
4013259b
3ff0d643
40175e6b
3ff631fb
39bde299
3fe472a9
38d430f5
4011e027
400e9fea
4009f879
3ffc3d75
3fffc58e
401039dc
401961c8
3922c4bc
4005530b
3ff5a18e
4007fd5d
3ff16962
400cc70b
3ff7f09a
40081568
3947e681
3fb9e7e4
3fd5eb63
3ff58a0a
3fcd6937
3b18d6a8
392df851
3a93185b
400bf88c
3faedf08
3fdc1ec6
3ffdfb65
3973a352
3fd94e8d
3fdd3afe
3fac6351
3fc86e9f
3934de21
3fd76883
3ff60840
3fdad78a
400115f3
3ff889cb
3fe0da1b
3fd6d1d8
3fd7b969
3fd7443a
3fe912b5
3fb945d8
3fcb9b90
40007248
3fed5c54
3fe0856f
3fe8be3f
3ff1d735
3fea684b
3ffefd24
3ff7901e
3fa4f768
40000909
3ff746e0
3fdecb1d
3ff9cf2d
3fd212fe
3ff7ad35
3fbed6e7
3ffc9dd0
3fcd84c2
3fe13170
3ffa1e07
3fd15474
3ff88745
3ff25ae6
3fc06b70
3fd3ac9a
3f8a1b5c
3feadb18
4034849e
404e6269
401910b7
40374c66
401ec910
401a2b46
4040899a
3915bb0a
40109643
395408a0
403cf8e2
4010632e
400ce6ad
40448ab9
4027c6e6
4047a916
402f025a
401c267d
4002ec9b
40395f60
400d2343
400c9fc8
403b50ec
4025df0f
403d8b0b
40374b1c
4002ce05
40008e0c
4025d333
3fff9b24
40057f8f
40396c66
403629e8
40320540
4000ce07
40264c98
401ea5b8
3ffbea53
401ff92d
3fbd9d34
3ff66a0a
4027c777
3fccb12a
401ca602
402dddb2
40191512
3ffd4399
40297d92
3fffc6ac
3fff015a
4017e670
401c32ef
3fc6c7b8
400e9efa
4011a370
4024e656
3ffa5a52
401e2310
3ff2bcf1
4010d633
400edcd3
4010040c
400b7c92
3fb9d861
401887b4
4004b5aa
4024cd6a
3fe8b634
40081b48
3feef304
3ff213b9
4007f129
40017e72
401ffb4f
40204845
3fc0b637
40176f82
401653d1
3fe8615f
40046ddf
401ef886
4004b6ef
3fed1d00
3ffd6f13
4003ed17
3fe92633
3fd9c120
3fec246e
3fdd6eeb
3f986f66
3fed6e0e
3ffe1ed7
3fb982b8
3fda96e2
3fbb1ba6
3fd2f499
3fd5cac9
3fbfc700
3fe8af08
3fce09e3
3fcb67c1
3fce4df0
3ffbab1a
3f990ae2
3ff792c4
3fbd291b
3ff76bd0
3ff788d1
3ff02685
3fee4195
3fbc7e32
400088a8
3fffa43f
3ff2d764
3fe278ee
4002db3b
3ff79cc0
3fd45a12
3feddddb
3fd35707
3ff68a32
3ff52eb8
3ff2828c
3ff837b8
3fd6bf37
404eff06
404213b0
3fd268b4
400832e5
4021f283
3a0881c8
4030e079
40119642
4050fbc6
402dd7b2
4055a2d0
40233e2d
401867ed
40440e72
404abe2a
4036d07f
40071877
3ffeeb61
404d3f9e
402eb172
401ce95c
40042c62
403ab753
402f4bbc
404076d3
40028816
40372bd2
400a4496
3fff6332
401686e6
4027492f
4021c0cb
4003b61a
40008c49
3fc013a7
402a8c11
4001fcfa
407c93f8
4027cbb8
4022843e
3fbe4da7
3fc866cd
402c7f37
40304718
40147ca7
40109c75
4018c114
4015caa7
400b32de
3fec3c08
4007e861
4086a32c
402562ea
4081c1b2
400fed6a
4009f4da
3fd66e07
4010155a
4011b0e7
3fbdab50
4081c834
4023e1d5
3febcc30
3fee5735
3ff46497
402207e2
40047264
401d107c
4022ea0b
4021c58d
401514d9
400d337e
401e8ebd
3faf9b31
401aff52
3ff7b98b
3fe70c66
40142f67
40071e6a
3fbbdb50
3fbeb4f6
3ff88f11
3fe54c70
3fca64a0
3fb68c63
3fd3b0d2
3fe4deca
3fd0c07e
4001cfca
3fd48308
3ff33dc0
3ff6667c
3ffb65b1
3ffdec42
3fbe7798
3fef3ce0
3ff8d32b
3ff8ebd0
3fc02bff
3ff7ccca
3ffa7840
3ff04917
3ff878e2
403f9204
4035c5d3
405e9217
4058d610
403eee44
398818a7
404548ae
4039fa15
404296b9
404221e4
402dc5d8
401bf73c
401670de
4017e4ca
3fe2094d
3fc897a1
3fc58d99
40175962
3fd0ce55
401e3499
4005aabc
3fec725d
3fbd3017
3fc59936
402251d3
40207bde
3fb9433d
401f0bc4
401b2867
3fda47f2
3fced60f
3fba0624
3fba980e
3fca7c82
3fcee176
394435e6
3fd61ef6
3fd5813f
394e9d70
3fc2c980
391a5643
38f15346
39225fda
3fcc55f2
3fad3c9a
3fa9ae98
3fa75328
3faf9bc0
40023a6b
38ed17e8
38db1579
38d94879
39020a36
3fd1f35e
390b4002
40031ae3
38d9e3ee
3fbcfd78
38d3f89b
38ef5591
38d35b09
391d9e5e
3fc63118
3935c7da
40362398
40592225
405ea61c
3fcc3efc
38de896c
3965bb76
3909b441
39b68ec1
3fa122dc
3fa92cdc
3fa050a0
3a90bfc6
3b54faa5
3bc872eb
38d93596
404c7948
405479f4
3fd0d802
3fcc92c8
399fdd09
3fbd3216
3faa1a65
3fa1029a
3f9d0f52
3fc9b6aa
3fecda78
40017889
3fa7ded0
3fa6bfb1
3fe445aa
400068b0
3ff0903b
3fb6c32a
3a791e0c
3fd389aa
3fdd3fd3
3fa27920
3fce53c9
394fb612
3990580b
398a7f2f
406557fb
3fc30f3e
3fc34297
3fd88915
3fcaea69
398c0ef1
406570cc
3fcc1158
3fc4ee7c
3fb154f4
3fa2598c
3fbdd35c
3fcf8012
3fc73664
3fcfb28a
3fced51a
3fbfc64f
3fbc5122
3fbda72c
3fb4568e
3f9ceb50
3fa1fff0
3f8dd5f2
3f98fbea
3f8dce02
3f9a1a13
3fd1b34a
390c6e56
39a5891e
3fba20f2
3a00bc5b
3fd590d4
38e42522
3fd5687c
3fddcf9a
3983e989
38d5bf57
38d1fe77
391b1972
3ff7c2e9
3fbf1eea
4061cc60
405836b8
3fe28833
3fc181ab
3fca061c
3fda9829
3fb54e1c
392dc7d2
3fc2025a
3fb4557e
401a9733
4005e4aa
3fed46e2
3fdbc99e
3fc6aad4
3fef3141
3ff20a55
3fc6f8c0
3fbfdb63
3fa4565d
3f8b79c7
3f8dd982
3f98cd58
4069942d
406de567
3fe86f0e
40012806
3fc55bad
3fd86902
3fdd22c3
3fd36143
3fcf4b5c
3fba531e
3fa15430
3f902110
3f948ce0
3f859d1c
3f849a5a
3f96b65c
3f899515
3ff9bf28
3fc12274
3fcc4e4c
3fbe6474
3fb1c17e
3fa08928
3f859a0e
3f98e25a
3f95e472
40073a5b
4004041f
3fe24994
3fe217a0
3fe2c445
3fc9a6a4
3fbcd996
3fbf7b40
3fb329aa
3fa02b10
3f99263c
3f9be84e
3f941040
3f85fa9c
3fab6686
3fb4ffb2
3faf5a80
3faae056
3f97371a
3f8be4e0
3f88ad42
3f83f6aa
4015ae18
40060548
3fc0efde
3f8b6796
3f9cb123
3f9aca72
3f8bc3c6
3f819a20
3f84adea
3fee74e6
3fcb6d3c
3fec3ceb
3feef2bd
3f8b1b41
3ffad883
407b351a
3fd9f312
3ff5ced2
3fdd54ba
3fafd66c
3fc733ce
3fbdd240
3fba1cc1
3fb639a4
3fb29787
3fdd0497
3fdc8fc1
3fd46edb
3fb1fdb3
3929796f
3fdb7699
400d30fa
3f891f34
3fe1ab8b
3f9d6fbe
3f869eba
3f848df8
400b764d
3fd7e248
3f8370ac
3f85d836
3f8dccb3
3fb4ac83
3fe41a6d
406cba20
3fbc9864
40245bf7
3fef2c68
3ff45cdb
3ff25777
4002cd3a
3fcb0815
3fb89476
3fe5ad38
3ff42d41
3fddce49
3fdd8737
3ffd22f2
3f85ab3e
396a839e
3fa1249e
4065142a
3fc1d2b2
3fa49e78
4087135c
40001b66
3ff3e836
3fc0cbc3
403a59a0
3fe76be0
4047ec00
3fd6c931
3f8d2c3c
3fd64ec2
3f9d8802
3fdc1ba8
3fe7a8cb
3f855647
3f85a048
3fed2efb
3f8918cc
4007953c
3ff17d85
3fdcd3dc
3fe97d69
3fd5bac3
3f953998
3ffa7378
3fd04ed6
3f90f326
3f890bf6
3fb0e4c6
406c31fc
4011a65f
406b2e5c
40166b3c
4014deb4
3f969ad8
3fc04c64
401f4998
403e30ee
3f8e6b16
4010e59a
40473ecc
3fbac630
3f9acc44
3fbb5ffc
39728349
3fd9d874
3fca765e
3fa02db2
3905a9bb
3fd62a0f
3fa46770
401f89d3
402820b9
3fa2b6bc
3fe3139d
3fbd255d
38f439ea
3fef05cf
3fc38e7a
3fbd07a8
38d5aa87
406480e4
3fb92fbe
3fbec13b
3f9b7c6a
40647bd8
3f893480
3fecf292
3fd67e21
3fc77085
3fc1d02e
3fba9891
4015613d
3ff3d8d2
3f870652
3f86b7d2
3fc1786e
3fd2465e
3fb34d26
3f839fea
3f727aa0
406a594c
408daff3
3feb1dd2
3fd5b88e
3fa51256
3fc56861
3fe3c1dd
3fce832d
3f81d4b0
3f9bf1da
402137ce
3fe91c85
401f122c
3fd41472
40213880
3fb902be
401442c1
3fd7e540
3fbe20cc
3f95c13f
3f9ba5d7
40004151
40008ead
3fd8eaae
3fe01658
3fd31bd8
3f856fd0
402f92cc
4028f941
402591a8
400197c2
3fc54927
3fd92160
4038a002
40335f6a
40377cad
40297d3f
404102a5
40404ee2
3feff1c8
402ad03e
40362272
402c1031
402c8d00
40226062
400109ab
4004b7a0
38ff90c7
3ff6cb19
3fd36d30
3bbc569a
3c10d698
3fd20a46
403529cb
4048aa63
39954761
3fa41142
391bb6d1
405a3e7b
40227b79
3fcef910
3f995dec
3f9db066
3f9f130d
3ff09e16
3fe59963
3fac65c6
3fa8d5fb
3fe746ef
3fd298be
3fa96fd1
405b4a82
3fe8c502
3f9da093
3f8d2186
3fd8a874
3bf5ff30
3f83e794
3fa4e35e
3fb1df86
3f9ad632
404dfa72
4012f6a7
4003b962
401b2d3e
4000a8ad
3fd4c496
402e8954
4047e365
4083c489
403cb32d
3c808ad0
3fa395ff
4000756d
4022731a
40486b84
401846ea
4037cffe
4011b71e
403565d3
40046405
3fffb171
40362850
400f6ba5
402e0736
402d3478
4043679a
400bac34
400660f8
38db2b00
4038803e
4009fa54
40376842
4033b38d
40320996
4005f07a
400023ea
401425d7
3fceef44
3fd1b1e1
4003a49b
40196fbb
402c753e
38dbfb65
3fff2144
3ff79968
3f84d362
40499488
4034a182
4049d23a
40484cfc
403070fc
3929865a
403b7002
4020987e
40437f4e
402b8f74
402f9a0b
3fec7108
3fe22921
3e9292a9
40498ae9
3ffd2f10
40202bf8
4022a548
40216462
401d60a9
4031d856
402a3b98
3fd33cae
3fb73d30
4000eb30
4039650a
406191b3
408b333e
3fd36316
404b2295
404cceab
40138c8a
3fd5c490
3fd799ac
3fccb9a2
3fbe5e86
4034ca69
402cde74
408b0949
3fd6c868
3f95fa76
3aa63be7
4052b98b
401053be
3fd78284
3f812784
3fc88dcf
40413f17
4034823c
3b0cce8f
3af10840
3ab50b82
3a83ae60
403a236a
4038389a
3b0d9d38
40315b08
3b9eb4c1
3bcc4aa3
3bf3d8e2
40290822
3c0d4405
3c0b16f5
3c005aed
3bdfa700
3bb2786a
40336aa9
40338391
3aea9346
3a95f23e
3a0d338b
394b0dd5
394cf669
3931640e
40406e9a
390b108f
3bd552b3
403adc7b
3a1554b8
403524df
39285961
3ade576d
3a04d97a
391d7622
38d5ff97
38dcc494
40480d8f
4046682e
38d27a3f
38de1619
4034d0dc
39025709
39051b25
4035945c
38d53d64
390ca6d8
38f6fc2d
38ee2baa
402281d2
391f112d
403d5424
38d689b9
3920f24a
39eb71b9
398d5c4f
392af1c4
38d37cc1
40416746
391511ed
40455893
403e4eab
39061d66
403c2932
403f1325
38e7b9c8
4044bdf8
401fc361
39346c2f
3950766e
4063303a
403efec9
401eef8a
395b0b21
390d9c20
38d53da0
390e2107
399b2c7d
39630fe1
4038d026
4046c9b5
4050e99a
40575aee
4050fa2e
38d8753d
401c129c
394d5aa0
40186fde
40401801
40234499
394477d4
4049da64
403201c8
3a171238
3a49d6c8
3a8285c4
4042b64a
401a4cb1
40173487
402b28c2
40365992
4048a612
403a2308
4048f3cd
40404930
401d8b70
4039360f
403b9e86
40294ce7
402e7529
402f01ac
4015af62
3fe37604
3fc95b54
3ff0c1e7
406ff662
407a6ec2
402c2398
3fcd9ae7
407b5207
3a265984
3ff29502
40226be0
4024f4ae
3fbba3d2
4013a3ff
40839123
3fdc8ccc
402063b2
408601d3
3fbc99c4
4080c3a9
400f8594
4007f39a
401b8ecc
407d54d4
3fc28121
4007fec0
401076e7
400f10b8
3fc38a7c
400d9bb9
400df5d9
400bba7b
4022716c
3fbd2d80
3fbfaaec
3fffd596
40248930
3fc558c4
400b3574
3fe70836
4020ed7b
4018125e
3fdd5bf4
3ff8e8b8
3ffb2cbc
3fc2e60d
40033c5b
3fe19c09
40001fd9
3fda3db3
3fd39750
3fc21af8
3ff39fad
3fb9650c
3fb74c1a
3ff32ca3
3fdc1f89
40070381
3ff4d89d
3ffa105b
3fed0638
3fef6e47
3fe3dffa
400244fa
3fb3d22a
3fd94629
3fdb84d7
40035527
3fef5298
3febe930
3ff280ff
40074d66
3fae7297
40022201
3ffa87b5
40017744
3fe90cb1
3fdcce31
3fc457fa
3fdfa0bf
4040397e
40338e2a
39203aa9
38dcf7e8
3950a28d
3a7a031a
39065793
39068b8b
403232ef
39a94f8a
391a1820
40437162
404170d9
4033a6dc
39770628
403150d9
393c7fda
4040bf3c
4044e454
40438bea
40353aa4
38e80bba
39004216
4038b952
38d85e03
40586958
4042ca48
4054181c
4049757c
404a35f2
38f6ac2a
4022aba1
403f47f4
38f46fb6
40345fb8
39322380
403c51f1
403c7a80
404ae4bc
403309ff
403b755e
4034b2f4
38d438a1
3bb38255
393666e5
3a1feafa
3a34abc5
3991f3a2
38dfdc65
3fd16113
38d58ce2
406538b8
40389331
404a99bd
404d9ed2
40359014
40503b92
38dcdd35
398c12f7
402da9f3
405619ad
404bb1e0
40124e0a
4057879a
403914d2
4050115a
4054ac4c
40527953
404f768c
390645b9
4034de93
4023529a
400ef445
401b1fe3
403de72f
404337ea
40007cdc
403b67d3
40445f80
3fce51f7
4037312a
403f3f1f
4039a998
4038c5ae
4003fb47
4042d8d6
403ce241
40020878
400bd447
3ff76a3e
40343a8c
38ef669a
3ac6f72b
40161dd0
4032e6b4
4018b2a3
401bfc76
3ffd3d78
402afad5
40140681
402da47e
40297425
4026b5a9
40133b5c
4026a51e
402a1d75
402d6ce3
3fe71044
40129238
400dd599
3ffccd91
3ff7415a
3fae0426
400ef5ac
400e0a90
3fefa61e
3fe32efc
400be181
400755b9
3fec63f6
400491de
3ff88acd
402406f9
4013ec4b
40245365
4013ca73
4011e8e1
4022c2de
3fc7cca6
4017f701
40227624
402361bc
4020d9b6
400a7582
40231716
3ff15946
4023a6ee
401524e3
3ff9d359
40163eb2
40117368
3ffb011c
400ccba2
401f9231
4011fe38
40094733
4014a222
40117992
400a2c17
401eb19d
40209ee2
401729e6
400ee6f0
401d4d28
3fe4ac81
3fdf6cd9
3ff4d90f
3fddaf5a
400cce89
3ff11bed
400ff2ec
3ff0bdd3
400aaf9c
40096e66
3fd181da
40059b40
3feccc17
40058c42
3ff56007
3ff9f5d2
3ff4b0b4
3fdb95cd
3feed0ff
3ffe6584
3ffc72eb
3feed5b2
3fcb533f
4015b770
3fe959a0
3ff2b107
3ff72a35
3fe7160f
4017e030
3ff27a21
3ffe48cc
3fff4d83
3fe9073c
401ac0d6
40023545
3ff462d8
4006913a
3fc30a94
3ffdfd2f
3fd435be
3fbafb74
40081787
3feff185
40132b7b
3fc40e76
4017c617
3ffceacf
3ff188b2
3ff1b2ea
40153154
3fd8982f
400b4c20
3fdeb241
3fd6ea84
3ff22918
3fee75ba
3fdc770d
400ba0b8
3fe1bc35
3fdf1c1a
3fd57eb6
400c2406
3fda3281
3ff3ac38
3fe5c407
40053e25
3fc61a18
3fcb8385
40000d9d
3fc068fd
3fe7b21c
3fce7ad2
400eb2e7
3feb754d
3ff35090
40010b87
3fc97c34
3ff19385
4000a726
3fedd0d3
3fe68af9
3fd8af8c
3fe89d79
3ffad8b4
3ff4516c
3fed3e49
3fc1d33b
3ff7e6f5
3fd837ca
3feecb85
3fdb7cc2
3fba2ab6
3fecfb2e
3fd95c61
4005f161
3fd6ea4f
3fe8bf7e
3fdfac38
4077a598
4083af03
404785a8
38ecb654
4040836e
4083dbb7
4035e37e
40803db3
38ddbcf6
3a521f3b
404312a3
4082a939
404c6144
403cab60
40477464
390f8577
38d4de53
4038aeb9
4081b3de
4042c346
404de1da
3901c910
392bb8fc
39a759d0
40419a24
396e82fe
40463b5e
4048684a
3a2a8722
405ace3f
402a4aa5
4050c853
3a69fcda
4027547c
4068d846
4068ec47
405c262f
3a713a4c
406a13f6
40385249
401ec2f8
40679dff
403a2301
404af7e2
401c843d
40683aa4
4065d446
4061537a
40180d41
40661a12
406377e6
4062b68a
405a0062
4056313e
4061925a
403c7641
405fd1de
4056ca2c
4055d4b1
4038ce65
4013f97e
405ef7c8
40555617
4033905f
405d8f84
405c8530
4038bcf7
405cab6c
4059c430
40586ad4
405460a0
4056d691
405a3bc4
4053fafa
403d498f
4050b2e4
4020458f
40536646
4013b6c0
404d17e6
4034bfb8
40502054
400a5fc9
40366b71
403d9211
4054a75c
403d3e16
4003d47f
4038465b
4032bcfa
4044b622
40441162
40387995
40031709
4042de1a
40390f44
40440fb1
403e28ca
4036a44a
40406f0c
403594e4
404cce8e
400317bc
4047bbc8
403b34b8
3ffbca5f
4000ceed
4048a46d
407de21e
401d6c59
40320969
3ffc46b0
4084dabf
40817f25
40831417
40834a6b
3ff357e9
40342090
4084705e
4041b8ca
401766d4
3fed4f73
4015fa1f
406ee79c
401f952c
40276ff8
3fcfb3c0
408a07ee
3ff69c6e
40150f26
402c7b82
40028bc2
400cc8cc
40735384
40807a1a
408dd709
408cad70
401388d7
402afce9
4013afd1
40281fe0
4011ab0b
40268931
40834a9f
40828724
40865852
4083bdac
401916d0
40870265
40832f7f
4017a193
401a5dfa
3ffe3d5c
3ff712d4
4081a8d6
400bab33
4015cfa7
4081a4a5
40145a57
4020bee3
3ffb5a60
401eea10
40117ac2
4010f665
40085698
4031bdd6
400805aa
3fe2c708
4014a30f
4013bed6
3ff74854
40127bc5
40122346
3ffa3205
3ff2ca35
3ff729fa
3fe442fc
40147088
40314cee
401711bd
4013df36
3ffa2683
4007b9d1
3fd05032
403367de
3feb3d10
40017a3b
401a172c
3fd44092
401866b2
3ff37ffc
3fdd7e06
3fdd238e
3fe31b0e
40037a1c
4001cba6
3fffc30d
40051357
401717a9
3ff57015
3fd61b0c
401b44a1
3fe13a42
3fe2e544
3fedce6f
40166808
3fe9ef29
3fda8346
4015b085
3ff2b3ae
4015ff97
3fd9549f
3fed45ce
40048888
40180ab3
4015c7c5
3ff29823
3feaf0f3
3fe01125
40031fb9
3fe1d985
40160e38
3fde9ef0
3ffb245c
3fd7c09a
400569f4
3fdfff37
3fcbd825
3fd8a80a
3fcdd8ec
40019cf0
4000c10d
3ff9a80a
3ff93d79
3fe4942e
3fed0acc
3ff02401
3ff8e798
3ff9c206
3fef6ac9
4073f845
407dd67e
407325ce
40801163
403231ef
403ca3f2
402a9bc3
40379b9e
407db20a
4083c4bf
4086aa58
407d129e
391b7917
40299354
407b6a6b
407b9648
401944f6
40838cc5
407e99af
404e3f94
403a19e6
4084cf41
403d04e7
406d9dc2
408882b1
4055e428
406a7152
40489997
405c2470
40467254
40660998
4061c50a
3ffdba5c
401b71d6
400037fd
40153ef2
40361408
403f48ff
408154ad
408485d2
401dc2c1
4023cfa6
3fcdacf5
4079395e
40263fb0
4085626f
3fe80d8a
3fed046f
407532c6
4077aabb
3ff68772
40135066
40748587
40763f6a
3fea895a
407c9326
407ac93c
407b4ade
407f4b5a
40807d51
4078ca37
400f885c
3fc88e8c
40127501
40152342
40770661
407bbeae
407d3634
4078f8ec
402abccc
4009d6b8
403275a3
4033ff47
40090d1e
3fef3d30
4032c0be
3fdd4688
40014ba0
3fe504c9
3fd1c048
3fc7409a
4080b901
4078134c
40791a4e
407cf456
40782804
4076c424
40789d58
4031e376
40709740
40765689
40828cef
40422ddc
40437107
4075ead8
4080ec9b
4036e243
4077ed46
4083cbbf
40853dfe
4042b6d4
4088879f
4051bb77
40843631
405e9c5e
406a9864
406cc272
40753712
406dfa57
407748ea
4048e93c
4071d124
4073bf14
407425b7
4084d93b
3feeb880
4073ecc0
3ff15fba
40718db4
407e7a04
400f10fa
3ff54d08
4000eabf
40333a3b
403799b4
40368b66
3fdac25e
40306160
4031cc01
403560f9
3fde4ed1
4017341a
4016889b
3b4e2779
3fd4147d
3fd61981
3aec5741
3fcc557f
390d1f0e
38e89696
3fdb3de4
3967128c
390f34fe
38d7bec9
3907e44f
394f41ed
3910b3ca
3fb7070c
39deeaf3
395964f5
3928f8a0
3908457b
39ecc2f0
395f9715
38dd332b
391c2294
390db853
404189f8
402fa207
401afd49
3918457e
391f5130
38f89ce6
3fa67512
38da80b7
39502f62
3fd75e9d
38f21648
3979df0f
393a7573
38d76757
39202adc
38deb4ed
4047175e
404d0714
40371c27
4055500e
3fcdd2aa
38f53196
38fa164f
3fd6229b
38dcfdf9
38d33dcb
38fd2725
390fd5d0
3fdc5f5a
38f1bbca
390cc8a9
38dd39cc
3fd2d09d
3a44a74e
39028b85
3fcb3e6f
38eff416
3a57313c
406e0c1e
3fc7006a
3fde2674
3fcdff6f
3907199b
3fc36f98
3fc124f5
3fc47339
3fc1890f
4055c4a5
3fe7cf83
3fddf3da
3fedeb41
3fde458e
3fa20432
3feebaae
40249844
3ffa9b6b
3fde6096
3fcf5c68
3fba2a5f
3fdea32e
3fd26e89
3fd23093
39503c51
390a7714
38d9b848
3a616f0c
4066b89a
3fdc3c18
3fb6da13
3ff02211
38e167a4
4046a522
3fc6382b
403aad89
4022c507
403aa2c7
404a316d
406ff0ce
3ff36b8d
3ff23bf9
3fddf98d
3fcb3697
3fd3e9bb
3fd17792
3fc2a84c
3fc15f2c
3fabea5e
3fa67054
3fa409c8
3f98547a
405956bc
3fb7dcc0
3fbdc232
38d960e1
3febec02
3fd9ce1f
3fd3ef48
3f98f122
3f8c6a32
3f88fc35
3f8d49da
38efa007
403ab3e6
395d51f1
3fed1d33
4000a0d9
3fb8ca2c
405b2641
40543eb1
3fd987ab
3fde28e4
3fc604a2
3fc6c97f
38fe2b2f
406362ce
3ff316ba
3fdd258e
3fd96a28
403a56ee
401ec540
40085822
3fe33682
3fc98454
3f9d6720
3fa3b775
400f92cb
39783e27
3f994b3b
3f993d92
3f97ad3f
3f97ee82
406495d2
402df16e
38d4d7d4
4030acc6
4013c74e
400adc4e
3ff45007
3fb60bc8
3fb4aca4
3fb3ea34
3fae9860
3face4bb
3fa43f84
3f9c3241
3f8ece55
3f83e969
3f9265e2
402b42e3
3fca63c8
3fae327c
3fbbf4ce
40120d16
4008ecca
3feff0d0
3fcd2cab
3fa875ca
3f99ea84
3f95dfde
3f8b8d50
3f8a4c84
3f94ae78
40742f96
3ff674da
3fa0a5d0
3f8c4a2d
3f942a10
3f8832ec
3f87c652
3f882e06
3fe13cdd
3fb2ffee
3f9ae6e0
3fab46bc
3f8d4c9c
3f8adac6
3f90c85a
40864bcb
3fef38a2
3fb09498
3f85f8bc
3fd729fd
3f96c5ae
4066d164
3ff3c78e
3fcce245
4017b5a3
3fe588f6
38e0f690
39094a6c
3fc809af
3fdaf74a
3fbfb30e
3fdc4457
3fbe9f52
3fac1fac
40680366
3fcec65c
3fd74cf5
3fedc72d
401b9124
3fa660c8
3fcfb3d9
3fcf6ec6
3fc034a8
3fb4784c
3fe8680a
3fc5a576
406e7837
4010121c
3fece0aa
3f886c7a
3fa1e54c
3f9b06f4
3f856f86
3f86d40d
3fada958
3fdcf177
404b53e5
3fea5b49
4014ce7f
40051359
3fffb7a5
3ff15e3d
3fd2af40
3fca7e9a
3fb55263
3fb69c80
3ff2d901
402b6bc2
401d7f89
3fefdad3
400e6315
3fe984e8
401228bd
3febcb0e
3fec446f
3fe7181f
3fef23b8
3ff43ff2
3f8484b2
3fe74ddb
38ed3337
3fac0cfe
40349f25
3fa1f05a
3fd0a71f
3fda37d6
3ff66bf9
3ff1b9ee
3feb5757
3fcd4c5a
3ffa13d8
3fc76b5b
3fbec9eb
3fa87d8a
405ae032
3ff107b1
3ff2fd5c
40046584
3fd77854
401f192c
3fa2c23a
3fc417a8
406b0651
3fd0a168
3fbd4cb7
400f2afe
400a2cee
3f8a15da
3ff46b00
3fe5d31e
3fe8a619
3f8d3dd8
3fd09342
3ff5691f
3fda6741
40672522
3ff2514b
3f9fc488
3fdb959a
401f2d69
400efdea
3fbd481e
3f9213d2
3f88b1ac
3fae8226
3f881c5c
3fefa63d
4011757b
40804f8c
3f961704
40121ce1
3fda36fe
3fd76aa8
3fb33de6
3fa0b4f1
3faebdbc
3fd4faa0
3febb0ee
3a1ee278
403ffabe
401e6407
3fc136af
401661c0
3957532c
3fd61c82
3fbc615c
3f90bcf6
403fbe7c
3fede414
3fb996b0
3fdc4520
4064f40c
3f83c9d0
3fcaa129
3f9dbba1
3f889b1d
3fef2c8f
3fd13b30
3fd6743a
3fb97bec
3febf423
3fab0935
3fb9984c
3fa564b2
3fa1d91c
3fdb99c4
3fe7a540
3fa4dec2
402027b9
40212d14
40457dc0
401e319e
40685c04
4013ae1a
3fe2033a
3fc27c6c
3fec52c9
3fd60f33
401a4eb0
40000075
3ff2c081
3fc255a5
3feb8ea6
3fd2633c
402e2a00
40287965
3fec2e07
3feb17fc
402409de
3fffa1bb
3fd5cea5
3fd84938
3fdb9328
4040cad6
3be5f267
3c225d76
3fd9a607
3c1f2e74
3c062b5d
3be45cac
406cb602
3ba2861c
406042c4
3b5a50f0
3fd9b7a3
3ab663fe
4063a39c
3a1273d6
404d7ede
3fd85164
3fd943d3
3fe0dac3
405ef7c8
4016f3eb
3fc492be
3fe91c88
3fdca1b4
403e31e6
400a8055
4009e3ae
3fca5054
3f9e9a3c
3fe93db9
4020fed5
3fd502f1
3fc4fbba
3fd38de4
3fd1c2aa
3ff1e1ee
3fbe7f52
3fcee81f
40515f30
400312b4
3fd9395f
3fd6ff80
403c4e8a
3eaa068d
3fa22e4a
40249f38
404488e5
4035da4b
40425b13
3e94b03e
4037b907
400b34f8
403e0ba2
400890cf
40352b49
4034e2c2
401ff84a
3fe5101e
3ff40aa3
400e791b
3ff0e83e
402366d6
3f929efc
3ff74275
3f85f68a
403bd979
403cea0c
404202d1
402fb5de
40349256
4043de2c
40397e26
3ffd9a1a
4000c7fb
4003f9e6
3fd2369e
3ffb867a
3fe8bade
3f9b1bd6
3fe08c47
3ff84ca4
40329780
4049fa72
3ffbc815
404b3ba8
403ebe48
4031cf32
403217b6
4043dbee
4019168d
4021327d
4029cd29
3fee92c0
3fc0d67b
40408c90
403ed9fc
403f0e9b
40300112
4014c583
3fd0e5d2
3fbfd051
3b5c81bc
3fd96b1b
3fb56b22
3ff1957b
3fe6679e
3fce067c
3fb95f3e
3fee95c7
3fd5b2a5
3f854f44
4044c4a2
3fe2af8c
401006f3
406556d6
3fcdb0d2
4000e564
406a2774
3fda123c
3fe182c0
40699518
3ff993dc
3908d3cd
401dffd0
3fec43a5
3fd31b71
3fcaf988
3ff638ad
3fb78fac
400f6e4d
3fd636eb
402f20ba
4029d451
40242608
40278efa
403d2e06
3fbdfd50
402ee6d8
3fd190e6
40224f93
390f23d2
404d3e89
4017eed8
3fa091f6
4046af52
40115e4d
401f54ce
40120139
4048aced
401adb47
4044470a
3ff0686f
403778c1
40308bac
3fbcf685
3fd0d7ec
408b400c
3fcfb2bf
38dbb08a
3fcf3310
401362bd
3fd711b5
39b3b1dd
3a11aa01
38ebae81
391e1ea8
38d4e6f1
38f9c915
3903aff3
392bf8cc
3915bfcd
39bdb664
38d50672
3920ff58
40238dcb
4063bac0
4040db4e
399bb629
39c50c2c
401dacff
402e0234
3ff6c29b
40143b0d
400f8c9c
401d85f8
393232df
391eecc0
40619da4
40523148
401d9cee
3ff505cf
3ffa618d
40086201
406528c0
4066c4bc
406341b2
40587934
40591732
4054c5fa
4051b0ca
402efa61
390464b2
3ff38cec
40873eae
390e2430
40408ba6
4075acb9
4036b88b
3fac24be
3fd0f127
408a0238
40475662
4013302b
3fdacdb4
401ae309
3b16c400
3fd4b8f8
40203a0a
4086b8ca
39f1267c
407df1d8
3ff03669
40470a14
4037bc6e
401584a3
402b77d8
405189c6
4034edca
3fb3eece
4037e226
3f7558c6
4046058d
4090120b
40668940
4040b5fb
404b0313
3ff55316
3fd1ec01
401e752c
38e1046d
38f4b305
407c9a38
406d9244
405a068b
38eef1b6
403d77d6
401f99be
407079b0
395cdd50
4058d066
404c3f13
40366e47
403101e1
4062bb14
406eaaeb
406f797e
40352055
40834736
4066494a
4083afa8
40622acc
407c1f94
4063bc6a
403a2466
4080b0f1
407a7acb
4040f34c
4084d11a
402aaee0
406c64c2
406817be
403bd2ea
40678570
403ab47d
40841472
40667a0f
408499b1
403b4c68
40850ad5
40859b34
4036a528
40862480
407b2470
4083a9b7
403f0362
40856ce4
40877bfb
40856038
406db818
4086192d
406b3808
40866b56
407a778b
403f296d
4030895a
408465a2
407772fe
406f8d71
404783d1
406d4e87
403bc798
40855f6c
4085f3a9
40702093
4046118b
40858f52
40402532
4086fee8
4071e88a
40867cbc
40870830
4046fff2
408cc498
40880569
40792c2c
4026ff8b
403e982f
401dd3d6
408813bb
4040bb91
408a41bc
401b3738
4071bd9b
406f6201
404fe38d
407a577c
403679e3
4091cb2b
403db66a
40897898
40870a84
40879786
4071c926
401b2e64
4043dbce
4093e40b
408a6946
408ac563
407552b4
40257a33
408df85a
408319ff
4080b964
408623b5
40842d06
4041a1f7
408bd151
4088182c
408df1e8
405efc89
4046f8c4
408a1917
4012949e
401f7f54
408c5e33
400c8cb2
40889c8b
408d49e2
408d6412
408e06f3
408de5fd
40599f1c
400e25f0
40366a07
40887ec8
409140e5
40160d3f
408e053e
404d6efe
4091bafe
4019e57c
4029598a
402f2998
4059c81c
405510c2
408ac5e2
405d9795
405af2f2
40553c9f
408fd735
408e703d
407d9158
40347738
408c6e5c
407b64be
4036f4e4
4088bc65
407d4507
4070659c
403b35a4
40742663
406587be
402f4a28
400d6baf
406b124f
401b7d4d
406acaea
4074d134
407367e9
40743e80
406ed29e
407576cc
40769930
406bc7c0
406bd8a4
406e0f7a
406c5d14
400a0d58
40639490
402b763c
407747b2
4009695a
400682ee
406ac98e
402c0d40
40239917
40729a6a
40746efc
407b8f6f
4013fdc0
400bd580
400409af
402b26c0
4092bcec
407fe460
400da3ca
4009dbc2
4076eca9
40818b88
4028ab79
40279bde
40750e7b
40292634
40718abb
400f466d
4003ead5
400eda88
40286fab
4069ec68
40038dc8
406c008c
402abc3c
406ff6d8
4008c74b
402944f4
406e45f3
401d37f1
402cdb39
4025c69b
3ffb5acf
40019451
4080e653
400f940a
400bc7e0
402bd995
4068436c
4000bf60
407d88cb
40672a88
406e91fc
4024f9c9
407e8fe3
4070d460
40767e6e
400e4ff9
40727331
4083ae41
40744608
4074873b
400bd442
407ced88
405ce884
407a510b
402258d2
4078e1c0
4079b342
4070ee50
40292e02
40311374
402272e4
4003088c
407a3b92
4023c1f0
402da505
407ae87c
40254a01
4033cef6
40310dcc
407d6118
4005c2f4
407909e3
407c8af7
40812e47
407cbf84
402d2a32
40223186
401fe4b0
408332ee
402240be
407e27de
407d9f9d
3ffc9208
4079009a
402b4a87
40780ab5
402fd8f6
407cbb29
40208032
4028d698
40771097
407607e6
402c21a1
4077d316
4076b5c0
4004d34a
40736418
4078b9da
4016750e
406d2218
40016f2d
40720ca8
40709c3c
4003fbb7
4068baf7
4074e0a2
40694595
40694cfa
4068081c
4067538b
405a23ac
3a0bedfc
403dffb4
40444479
3a825717
4066b946
403a4e7c
404550cc
4040dfb8
4041c65e
40518d8c
4040d56b
40552206
405a6860
4054eb5e
40209d04
405fc946
403bacfb
4052a219
406000de
40576f74
38d61e18
406e20d6
4063c7da
403f1e48
405eea9c
40670bf4
4038c6df
406a217a
405e727c
404127df
406b964e
406498f6
40365f7d
3b77786f
40404fe3
40426f4c
4069bb06
40660971
403b0cbc
4067a2d2
4070cff1
406e1ba2
406ec040
40756d44
404b8f10
4031e1d9
40179ba3
406d4286
40644f8c
402afd3f
39a5cac4
40626fb8
40734d68
406f9630
40426213
40786c46
3a0f130c
406f91aa
403c161e
406fb48a
40748c70
406b054a
406e02a2
40742da4
40742673
406ca2a4
404b1592
406cd786
403c570e
40412e50
407d05ec
4041a6c8
402e28b6
400d5d7b
4073a7bb
400f0f32
40701d28
40715a9c
40761293
403bc998
407243c2
407ea19c
40774c89
40802676
407347ed
400da1f0
407a06ee
3fe91f12
40761453
40757abb
40648ac6
403ad0b9
400d85a2
407f2938
405fae48
40638233
405e7b26
4063c645
406a12ee
400bd716
4064d0df
3febcefe
40038092
3fe7db5b
400b4a7b
40321b46
40108e91
400b757d
3fe1a1ca
40681c02
407932d2
4081024d
407e482d
407b060a
406c1549
40207d6c
4021df5b
400cc310
3ff38322
402ab67e
3fe7cb82
40033080
4010bbde
400ea831
4027f7a3
402aed45
402809d2
40296379
402a7deb
3ff2e329
402bab0a
4003713c
3fe881f4
401dc62f
4004d26b
40291a36
4020118c
402b58da
3fe63e1f
3ff205ac
4028e88a
402c9ec8
402d9fbf
40053221
40033e7e
402b3a56
3ffc7e7c
400319ef
402e18e0
402a680d
40006bb8
402d6d2a
402d6dd2
402a9696
40292242
40292bda
402aecec
402bb87c
40274de6
4017e9f1
402774a3
3ff0922e
3fea5b91
3fecb9c5
403b706c
403c769a
403d6a11
4038ce00
40214e6e
403639b4
40391521
4035e05a
403a4aa4
3b2726fb
4033906a
403b4f12
401af474
403a8848
40184ae1
4020bab8
403dfb5c
4038d3c0
403b718a
401e638a
4043b48f
402dc9e6
403d3dfa
4035bbd3
400faedc
4014a96f
403ff21b
401ae5a2
4022b0fc
402ec0e4
40139843
401cf278
401a72a5
403a5ec7
401f4e1f
403d5fc8
3fbe4c35
3fbffb1a
40412f92
3fc4303c
400ff036
400ddf31
4025583c
404b02c4
4023f00f
3fc8c7fe
405a24e0
40260507
403c7e1a
403fe994
400be7ec
40133aea
4047c333
3fe80e73
3fd333ac
40129591
3fdd217c
40089ba4
400cb946
3fe9e9c4
400a9062
4017c861
3fd0ce29
40058ffc
3fdb1cb4
402fe9f4
3fe8d5c0
3fcc896a
3fdab39c
3fd8ef0a
3fce8672
40399e74
4035a6c0
40315e34
403a7a38
40398f5b
403e2252
402bae70
4008cd1a
3fdf3fc4
403e2dba
3fd70e8a
3ffb2a96
3fe0ea94
403ea7b5
400570ee
403cf5ce
40325ed1
4004ec7f
40288617
40020d0a
4057f34e
4024189c
3fde06b4
4061941e
403fd2a4
40614584
3fdd7192
3fe83b79
3fee0a63
3ff2163f
401c3978
40638324
3fdc7f85
406df8f0
40023d34
3fef8453
3fde8b27
3ff52210
3fe62a5b
402758eb
400763fb
4007e934
400f5429
4069c472
400e4927
3fe38414
3ffafb39
3fe40b0c
400e4de9
4009164d
3ff46282
401f7242
400f520d
3fe57708
401f5af2
4024533c
400e70ff
40240d28
4003de00
3fddab30
4001fff0
3fe80524
40020326
401a861e
3fdb974a
3fdb9ee6
4006bd78
3fe97805
4012ea07
3fd81d50
4006b9c3
4001ec17
3fde4464
3fddb8c9
4019326c
4000f991
4001f332
3fde8194
3fe5ccc5
3fdaa830
40778020
3fe80086
3fe26952
402252a2
3fdec042
401d84e4
4004986b
3fe6b626
3fe7a878
3fdbbda1
3fe2d891
3fe083fa
4004f694
3fdf717b
3ff47ba4
3feb9a20
3fdac4d6
3fe91b47
3ff8bfd6
3fe0b1b2
3fe885ea
3ff1a259
3ff26dfd
3fe2737f
3ffb56a2
3ff01205
40138910
3ffd2df4
3fea5082
3ff54562
3ff26bc6
3fed98cf
3fedb31e
3fe5fb19
3ff75ef9
3fe6f544
400068bf
3ffc3051
3ffe3a3f
3ffddc94
3ff9ab10
3ff18543
402f9f91
3feea064
4001c0dc
402f35b3
3ff47146
40196614
403071b6
402b280b
3fc72bf4
38f80864
4028e1b1
4031cfc2
3fbe55ba
4034a7f4
38dd7dc5
3fe8077e
3fcd6b2e
4035ff90
4013c34f
403a8192
403e774b
403ba5b2
403f8318
403f4d69
400c1808
403f4670
403c9d70
404029aa
4017fa2c
40360d4f
400d25ef
403a31e9
4037511c
3fbfa46a
402d5d28
402b3a2f
3fff003a
3ffbc5ac
3ffbaadc
3fd0fd2e
3ffa8263
401157dd
3fc8a3f8
3fd837f5
3fe9dc56
40086af2
3fdeac06
3fe39c94
40129e61
4013dedc
3fff58cd
4007ae29
3fd2271e
3fd309e6
4010d64d
3fddadcd
3fdc50b8
402d9d48
402c3a76
4031367d
3ffa7c94
40040c9b
3fe245e3
3ffeeefc
3fe9af2a
3fecd607
401e2a28
3ffefd35
3ff2da74
3febc6bc
3fee0b50
3fee45dc
3fef07e9
3ff636a9
3fea02c4
3fff4d60
3ff6aa3e
3fec2641
4003a02d
3fd9645b
3fd72d78
3fd89a86
39119a7b
3fe03332
3fde0928
38d2ca60
3ffa9f91
3fd0005d
392d5c2f
38f3c07b
3fd74ad6
3fc9e252
3921aaf1
3902a5bc
40434457
401f1568
403077c2
3fd27d0c
3fdb9e4b
3f9fc1fc
3fcf6c41
3fdb41b2
38dfdf39
38dc6998
3b846cae
4054b16e
3942c4a7
405b610e
403c371b
3fef74e6
3ff794eb
39182054
3fbe328c
3fdab2fe
3fc3cd96
3f9daa7e
3f9d1062
405baf28
3fc7d85e
400017e2
3fb1e65e
3fb26073
404ebd3c
402a295a
4020bf22
4027200f
40160a16
3ffb5bda
3fff651c
3ffeb184
3fffb101
3fdc2bbc
3fcb7182
3fd2559d
3923cbfc
3fd1ca1f
396602e0
3fd2d5bd
39181d14
3fd26db4
40367984
3fe829bb
3fa881f2
397f9566
390e9a17
40616626
3ffa6841
4014889e
3fdd0d54
3fd97749
3fbffbe8
395f9289
40497efc
402c5fda
3fc5da2c
3fb29047
3fadf086
3f983a0c
3fa4189c
3ac23bc8
3fe8edd5
39822daa
3fd244f8
3fc9a35a
3f8ff1ce
3f9ccd36
3f98ea80
3fbe41b4
38d54df2
3fd5c013
403f97d8
4020486d
39025d9f
405a075c
3fc6a7bb
405d3070
3fc7897d
3fe0b772
3fda04b4
3fe5a712
3fe97e5c
3fd4e763
3fc87467
3fc628a0
3fa85160
40654ce4
3a08caf5
3a17aa26
405d7b92
3fe397a2
40207e42
3feb6e81
3fe0ad18
3fa55272
390776c4
38d6e503
3ffcbe58
3fa9cfc7
3f91799a
392dde65
393957b2
4009f34a
400bd5fd
3fde5d9d
3fcb5e55
3fc6ee78
3faf4754
3fc775da
3fcf2590
3f93bded
3f96d206
3f842400
3f892964
40299d80
400b3f8d
3ffa6e86
3ff90c5e
3fce16f2
3fcc478e
3fc94bd4
3fc49fa3
40092144
3ff0b345
3fe3648d
3fd7af9e
3fd080a9
3fc58df8
3fc9935a
3fb52104
3f8ae576
3f980916
3f88e0f0
3f9597b2
4077c656
3fc03873
3fae76f8
3fa80793
3fa9e60a
3f9a56f6
3f958e47
3f8b6d31
3f9a58ec
3f82fa46
3f82f508
3f8d29a7
3f82f319
3ff592f4
3ffd3c34
3faf2f30
4087a0ff
3ffa2f94
407c3f84
3fd56dbd
4015ec88
3fdf6d2f
4061517e
3fbd0e9a
3fdeb0cf
3fd8bcd6
3fe84899
3fc7adc7
3faa4232
3a202eda
3fc0e1a5
3fad65f2
40015a8f
3fdb7564
4018e3ec
3fb37cde
406cba28
3ff03bd9
3fef5f77
3fca554b
3f8dbd78
3ff24903
3fdc816e
40170d53
3f8fa436
404d8b08
408dd89f
40152122
3ff27c16
40179654
3feaabfa
3fe16d0e
3fd279bd
3fa2d6cc
4029f920
3fe7ac54
3fea345b
3fd1a5d3
3fe50013
3fda4cac
3fb0bd48
3f970e5a
3ff0d609
3fc8c59a
393ae52b
39f831f2
3a306e74
3fa660a6
40548440
3fb3fd0d
3fc981ac
3fb8169c
4049b73a
3a0b24eb
3feed543
402a417d
3fd8f41c
4022fb40
3fe07b62
3fcffc99
3fd781c7
3fc34835
406a73ea
3fdf447c
3fce5538
3f92fecd
3f874ed6
3fd978f4
3fa1f4c2
3f81e14c
3fead128
3fce5772
3fbe14e3
40210386
4068cca9
3fdbd4ed
3fe3c3b2
3fdf682b
406b1bf2
401431f2
3fbf0a9c
401539fe
3feafd77
3fc48736
401e7c02
3f90fc8e
3fcc3e58
3fd2ef58
3fe9d7ee
3fe7eba6
3faa109e
3fc603bc
40157064
3fc8bb8d
3fbeeb2c
4064e256
3fe52524
401364c1
40042806
3a509adf
3fb9b5d9
3fd85639
3fc03630
3fc15390
3fd330e2
3fc7a75c
3fcf2b18
3f94683e
40456c19
39e5aea1
3fe07a4a
3fe9d312
3fd233da
3fc16dee
400a2ca8
3fe894c4
3fa17c10
3f9cde22
3ff05aa8
3fcfbf56
3f8e5d9e
3f879468
3feaed5e
3ff55c7f
4022e351
3b9db082
40002d73
3fc002b7
3f7d3a86
406be37b
3fcb2016
3fa67b6c
3ff49b26
3fbda8eb
3fe75339
3ffd2aff
3f923fea
401ecda0
4014fdcd
3fd69e2c
40103ad3
39465229
40000548
40054951
3fc71e08
3fc32f66
3f867361
4023dc33
402bea5a
40270bb4
40233a97
3ffd10ef
3fdc1f72
4035f571
4037a2c4
403b1aff
403b6770
40364e70
4022f308
4029daf0
402ad04d
402b3b16
3fd54206
402068b9
4017084b
3fa8ea52
39472128
39892980
3a3daec8
3ff3f95b
3feeda8b
3f937740
3a6e973c
4056aeca
402110fc
3feb094f
3fbfff75
3fe5629d
3fb73eb6
4008f7db
3fec23e3
3ff7f963
4069fb1e
401fc916
3eb8a06b
3eb52ace
3f9caa1f
3fe68be9
401f29ec
4069a66f
3f8b22a8
3fcbd5ff
406d9e47
3fd2cf93
3e40c422
4044521d
3fe3d096
401e8492
3fe504eb
3d410058
3fba3f8a
3fcd5aee
3fd6b8cf
3fd946e9
3f8245ce
3fa3ab50
402b885c
405250a4
40336f99
40405de6
402b44f6
402b0a7a
403f61d8
402eec12
4031c975
401e9edf
40285251
402c6da1
402c2f9b
4028cd81
40133da2
3fdd86db
3fcdf538
3fe02ee6
3ff6bd3e
40359658
401ed893
403f6afe
40399476
401cb6d2
403b0730
402b178d
403157bd
40241ba1
401f0580
4021bea3
3ff94a00
3fdcc379
3fe8d104
3ff71ae7
3ff8e2f3
4037edc1
401ab774
40052b1a
40313a7e
400ccbe1
4015354c
4016e760
40226d1e
4015fe3f
3fe5f626
3fceac3b
3ffdf569
3ff5e4b1
3ffe0a20
4031731d
4054a553
40430148
40403109
402ec6a0
401e7966
401cfe63
3923d698
405c5a9f
406451c1
40483f68
3fca3468
3fd5d59d
3fc4f490
3fefd669
3f9c1a9d
3f8ad4d2
400bcba3
3fe24b2e
405b8894
401fe4d7
3fb63a5c
401667c7
404f9a6b
3ff3b97f
3f896bc0
406bb7a5
3fe71041
40213d10
3f9c5eea
3fdba532
3f8864d2
3febc860
3fbf94ca
3fe64f74
40110274
3fd865b6
401c5e86
3fcd3b40
4005059c
3fb63075
3fd9097c
3ff6ba7b
404093a4
40301a7e
403ee991
40023c33
3fca4522
3a0f670c
3feea2af
401e8bfe
3fd7d184
4020a97e
4019288d
3fd5f5c9
404208eb
400f1163
4041cf32
4007efc5
40346803
402c3a6a
404739d6
40392589
404740b4
4047e278
4023ca28
403befae
4041a8e0
3fd66d04
3fd594f5
3fc6eebd
403fc643
3fd24461
3f8713c2
38efec42
3902ea07
39838754
390cca23
392810fe
39088a61
38d5e96f
399cac74
394133ae
40640890
4039155b
40326714
4013af00
4034e9ef
401ad3b0
3fe8118b
400845bb
400a4ab9
40236f6d
402347f7
3ff93d76
3fd31dd3
4001f4a5
3fed8a00
3fd55735
38d3fb61
38e3df29
38e42af9
3900d694
38e13ab1
38d40487
38d6b393
403ce490
3ff91718
40366a49
4023e239
40008535
3feb93f0
404ab1ec
407d39c3
40453c7a
401c50da
401c37ba
405b7559
406957ef
4060ee4a
402098d9
4057530f
403e556e
404eb7dc
404eea34
3fe10fcd
3fef11dc
40356ca5
401f131c
3fff9b6f
4002b9da
3fe4cc49
4036286c
404485af
4072d7f0
402f7bd0
40295002
4037f922
404d8875
4057b1c0
40369ca2
405f3056
3fb83e68
3fffdf1f
403bf338
402f80c8
39649bef
403973fa
3fe86890
3944d3d8
3fe04d6b
3fedc28f
3fe451e8
3ffe82b7
3fea58ab
3fdda568
3fef3d56
402b2352
3fe7aaa1
3fee4e74
404f1ad4
4017b7f3
3fc9b97a
3fd0c1f3
3fe6825e
3fd7ebba
3fa4301e
3fe6468b
3fbd00ca
3fbbbfe2
400f3bb4
402676b0
4009db3c
38de86bd
3fcc47ed
38d25e38
3ff758f4
3fcda951
403fe09f
3fa1666f
403c0afe
39615fa6
4036ba0f
400b5763
38ede4ef
40225edc
40579a4a
4039fabf
403afc3e
405f3896
3ff03cac
3fccc3ff
40234b42
401d3222
402948a8
40043d09
3fb66f95
404810a0
4002368e
3fe04f2b
3fd40bc0
3fc86f26
403c6513
3fccbcb3
38d25473
38d2515d
40139230
4006f0f8
40219d0c
390a44e7
40699d5e
4058c29e
40542c54
3fe6edc1
40346067
4043f7ea
3fcf411b
394cc001
3ffb2bc8
40199065
3fc8228e
4004ea4c
4069244c
404aec92
403fb7a3
4022ac71
406ebd4c
4053339d
404eaa2e
405974f6
4041a7ac
405b1e60
404d8c5f
4067de4a
405cf1f4
406d7e42
40832ed4
406e6734
4071c764
4068069e
408054e4
407f5282
40380780
407e4a87
40777a42
40653476
405eb363
40848b18
403da162
4088c963
4087bd0e
4086d2c4
4029a83e
408fefdd
40110d7b
400c6bd5
40667d06
4064f36a
4064bf22
40173d55
400510ae
402b6cc7
400c2567
4027f3b0
402d0e77
402c8f50
4031bf72
402270a0
40207971
398795ac
406284e2
406b1088
40498398
402adf56
402713f6
4024b8a5
4036b946
3fa14531
40550332
4079b359
407f6082
4051876f
400bdc9e
40446698
3fe9ceb0
4065591d
406f11dc
401caa89
38da4365
3917f5c6
40288de9
3fcbbb00
40330ee3
402664d8
3f9fad7d
40472963
3f86d25a
4077dfe5
404ba657
404549ec
4050f0ec
4024181b
40338b00
39048c71
40716a3d
395286bf
408d0d6d
40264438
3fada862
392ac9da
3fcc7d0c
3fca8809
40426260
3fab2922
404b1ff4
403f68ba
407e9ef6
40476ec4
39b874d2
402bed1d
39df75de
38e91ce7
402430a5
401fcc73
38f1b566
402d05df
3fdce1d7
4026e026
40241c4e
401a96c1
3fcb8abf
3fced53e
403626e9
401ba300
4036836b
402e3408
40361ee8
403502c2
403d8d29
40203948
4041509e
3fc1a950
4017ce09
3fd83b81
401d53e0
40345c01
40126c19
3fcffc0e
3fcf799b
403229ea
3fc84ec4
4004e607
40053337
3fde56b4
3ff7a094
3fef84af
3fd81800
400562c3
3fdccd8a
400d52f2
3fe25816
400a78ad
3fcba5dc
3fccb6f2
3fe3aba5
3fe3d6e9
3fdfaff4
3ff2e5d6
4007bf02
40020bb6
3fda633e
400151f5
400d7374
3ff3f673
4001eca1
40124744
3ff43893
40237aed
401dce79
40220fab
3fe7dfa1
3fe4e586
3ff5d67c
3fff0295
3fee703b
3fede4ad
3fe2e684
3ff703f1
405cd818
3fecfa63
404daaec
3ff2e42d
3ffa3fed
3ff8ebef
3ff4093c
392c9aa2
3fd2a2a7
392789d2
402ed526
38fe7a72
39104afd
4027bc27
3901950c
402e7901
402d5cec
40302e0a
402b01b0
4016b6f5
3fc09ac1
4030e36e
4033d90d
403a394f
3fdbfda2
4024e91f
400b59d6
4032008e
4035604b
400a2e20
40317ad6
40070ff1
400a04db
400d8670
400db1f2
3fcf8d54
3ffec267
40161d8d
3fed00a6
3fe79dd3
400f0fca
4000b784
4011aed2
40122477
4028c562
4015cb99
40155570
40151fcd
4022cd42
40243dd6
3fe8f1e6
405cbac7
3ffe6933
3ff87464
40554fab
3ff93da4
405392f7
404bfaec
40530588
4057aeee
40580284
405245f7
404f7707
4032433f
3a1d1689
3fde89b0
39039fe6
4021a843
40156fa7
40378872
4019d756
400ad0be
40313162
403539c0
4007df03
403cc420
401c119d
400e1c95
4031b6a9
4034384e
40092929
402ead7a
403234c8
400c4031
4003a5b2
3ffda274
3fe1fa21
400a6dfb
3fe0fc4d
3fd9c3b0
40104e4b
40159c82
400f7a2b
401e0b50
3fe760aa
402275d2
402c24a0
3fe286b3
402a6820
4014cb18
3ff75b22
4027e4b0
4024ac7f
40696978
40673b46
405072ee
405aeaa8
4054fada
4064eeca
404aa994
4051197a
404f8851
40591e0c
4057574e
405abbe5
4049ebe8
40298bec
403855eb
4046667a
3ff5930e
404f9115
402895fb
4049f952
402c9371
4030d0fa
40599080
4033b971
4053722f
3ff5cbff
4054a97d
402c6e4d
402cc4e7
3ffe4775
402a5862
405311ec
402aa271
3b06a916
402b8eca
4035d0c1
40308f38
403cac7a
4023bf5b
403ac8fc
4019fa2f
4013ddc2
403f877f
4049b89a
403f7540
4008b2fa
400a9975
4030fd7a
40375857
40147ff2
4035eefc
4028a65c
4060c7cf
406b5642
406ae7e4
401dee72
4069d86f
40691ba4
4067f03e
405d1a7c
3ff349fc
404d3675
404e97ea
40600778
4058e907
4058b502
4050e6bd
40505215
404eeffe
4054c329
404ff7f4
402e83d5
3ff8d453
40326038
402c11f5
402f678d
402fa61b
403796c4
402fd25a
40276678
4027da69
40535486
402ec827
403098fd
40555e36
40319cf3
401a0e14
402594ef
4033ff51
403ac3aa
40310093
4037b1a6
403c54e2
4036828c
403c75e2
40120899
40063e78
400a4930
4013bf25
40404ab8
4039bc17
403567f7
3ff83cff
406341e9
4061d148
4063d2f2
40620efa
406803b2
4064de8e
4063e19d
406b9c04
4071570e
4015dee0
40775139
404eeae0
40487d26
401eee1f
406ac94a
401e843a
402e6d46
405e444f
402c7186
402f689e
402f83b5
402a0886
402d7224
402dc738
3be36666
3fce34ce
3b856a90
3fd24140
3fd144e9
3ac18d6e
3a9146f3
3a63fae6
4049c028
3f9d567a
40093141
39b48840
3fd5ff9c
3925519a
3fcce519
3977fc73
3fcb38d3
3fc214dc
3f9b31c8
3fb98aea
3fc40506
401f7fd2
3ff43a9d
3ff32172
3fc5e8d6
3fb3d18e
3fd83ec4
4032f637
406651a0
40022204
3fff5615
3fd7dd0c
3fd22481
3fc7cedc
3fc8d239
3fd8fd87
3fc01bda
402b8166
390a14f2
38fd70c9
3fd4a5f0
3fc0e0a5
3f8f4f2d
3f99501e
3f92c088
3fbb4864
38f5c6af
3a3ed23a
3fdf30a0
3fd1e00a
3fd8cb54
401c2a4f
3fe977cc
3ad55ca8
3fc84ef5
3fe27c82
39c8f547
3fbfdede
3fef5251
40093647
3ff25c81
3fd5a65f
3fd85761
3fcd86b4
3fd1a344
3fc1e2c0
3fac8181
3fa00dbd
3f9b280c
3f92e2a6
40209b4e
400a47a9
3ff3d8f9
3ff6f657
3fc65a8a
3fc7dd6c
3fae0124
3f9ad16a
3f98f5d0
3f9def8f
3f950263
3f851122
4009d659
3fcd57a9
3facb3b7
3fac88f6
3fa0ece4
3f98f9d6
3f9d0397
3f970e2e
3f8aae64
3f936bc4
3f8984e1
3f8a3a9d
3f882534
3f8eb9ef
4015a690
3fc10adc
3fa6f01e
3fab83dc
3fa48d76
3f912568
3f8c8df4
3f84a87e
3f89fb04
3fad5928
3f879a77
407c0135
3fd9b9cd
3fb68eab
3fc7b70e
40177666
3f9aa3aa
3fbb29ac
3fcee572
3fdbfd9e
3fd46528
3f85c4e6
3faadc2f
404ab6c8
3fb4edd6
400f4918
3fc1a0b4
3f86284a
3f8b417c
3f85fe70
3f8c0aa4
3f8a6ee8
400ad54d
40168199
40029b64
3fa005fd
3fb501ea
3ff1eb6e
3fd4c17f
40064b9e
3fd7f629
3fdd2b04
3fdbd1be
3f9e7c5a
3fb05799
3fca08d7
401bdf34
4004ca04
3fcaa1f6
3fa5646a
3fe53ac5
3fa1db12
406b32dd
3fc9e27b
40053a60
3fe9d9f0
3f8bab76
3ff459f8
3faaae56
3f7fbb45
3fd5bd85
3f8ee6ca
3fd63852
3fc49009
3f8f9788
3fb684c9
3f980d9a
3fc2f10e
3fa648f8
3fd9932e
3fc8a53d
393e11e2
3fbf6ab3
3fe8059d
40145165
393961f9
3fb42c53
3f90c856
3911a04c
3fecf7d3
3fe03184
3fb4ab20
3fedd733
3fd5dbf2
3f9cc769
3fde5f49
3fafa2e3
3fc55b8c
3fcce9cc
4008ccec
3f8d353d
3f85c33c
3fa04b56
3f82b67a
3fddf492
3fda6fc3
3f771464
3f83446a
4002301e
3fd1f19c
3fc335e5
3fd685ba
3fc57a34
3fd437fa
3fd1ddcd
3fda6008
3f8623c4
40245cee
3fce88bc
40287b72
40194b8c
400635b1
3ff589c8
3fd5f760
39231139
3fd6856a
394be1d3
40086c36
392f5c14
39c211bd
3fb9e31c
3f9b6bf8
402a1e3b
40221f02
3fc5d8ff
3fb5c43a
3fec392c
392c141c
4004014a
39a98479
3fa2180c
3fe276a1
406a1b8f
40215a4a
40225250
39021b93
3fa07f20
3f9c4ad3
3fd2ec4e
3fd79116
4025da1f
3fa0006f
4047d082
4038500c
4034e9eb
402423d6
3924ed3f
403112ae
4035147e
401a2229
401a53ad
402d8a21
4002bf73
3fcb533e
4041f13e
403b68c2
40335163
404791c8
40430f4a
40351d5e
40335b0e
3fe297b5
3fee997a
40204f3f
4012bde4
40014fde
3ff63cec
3ffebb81
3fc0c31e
3fd31e5d
3fe930d4
3fef1ebb
401b1bf2
403db116
4022d751
401951dc
4048235e
4017ea62
4021abd4
3fe70371
40028ec3
3fe29337
3ffd6951
3fff0ed3
4044e4bd
4005c19b
40228488
3fb80cfc
401ed0f3
3fccdf90
3a8d6134
4055879f
38dbb6c2
38d881a9
3f973c94
3fc0e0c9
4016f1a7
3fd12b54
4012d61b
40018b58
3fe64a09
3fa5de60
39a3a72c
406b5ed4
3fdb59d7
403255b4
40263a66
4015ad35
3ffffbfa
4023c32e
4007131c
38d2556b
400e1188
3ff600c4
40194cfe
402bebe0
3fd31202
3fd6caf8
3fd2f505
3fc71c5a
3a0ca21b
38e50d9c
4023a9bc
39a2e8ad
39195d44
40473578
39e2f842
3ff5253d
3fd296ae
401c6b04
40002155
402ea93e
4023de96
3fe6434d
3feb1451
40486ad8
401c24db
4067acbb
404f9a18
3fc98a7e
406ab905
401f4b35
40324a9c
4036557a
40319529
401253e2
3fd463e9
403a9698
405a12d4
38fc6282
3ff643aa
39144620
401a9e5f
3fb1e344
3feee480
3fd0e4e6
3f83cb31
3fd13db5
3fbfef2d
3ff0f5c0
402dfc19
402bc5d2
39001b32
401f882a
3fa59ee0
400ee67f
39534f69
402d6426
402d1aa2
3ffbe548
3fdc8ecc
4035439b
406115d2
402aaff6
4044be84
3900f890
3fe27d07
3fd3919b
401263ea
402d0151
4013bbb2
3fb1f716
4062073e
402105e2
403d647f
401ce760
394b5e6d
4037db4c
40180311
4068030d
4048a196
40447662
40227885
38f237f6
4065a624
4082d3f1
40433fbc
4070e18c
4087d0be
408a9c85
400f7336
4085b27c
400f34c7
4073f646
4048feec
403eb58e
402bf5bc
4015c6ad
401f7c7d
402a261f
4074077e
407183a4
3ffd3471
402280d8
4025ea41
40676ccd
402626ee
40338e55
400dab06
4032fc2f
4027fa77
3fbc72df
3fc35329
40335c42
3fe77da3
3ff84a76
3fbf618a
3fc6cc92
4005110b
4031d859
3f9e1d74
3ffab0fe
3feb8da2
405dacd4
405f94e6
3fe577cf
3ffaefcd
3ff1e24c
4029a502
402a4c7e
3f9604a9
3fcdf588
400b01e9
40271014
40197faa
405fd2c4
3fcbfa06
402266ea
3fe53733
3ff74706
406d9297
3f829a18
403a76bc
3fb36c80
3fdbaff5
3febb36a
402d435e
400059b8
3fc5e322
40211334
404e1735
405bc3dc
3ffbe62c
3fce4c80
3fd0cd42
3fe836d6
4027bc4b
3a7bf6a8
403c0f9c
4022f216
4001cc6d
3ffb175e
4066ca4c
406aa2ec
405e06a0
40445248
402387fd
40504fe0
401a3708
3a00ce0e
40888928
40425528
400e496b
403b2494
39704b4f
401a7974
3fcef21a
40305dae
3fdcc876
3fdfe622
3fe406a4
4003bc17
3feb002b
4022e3cf
40180288
3feae803
401b84d4
400d7e16
4028bb57
3ff4d81e
402d246e
403312ec
40282529
40200dd9
3ff7160f
3b4ad9e4
40185f64
40853436
400d4bf6
406f85ef
408963d6
408be249
407a4a46
3a21c48b
40731e72
404e8fa5
39fbae66
40160ccf
3a0fac71
3a330fee
4083ec3a
40013965
404b1ae6
4043b73d
3fdc9a70
404f44d0
40859410
4078cd51
404cbeee
3b96aa34
40090634
3b6aee9f
3b4b793d
404a4dcc
3b19ea04
404dba42
4026962f
3ae78c72
402435a4
40231570
3aee46d1
3fe75445
4031483d
3b22fee7
3b3d9209
3b60cdcf
40237b48
3b9eb12d
4025b874
4036ee6a
40047b9d
401b50e8
402fba92
40359309
40187502
40129408
40327288
403060d6
40368868
40058593
40073879
40076444
403b92a6
403c9b06
40308c8f
3fdccdfc
403ddd66
404396a4
4011412e
402f5599
402d0e24
400185a6
401dcc50
4028a1e8
401c557e
402b7338
401f0687
402e644c
4022388d
4036fcaa
40263218
4024b524
4021b11a
4023abbb
402627c8
40360e6f
40050e56
402f031e
3ffada0f
4039d3fe
401b4b55
402b5ac3
40096027
401308de
4018eb68
4017f243
40154af3
400fdaf0
3ffe8c41
4024aee5
4030ef1e
40340f78
4028ec4d
40283768
4055dcaf
402c60c8
40086179
40527dd0
40636b08
40006aab
4004fb12
406dafbb
40673216
4003c583
40030fa7
40613dd2
40676d29
402ab493
40323082
40310897
402a3d80
406a48c3
4026db02
4028e9a2
40674a45
406c85fb
4020cdd7
406552a0
405431fa
406936b5
405da7b4
4070e95e
406bb356
406b6393
401e8e81
407a5c48
405356bb
401c0aa4
40492d16
404f770e
40400f83
404b6ca0
401b9c80
3ffed31b
404fe983
401ca168
407059d8
4066494c
4050c917
4042858c
4047ec13
404aee18
404e8a9f
405c1ba2
403d5c70
4012a631
400d5acd
402873ce
4040f88b
4021db4a
40255129
4043f7de
4027b7fe
4028d090
4028081d
4028508d
402bf99c
40214bfc
390ac62d
4020eae8
40223fb9
390be10a
3909bace
38d1e825
4018fe60
40263012
38d39ab9
38fe1b6a
38d24946
4018226e
402475e5
402e52da
402e6f8b
4012c490
40174c22
402177e0
40151009
4029003d
4034a252
3fd7f084
40169c87
40243304
401969c7
4022e868
402bb206
401c826e
40235bdf
402c2ffe
402ad8e4
3ff8041d
402dc585
40054781
3ff12bb0
3fe2aadc
402b01a5
3fe25795
400b1d42
4026638e
3ffb2d43
4002521d
4004cff9
400142de
3ffc593a
3ffdeab2
401d990e
3ff24231
4034bf0a
3ffae8b9
4028d846
40276e34
40145dac
4019ee4f
401368fd
40160f9d
4008f3f2
3ff449e6
40237c04
4015bebb
40049029
4028c920
401cab37
3ff70af3
3feffdbf
4031c193
403246c0
405c54fa
4012d8b6
4025ad18
405234f0
405d40c0
4014c5e6
405dd997
40618c6c
405d3122
4024c493
40639235
406109fa
40601be2
4062e92c
40285235
402bdaa4
40650562
4065fb5a
40269414
4059d1fa
401d0ca4
40643a92
40549fb9
4065a406
4067f89e
40551666
4065632a
40207747
40552fd9
402095fc
402135d4
401ff002
40210f5f
400486b3
4049274e
40516aac
4051ebfc
4043bfb0
400f202e
4046e1ca
404f0e7e
40511538
404faf46
400fdcc3
404f75fe
4040789a
38e0b2d0
4001660e
3975d504
401f4672
4021d0a2
4009b746
40173b1f
400284cb
40210b15
401c6009
401b8de9
40198d12
3fcfdd86
401d255e
401ce54d
401fa808
40037c42
401dee97
40214d18
40024905
401f0ebc
3fe4fa6e
4016d2e1
4013f268
3ffcad47
4021eab5
401f77b1
40154c4e
401699f0
4003923f
40002135
401a49fd
4003eecf
4058523e
4058652c
40257e1e
401735e8
404f6dca
40233f72
404d0462
404715da
401cb602
3ffe64a6
4046a330
3ffc0af4
4045ba74
4051d170
4046d38c
4040c35e
4043373f
4041c30d
40495c5a
400fbe70
403d5611
4050bba4
3fc4616c
38dc1d0d
40003d04
399159ef
400caf4d
4011ce7c
38ddb3e7
401dec0c
401da601
401db14a
400a84fc
3fe40fe1
3feff883
4013e114
40200c08
400dd848
4011b08a
4000d197
401dd3c6
40180186
40181d84
4023303f
40428bf1
4042c52e
403e153e
404a0a35
3fcdf4c6
38e8e8b0
3928e99e
394265ca
3fd0db00
38da173e
3938d0b2
3fd997a2
39040b16
3fb1328d
397bde79
38d87afb
39870848
3905aadd
3a08e4bd
3964fd87
40396852
404a297c
3fba96be
3fc318c7
38e05aa7
39340943
3fcfd3f0
40417d76
3fd3cfa8
3fcdb8ea
3fb9efda
3fcca335
3fb490a2
3f9deab6
3fa098c2
40864074
3fd2b860
3fc2220f
3fc2eaf3
3fa1b790
4000dd4b
3fd142dc
38f7300f
3fd44901
3fb9bebc
40637375
3fdbbe61
3fd9205e
40660048
3fe8c55b
3fc3ebe6
3ff94776
3fb699e6
3902ef35
38ee598a
3fcf48fc
3fcf926a
3fc3b97e
3fc277a6
3fc77a4c
3fc2743a
3f9fcf86
3f91b824
3f98a517
3f8d7d70
3f987c8a
3fd13c04
3fd3d444
38d86296
3fc5bc51
40825893
3ff589b1
3fd988e5
3fd73c1b
3ffad2d1
3fe515e9
38d20266
38f2ade5
3fdc0a8d
3fc4b5b1
3fc2bf86
406c22e7
40205c98
3fd9add8
3ff2f15d
39252dce
3fdfdbfd
3fc99c98
3f9feb32
3f9a6e38
3fa11f08
3f9b6fd0
3f86a47f
3fcc9446
3fd379e2
3fbc6e6e
3face2a6
3fa6042a
3f865492
400880e8
3f8b1ff0
3f86db40
3f89179c
3fff4d7a
3fb1608b
3fb05fe4
3f9da94e
3f9728b0
3f93540c
3f8862b2
3f91c8fc
3f885f60
3f81fb74
3f8a50ca
3fb4d5d5
3fa6e23d
3fc8368f
4087aeaa
3fc98007
401653b8
3ff7578a
3fcb3c7a
3fd0e541
3ff00b13
3fa35d44
3faaec98
406bb97c
3f98c31f
3f8920e4
3fcabd1b
4007eec4
3ffccb6e
3f99e706
3f8cd016
401a3a71
405c19e4
40127bfd
3fedfd87
40163225
3fdb88f9
3fd712a6
3fa4eb64
402c5b1f
3fc4f54e
3fa7b65a
405b44e0
3fef704b
3fc12bb8
3fc32a2d
3f9e3d5f
3fe882aa
3fa2b3d4
3f93d79b
3fd858ec
3fbfa4b1
3fcff118
3f8d12a4
3fdca6d8
3fbf563e
3fe30941
3fc7d71c
3fd31af5
3fb3abe4
3fa43485
3f8e0916
3fb5c8ef
3fa473d4
401e57b8
3fbdb166
3fb3e763
3faa90a6
39569d3b
38d91971
3fe874f2
3a0c6396
3fadc3b2
39b9a882
3906c5ca
3fdff406
40593e84
4063c970
3fca01d8
3f8b9c67
3f852f60
3f853634
3f9e60c0
3fd0bbdc
3fd922da
3fbb9d62
3fef82d1
3fcc69b8
40021635
3fa4fb68
3fbb8bcf
3fb46ee3
3fd9811f
3f9a7a0f
402129d2
3ffc5dd1
3f95de62
3fbf6458
401bb660
3fec8982
3f82678e
3fe361dd
400ee9f9
3fd0c7f9
3f87275b
40269964
4027fd37
3fb9c33c
3fd74eda
3fda53ce
4040d946
402f5670
4029f5fb
3feeaf1f
3fff0623
3f96224f
3a788a40
402e177a
3ff8f7af
3f961691
3fbbc05b
3f98e2d8
3f8b5aaf
40222812
3fb39439
3931db4a
3fe3f537
3fd8cc7d
401e6df7
3fb20fb7
3fc8d9a2
3fc7fcee
4005a969
3f7f15b4
400e7410
402d9347
4006a665
38db0a67
40371b09
401d5305
401a3d5f
40058a93
40284884
400fff08
4022ca38
39cafd79
40000657
404a0168
4018441c
403e5dfa
40409dea
401cd09b
3fe13063
40226c1a
4011f006
3fda4b0a
402a115a
3ffd6b3e
3fef0f63
4015f180
3ffd701b
3ff8d39b
403f6e0f
4014b200
3fafdadc
4004621d
4020feca
40211c32
3aaf4002
405f8bae
400a6839
3fbefee8
40028700
3fc24676
40043467
406280b9
3fdd3ac0
3b072bb0
3fdaa52c
402669a0
3fc43909
3fd7bc94
3fbde370
40168f44
3fd41c60
3fa60480
3ff77dad
3f93bc20
401f375f
4033627d
3fd52626
4021e136
401d9ccb
4019abbd
403d2674
401e3c04
40041286
403c4fde
401d6a8e
402e0047
402043ba
3fba4d3e
3fd013a5
3fd5a725
3b5f7a60
4025eb3c
3b7cd261
40186ccb
40393d78
3fe4d5cf
3fb58d5e
3ad7b5eb
3ab7d4c5
402b9416
40600346
40338229
4005e650
3fecddea
3fe8eefe
4046136d
40420630
40666392
40641e57
4017b8c0
4063a7bc
4054640b
402db777
401e95d5
4066a545
3ffd457b
4013f01a
3fda1555
3fd16c06
3fd962ef
3ffec2d7
402bebaa
403a7523
3fb4af32
3a3b2725
3fd54b4f
40226692
3ff8f42f
3fc15db6
405522a1
3f86b15d
3fbebc7d
40594f7c
3fb9b1d6
400ee45f
3fc0ebd4
3fa5315a
400b5e24
4003c75c
4033c1f0
401c3b02
3ffac575
3ffcdb1f
40234fb8
4019170a
3fd29fac
4014084c
40127281
402cad98
4006dec5
3fd9f668
3a43d1f0
40646812
4064f6de
405b14f1
3a0be8b4
4048e787
401de55d
407b3376
40645916
40856153
4081e0ea
40414098
408444ec
4084da51
40875a4d
407349b6
4011f162
405c01ac
4070752c
4076ff23
403ce4b2
4024584b
4016ecba
40213c36
40259c3e
4020748a
4006eb24
4034af25
4023dc9e
4002c351
40698eca
40697951
3c5b72ff
4011b354
4061e8b9
40322954
40001837
40215836
40019d1b
402a176a
3fc0c32c
4009eeca
3fdacbeb
400f6efb
3fc1a639
3fd8b2c2
3ff4faaf
3ffeee31
3ff9e39c
4002b444
3fcc44b4
3fceebda
3c8fc404
3c76c9dc
40258256
3fdfc0ac
3fde6cbe
3fab4ae2
3fef86e9
408991e3
3fc1d677
3fd64142
3ff1101d
40228c0b
4022445c
3fd26035
402c2ce4
402c457f
4002448d
3fe9692d
3fcc2652
3fd8eb05
403cdac9
401e9841
3fb50b45
40167909
404429bd
3fb81e14
3fc56558
3fe7315b
402c35ff
400b3995
3fc3609f
3fc63388
4013227d
401fb68a
3addd58a
405ae46c
3ffe20f0
3fc912fd
4026bfac
38d33e3d
4028d5ad
4005a4de
40369272
390659e4
4040dec0
405aedf6
4068f00c
40636389
408330f0
402d0daa
4034ec18
401e8224
402c2117
4038261a
4029a9d8
4017b12e
3ffed978
40233f49
401a1cd5
4023b0bd
40077f6d
3fed72ff
40174f65
400ab241
402a3843
40069c02
4011af56
401c59a6
404e5fce
40508564
3fbf2d27
40020801
3f8c2892
3fa4651a
3fa8603e
4004f8be
3ffe1f62
40267d88
3fbaeb76
38fe08c4
402034be
40584daf
406c2802
40313604
4015da29
40220f77
3998d29f
39a33905
39adeb28
3ff514cc
4049073c
401cf1c3
40195a50
40132c3d
400348b3
400e47ec
400c7338
403f16e8
390ef3b4
403ec338
40178614
40357568
406333aa
402f649c
40005f15
40100a7f
3ffc42ee
4036121c
40419551
401b87ce
401abefd
3fe7e45b
4042360d
406ea496
3912a9b6
39775b0a
4007429f
4084dbc1
3fe4790c
400e1af2
394ca2a8
395d7a7d
405033af
4008b963
4006814a
40208f50
400c2b0d
400a5dca
402a5b08
404b66d8
40811303
4024106b
3fd17858
3909219d
402ee4d0
408454d4
4018de41
39322a49
40552836
3f8e23f4
400f4605
4030f606
4050932a
4009d136
391480d4
405c74aa
3ff56406
3fbf7a24
38dc80e1
40871324
40847f4e
3fd2eab2
401bd50e
401f5d34
403ca990
3fe9cd2c
3fea4149
4018fa10
3fe8d90d
3ff643d0
4035bf29
400cc66f
3feffab2
392beb3b
39136025
3fc1941a
40128484
4001ef7a
40119528
400deb59
3fe3ad7d
400f4db1
4001ed8a
3fb55c2c
401115e4
3fa89546
400a16ca
4015f0ac
4008d374
401a1954
4006eca4
38f9d5e0
40068f93
3902aea9
38eca1aa
39b909c0
4005e7a6
4005a32b
38d2b4c8
3a0895c5
4017e4ef
40190e2c
3fceb02e
401233c5
400805d7
40179aa6
38d1b745
400d791f
40185b63
400ca64b
3fd0e0fa
3fd7a248
400e70f2
4010742b
4005c2c2
4021d100
400190c7
3fde125b
4010e6c6
3fcf4823
400d9e2c
401eef7e
3ff54c53
40066483
4021786e
4007e7d5
400c5962
4020b36b
3ff768d6
400a9f79
40064dad
400227a6
40005666
3ff62cde
401c7608
3ff5355b
4013dae3
401322c3
401143ad
401500b8
40167ac9
4015d235
4003b405
3ffdf544
4012dc06
40264d2e
4014653f
40147a12
4001a52b
400379f1
40226aac
4017e26e
40151fb1
4016911b
401c6fa8
401b4618
401ada92
40238a3b
401770c8
4000d3ef
40484944
4048370e
403b9db4
404702a8
402106dc
40446cc6
401679b2
404c134a
4046163c
403ebbea
4041647e
4020c61f
401cd107
4045fbf0
404b5ffe
40417dd3
4046ad84
4047383f
404cdf76
4050d774
4006780b
3fa6ff32
3fbd19fc
3fab1678
3fa65756
3fb6ec3f
392e5ea2
401766d1
400c91a2
38d662e2
396a4b73
400a671d
3fcc548f
4003f05a
40062ce4
401040cc
4013c2cc
401a91bf
40239190
400e66a0
3fcc02cb
3fd20eca
401f11f6
3ff88be4
3ff840c0
3ffc5cd9
4019890e
3fea1f2f
40125e32
40167c03
400e6020
401d1dd5
401d3b07
401789b8
40157f3a
40123794
400dc995
40140fad
4012c11c
40162a02
401ee58f
4025a185
40241368
4019e22c
401619cc
40167492
4014b36f
4016c1dc
402705cd
40255150
40256076
401a9097
404b1f8e
4044be54
402208e2
403d03c6
40425106
40432972
404bc2a8
4044e210
4000d96d
3fbd614e
40008e2a
4002c677
40161150
40011bdc
400aabc8
4006d616
400d1b90
4005bdf4
3fb865ff
400f6f4c
40046bf1
40191001
38d8867b
401a5fd0
401992b5
3933f161
4006865e
40144e7a
3fce2a26
40049774
400f6665
3fcc42e0
400d8cea
3907ad84
400b72eb
39222ce5
40149311
4015b72c
400b3fb5
401e976e
401b87ef
40117365
3ffcfb02
401fb185
402444b0
400961be
3fffa6fe
3ffab626
3fef8178
3ffa4d4b
400d2bb8
3fe08d83
401f4738
40209e90
400790ac
3ffa5084
4022b5f5
400787a0
400074f4
400a4397
401574d0
4006e3c3
4010d722
401a3057
40066c48
401f6af5
4018b7ab
4019b155
401461c9
401230ee
401daf7b
401bb7c6
40204b0a
401911f2
40172498
40186adc
401a65a8
40163381
401eeb62
4016e1ce
4022eb22
4004b831
40248b0e
40127b81
401a3d06
4025501d
4015e05e
401d6f26
403d0143
40228838
402199aa
401ec6c1
403af45e
404806b0
4021e146
40464bb6
40471714
4045cb2c
40498a28
403ffdb1
40498938
38d3cf3b
395a00d5
38dd3e4c
3fbb1a9e
3fbbe5e0
3fbe76fe
401a9056
4005d3a5
40177060
3963c309
39194f79
40155be9
400b2c85
401d4fed
4009d74a
39a2c5a1
3901d8b6
39347fc7
400f594d
4005e150
401f20ba
401b2fe2
40211977
402c99b5
40201476
402c9142
40202cd0
401d351d
400d1729
3ff686b2
40041613
3ffc160c
4000aaf8
4027add6
3ff4484e
401b388a
4012f99a
4015e684
400c5e0a
40131cd1
4010a9ea
3fff1d35
4027ac12
401b09a8
40082975
40263b0e
4018dc64
4014c59e
4005f649
40244562
401a1f2b
401c4d6d
40059395
400ce88d
401ad2b4
40067f94
40236e71
401ba35c
400dd535
40257d82
402668e3
4026a446
40205f63
401c7b1e
4019499e
4016208e
4016b9b7
4027be72
4023557f
3ffe4e67
4022b4bd
4022c370
403cc9dd
402208ba
403c576e
4044f56c
4021fbd1
3b5fcb1d
3b858131
400a2df0
400c3655
3b8895c3
40156136
3b55abb9
3b3479eb
3b12d6ef
3ae9abff
4011e1af
40130d13
4013112a
401c9c82
40192b82
401a64e4
4011ab61
3fd5c205
3fd5db6c
40032061
3fd1025a
3a9266a9
3abc6464
3af2b46d
4033e65b
404c8cdb
3fcf7535
3fce22ae
3fd16274
3b439806
3fcebaad
4043e41f
403fbc20
3ff6d72a
3fd57f4d
3fcb1e9d
3f9d028e
408b2ea3
4083b481
40841eca
3fcfb32f
3fbd2238
3fb3e18c
3fb540e8
4082f382
4010daf1
3ffa4326
3fdf3a66
3fda6e48
3fce8af0
3f9ef268
3b5548a9
3fd270a1
4032186f
3b96625a
3fda66a9
405fb1a9
3fb6f6f4
3fa047a1
3ff32ef8
3fd6b580
4048969a
3ff27567
3fccea7c
3fc8f5fa
3fd80c8b
3fc0761d
3fa848a2
3fa0c2a8
3fb90fc4
3fae45e8
3f9267fc
3f8e0f70
3f9f3728
3f9b5baa
3f975d18
3b76dceb
3fbfe1a6
3fd55ff8
3fe20830
3fed625c
40020a57
4025514d
3fed24d8
3fdd8ae0
3fcb0392
3fc31363
40219142
400cca1c
3fd45e61
3f9e1564
3fa0d990
3fdd64a9
3fd969c0
3fc7aff0
3f96df42
3ffe69f1
3fc04d42
4000f0de
3fdbbd90
3fc61d02
3f9e115d
3f895474
3fcc8de0
3fbfb477
3fb799a0
3faee17a
3fb39d00
3fa11942
3f86c50a
3f88d074
3f8676e5
3f843f20
3f8537c0
3fb78ff9
3fa16e9f
3f8661bb
3f869d68
4060da3c
3ff3478d
3ff4d593
3fb0874e
3f8cdb83
3f86ed36
3f86ac68
400c1850
3fa74c88
3f9acba1
3f84adb3
3fbaef00
3fed5f72
40692332
4087e6d1
4087b8cb
407d39be
3fc9d622
3fdbff2a
4016f108
3fcc5244
3c9f0652
3c974bea
3fbdae71
3fd119e3
3fdfefb0
3fca1160
3ff99c50
3fae8e1c
3fab42f9
3fc4e2ec
3fafc52e
401fceff
3fb27431
3fb64f3a
3fb39070
3fa4f018
3f854cbe
3fa39ceb
3f84e7ee
3f837bf6
3ff89d7c
3fa3e9b7
3ff9eaad
3fc18827
402ff875
40123b14
3fc7c970
3fe49a3b
40092eaf
3fd0e000
3fc45a77
3fd98dc9
3fb6feb4
38d3cdf0
3fee6627
3fa014fe
3fb7af9c
390466f9
3f9fa034
3fca8356
3fda11a0
3f9ee64e
3fdb4309
3fcdb840
3fc2c2ea
3f9103c0
3fd1cc4e
3f9f2418
3f887413
3fab1350
3fea9c33
3f7fa916
3fca98b4
3fbf5ed8
408ca27f
3fe8117e
40204f53
3fe56a2f
3fb59f81
3fb0e7ae
3fc510df
3feb8d7e
3ff142fa
401e755f
403c7bef
3fac914c
3fe42067
4013cba1
3ff49fa5
40108e5d
3fc76f1d
3fb46a10
3fe91ea4
405ac033
3febfba9
3fc6047a
3f9ec93b
3f8437f0
3fa4a24a
3fa0d6a3
3ffc9942
3fbe44d6
3fb45066
402075b0
3fa14176
3fbf78e2
40154345
40105a1a
401a05cb
3ffe6eb4
3fdef5f4
400e4c24
3fffc26c
3fd5a4d2
3f86a238
402a52cc
3fb6ddee
3fe109ac
4040fb1e
402e090e
400a7f99
40053684
400e517e
39221622
3fb4c564
400ef55f
3f8fde42
3fbd4881
39a3e3d9
400a0fbb
3fcefa4f
3feb336f
3fec2c08
3ff10da4
3fa03020
3fdb8e88
3f8a4a34
3fd0c600
3fffb143
3fd21e49
4021e04c
40388d4c
39cb5d40
4004291e
3fffb31b
397edea7
3feb4cb2
4006da96
402307c6
3ff4420f
3fdc39ac
3fe983e1
40362112
401d7622
40033664
403f2492
401efc1d
401e30c0
40120825
3f9a0e83
403512be
401903b1
4012464b
4020da60
40043076
40228902
4015edc1
4004ef16
3fed722b
4045aa43
40425874
4006c595
402151b2
401f8805
3ffc34fd
406278d4
3fce8fd3
3fa1b8c8
3f98c46c
3fd0e5e0
3ff571ad
408675b2
3fe0716e
3fadf26a
3fb8c636
4033d07e
3fd755d0
3fc46cb9
3fdb4a9b
401a6706
3952c883
400b321f
401bc2b1
400548c5
400ba616
401c5606
402e8220
40307090
40210b36
4023940d
3fb88114
403a8270
3fd5c28f
3fd7d6ed
390225e9
38d740cc
4039c5c7
402939ab
38ded5b6
38f644be
4013f5ce
404667d2
390b3ec2
404a5e30
4038da37
40050c4b
3fce55b4
3fdec00b
404ab94b
4003d16f
3fe0000c
3feaaeea
3fe41504
4069e6e0
4068ceaa
401ceb61
4065961e
4040f42a
403fb8cc
403757cc
402c2bf0
401367c4
40413b8c
403386cb
3ffe469f
4013f521
401fede4
3fd0fd1c
4030a250
4066ba24
3fc34602
401f7b7d
3fc3de4e
403e85ba
3ff2bb6d
4059b0dc
3fb93a16
408b4b0c
403062c1
3f9434eb
401d1ca7
3ff1fc14
3f83fe4a
40117dc4
3f9d53ec
3fb69c34
3fbb20bc
3f8a19b0
3fdd0524
3fbfceee
400fe0ec
4026530b
3ff10dcf
400d53d1
3f9ea7a6
40438f9b
402ea5b6
405693c8
40243ad6
40283a43
403011ba
3935f5ee
404822cc
3fe10542
3fc7db97
40385d6b
40674e5e
40736b91
4038f974
3fefe371
401f1845
405c8dfa
40813bc6
40854a68
40838653
408483ba
40858018
40879ca4
403dbe6c
4089b0b2
4060ebfe
405cd3e7
4070d57c
407807ae
4019d7f4
40146196
4013fc76
3ffefe58
4035feca
402257de
4056f7a6
40602054
4064ecd3
3930d1b6
40651e26
40216d49
3ff9a0cf
403c4f24
403c8834
3ff5b70b
3fda4de7
400285aa
3fbb1d82
3ffbd38f
400ac12c
4012ca74
3ff7b056
3ff36355
400169e7
3fddd85a
3fe5ba2c
38e8c6c2
400386d2
40702ef8
4087d697
3fdce7c2
3fc34386
404b0b31
3fc9b443
402991cb
3fe83eae
3fb0411e
3fdfe297
3feb2b09
3fd1a382
3fdf710e
40046173
401108b3
4025ddb3
40224900
40185b3c
4022c2e6
402217ec
3fea7dd4
402853a6
402cad7e
4004227a
402ba7ba
3fcf7e42
4010883e
4015d70b
402ea3fb
401dd274
3fd480a1
3fb97090
4012267f
401ace12
40015dd1
401e84c0
400c5388
401f7fb2
3fe72eea
3ffb7690
403f0dc3
3fc9e536
3fbe9c52
3fd41052
402e6aad
40069ffd
4013eee4
4012715a
3fe50bbd
403d286e
40112056
4003528d
40518259
404d3f5a
40585011
407fe25c
4084ccee
40144ff0
403348fb
3fbbbe4c
4029d1e8
4005bcae
40480084
4017f6c2
3fe4582b
401d61c4
4017b61d
4017692d
400c38e0
400ae71e
3fe22af7
3fddbbf4
4012c3cf
4005f421
400ecb62
401da625
401ac2b9
4032d530
3fdcf97f
4083ad74
3ff0f97d
3fd948ba
3fea9dea
3fd00f04
401b2b19
3fd8dbe5
40166cb8
3fe9f2e1
3ff28e20
3fd0c5fc
3f865213
3f86d1f3
3fc10079
40277578
3fe78b6f
3fb29a6d
3a01c37e
4022689d
3fb366aa
4020e7ca
401f9938
4014bcf1
38f6599b
3945558d
40182c07
3ff5fe8e
400107f1
40541d18
4016af84
4033ca88
3fd07df7
3fc0745c
404517a6
4012034a
400991a0
401fce38
40320118
401845ee
40356ee2
3fbc2fae
40086162
3fe47816
400415d9
40454470
3fffaaf1
404236a6
40496fc5
4022414a
4024b148
400d6339
39a97f91
3a8c4e8a
407af730
4003fea8
404d4a43
3a02c24f
40080990
4035a175
3ffccf56
4014f433
3fdb4a56
3ffd4974
40018624
401889ab
401c583d
401e0ef1
400b0e1a
3ff06af9
405a514c
40002049
3fc5fe2e
3fa0768e
3f8e270e
3fb773bc
408799db
3fa4fb4c
3fb2da9e
3fc85adb
3fc3db29
3fbc1500
402bef6f
40266322
3ff52900
3fa22570
400606aa
40226ad5
40544a5f
400034d1
3fdc005c
3fc8c796
40166a7e
4021f78c
401fed97
3fe1dfa6
3ffcbe2f
4000df67
40232eda
3ffc0a32
401ce24d
4086c209
4021e122
3ff61658
3fe7c222
3ffa17e1
393458e6
40429c37
40291188
4023a991
4001e886
40238b85
4027eba1
3fed4ab4
3a884831
3a8d3ccb
3ac27049
3fe91403
400983c9
401b9c40
40542789
3ff75a60
40094246
3b6c52eb
400d8af1
400c17fd
3fe91420
4017d18d
40051d5e
3ff0d15a
400c9110
401b20ab
4002af05
40074f02
4009df64
4013db68
40205a48
4009110e
40129cb9
401774aa
4024b270
40848b11
400e47ef
3fec63e8
40062310
407bd444
3fe58f9b
3b1478be
408ada17
406cbcfc
40182c14
402b9501
40874bc7
4083c919
40400ea8
400f4031
397e138e
394208e9
40127087
401af6b7
400d206a
4011855b
4076d8e0
39f158bf
404f839c
3ff15056
3ff8a832
4007554b
3fe8172e
4081f20e
4007d57b
408effe2
4071a5a8
407c9bba
408b308d
40948a33
406f205d
40712996
401507c6
403b1e5f
401944c5
40850d40
40856130
400c0c09
3ffb2d1a
3ff7b093
4025b73b
4008e222
3c1b7041
4001ef6a
3fdc7513
3c766b87
3ff38572
3c7fb383
40003e43
3c3d1d7e
3f4a39d2
3b1f72d1
3f692182
3fe783cf
3fbbb9be
39843517
40042b75
400467fb
3f709a66
40024cf0
3f6e5ede
3fe29d01
3fb9750e
400b1d9f
4004158b
4002f6f5
3fddf774
400842cd
40051026
400e0962
3ed82b0e
40060f0d
3fac986a
3ecb2af2
3ec46147
3fce6f4e
3fca1a2c
3fce0306
40283be4
3fb87c36
40070021
400e61cd
3fabde2d
3fd8e644
3fd01a12
40108829
3fe388b2
3fdcfd02
3fe072a8
3fd85ada
3ff646e0
3fd294e9
3ff5bb7b
4008304e
40007f91
3fdbc99a
4005b090
3fe1501c
3fdb53d2
401e5986
3fe2e2cd
3fdfb264
3ffaf7aa
3fd97176
3fde1808
3fd86788
400c50fc
400a9609
40166a5c
400a1623
40103024
400c4acb
40082c54
4018b3c8
400100f8
401bd22c
3ffc7338
4011a485
4016d2bd
401437c8
4016e15a
40139e40
4017c5b2
400934cd
40166ff7
4016d8fe
401e87a9
3fe8f269
401f3aba
4008d147
401bc3a1
400f8289
3fe74d3c
4018947f
4019b5ca
4017c81e
4007bcf8
401d50c6
4007a40d
401dcc10
401a231a
401719c4
401e57b8
3fe6dd83
4019f170
3fec1867
400e25ff
400a95f9
401ab81a
401d6624
401f1060
40184c30
4004d7f2
401cabf6
401822ee
401c8795
401433e0
401b7f83
4012bccc
400db43a
400d5af5
3ffe5533
40168d07
401c3b89
4019280a
401bd66e
4019056c
401b1387
401acb56
4017692f
40156c02
402140f1
401c149a
401cf98a
401a3bc8
4002f6e3
4021671d
401ec14a
401af655
40050f1a
3ff649a4
401e27f8
40172b05
40066965
3f509a66
3f74bb64
400a9ea2
40035825
40058b84
39d33485
3994a237
3fa79ba6
3fa9d0fd
3fb269a2
400c663a
3fd7b0b5
4009c0a8
3fc7f9c0
3fc70b93
3fe06760
40017397
40061d27
400651cc
3fe8733e
3ff6d1ca
3fcb80d0
3ff69d28
40083f2b
400960fb
3fee0bd8
40029b07
4009ecbb
3fe152c4
4009ecef
400900d7
3fde763b
3fdbf980
3fd66ebf
4005bf62
400472e1
400857da
401604f0
4016f258
4008c841
40098787
400b28a9
4013c3e1
4014e72a
4009babb
40145c26
400b4257
40068c66
400c1fdf
400969d6
4017ffa4
401402d8
401908fb
4000a0b8
401908db
4004e77b
400b751d
4019d810
4015b273
3feab125
401705a1
40187b69
4018d3f8
4009c431
3ff6d5dd
3fe7ec68
401a8cc5
4004402c
40030be5
401a7a84
3fe900b9
3fe60b5d
3ff695b2
3febb26a
3fefe641
3fe551a4
4013633a
40047267
4018d174
4001004d
4017593b
40120cf6
3ff79c7f
401a5b57
4013c28f
40137a87
400adc2c
400c128b
400ca15c
4003ae13
4015e890
4002e4be
4005c60d
40164f6c
40067198
4008f86f
401daed8
40178078
401a3b6d
4013f590
400d5efd
4017a0d1
40175dba
400ee451
401c5b0c
400a1897
3ffbdafb
40110aee
4017a710
4008033c
3fff6f5f
3ffd38f7
3fc42e98
3fc11b26
3fc3cb86
3fa73580
400a34b2
3b0b0555
3fb1a8a8
3fc56258
3fd22f08
3fd0ed0c
3ff0f6e3
3ff04c70
4004306e
3fd8556f
40038a62
3ffbd41e
400082e3
3ff9f588
3ff46ad1
3fe32de3
40164792
40119dc0
40116b12
3ff4b8b5
4016a9c3
4019aecb
401a7a8e
401a46e6
400348f3
4009dd29
3fda78ac
3fea82f3
3fed5fd1
3ffddcbc
3ff06cd6
3fefe3f8
3ff0d3a6
40163897
4016f799
4016fffa
3fffb691
4000b425
38dbb592
39409aa2
39f21c22
3fcc1db3
38edaca6
38f6e459
38fe4c33
38dbea94
40193fd9
4038bdf1
4038e7e0
3fd9e35c
38e91805
3fca9d4a
3ff3ee21
3fcd0f84
3f9d873a
3fcad71e
3fa34e9a
4087614a
4010ce71
4034e24a
405ab166
3fbc315b
3fbeaa92
4079ab00
3fdd3d96
3fd43359
3fcf555d
4041ba22
3ffbd172
393249b2
3fc60d63
3fa48f8c
3fa82da4
3f91651a
3f98cdc0
3f947fcd
405aa92a
3febf5be
3fe0ae43
3fe631fd
401c70f9
3f9d2304
3fec536b
3fca211b
4000b8a5
3fbc721e
3933bf7d
3fdca59c
3fc509ec
3f97cd7c
3f970388
40322703
404c954a
3ff34e83
3fefd324
3fce5aae
3fb07bc4
3fc70ee2
3fa031ea
3f85e3e7
3f8a1e3f
3fa71c70
400a7d99
3fd33db1
3fcea227
3fc5ab1e
3fb6f840
3f9d17ec
3f86dba1
3f9d44e3
3f8b9af1
400977a0
4009e39f
3fbb9e6f
3fc984a7
3f899d46
40731f7c
3f8387ff
3fea1871
3f84c0de
3f8143aa
40832ff2
3fd2f947
3f8e2bc0
3fb49a4e
3fc87f6f
4087766c
4015783b
3fcb3f72
39366e50
3fef4364
3fc8e625
3fc827de
3fc85bcb
3fde130d
3fa9341e
40096b6d
3f8905a8
3fbdb8e4
3fc87dc0
40080a70
3ffc9e13
3f9d15dc
3f84a168
3f8b69aa
3ff6eef0
3f8a9774
3f8a9799
4009a705
3fcc39d6
3fc725de
3fbbaca2
3fd27b70
4007ad67
4010ba98
3fd6506f
3fd6eba4
38dd92e5
3fccf693
3fab961c
3fe09a78
3fe08f68
3fb2fbb0
3fc8704e
40496ed0
3fbb0632
3f8ff0ec
3fd2030f
406331dc
3fd991b3
401fb4b0
3fd044ff
3fc69cca
3fccd644
400a2aa9
3fec720d
3ff44d41
3fd939b2
3f889646
3fb4b9b0
3fb5bfb4
3fd6319d
40191b28
3fc4bffc
40430c86
3ff3d9b8
3fe15b5d
3fbddb88
3fee0873
4012e0f8
3ff44fae
3fc6d886
405b3e2a
4009e2e9
3f855192
3907fa10
401c15cb
3f91d424
408719e1
3fbf4720
3fd7a8fd
3fa58652
401e3696
3fd56ebe
3fcad3d0
3fc3250d
3fb17117
3ff0e6f9
400034e1
3f8355b8
3fdd869e
3fd90c3a
3fd180cf
3f89e80f
4024d8b3
40275493
400829b7
4001f3d1
3fb983b8
3fdb6ece
403a22f3
3fd0bcf7
40017c8a
40136654
3ffd69c9
3ff44103
406882e0
3fe86827
3fbf88f7
3f8af38a
3fdebb7b
3fec7263
40574c85
4000d9d3
3fd6ceae
3fadce50
3fca21ba
3fae2f6a
3fc57772
3f943517
3fcc4313
3ff7a888
3fee38a1
3fd99c0d
3fdda493
3fb10843
3f9969f0
3fba8be2
3fd34cf0
3fd3c0e2
3fd19500
4026dae6
401a10b9
40178dee
4007ab26
4009a2ec
402935fc
400dbf06
3ffdc338
4023ec3e
4002a2e5
4021d964
3fc61ff2
3ff49e43
3fe22489
3fde99bc
3ff46892
40496d34
4016ccf1
4044ce1b
4031f9ab
3fbb661e
3fb232f8
3fd9d7e6
3fd339cf
3fcecf60
3fd12073
3ff5d5c2
3fe88aec
3fd74048
401b3cc0
40491f80
405ed07c
404300da
40161056
4021874c
3fcccb18
39e981d2
40023954
4063dac8
3fd8a0c5
3fd5c500
3fcf7db0
408cd56b
4002f81a
4087733d
3fe7cc68
3f95af60
402340c7
3fe59571
4032c49f
3fe65758
39b6fe33
404b0aa8
403a31ca
402d5d6d
3fb290fc
3fd5ca42
404ed265
3fd3874a
3fbd988b
402e6eaa
3b333404
4038e161
402b657d
3b2f3496
4022e373
4018ac87
404bf918
40075f42
3fca330e
3fdfb0d2
3aeeb46d
40310f36
40012cf9
3fba0c3d
3fe121d8
40472612
40553740
406615e6
4064b3fa
40654276
4044e2ee
405e08f8
402fd983
405d9d88
403e95a8
4053f8df
3fc87d94
3ff9cf2e
3feef288
407ca512
406c1a4d
405d4478
3fdab74c
403082e3
3fc24900
3fc22deb
3feebc32
405e80a6
3fbcdb54
403d1f32
3fc08e3e
38f1056a
3ffa4fc3
40645c77
408bcbc4
40332f2f
4011dd6a
400f0922
403563cb
3fef2c60
4050a442
3fa07909
3fd79ef4
3fbf8421
3fce8dea
3fc4eabc
400fdc9d
405b49f0
3b0c2436
3fd6c70c
400257d9
4018e613
4044fbf2
403012e4
4055d304
4047eb74
3fe3c6c3
3fde90ef
4005a4f5
3fe4a69c
403cc036
4012f2cf
40661ee0
400a5930
40174c4b
3c512513
4044aa27
4064b15c
401bd556
40838013
3acc8955
4082c42d
40802410
4084d17d
4084bb49
4082a977
4085c504
4088a97a
4084e393
4083e1d4
40880a05
40282373
40893459
408b2fd6
401298e1
405f55a0
405b1d7e
40779b3a
4019c0c9
4072d95b
402093e7
40193bee
40023968
40042e9f
4022f00e
40016bd9
4079a228
40767ffa
40617ee1
405e9b6b
40658f60
40713505
40764c0c
401eaf4e
3fee8848
4016b07f
3fb9ed06
402c3bb6
40015077
4001e010
3fcfcdba
3fd7f4dc
3fdca558
3ff6a571
3fdde1b2
3fa97120
404dec45
3fca71da
4025b9a6
3fc9959c
3fbcc81b
401258c8
402294e9
3fe97760
401fab3a
40384c76
3fdd5c9e
403db688
3fe26f9a
40171bf6
3ff512fa
3fd696a6
3fe954ff
40122df5
3fc609ac
4040830c
400b5d37
4023bce6
401ba327
405b35cf
40611918
3fe6f754
3ff8ca78
400c0346
3fea322e
3fd3fd63
402da5bb
3fee5eca
3ff8d564
3fea7a12
400517ee
403a1ff9
407b00dc
408627d0
402e0959
3a1a6e25
4036c9bb
404dbc38
4053096d
40357063
3983ba90
402964cb
404e8821
401e75a6
3fdc2085
3fe6e46e
3ff2d241
3feb7991
3ff6d5cb
3fe35432
4015d0bc
40160564
3fef9d31
401c3049
400b72b1
3fdfaf68
3fdd529f
400dcd95
3ff5d327
3fd73c17
3fea7da1
3fcc2eab
3fe8fc02
3f83f1c2
401865a7
3fb31080
40009c5a
3f8af7f9
3fc059ba
40062efe
40388af2
3fd423d4
3fef505d
4021b6e5
3fe4c435
3fc0e31f
40166738
394b79ec
38eb855f
398201e7
39c852a5
40683c19
40392666
40053e9c
401ab23b
40661a2c
39071b76
4083450a
3a344d5e
4086b90a
40897bd1
403106d9
3ff03638
3ffc435e
404d19e8
3ffc52aa
401c4a96
404ca0cf
3a401b93
3a446ec8
4083dbb5
3a815079
403cff52
400d3e41
404a2813
38d274be
4008cece
400b2b26
404f6852
3fc7f215
40070c5a
4012250e
3ff6fc2a
400a1c3a
3ff1b2c2
4023ed06
3fa15204
3fca8ca7
3fb8a752
3fd81d3a
3faba342
40215d4c
3fceba70
401f2ea6
3fe523fa
3ff863f4
400d82ab
40191f30
40139c6a
404fad47
3ffb5bcd
3fca060a
402ce7b4
40231c00
400a8774
4085745b
40013523
405d1f4f
401893d5
40897070
3fd899b1
40452254
3fff21d3
390ad947
40482159
4009d9de
401c114e
4009e190
4012f2fe
40616a89
38e1db05
40843cbd
3a4b0d4e
400e38a8
4050b8e7
400bc0cc
4080ad55
401a9c10
408d292a
40315578
4008b191
3ff51be4
4087dbce
401036ce
401ef02b
40063f91
4019a69a
4004a603
40046ff3
4020654c
4012ef8a
3ffd3b9d
3916d447
400c0b5b
38ec3975
40319ed4
3ff997f8
3ff21e38
3fa4e44c
3fd800b2
3fef71a8
3fc7d186
401edd00
3ff16010
40040772
3fe2682c
3ffbdf84
40126f76
4061efb1
3fdebc26
40176fa0
402371d5
404a2a4e
3fa673a8
4005d605
40124cb2
40407957
3fdf0c6c
3fe9a738
3ff6649e
406f0ab2
3ab03947
3a51e48d
400b7f2f
3fc04573
40046db4
39079011
400c048d
3fecf85d
40152904
4032597a
408d1507
4016e4ca
40863743
38dff939
38ddfd9f
3fde1e53
38d39b19
400a0faf
4006d1be
3fe8d546
38fae8ce
3fefda76
4091a022
3fa6eced
404935dd
40298581
408187f8
39019231
4086a24e
408ccabc
40920d73
4081ba79
40574aa8
39b24e05
3ff75cd5
399e84ec
401702d0
40244a62
40150ace
39579ca8
3ffbeedc
394678b7
391f537e
4084fd97
3ff24164
4014c8bb
4090700e
409288c1
401be5aa
408c3890
40838075
3fb588a6
401175c8
401e9276
4059ed74
3ff73d7f
39cc196a
4084a1a0
408d9835
407978a4
407a0c1e
404ba04e
40754a83
408459f3
40943db4
38eb8c17
38ed17a8
398b62cf
40496023
407ff372
396b8b74
392db69e
395a3549
3fc50950
3fd05774
3fdb7871
3fd21e1d
3fcdaf50
40070754
3fcff475
3fd6b9be
40034272
3ffd38c6
400336c3
4008578b
3fd4b95b
3ffbd6d3
3fe17e15
3fd65678
40037813
3feb9ea8
3fffe524
3ffc8eb5
3fd36aed
3fd1b480
3ffc90f0
400499db
4002e300
3fd3c11c
40053ea2
40058d2d
3ff69f14
3fe6ee10
4000637c
400249f7
40058d3e
3ffda8a7
3feaa1ec
4000c541
3ffd02a7
3fe324d1
3fe2b591
400e7e79
400417e0
3ff21cef
40126f32
400c05dc
3fecdff2
40117431
40154b17
4014b9ae
4010d0ea
3ff1b10a
400f6c52
3ffcda6a
4012b6e5
40130492
400b2568
400372ed
3ff4641d
4015bc3c
3feec4a6
4015f949
3ff86845
40160075
40173d75
40170c57
4015f526
40165322
40007d0b
401ab529
400bfbda
40050529
3fd050cb
3ff4612a
40005d50
3ffa49ec
3ffde900
4002c6ac
40015e28
4004a801
3fe62c89
3fef5cf2
3ffeadc3
4011be86
3feab75c
3fe6e540
40121228
40044b3d
40127cbc
4014dd88
40150596
40169cc9
4013dfa5
4017e4d9
3ffb0ce5
3ffd39b2
40186e7d
401c8e76
401c1897
401c2c02
401c8cc8
401a59c2
401a331e
4026dd11
3fd7dee6
40070e60
3fe411b0
3fffc8ed
40022ea7
3ff28f26
4006434e
4012ade8
3fee5411
4014eac9
40111b30
3feb554e
40167de2
4014ff58
3ff99271
401cee10
401b9a52
401dc38a
401caff1
4010edb6
40147d39
402abf84
4025b0ec
4022afa5
402d7ca4
402c97cf
40282db2
4014ee68
4026f2dc
40196228
40277240
4029a5f4
402a42ef
402697d8
4028d7be
4028a33a
4029d850
4022e4e6
4013da2c
40254613
40253ab0
4017a30e
4013c3ad
400ffe96
4012dc3f
4013837d
40141e09
40142610
401e7dcb
402c5108
40220170
402423f6
4014bcb6
401e7752
40293984
401649b8
4015a087
4026f7d2
4027a04c
4028e60e
40270fb0
4026a0b2
4025ab7f
4021ac09
40323ca0
40219560
402796a3
402a15e0
4032a05f
4047d5cd
40439975
40258698
38f1393b
39742d0f
39181a96
3910357b
38dd0a6d
4038f890
3fe190a3
39802d96
38efd37b
3fd093aa
402874d9
3fd44ee6
3ff94fcd
3fb51d1f
3fa923b8
3fd033a6
4013e046
3ffc2b94
3fefc2b2
3fb1d54a
3ff59982
3fc6d7e2
3fba573e
3fce4d66
3fd030d1
3fcdfd9d
3fbc1077
3fb3e979
407d8f08
40524660
3feef743
40011555
3ff08685
3ff49488
4000fc7d
3fe8d87b
3fbb97d2
3fd32c17
3fc8e68a
3fc7c6b4
3fb74ff3
3fa4767e
3f9ea3fd
3ae0a92a
3a7de5e6
3a47834a
3fdbccaa
3fd0e855
3fcdcd9d
3f9e17c2
3fa5645b
3f93736a
3fa1258c
3f96a498
3fdb5eb7
3fc94372
4022b3e8
3fffa100
4007b786
4004cd97
3b336b3d
3fe8ab60
400ac51a
3fd9e63c
3fc5e5de
3fc45616
3fa1492b
406deb9a
402f099e
3ff44455
3ffb70ff
3fd41c2e
3fdf60bc
3fd84eb4
3fc73a70
3fa0d8d7
3fb34778
3f9c4ad6
3f91ee28
3f88d15a
3fe76891
3fbbc7d2
3fced1f7
3fb7ff3c
3f8524e5
3f85e58c
3fe50b4e
4006932e
3fb30ac3
3fa09d2e
3f8fee0c
3f8feb18
3f87e6ee
3f88f5a7
3f893918
3f90aac0
407787f0
3ff50d0d
3fdbeb62
3fb1f338
3f8c4790
40082a0f
3fa7aba0
3ff90d39
4061148c
40145a3c
3ff297bc
3fcd669b
3fbff05e
3f894fe6
4016b254
3981a76b
3fb8cc21
3fc945c6
3fae9392
4009d86d
406c25bf
3ffe5460
3fbba9dc
4016c66e
3ff596d0
3f9050ba
3f891686
404a9466
4009c21a
40141a8c
3fb44478
3ff23405
4001f297
4006aa70
402c88ab
3fe27200
3fde581d
3fd1a528
3fcf0e52
3fcd762a
3c4352bc
401430ea
3fd4543c
3f91a0b2
408aa57d
3fd9f28c
402044ce
3fed3ec9
3fa182a0
3ff3dd7e
3f82326a
3ff71927
3fe9b605
3fdc3a86
3fbe830c
3fbc0f73
3ffb236c
3fc9f651
3fe1a572
3fd71346
4013e373
406d434f
40126c61
3f95cd6e
4009f56f
3feb8688
3fcf4cb3
3fbb5db4
3ecd3b16
3fb84b9f
3ec2d164
3f85046c
4009b12a
3f8b89da
3fdde1a2
3ff24fa2
40156f12
3fa115ac
3fee09c3
401f2ec0
4069b5f2
3fd2262b
3fc04b14
3fb23e72
3fcab871
3fda9f49
3fc2fcd6
3fc4b8e5
3fbc1452
3cd1e6e1
3fe87b30
3ff6d1c4
3c13c973
3fdb2d01
3fb7ed98
3f9d2e0e
3fcda53e
3ff4fbe3
402193fa
3ff38212
3fea2317
3fa653fb
406d3c2a
3fc9816e
3f968874
3f809031
402604ea
403a1e35
402b8bd4
40239276
3d066fb8
3fd71353
4017dce0
403d7d3f
40006474
3fdda1ac
3fb52013
3fd847fe
3feedea8
3fd4ac0e
3fe1a208
403c78fa
401e180c
4049b6a2
40156f26
405ead64
404320f9
40413f56
4018a1a4
401f7a33
396df16c
397ae8d0
3fca9a1a
391c75b0
3fb44fe0
4006c395
3fd45dd6
40084e5d
3ff9042d
3fdead46
3fe03068
3fd4293a
3f94c344
40208012
3fb761e0
40308486
4033efa8
38f4fd66
38e4d900
3fd12c0a
3f8b998a
404db4c0
39010a41
401d60c0
3fb4440d
3fd13745
3fd5f5ea
4031ba74
402a7ac1
38fe1259
402393da
38eca5a5
39435615
38e340b3
3b392c5b
3935f3be
404773f5
399643ac
40059e1e
3fad6b35
3fd36b04
3fdf192f
3957cfef
390f03a8
39204b85
390dd32d
38dcb5fc
38def698
390185ee
391fc4b9
406875b3
404655d5
4067f0ab
405ea51f
4045e9fc
402d2a23
3ff645dc
40320bba
401bc8b1
3ffda212
40148e60
3fdd5091
392abd6d
402db4da
40652654
3fcd92a4
3fba3286
3fb7056a
3a91b9df
3a9cf7aa
3f9c0be5
3f935668
3fafe2cc
3fbbce6f
3fa9f668
403dc6aa
3fc83d72
40227f05
3ff544fe
3fedf9be
3fcf6ab4
4050ac74
3f89499a
4013becc
3fbe144d
40669632
3fbdd872
40111a22
3b50477a
3fd37fe0
4018ba95
4030873a
404cd5b2
4042948e
3ff471c1
3ff97d00
38d4b880
39b97ad8
40316a5a
3fd049aa
403c1077
3fe4a608
401e8bae
3992293b
403c1cbb
401c5df5
4083a75c
4084dc27
4084e45f
402afac0
402937b7
40347fb3
408a4ace
408b755c
405f3b79
405a630a
40599c9c
407b6b18
4064d352
402301de
4020ee19
403214cb
4029007b
405f4612
4065159e
4029f57c
4032686a
4020c5d8
40073e22
40007428
3fe3f8f6
3fcd0a7f
40001e38
3ff29db7
4058df94
3ffa68f2
3fd01886
3fd66924
3f906b0e
3943c785
4019f910
3f89228e
3fe2b928
405f6d62
3ff51c6b
3fcd6cec
3fd922ee
3fdc082c
3fea48d6
3fe513e8
3fd5471e
3fcf1aaa
4003bf50
3fd68c1a
3fb6e84c
3fec3ad1
402082d9
3fec9d06
3fd09edc
4005f61c
3ffcfff8
3ff718c4
402c5d8b
3feabf7d
4028fcb4
4030649b
40162217
3fea28f4
3fe4303e
3fcbfec0
3fd431e1
38d29bbe
38eaf9c7
393a2be6
38eda58a
38d67159
40235cec
404bb768
4039d84d
38d3ed5a
40035e2d
39620006
397c8c11
40063c6e
40845b81
404292c2
403d56b5
40185fe2
4046ffb6
402a7d56
38d4d57a
38fd8dae
402617b0
39803c8e
3fcc095d
400b33d8
401c0960
3fe0c697
3fdc554e
3fcaeb60
3fca7dab
3fe5c807
3feb988d
3fee0164
3ff506bd
3fc536ae
3fe855cf
40120c65
402bb4b1
3ff708e1
403d2794
4031d2e4
40125f0d
3fca1ab6
3f8b0c49
3fc8f271
4003748e
3ff53021
40143ff0
3f86723d
3fbdbed6
3ff5dff6
3ff68495
4007110a
4039c2d2
403364b5
3fff2eb7
38e6b673
4035cd52
402d6e96
392d06c7
3fb25518
3fd03ab8
3ff53c84
39a31b04
400ecfca
4011ade4
4088b6da
4016786a
4073b252
40325c7a
40068042
3fceaf91
3fe895cb
40364354
404563da
400d7409
4000850d
4041d568
394ca435
3b00b214
3ff72fa2
3ff7cab8
406f82a0
390dd0d3
39c45588
40836103
39c7f9ae
3989392c
4030f694
4008f2c4
40150500
3fdc0a32
402b7611
400c28c9
3ff7f453
4004c272
40178bec
3fe80667
3fe5b185
3fcc6942
3fb0f93c
40018534
3fc0e290
3fcb5081
3fd1c970
3ff142cc
3fb968aa
4014cd74
3fbf8008
3fe26e24
3fc8fc22
3fe1f8eb
40246f50
3fe5b719
3faa9ffc
40226ab6
3fc60694
40196def
3fb133b6
38e6bbe7
40149774
3fe31bd0
395ac971
40409d52
405d6976
3fbd9b92
3fee173a
400e1558
4089b4bb
40248ed8
4030468e
3991c7a6
39afed63
398afc61
4017dab7
39024f99
4084fb84
38d41968
3fe450f8
400d4e02
390c24c9
4051e4fc
4006fb84
4081dedb
3936046c
40190219
401528a2
38f172d7
4086dab1
3febc97f
40183183
3fd14c00
40130ef9
4014e12a
4012ddb4
4008a717
397cdc61
400428b3
4001fda2
40879f92
3fb1cade
402c3263
4002189e
3f82e2f2
3fbb6609
3fff42eb
404c6bde
3fecdd53
3fb426ad
401d2803
4010f787
401fe97e
400b5957
3fe85cd9
3ff07095
4006ea77
401595d2
3fb18812
4028f880
3fffcd9c
402970d7
3ff0d843
40116d9a
3fe4f7fe
400b0761
38d8e1c3
400c1bee
400e9fa8
3fe523b3
40196cc9
408600f7
39b140c1
3f6fd478
400f0c56
3fff215c
3fe22dd2
402089c6
3fdc9998
403568ef
4021ab5a
3fedaf0c
404597a4
40046db6
40186deb
3ff46062
4022f85a
3fdd11f2
40065a2e
40147eab
3fc518f0
400c3194
3ff47046
3ffe6f9d
402c0182
401ba402
400ad02a
401a3af9
3fe84510
400e6fa4
393b431c
3fed8ecf
3fea73b7
40181b70
3ff3f3ce
401962ac
40086a69
400fa82a
400b336f
407c02fd
398d47be
407249be
405965ff
3feb3b41
39070277
38eee784
3fd05614
3fd84724
40002c41
40445efc
3feb4e8a
40494c72
3fae1dfe
4049704e
38f2cde1
4049a0a9
395e5e89
39f1be5f
3feb7dcd
40769d9a
400eafbe
3fe50d5f
40878048
3a0a2c35
3a5ee53b
3a10389c
408e31b2
3ff0e103
38eb50ed
406ff644
40451e3a
3fe64f4a
3fba61a4
3ff6b927
40494f70
39957ba5
3933bcb5
398e72aa
397821cb
400be603
4077c3ae
4007dcd4
4018428a
3fe51273
3fee96ad
3915b7c6
39294c0d
3ff5c91b
39831c90
3a0d1b15
3ff45131
400b8d13
3b10758e
3aaf266b
3ffd0558
4011bf2c
40076308
4005cf92
40037f58
4017328d
40240f82
4022a69c
4022943e
4016c81a
40202cd1
402178bf
401f7a97
40201f22
401c66de
401d789c
401e8daf
402661eb
401f9add
403486fe
401e2de6
40240617
40237db7
402482d9
402560a2
40204c9e
4026163a
40229e76
402e9b1c
4029eec4
40245dfb
4033e2e7
4022618c
4021cb85
4025f7ab
40234e8b
40215df1
4032b8ff
402b72be
40354e1e
40114ccb
400d4686
40127efc
4004ed0b
40134bdd
40170b1c
401cf664
40435f59
40301d9d
40245b49
4021f571
4021734b
40207fa0
4020be55
402074e7
401da862
401d1283
401def0b
40315660
402a77ff
402c739d
402d790f
402d845c
40294d1f
4023a5bc
40282058
402ae020
402fd7b8
402aa073
40292b19
402dd3ac
4025f08e
40388c5e
4034fc4c
402fe20d
40207f60
403ba5b1
402db36e
403138af
4043f1cc
403f8672
40367a0e
4046538b
40302e80
40356c69
402b5380
403bb177
403c3e1a
403f92cb
403347ee
402da628
403aa3c9
4038eee6
4035aaec
40290f58
401fe7d4
401acb1a
4023bb21
40231177
40227dab
402fe30f
402e866c
40247343
40432fa0
40335dc8
40461830
4036455f
403225d0
4036b7dc
402ab3a0
4045d42c
40285514
40446ab3
4044fbd4
4042fcf6
40432f12
403ff3c6
404c77ee
40479e6f
403e4586
403e5cf8
40454062
40311694
404273e8
403d6ed8
403ceaba
40493c48
402a49e9
40459a86
404ae897
40471652
402cf43e
40492e72
40391488
402fccb0
402b613d
403c8af5
40367d12
4049458e
4047b687
40349f9f
403c3481
403d56e2
403af633
403b6360
40364efa
402c09d9
40260e11
404c34f3
40439e05
40474f04
40382fd3
403ba742
403f6d74
403eb235
402a82a0
40470176
4027f909
40219c74
40242454
401c0246
401c6082
402b0644
401e1ede
40206d59
4025996e
40486ef2
40433180
4024baf3
4048f976
4039f120
4036d0f1
404849e9
40407c60
403f4215
40468b00
40282f35
4042e59c
402e0cd8
404216c4
403203a1
4032dc37
402760ab
402d3cc4
4029c04b
40486958
402dfb6f
4048df7a
402f7fbe
4031f96d
4047fa52
40414120
4048a03c
4048c9e0
40441c18
40445ce4
403e8174
40403dde
4048e029
403eb81d
403fc684
403e4f28
40256034
4038eb6b
4041c652
4036140b
403b41cc
4045ffb7
40318928
4042e61a
40471264
403a7a53
40382d6c
402e98c7
403834ba
40387e2c
40406e34
4047553d
40392ebb
40350bad
40350210
40448d3c
4042dae0
4045d9e4
40334484
402e5329
3fd77a34
3fda5a35
39484311
3fc4d9ae
3fb20636
38e62d73
39214638
3997e02a
38d58167
3fd09b5f
38f1811c
38eb5b00
391b0f77
38d7a207
391ee8da
401bc488
403c9347
38d78e97
3fd113dc
3fb406dd
3fdb48be
38deddc9
38e90e6a
3fd019a2
390e30b1
3ac34ac4
3a97b63a
3a7a0685
3a6302f0
3fc7682c
3ff8c23c
3fb2e941
3fab690d
40025ba2
3fea4910
3fbedf61
3fada784
3ff5ef8c
402023cd
402450f9
3ffc53db
3fb705e4
3fb83e34
3fb12be8
38d6ba99
38dc1d3f
3fd93d7f
3fd1276b
3fcd0217
3fba7ede
405d6752
3fd78548
3f9cd4bd
40381aee
406ece00
3fee3c81
4021345b
3ffa37e8
3fea2591
3fba6b1e
3fea70ad
3fb88ade
3fa1a204
3fbaee96
3fa978fc
3fa77490
400197ab
3fc795ca
3fc403fe
3fc5224f
3fc07137
3fbaeea6
3f83021a
3f96a5ea
3f951d06
3f933250
3f9fe1e1
3f969712
3fd25f16
38d455e0
3fd86374
40875b19
405a6c54
3feb9628
3f9e0892
40193994
3ff88e08
3fbada9d
4017a67d
40216135
3ff208fb
3ff796ae
4007ba35
3ff3b6b5
3fdef469
400c45cc
4000affa
3fee5975
38dd48a6
3fd9f7c0
3fc53dbd
3fc26f6c
3fadabec
3fa7bb42
3f99bb52
3f96e948
3f9475c0
3fe8f172
40101ee2
3ff3d600
3fc882f1
3fc865e5
3fc62375
3fbde242
3fa11a90
3fa7347d
3f9a9722
3f916d88
3f9d19d2
3f9b0018
3f853c38
3f905d5e
3f87e09e
3f94a5e8
3ff2ca38
3fe00471
3fcd3138
3fac402d
3fae18d2
3fb26ba8
3fa6d356
3fa1a12a
3fa3752e
3f99d488
3f8d6130
3f9bed7e
3f879ee3
3fcc387c
3fb5ef7e
3f9cb7d8
3f9f2cf6
3f9efb20
3f95303e
3f999888
3f90b94e
3f921b79
3f952f4b
3f87c338
3f867c8e
3f8970b1
3f8411c0
3f8488cd
3f89996b
4077e70a
3ff63d21
3fd9a7da
3fba226e
3fafc334
3fa33e8a
3f9b4cf8
3f8a7370
3f873c40
3f846c20
400d27a9
3feb5d39
3faa2244
3fab5dd8
3f93c8f7
40212402
3fcd0b19
3f8586e4
3f87d438
3fbb6640
3fbbd468
3fbe7dcc
400e6dfd
3f9a3b98
3fc9b084
3f8f3804
401726f1
3fd73333
3fbdf388
4017faaa
3fdbebb8
3fd4c4d8
3feb71f2
3fb71c38
39b1a93f
3fdfc671
3fc602f8
3fce7fce
3fcc59e0
3fd15dd0
400d8a06
3fb4b8aa
3fae8402
3f9a8d8c
3f9c3917
3f9a013c
3f887466
3fd26cee
3fbb8144
3f9a2a7e
3f8b2026
3f991df6
4017127a
3ff68f1a
3fac32eb
3ff7edb3
3fe947f8
3fe26c7c
3fa6b2f4
400fc996
3fdfcf40
3fd81caa
40111da2
3fc72385
3fb0e8b4
3fcc7bca
3fd870aa
3fa786aa
3fed9362
3ffd959f
40105a37
3fc5a3f1
3fd95350
3fd2e126
3f8f0fe0
3f9fb329
408a704f
40627a6a
3fdb0680
40205764
3fc44e5c
3fca90f2
3ff2f967
3fbf8135
3f96e261
3fb706e8
3fae9f5a
3fa770ce
3f839a18
3fd4152e
3fb4d0b1
3fbec0db
4064302c
3fae4ee8
3fbfa721
408bb654
400034d7
3fe30b7b
3fbeaf58
3fb53372
3fb0af20
3fd74414
401ca9c4
3fc25eee
401f6bfe
4011dda2
3f9fea9a
3f978996
3fda1bf6
3fbfa820
3fba3b6c
3f87514e
3fc7ef95
3fd18449
38dddb87
4012e57c
3fb0cbf9
395c10a7
3fc0033e
401176c6
406d7462
3fbbfca6
3faf99ff
3f9954f0
38dcf4a1
40576952
3fd8c1e4
3fb396ac
3fb4becf
40599b92
4054d97c
3fd2a926
3fc48fb4
3f9f6504
3fde26a0
3fa130ae
3f88b318
3fa0cbf8
3fc191a3
3fa89294
3fae7264
3f90ff88
3f856667
3f85447b
3ff10e02
3fa0353e
3fad2460
3fa4cc12
401f55b4
3fb52a24
3fd1931d
4084f453
3ff27035
3fb4285c
3fd453e2
3fce4434
3f936914
401ed129
3fd2e21a
3fbc770a
3fb288ce
3fb61a1a
3fd3b735
3fd89d3a
3fc574aa
3f806178
3fe3e0ac
3fc898b1
3f842813
402db9d7
3fd9e7dc
3fe2c7ff
403f7c1a
403ad2ba
40068772
39c29217
3fb6914a
3fbec196
3fbb2bca
3fe7c887
3fa07580
390a4b89
4061c77e
3fdce3e9
4003f911
3f8650b3
3fdc7cf0
3fd0003e
40224b1f
3fa16039
4021bc86
3ff8b0a3
3fed3b83
3f8457f3
39909a33
3fcd0db3
40290283
3fa33106
402ccf72
40484869
4019bc91
4010c503
402e3341
401ff9ef
3ffdf760
40248166
40145679
40040141
3fbfa01e
3fdc67aa
3fd79021
3fd5a6a4
3fd414bc
403c8bf8
4033cacf
401fb1ad
40444348
40120fc6
4020bc7e
400ffc38
3fbc8cb2
3fc1e3b0
3f969da3
3fd37480
3ff8422b
401c694a
403378db
40460bfc
404658a1
400628d3
3fbc3b9e
3ffa9d72
405e85f3
4016d30a
4021876a
3fc4c34d
4020b786
3ff9ac22
393f22d7
38edbaf4
40036ae0
3f9dcb06
400676da
3fdf15dd
3f94f82e
3f805f8a
408bf443
3fd7be32
3f979d70
3febdb0a
4011994a
3fdf8854
3f9650c0
4011b1ec
3fd931ce
4004d4b5
3fbc5c0c
408ddb82
3fe85722
3fc6203b
4033e373
3fd46e40
4022e1eb
3fac2596
3fad9f87
3fe99ad7
40043d0b
4019f38f
404bc406
4004fa2b
4047af06
3fd42a5d
400b1c86
3fd36f68
3fbb30be
3f8317b6
3b042053
3b279427
3b35f871
3b2fd90c
405c01a9
3af5ca51
40497b46
401a37e7
40120270
3fd91d2f
3fe816ca
3a9fd245
403a1633
40394e9b
4031b211
3fb8937a
3fdf6f7b
3fce4a5e
3fee1661
3fdbfddf
4047b3b2
4067e486
4064ab81
40604170
4021c862
405f13fc
40572bcc
40573a23
400e9d28
40531396
40334c31
4053bc4a
4014d7e3
4085c261
407d2a21
402087c6
406523bb
405c14c0
40158b65
40452a1c
40894bf2
401a5151
3a60eeed
402d2cc1
3fc8c144
405976bc
40646bf2
38f8f25d
3fa0972c
402dc209
40132b64
3f9f4df3
3feff3e0
400698c2
40761690
3fb83fca
40136cd0
403bc5bf
3fdaacfe
3fc8f8e1
40000bc8
3fec5f77
404f7dc4
3fc21be2
3fd58e4f
3fed232a
3fbc6a82
3fdfde87
3fecf6cc
3febbc37
4040c2f1
3ff96117
3f9ea58e
3ff7929d
3fb00e32
4034aa50
401a3edc
403ff006
3fdee48f
404d7baa
4011d6c0
403cf576
403fb40d
4043d2f8
40624c80
40693570
3fe7b614
3a2193c3
401c43bd
39ce88d1
4045afc3
404c3d07
401b2d24
406cd11e
4020f632
4059e380
39283477
408303a1
4083c599
40397863
4085e3ac
4084d975
4086ab88
40846657
40883730
40891957
406e6b52
407188e9
4043d188
407f947c
4060a5f9
408432af
408d8182
4087e20e
400cdafe
4077cf6c
405ca6ed
40590548
4059d1f8
407d67d4
405c5181
40136c38
4013cb65
402008d5
401fd3b3
4021a052
4000782a
4065fef6
405fd2b5
40653cd4
404cff28
40761cf8
406051cb
4020a1c7
4027bc90
40077a90
3ff74e94
3fff35af
3fe2e96b
3ffabcd4
3fdaf30e
3fb98cdc
3fd016c6
40320359
3c845783
3fb35afe
3feb739b
3fd26250
3f95b78c
3ff69d06
3fa3b3f9
400d0a45
3fcc941b
3fabd86c
3ff6a700
4016c3ed
401677d6
3fde8b7c
3fed16b4
4027ef7d
3fe2d90d
3fe46b00
3fcee2f0
3b1a624d
401d5141
3fd384f0
4022568a
401713b8
3fed8970
40205dce
3914e430
3f81fff8
3fbc4ebc
4003d71b
3fc77527
3fdf001d
3ff62434
4022b984
4028aa47
402266d2
401ba205
400b31f2
401d9c71
40484dc2
407c3e76
4062c622
4001ed42
4072eb32
38d45955
3fdfbdf8
3ff0e667
3feb5fb0
3fd10e0c
3fe9af12
40552a6d
40110ecd
404ef90c
40419afc
4080cb47
403e9936
40890aef
4081b163
4064978a
4038025e
4029d6dc
3fc5129f
404ddc18
402769c6
3fddfe6c
3fefd049
3fecae12
3fec0bfd
3fed392e
4023c2bd
401ff474
40334830
3fe4ca67
400b868e
3ff7bb01
3ff9c0ee
4052f702
400e93c7
403ef377
4008851e
402f5e37
3feda938
3feac9b7
402aa5a1
3fcb7335
40836fbb
4027f184
3fe257fe
3fd711fe
401a8477
3fd97f19
3fcc61fd
401ad2ae
3fd41c46
40028fdb
3f8688f6
40248bb6
403ba045
403635b9
3a7a3bec
38d69c3b
4044ffaf
3fd6435c
40483c8b
3ff489d6
4059c71b
4017e619
3fb13fbe
3fd2364f
39c6aef0
3f9fd696
4010e71b
401d6f4e
400c3700
40171a0b
401f3eee
3ffc81d2
3ff8ff29
4031633a
3fe0ec96
405e8d01
3fff32f7
3ff24915
4016efc9
400be237
40141484
3fcd4402
39e312d4
40341b5e
4042080a
40448640
40492884
401abb64
401b0452
4022ddb4
40431140
4050ede2
3fe99981
403bb56e
3ffb19da
4009a7e9
4014d42b
3fff3f04
402a43d5
3fdce5bb
3ff08c24
390d9d96
3ffa84ea
3fcdc760
3f9b6eb4
3fec5958
40595c37
40225383
402de872
3facbeca
40234126
4016039e
400131b2
3fe6d952
3fe0f0bf
3924eff8
390387d4
40115f8a
3fcc2371
3ffe9fb7
4024235b
401b9471
40850ecd
40854fd4
4084f8a9
40213a86
3fbf54d2
4026a7a4
4024ac7a
3fee4c5a
3fbab0bd
400ea5ba
403d64e3
38e15c36
4005e1ca
401117a4
4048e8aa
40382a90
3fffcda2
4006c130
40289f3a
4011f488
402e3e10
3ff47ddc
40854513
3feb4a4d
40511df6
4004b523
4020b8de
400cc734
400b57b4
4055d77c
40868078
4014536e
40869a1b
3fe71ccf
38d1bd57
3fe28db0
3ffeca95
3fcba6d6
40153054
40418425
400fd951
400e105d
40135735
3f6c7f20
3ffb31e9
3f5c98a2
38d85e03
3ffa5b79
3fb5c256
3fc74b52
400c0856
3fab5faa
4087ea81
40134b61
3fb4eaf4
3fb54be6
3ff68c6a
3fb45a6c
3fdff7d0
3fb55a24
402c117b
3fefe359
3f88f5ec
40106728
40064245
3fd8cc33
3fe55609
3fb761e5
406dc134
4000962e
40899b0d
40064d59
3fb993f8
3fdbaa0e
3fde72e4
4004ead4
400e38e2
4042b5e6
4002930a
4019ee64
40084982
401c38f4
39332c75
401b6c01
4018ca9b
3fb2034d
3fc53ec4
40220ef9
3a124ce2
40111f9e
401af652
406cfd1c
400ce093
4018a487
40875d93
403ec6d0
390e770a
401740b8
4074bf9c
38ede95d
393b2c65
3fe6d08f
3fd86479
401a8fc6
4007e1a3
4004a6c7
400324cf
400a75a0
4003eee3
3faeb5dc
3ff21f66
408363ca
40169fb4
3fd31100
3fbd4bca
3fe0e972
3fe87b94
3fb3f186
3fd94d94
403e6f77
40043133
405bc29e
408442d3
4087ba0c
4088c88d
405b53d6
40065758
405ea8e7
3febb060
3fab0c42
3fea8375
3900c773
40419fec
3ffa3deb
3fe4dd66
3fee943d
38db0e62
399c0018
39c1035e
39b082e3
4002389b
408a9075
408389b4
393ad481
408d6498
400566cc
3f66d8a4
3fe04ab9
403db1c4
401303c5
4023f5cc
3fb3c566
400f9bef
3ff71bae
400a6108
3ff1c2fb
408cf896
40182432
4042480c
40446816
39872f38
4009709d
401474f2
40099186
400aa2f3
39567512
4087cd93
40818467
40569c6c
406eea11
396b9789
39988d68
405db2a3
408c2ba8
407b9d01
3a654023
3a5a3f01
3a4633f2
38e01ba0
3fb53804
4015d3e3
4008ff36
3ffd2a27
3fe6a20c
40004b28
40045aba
401aaacd
4027de60
4002eb9e
38f39357
400a48c9
4008fe8c
3ffa4f2a
3ff37a4d
3fd78dd4
3fd1f47e
3ff4bb6e
3fbd1233
3ffd5484
3ff10adc
400bd64c
405985a5
408bcc93
40266e72
400aeedd
3ff34056
40175095
403e0551
3ff750c0
403b8407
4002081f
4013c097
38da905d
39aba922
4086ff6b
3fe88072
3ff6a2b3
3fa8d29c
40065739
40845558
4015f2f3
3910041e
3fe7ac2d
4032fad3
3ff6c4b0
400fb1b1
3f6d699a
4017a67f
4055dfc6
39718bcf
392ef715
4011e39a
3fe879a1
3909d818
40451f12
392e452a
407ee8c0
38de1c99
390aee78
38e1a94b
4089a61d
390789fa
4026c6c0
402346da
40205205
400da3f8
401999d4
403913ae
4033287c
4042fc6b
404348aa
403e495a
40458b4c
40340130
401ff95a
40441267
404c22d8
40333ca2
404ffb7e
3ab93181
40722b90
4055b3a2
3fc93784
402add88
4015d3e8
38d77a09
40803f49
40335852
39a5c8ca
3ff0906a
40048584
404d6602
40586dbd
38f3f42b
38dc6729
40114a20
403dccb2
4002acac
400a928b
38d4c528
38d20f9d
4032d062
40033eca
3fe6ecec
40527eba
40502236
40047a53
3fd1d266
3fc3029a
4056fba6
407730f1
408b4977
4087d3c0
40282157
404ce64e
3a2aa883
40085cd7
4005069a
4002a8bf
38e389e3
400fff8e
39115fe5
39354e27
38f8e3d3
40261d42
4014934d
4012e8ba
3fe396e1
40223be6
4004bdff
3fe265ed
401bb86e
401bf4b2
401b56ac
3fed08c8
3ff074c7
3ffd3e00
3ff18572
3ffd1a09
3fef6493
40458de0
3ff13af1
4041623e
3ff96194
4018f25c
3ff047b8
40463573
402acd7d
3ff02dbd
3ffea1ac
3ff2f28d
4000fbe0
4013df09
402d86d1
3fff19d3
3ffe74b2
402adf54
401eee74
402bf3ba
402600e1
402022a2
4024259c
4020b3e9
40272e8e
4045af30
4046b8e2
401f3676
4026996b
402215c3
40210b31
402d74c2
402d6bf6
40476334
403d0b4f
40371d39
404706c9
404783e9
4037783c
40384eca
403c07e2
403501f3
402f3490
40371303
4033df5d
4036ed7c
402cc8aa
40452082
4040806a
4030ac00
404a8dd4
4045e3a6
404481c0
402fea3a
4045c03d
403e8b51
400fcbce
4007e634
40057870
4047cc72
40344626
402af591
400e4231
404071dc
4034373f
4030c283
400edb7c
40273472
4026635b
4030abda
4003c03c
402b7186
400545f7
400e9708
400eda43
4005ab3d
400d0722
400f20d8
4041d3e1
40046ea9
4004afc9
4009fb8b
402f67da
400d230a
400e966f
40035f11
40079679
40480d90
4047cbb0
400c38ff
402cfcab
400b264c
400db049
40063c11
40084445
4033065a
404f5610
404e28e2
401b2370
3fe1fc0c
3fde1c4d
3fff5e44
40010c29
40025c85
4003446d
40023ca1
3ffc4aa4
4047ca60
4045df8a
402dce58
40425ac5
4042cb92
40528cc2
4043ff48
403f23f3
40450235
404b264a
403e299f
403f4e78
402ec142
40306b06
402c868a
4033f2a6
402a4878
400e674c
40300605
4009c160
40046c7a
4009f18e
400567e7
40449bf9
40401a4b
40089ce8
400b2f6c
3fdc1f98
3fe2c0e1
401b3646
401aebd1
3fe4fbd8
3fe2283d
3fe7fd84
4018ee42
40168b86
3fff66f9
4048ca34
4036c6f0
40409fbf
40406f24
402379ff
4032e96a
4037a43c
403ccadd
403c65b4
402d9c63
402cf6bf
400ef1eb
4010b123
402b3bc9
402b7063
4040977a
3ffa9624
403fd586
4041498f
403e5055
400d68a5
400538c5
404102e8
3fc1b3d0
3fc5edbd
3fc96a54
3fc3bd1b
3fc7bc33
404b4d0c
404bc123
3febc749
3fe246f1
400267bb
4047a00c
4046c7c0
4040f366
4021f332
40234368
4041dfa3
4038d251
4046a314
4048b81d
40353e93
4037f095
404895d4
4034f4ba
4034cb3b
4041274e
403fa04c
4004a459
40451a60
4006eabb
403d8d32
40114eaa
3fcc10ef
3ff3364e
3fcc0f01
3fc87968
3fc5f491
3ffca143
3fd550ef
3fd035e9
404e2122
3fedd6a3
402f682f
3fdfc36b
3ff25a6d
3ff11b2f
3fec039e
4022e478
4021c51d
403ef4c4
403d8920
4039f680
40402488
403f43ac
3fe946ec
3ff32a54
3ff2b49b
3ff36477
40088342
3fce97e4
3fc6d82e
3fdbd439
3fd3c3f8
3fcf2bac
3fd72066
4000604e
3fe009f7
3fe24130
3fd18813
403bbb1e
403d1de3
3fe6c0d1
3ff15b5b
403ab2e2
3fdcfc0f
3fc587b2
3ffa175f
3fd44460
3ff2263b
3fd303be
3fe3b108
3fd5314e
3fd2d535
3fd60383
403fdd98
403fa7a0
3fdd07b1
3fd7a308
3fdde202
3fd3afaa
3fe85d81
3fdc73d4
3fdcc8dc
3fddbb60
3fe075cc
3ff56d92
400dac39
3fdb97a3
3fc8d914
3fe1acca
3fc3eaf7
3fc60566
3fddc08a
3fceb628
3fded62a
3fd382fb
3fccb2f4
3bb1e8e4
3b6c81f8
3b224a20
3addda2f
3a928871
3a557940
3a411f22
3a372b89
3a052538
3fd9de32
3fe21b70
3fdefefd
3fdc1608
38d468da
3fbafd80
3fcb895f
3fc8ff14
3fcb3f85
3fde42a6
3fe5da65
3fd4f62a
3fd47422
38d8bdb7
390200ac
38dd37df
39230b90
38dd372b
3fc3df6b
391580db
38ee7792
38d48cd7
38d7f7ce
3924070b
393fdc3d
38db44d3
38f42132
38e5c696
39037dab
39480ebf
39255427
38ddbc64
3fcb4196
3fc645fa
3a96526c
3919eed5
3fd332ba
3fd0bd18
39120a86
3a0f6efe
3974d81c
3fd392fa
3fd41bf8
399aafa9
397d13a9
38db5c5b
3fdb8d6b
3fd5198c
3fd9bff4
390aff22
391e33e6
39709919
394056ff
4044ed08
390ee86c
38dabc6b
3911e30b
39416ac7
3f9dcfb4
3fa13a07
3a051b02
39017792
3fcd5568
40644a6a
3ff63ccb
3fbd39d4
3fcdd8ce
4025209b
3fa3532c
40201a0a
4016a03a
3ffb223c
3fe9a3c9
38ea7c93
3fcc7d94
3fb31ada
3fd855d2
3fb83b7d
3fa46bb4
3f9ef11f
3fb1f3d1
4018527b
3ffb390a
3fd0c7d4
3fbc7921
3fef338a
3fcffd3f
3fc82a95
3fc93d31
3fb5787a
3f94b356
3f9bf1c4
3f91f90a
3f873185
3f8edf1a
39824a73
38d1db2b
3fe06b44
3f9c3bf8
3ffada6d
3fa0ae5c
402290b6
3fa55172
3fdad5a4
3fc2d3ae
3f9e8c0e
400d4927
3fcdd12c
3fafafd2
3fcebefe
3fb42364
3fa54c03
3f9bef98
3fadc55e
3f986972
4007f1bf
3ff4b141
3fbe9cec
3fcbe184
3fc05eeb
3fd6fbde
3fb5fbae
3f99bde0
3f86ab46
3f9cfe46
3f85e5f6
400a532d
3fd2b2cc
3fc24446
3f8c4b48
3f868a78
4015031a
3fff078e
3fafec5a
3f87dc26
3fc8a31a
3f9a7e92
3f897a32
3ff05591
3fd75833
40580d16
3fc47fc2
3fba180b
40173f79
3fc3ec3c
3fae621a
3fe7086e
3fb5eb8c
3fce8889
3fc8557c
3fc582e5
3fb7c362
3fba998e
3f87466c
3f9b1c5b
3f8f31ca
3fa3d3ab
3fb1a264
3fef316b
3fb3f578
3fbd81f6
3fae2e04
3fed691f
3fd1b934
3fb293db
3fdb8a88
3908165e
402c0056
3f9cf05c
3fabfa0a
3fd15cbb
3900d8b4
3f93a1ae
3fd062ea
3febe314
3fb8ecd0
3fc08c30
3fcf63d2
3fc8a55c
3fb8dd9f
3fd07b56
3fc464ea
3fb4735e
3fd43d2f
3fa99850
3fa10a64
3fca2759
3fda74f3
3fbfd323
3fe17a1d
3fa1af5a
3f9fb3e8
3f854450
3fc8a52c
3f981ae3
3fa0a2f0
3fd3e401
3fc6607c
401e00dc
3fc3cd49
408cb9b2
3fbee37d
3fb57154
3fd19188
3fa038c0
3feb5c60
401b8588
3fcfbb99
3f85e7e6
3fdb1e14
3fc91c45
3ff3eef3
40407634
3f9d7de2
3fb7dfda
3fd157a9
3fdd83f2
3f9a74de
3fcc924d
3f98c928
3f9a0776
40115c7e
3f8386fa
3fddf8a0
400901ec
3fe95fb0
3f9cc40a
3f84f096
3fda1c58
406db3c4
3fddb2d0
3ff03e99
3fb0d20e
3f9f499f
39121b4d
400ebef4
403d5064
4004a1a6
3fcfa859
3fd3de24
400784b1
4016fcbd
3fc5a0b9
3fd623db
4002895b
3fdfba30
3fd72480
3fba43da
3fa91f3f
3fbd7468
3fdc349c
3fdcb77c
3fd6e738
3f851c72
4049b992
3f95c7a2
402083cb
3fbeef3c
3fbe676b
3fca5de7
408d615e
3f9cfba4
403ca144
3fcfafcf
3fe2a814
39638f62
4037d37e
39386f64
403b56b8
38ddb539
3fbe6255
3957b514
3fd48800
3fe87d74
40410154
3ff5d1ee
38ed8669
40351d1b
3ffbdeec
3fd49f28
3f9c02b6
3f8c9bda
3fc7d140
3fa76be6
401c2a2e
3fcd066d
3fc2e20f
3febd205
3fc457b8
3fec5bab
3fb73a86
3f87a062
3fd94b84
3fea1814
3fae7f60
40442a1c
401b54ba
4042448d
3fdf22e8
3fcf4d3f
40240960
400ffe2a
3fd2be34
38d53590
40602201
40373394
3a8760b6
39208615
40500a08
395701f3
401f3292
403294d4
4089c20b
406c8d2c
4021d5c6
401264fc
40064fec
4010ea70
4001a0f9
402141f8
4064cebc
4020caaa
4029b20b
3ffe49cf
40189539
402cab36
3ff92438
3fd07f25
3fef7f0d
4030cc38
3fff2fe8
3ffc1796
3fde13e2
3f954830
3fd380c1
4027193f
3fe1a6c0
3fddce58
3fb6d71c
3ff122fa
3fef1de2
40212f48
3fe22a86
3fd36bf8
3f9b4e79
3fab04de
401d342d
3f83a676
400bfa23
4005d812
3ff3c244
3fe34065
3fd41008
3c29eeec
4007daab
3b1caf14
3a9d3d04
3a9f3dca
4027df18
400103c7
3fe02559
3fdf10ab
3fc7860c
3fcfb1b8
40251491
3ff66d5c
400e5966
3b1579b2
403f4355
40294419
40468f74
401b2900
3ff39b54
401cafc4
3fde8ab2
401d9619
402e2fd7
3fed8471
3fc794a7
3ff1db3b
3fd7a6f7
3fdb71bc
3fda0c71
3fb8180d
3f9a606a
3ff8df28
3fc5a195
3fddcce8
404c0a6e
3fd6f113
400073f7
3fa0e820
403ee477
3ffd665c
3a2f9963
3a682680
3feda7a4
401efb28
4037414c
403928f4
3fd0deca
4015807c
3fa1f010
400bc824
3b339256
4005e4ae
3b1edcf6
4050788c
3ae59258
4051dce0
403da649
4035e5f8
3a10ad4e
3fdc79b9
4024aae4
3fce0c6c
3f9ee761
3fa23539
3fc483b6
3fd8270b
3fd0218d
3fca02ee
3fdc2af6
3fadb724
3fdaa4e1
3fc8c43e
3fcad8d5
3f7f89d4
3fc91c16
3ffd4f68
3ffa7d63
3ff6bb21
3fd78a36
38e9d035
3909b961
3ff82cb6
4026aa7c
3fa83a7f
4089d46d
3fd87045
3fedcb29
3a72688b
4034fcab
3aef9ca3
40365130
401d55ad
3b2b0046
4012e2d0
3fe57618
3b1f8edb
40194468
3b226404
3b272ff1
401435f4
400e859b
4001809e
3a943ad4
3fcdbdba
3fac9666
3fba3c12
3f905668
3fe95fc2
3fca5d20
3fd119cc
3fca4734
3fe54fe4
3ff79ab5
401727ef
3fe07fea
3fa1a7cc
3fd149bc
3fba82e0
3fe8fda8
3fbd8273
3edc292e
401daaa7
403c4efd
40283d48
4088e91d
405fdbcc
3fdf21a1
40450dfc
4031c7ae
3eb321c7
4008d2c9
4037bf68
3fc5329b
3ffb3c8c
40661cb6
3fed11cb
4022286b
40047d7e
3e0f0514
40863b2c
3d9f9215
40203006
4007c665
3fde48de
3fde59d2
3f6e2bc6
400ccbba
3a990d0f
3fc4c7dd
3fbcd412
3ff43362
3fe8c947
3ffc5a13
404326dc
40344298
3fe730c2
3ff9c47a
3feb90c4
4001ee08
3ff34a32
401c9841
400f391c
3ff295d5
3fe2ca44
3ff53963
4007af5f
3d03c03c
3cea0596
3cc72ece
3ca2d31f
3ff8b8ae
401d6d12
3fe5d153
3fc5ab4f
3ff0c30c
3fc5e39f
3fb9cd97
3f9e613c
3fe5f905
3f80dd12
3fd1812c
3add0728
40490198
406618aa
3fdbeec0
4032a634
39cc56c1
39a30b7f
404092fb
4072a552
3fcfc033
3973899b
40149b96
3feb3a04
3ff6aef9
3fe5fff7
38d2e38c
3927137a
38d2d31c
38ec79c2
400bdd4c
38d2c868
38d4312f
3fcf9c30
38dc58cd
40101b28
3ff0e43a
3a3aecea
408a1e3f
3fe4ee9f
391132bc
38d2e416
38deb283
38de3a59
38e742dc
38e36e70
3928f70b
39062d17
3fe47c8b
390b58fd
38d8acfb
394afa6a
39248093
3ffa9544
3ff4fb5c
3fda413f
3fc35b84
3ff3cfc7
3fe4feae
3fe0bbe5
3fcb9ae2
3fd8a8ee
3fc8fad5
3fb0cbfc
3fde9a66
3a03119b
3fd2dc81
3fb14bbc
401117d7
3fe5a476
3fddae27
3f97b9c8
408c457d
4039c1a5
3fef3701
3ff574b1
3fdf9568
3fd49e90
3ff6ae0b
40432910
3fcb53ca
40005af7
4040e4de
4003cc89
3feaa132
3ff86d7a
3fb26e76
400aa5ad
400a9420
400c0db6
3fe97aea
40076068
3ff5b5d6
400a03e6
38d5d0dd
38f3b295
38db8c31
38e71fd9
40110eec
3ff46f76
4060d135
400fcb76
3ab4b844
3b81ad7f
3bbea07a
3be90e69
3be67354
3bac7471
3b6a5193
3b43e482
3b22bfc7
3ae27244
3a9a5a20
3a6fe99c
4029fd52
3fe36f0c
3fdf3d96
3fd6bcf8
3fd79c1d
3fc11578
38dbd404
40055ca0
3fbec998
3fce7716
3fd5d98c
394b3445
3feecb34
3fc8aab8
40097e51
3fe7236c
4000fd06
38e8512a
38ec0776
401c626c
3f9311fc
3fe27e25
3fc5dfdd
3fc642d8
3fb5385c
400a6fd0
40278f5f
3fe93faa
40052c53
3fe619ce
38e2179c
400b6c34
40030ec8
38f41e7f
39ce1c75
3ae78c3a
38ef2ab8
3964744c
3999cc8a
399ca793
39852116
3f7ea142
38d79e35
38ddd348
3ff1b2a9
3ff0df21
3ff3e587
3fb50a6c
400a7e17
3fed2370
3fa38d31
401285a9
3fb30484
3fa3ae28
3fa72295
3ff9c16a
3ff968c5
3fc87ec4
3fc8c37f
3fc7af14
4000a5fd
3fd5382b
3fd32a74
3fb91a93
3fe575ff
3fd306c9
3fb0f776
3fd2603b
3fceee75
3fbd5cbf
3fd1923e
3fbe6758
3fd49aa0
3fd832cf
3fd5ca3d
3fc81350
3ffd4fbe
3fd046f0
38eef2b0
3fd89ad0
3fce81c0
3fd7e3cc
3fdbbb68
3fd9376c
3fd8f344
38f42f1d
3ff6140a
3fdf1bb6
394dfdfd
38dc2444
40038f79
39141ded
3ff23772
3fdcaaba
3fec940e
3983ec11
3942bb80
3a37ef80
39008ca6
398a0c87
38d4862a
3fcf31b3
38f8c1ae
3fcdf8c5
3a079283
396fedb5
38f1f0fa
3936ab00
3fd1af34
39a53ceb
3a868f6e
3fcf5186
3946355f
395cae92
390a0bd8
3fcc60df
38fc3253
390fb612
40260053
38dadfab
3942594f
39388df1
393f362d
3a8a47c4
38d2f133
3f7ffef7
3fe79df0
3991e939
38d5354d
3feab075
3fe8db5e
38f98470
39b75eee
38f6074e
3f7c4474
38d1becd
394c5e9a
3ff48c41
3ff04601
3fb2c816
4016b216
3fdd3ea9
400545fa
3fc2617c
3fc820d1
3fd4e7f1
3fb80486
3fb1b1fc
3fb7517e
3fb99206
3fadca30
39044c03
3fcbafa6
3fb05c58
39247b0d
3fcb7e91
3fb979e2
38e4197a
3fd7dd3b
3a12d549
3fd84aa8
38d7605e
390bf0a0
3fbd2d42
3fc23fc3
38d5aaa5
38dfa76e
38e82461
3905cfbf
3fb975ee
38fdd94d
3fda5914
3fba7a92
400ed306
38f0ea14
38dde1c8
391bd161
38de589d
392087c0
393f2e1c
390475c1
395c8ece
38d8e8bd
390e5b94
391e5c5c
3902d977
38d5c51c
39003362
38f4b0a7
38d7474f
39432e73
38d51e7e
3fb53e04
3989da48
394a1438
38fcfbf8
4035b733
38f2eb32
3fb6e506
3c137b02
38efb987
3fb673ce
3fba1416
39d2bc1c
38d692ac
39ab118a
398a4b26
38d3b03f
38f82f6c
3fbe9181
3909c347
3fc9e26a
38e448e9
3a688143
3a5fedf0
3a4ae329
3a2cc56a
3a0323f0
39a4ca53
3919b848
392e654d
3fe41af2
38db89b5
39080a5f
39879eb2
393ab672
3fbb458a
3fbc7e0a
3fbed088
3fe950ee
3fe857df
3fbd04fb
38e23311
38d3c700
38fb8f67
38d87b87
38e32086
39006699
3906b796
38d2548d
3fe8fb92
39922814
3fbe01f1
38dd43a5
3fde3039
392aff6b
39b0dd3e
3fead052
40044fd1
38e6c13c
3f83072a
3fc02ef0
3fc6eb83
3fbfe321
3fb7d132
3fc6d298
3fd5be24
3994d3c1
39f6f7cb
3a0bb82c
39c67212
3fc823f9
3fd722fe
4000683b
38e92e7f
38d5bdc0
38e170bc
3ffe78f6
3fd9aed5
3fd6dfd0
39cd7806
3fd534be
391a5ac1
3fddf078
3fe0cdc5
38e53dbe
38d6a99d
38d9f10d
39277656
38e828ec
3ff168cd
38e5e66b
40000f6a
38d4188a
38e6bc1c
39132b01
38d5bdc3
404e11d3
401268d1
38df3291
38e43aa8
38d67772
4020b365
403eb746
40352e54
40353498
4039bb82
40336ad5
403d91f5
403ae810
403f3ea2
403b4c44
40161b05
4016075d
3956d1a1
398e3c08
4061cdd1
4079050a
406fd73e
406fc236
390cd2eb
406bff5b
40769b94
407988fb
3ff69cd9
4071fc9f
407c63ec
4070461e
4072e1b6
406c68c8
4068f570
40696b70
4067c762
4064ef4a
401ed7fb
405fc0b6
402db994
402f2ee0
4032041c
4032f47a
403179ec
40333748
402b2b1b
402a5c59
402932aa
402d1b00
4028ffae
40274914
40271711
4049e5c6
4049ff26
404a23bc
404908a6
4049d39e
4047b05e
3ff5b901
3fd67a9d
3ff6bf0c
40102176
3fd78380
3fd99c37
3fdc1b76
3ff4a4b6
3c18aae6
3fd65f04
3fa91456
3fa1bebc
3fabff5d
39fa2ab3
3a0eb65d
39867f10
39cd22cb
3a2ca8c4
3fd952da
3a67b865
3b0830c5
3b567e0e
3b62a3a5
3b2b14a4
3ad56c2a
3fdb2ef3
3fda29c7
3ac8d489
3ab7b868
3a9ead93
3a88466b
3a69e3d1
4055525c
3fd359ca
3fd07b4b
40118880
3a877c10
3aa19825
40643065
3fc8509e
3fd0cae5
3fa6253f
408d26f5
4000c238
3fc1149a
3fa7c7e7
4076d678
40815120
3fefdf23
3feff571
3f9ca444
4034bfec
3fcfdfe1
4068a09d
3fe01bc0
3fdcc33e
3ff5235b
4068920a
4058382a
3fe8a924
3ff0ce33
3fa23594
3fb05a3c
3fb10f0a
3af1d843
3fcc0b8e
3fc90382
3fc45eff
3facfc54
3fa5b7d6
3f997f8c
39dfe5a3
39ba5421
398d9e4b
3fc66eb8
3fd877de
3fd893ec
3fdc3aaa
408602d7
405d7b21
400054d2
3f9ecab2
3fc7e45e
3f9c919e
4073f9de
3fed7ef7
3ff359e0
3fca4ca2
3fd945f0
3fa1dd06
404c01e5
3ff71e84
3fda19df
3fe80b9e
3fd1bd98
3f9468e6
406aa51a
3fbd6bda
3fc887ba
3fb115b2
3f9870a4
3f8d2363
3f8ca885
3f866740
3ff4d862
3fbd3d2b
3fcc491d
3fad486a
3fa7c66a
3f8cc4e4
3f899118
3f86d31e
3f97d84b
3fbb1e7c
400f6f19
3fe6e631
3fb6b108
3fb3824a
3fb3dd64
3fafecbe
3f9fa2f7
3f93b976
3f959a72
3fab44f3
3fb462a6
3f9daf44
3f9723de
3f857011
3f8d318e
3f860f88
4058bad6
3fba6eac
3fd7989e
3fdb016f
3f9ead15
3fa34d7e
3fa4f59f
3f980f9e
3fa82f0a
3f9c2e2a
3fbcea0a
3fc6092b
3f9a7368
3f8d289a
3f871d4b
3ff4bd59
3fa8451a
3f82c88e
3fedba32
3fe58a7f
3fa459b1
3fad3bd0
3fe11ae4
3f8f3d61
404ecb68
3fd16861
3f9eeb62
3fc6b74e
3f9225f2
404c44f2
3fb36ada
3fc96863
3fc5e893
40097d4b
3fb8298c
3fa64bae
3fd5382d
3ffc99eb
3fa1ce19
3fb69f58
3f989702
3fbb52b8
3fc1dcaf
3f86a8ba
3fdabf9b
3fdbc4d4
3cc94fbb
3cea5285
3cdf2f46
402d54cd
3fa693bd
3f92ce98
3fd8bb9f
3f9ca342
4008a45a
3f9e9f04
3f88c683
3fa5ef40
3f8630c4
3fda3074
3fb1db20
401fa8c3
3fa69321
3fb62794
3fe6b8f2
3fb5d090
3fe8e161
3fb1ab3c
401c588b
3fd435b4
3fd17a77
3f88fc1c
402ff084
3fc39c00
402ef5fb
4042a63b
4037c997
38d58104
38d2f376
3fa83a49
391d7212
3fd6bb5d
38d1c75d
3fe9f4c7
3fb0e046
38df5cb2
3fe20ae8
401156cf
3fdf49ae
40068f2a
3fcee5ba
3fa81ef2
3f9810de
3f8bfdab
3f8b33ce
3fa178bc
3fcfdfda
3fa4cf1e
40223c46
3fb1c257
38e589d6
3fec44a7
3fe3226c
3fa22648
3fb518f8
3fc10531
3f9251c3
3fd705f2
3f68a478
3fd411e2
3fcebd0f
404139bc
4017ee4c
4000414a
40058632
3ff9923a
400ef2f1
4022d941
3fe0e7de
401ba658
4016f2f3
4047c7e1
403d603a
401e4838
4039f871
403e82a2
40361b40
3ff231dd
3fecb2c3
3fb8cfa6
3fd18d77
3fe0ffc1
401c673c
40313f34
404ae95e
402d3dcf
402db504
40299880
3ff1964d
40160440
405d13e0
3fc49d22
405de53c
3f9e2927
3fd50217
3fbd6bc4
3fd24f1e
3fe1982d
40484246
38e8401d
3fc12a2d
3fdfc50f
3fb9e644
3f7158f0
3fde217c
3ff57c92
4030900a
403ca674
3fd5a8ef
3fe03f46
3fae2c15
3b73471f
403bce05
4042bea0
3a9b0554
3fb2b794
40376104
3fd7f7bb
4017bdc3
3919db97
3925c22d
402cf0e7
39a0998f
39b88d6b
40407d16
4041a0bb
401899ba
4048f1c7
3a83a3d0
401cc183
3ffa65b3
3fd45de1
3fb63987
38f2a006
402cdbb3
404d12e9
401d2cf2
40342b70
4038b52d
40050f63
40346432
40479414
4063a23c
401ca318
4041961e
403a5c4d
4035df00
3fe34814
3feffe57
403d4431
3ff89ec7
40150585
4010da29
40685032
3febf008
3fd1da5e
392bea98
3fd13347
3fdbe8d6
3fb81b32
3fb2ae72
401db6ce
3fd56aeb
3ff0a42b
3fedb64e
3fe76eee
3fcd21ad
3fc44bbd
3fc2123a
3fd4c58c
3fbef4ea
3fc001cc
3fc25496
404d85c6
40336e2c
40351d28
4040274f
401daddd
3fcce79a
40483c05
406bec3b
3fe04a14
4044d90d
4045bb21
39136e4c
3ff27387
3fe80035
393a3b7f
3fd445c6
404a3710
3fcfe789
3902c58d
401dc88e
40480dbb
4039d264
40889375
4047e5ad
408bb1f5
400e8958
4035ebce
4087edfa
4038e970
40052870
4032a6e7
402b60d5
402c08ef
406b18ef
4064382a
404e7676
40612878
401f63a9
401f7bef
3ffc11bf
403d69a5
4048eba0
40371e51
3fc7be6c
3ff015f1
3f93d8d5
3fe39dbf
3fd47e5c
3fcce106
3ff802d3
3fab45cb
3fde0c90
3fb2fa13
3fe9a67a
3fc2506e
3fedce24
3fdc1ca6
3fd32842
3fcb404e
3fe75492
3ff60ddb
4010793a
402235ee
4036e6b6
40379f0c
40347c40
40176fa8
3fecd442
401f0268
39254c72
402918cf
402c3329
40351739
403ac7e5
3fe7244c
4037bce6
40071dfc
4016d559
3fef2d92
3feb354a
3929f4b0
402098ba
4044562e
40488f58
3939f5ba
39648da2
401b85a8
40070fc5
38e762cb
3ffafa70
404b7b16
3fed23ea
3ff21014
4026bd9c
3fa7448c
404065d7
40237bad
40478efd
400c8aeb
3fdf0f52
403c2632
40353379
39763f1c
4037638b
4016cd2b
38fbe48d
400b4567
38f41a04
4028a0e0
3fc412eb
404a7c94
404950ea
4004d391
400409d9
3fd98569
40103b58
401bd8ce
401be0b7
402a7ae1
403813dc
403093df
3ff80377
397656ff
400a1cc2
3f9c2183
3fd7dff6
3fcd7e5d
404df40e
3f8ef2fa
3fcb4edf
4014b7ab
3f94554e
3fb36c0c
3fd5aa68
40328c80
4035d2b8
402aeaf3
40312e08
40390790
404251e9
3fd5a7fb
3b598292
3fc80d26
38f3b473
391adbef
4025b38b
3fe99657
40496c2d
3fb1d6d6
403aec56
4073505c
402c9c8e
3f82e32b
3fb553ae
3fc8a9a4
38dd165c
3a8e1739
3fda7270
4019c913
3a0b1ad0
404c5c53
38e4027a
4023cbaf
40340ca6
3941246a
4022cb44
402caa8e
3fe30bcd
3ff83e76
40040ba2
401d167d
3fc6b7aa
3fc7798f
3fa5973f
4016f388
3fb33cd4
401f22d6
4058aec2
4003357d
404195d3
3f9c61cc
4020bfad
402948c2
402225a8
4020515d
401a3f64
403cb7ce
3940d192
401a054b
4061b062
4021cc76
3a1ea350
40646f54
3fd62517
3fcaedd2
402bd97b
403e1096
4044f7b8
3fb83641
4005da20
40368b3b
39873074
397a00dd
403668d7
40290fc3
40236fc5
4017a2fa
402a849c
3ff89221
40054f15
3fdad61c
402e2e43
3fe5ad5f
402012a9
39a52040
4057ed90
4040d378
4017b940
3ff7e008
3fa50dda
3fcf8ce9
4022e595
3ff8d6b7
3f9a08dc
3ff3473b
3ff13768
3faab2b8
400bb032
390c83d9
3fc1eb8e
403f1cca
4008aad6
3ff9c784
404101b3
40216dba
3ff432fe
3fb68536
38dd23f0
40112508
40356b79
401e7d17
403eff7e
3fb22e5b
406162c2
403be335
3fe97176
400372f4
4011c279
4005afd1
3abbf64d
401dfc0e
4009943d
404cafb4
39757bc6
40171633
40160483
3fb20b56
4024404c
395994fb
3f6c92b0
3fe0c8c6
3f7608c0
400cba92
400ada65
40010dc7
3fcdfec0
401ccba0
3fc96398
3fd76a62
3fcbb502
3f8e96b6
3f8c260c
3fd21b2f
401d3584
3ff565cf
3fb161a4
40467402
3fed718c
3fb73a39
3fb87645
4043f6c2
404a3e45
3fc8792d
40218786
4022d4fb
3fe5f72f
38d5d537
40433eba
40362e40
3fec0e8c
40158d30
3fef203a
3fc8ac74
3b7c281f
4009528a
400b8f17
400844e0
400a9d37
39a796d7
3ffadc5c
3ff1f2d2
4012ad1d
3ff53fa0
3ff43448
3b0c1c16
3fdfaab4
3b821311
40053136
3bb6b84f
3b8df169
3fc3b07a
3fde4629
3fd32f89
400fc52b
40256e50
402a8714
402caa35
3a5b9d66
3a446d8f
3ff3e431
3fc42958
3ff40cc4
3fc59162
404d10f4
400a5be4
40075ede
3fb46e39
3fc05b4e
3f8c3d5c
3f935b09
3faa0b93
3f811655
403d50e1
400626c8
3fefebcd
401f91e4
3a7ae014
4034fe4a
3fadbffc
40676fe3
40462bf8
401d87af
4066568a
401a30ef
4033587d
401ac14d
40828323
3fd321e5
3afc2120
4042276e
3add8134
3fe9f1cf
403942ae
3a9511d5
3a7795e8
3a4be229
4005e05b
401633c1
39ea3991
39b62086
3982b6bd
4006f42b
39914850
3985e7a4
3fd10ab1
40102f4e
4017a2cd
400ebc6f
392b7474
3fab61d9
3fe8b5e6
390fe500
38fa431e
403913ae
3fc0801c
3fe5a444
3fb57e58
3ff5073a
3ff53abf
3fca2e25
3fb955ce
3fddb503
3fdb3599
3fac20f0
3fd90d0e
3fbf2cb6
3fc71ec6
403e11b1
3a114d99
3feefc0b
4043e65f
3fd34f02
4020d3b4
3ff70183
408b5b33
3fac3682
404ad2c6
40103820
40393c76
40546c3d
40135dda
3fde1b81
3ff1de67
3fe92695
3fe74936
401fe7aa
406eeeeb
4045256b
40119c3f
4000d44a
3fe3ae6c
3fd0e309
4047c213
4080cfad
4027c906
3fd93d78
40048341
400674ef
402dc4b8
3fe7a728
401e787c
3fb69168
40057287
40890f55
3fee1d3e
400b3221
4010e12f
3eb51473
3eacca36
40007a62
3fab0300
400c4ce4
400a91f7
3e665435
3e495f93
3e2b0537
3e09ff06
401816c5
40062ce0
3d1a18d5
3c843027
40069990
3a31a46d
401db578
400072da
402991bc
3fe4b054
3ff38d87
3fddcebf
400e0345
3fce5a64
3b099354
3baeb188
3fda0b4d
3fc25d8a
3f9e9d93
3fc34343
3fcd3a35
3f9d6f28
4049c9ce
3fbd0b64
3b041473
401b681e
3faa1169
3fb0eb56
40430f0c
40388179
3c9a443f
3c7a033b
3fa43508
3fef9c58
3fad9a4d
3fe0e004
3b935b26
404469f5
3fb61b7d
3febec5c
3b3c2039
3fe68bca
3b28ee01
3fbacaf4
3fe7fb68
3fe6e9b6
3fb6f03c
3fba54e8
3fee6c41
3fe16ebb
3feebf1d
3ff2d7b0
401689f4
400a31c3
3904a1fb
401bc2fa
38d9bc4f
3fe7e42c
38f57b02
38f36121
38e19558
39512249
38f5f715
390931e9
38d27d3e
3912e695
408c89d7
3fe36bfe
3ff83308
38f193c8
3ff3dd43
3982e78f
38ed55a6
3923321b
39613941
3935ea04
3fbfec8e
4008d939
3ff16c07
38dfb364
3ff01af4
3fe58bf4
3944c141
390fd5a5
396b029b
38efb5cd
3a27d0fc
39448b6b
3f74ed5e
3a0ca523
3fcd6a3b
391e843f
38ea6d6d
3906f5a5
391f52c7
390ce9fd
392de684
3f83ae54
3fe9126d
391daf55
3940f7d4
395aef78
391c16b4
38e557c4
38ea9f90
391b20ac
38ed69d3
39c77c0c
390041ab
3ff526e6
4069db82
39855ad5
400c5596
3ac2944f
40105680
40877951
400ed036
4084ed4c
401ab7be
40247d76
400f8d85
3fe8b41f
4010893c
3fde41da
3ff336de
3ff2cbf6
3fede5ab
3fe858b3
3fe82ad8
3ff11b1d
40042762
39db7f98
39246eeb
407f83b0
40936828
3ffbf177
40342117
40530444
401ac131
4089e347
405c98d0
3fea873f
4036c6ed
40810d40
40377d44
3ff9bb5d
40151379
40272326
4014917a
3ff3deb3
4005c2e5
39620dcc
3ff5d009
400e57e0
4007e08e
3fd9b9c2
3933be4b
3fdd0a9c
3fea7422
3fb5c7d1
39170654
38d952e8
40256ecb
404bb5dc
394050cc
4049f5c4
401ae3b5
4035aba0
403a3d79
404ecbaa
40381b0a
404883f3
403effec
404bcc7b
403562c8
404894ed
3fb823ba
40524bbc
4047417d
3fe75a8b
3ff19c48
3fb11df3
3feeff87
40356460
40109f6c
402d2446
40504a16
4048158e
4052bd4c
4013e1a4
403a0d24
3ff66fd1
38e9cadf
3fea873f
3952b188
3fe8a4c9
3ff72505
40329341
403c3b49
401b8385
402e5324
4031ee65
4030f500
403153fc
40370f89
3fdca0fb
3fec8740
3fbf35b7
3faf4496
403ca001
4032eb4f
3fba150c
403f5eaf
40366f04
3fb7b501
39194bd4
3fe5e2c5
3fcaec07
3927aa67
3ab9c380
40238638
4044db1c
3997ebe6
40407dc8
3fe6e719
38f1a24c
3fe430c1
406fd9a2
406e2a1f
3fea5b2b
3fea40a7
3ff30c30
3fee608e
3fe8a558
4078ab58
4078ad7a
402b521e
402e1280
4005c70c
40812a96
407de238
40032f54
4072921e
3fe27008
400456d3
40716478
4001fa56
4079bd7c
406f9250
4070eae8
4000ff9f
40701b6c
4070e424
3fb277ec
407503d3
400247bf
4072f836
3ffd7432
3fc6b042
4015452d
4074bbc2
401c4e1d
4068b602
3fec9564
4068ccc3
40038d50
4064e7d6
40620400
40321e7d
402f8c43
40320fa9
4061f063
405d1387
402e7bde
406244ba
405e56c9
40604652
4059b6ea
402da2e6
3fe7b448
3ff92501
3feb77db
402fd282
402fba0a
405cb8ca
3fccd349
3fc7c813
3fde3a8e
3fd1c9a4
3fd4c75f
402f64f8
3fc2a9f5
4031a4ae
4031da02
400d548c
3fb8e8fe
3fb2cfd6
3fd92660
3fc3d8ac
40338ff5
402e03be
4030f224
402c2097
3fcdc915
402bb087
4024ba99
402cde10
40222362
40263634
402ced9e
402c05fb
40295ff6
4023aee8
4026588d
3fd63b5a
4024b1b3
40231128
3fd770d1
404a6bf4
3fbc9c1b
3fed5096
4002d984
404a915a
404993fa
404b6900
404af0b8
4049c2c7
401200be
404b2c10
4003f653
4049ea40
4004f72d
40065d61
40477980
3ff2dcd9
4035b370
40522704
404d91a4
40385934
4046f1e3
38d30aa0
393bdf9a
38f531f9
401f4303
3a6c118e
4038ffd5
40339eee
4039ce85
401dd13d
404084d8
3922902d
38fef6bb
404be712
40360544
404c12d8
40365b27
40526c5e
40434d4f
4044d1f8
401b1ee8
3ff34b08
3ff02375
3ff3f3a8
403994b8
3feadd37
3faf25fe
40181887
40365d45
401eef02
3fac2ab8
40389bfc
401a284d
403d1de0
3ff4677f
403a64a9
403589b3
40433b21
3faed59e
40398652
402fae16
403e76ab
40351624
403d79c8
4023646c
40434a9b
40411f9e
403bde0c
4033b1ec
4039ebeb
4014150e
40479d8a
3fde67fe
40365af9
3fdfffb3
40161f25
3facc1dc
4029d95f
3fbc0dda
407d2f0b
406d3ef4
3fbe7b6c
3feb69da
3feac43d
40834bee
408027f2
39394064
4083998a
3fbe521c
407d75c4
402851a4
40799170
407573fb
407075bb
4012c65b
406bcf44
406a35e4
406798ee
3fb15aae
406886ae
40311a14
40600494
40675b80
4064b7e8
40304fbd
402e4df6
402fe558
405e537c
405d4459
40567c56
405859fa
40311af4
3fdce537
402f963e
3fcb2424
3fc8f965
402f40f0
402eebd1
400b0e3f
402e66bb
402dae56
4029e49c
402f8c6a
402ab43c
3fbecf32
3fc889ff
3fd394c5
3fc965ba
3ffafb77
3ff4ecd5
3fd43184
3ff552bf
40356fe3
38e5d897
38e06bd6
396a4fbe
38ff763d
38fb9dc1
391ec175
38d1e254
403f2aac
3992e8e6
404053a8
399139ec
39377b55
38f657a2
38d5f9ef
393e3a34
39d05155
3a145a78
3a191d07
3996917b
38d6d199
3a1dd73a
3989ff6c
38ebc75b
39095a44
38d265ba
38f5c779
4045de4c
403a68e9
401ad837
40362aae
403ed72e
38f0e471
38fc8004
391f688b
38d59f70
404616f8
392595bc
3996f8c8
39b76106
4041c11d
39271b57
38e0f7a4
3a1da826
3ae0c146
404610d6
3b6c34de
3b569285
3b0665e0
3a3b102c
392686c2
39ba16f8
3a8d7d66
3b1f952f
3b7eb773
3b9c7343
3bb6a53f
403e71d9
3c03c78b
3c0621a6
3be40108
3b9c16c0
4031829f
39ded8c5
4035dd88
4047fefa
404d0ac0
3a6550f4
3a44bbc2
3a2c7444
40262890
3a1f27c5
401cfbc8
3a440ef8
401d05a2
3fc352b8
404110fc
3ffa6f3e
401ca638
3ff9dea2
3fec3c86
3b0e30b8
3b085939
3afd6924
3ff808a2
3feaa422
3aba4744
3aadb95e
3aa75c87
3fffea55
3aad776e
3fe4d7c4
3fdeafc1
3fe02c4f
3ac9fd8c
405e82aa
4013190c
3fd8ee37
4056c016
3fa4cacc
3fd4cd7b
3ab50f4a
3fd59858
3a9a31f1
3fd011a8
3a6f7f4d
3fd7d84b
3a2e032b
3a12fd90
39f9b81c
3fa639b2
398d09e0
396fcc5f
3986bdb6
3981782c
39667926
3944f3d8
3924195e
38f408f1
3fdaa85c
3fda5192
3905e498
393899a0
3930d8bc
39109ee1
38e3a074
394175a3
403a549a
405c2057
38eb6823
38dccc9d
3fb6babd
40161033
38f083ec
38d8233d
3931a8a7
38d3192e
3914db16
3944353a
3fccb993
4064a9db
3fc8e5a2
407b7488
4028d655
38da28d5
3fae47c7
408869e4
407b9a5a
3ff71b3d
3fc6f21e
3a06a9aa
3fdfead5
3fd7f4bc
3ff1fac3
3fe81f35
3fa81c6c
3fa84531
3fa78b10
401aebb8
4000dd55
3fcb4e67
3fb30da8
3fa49db2
3f9f2a10
3f95195e
3f901e10
3a04816e
3a059345
3ee12f78
3eda105c
3ed54b33
3ed227ac
3ecf6b21
3ecd3e05
3ecc0aff
3eca75bf
3fd25e94
3fe16d1e
3fbcd7d1
40007dbb
3eae92a8
3ea41929
3e9997e2
402517fe
3fa056a2
3fc78f90
40213f0b
3fa24906
3ff8dd27
3ff64800
3fbbce12
3fa25b91
3fa6a886
3f9747d0
4000a0e1
3ff287e9
3fc91062
3fc7bd2c
3fb40bc2
3fa68d38
3f9c6f20
3fbd07ef
3fcd8bb5
3fd5067f
3fac732e
3fa1f2b0
3fa5fd04
3f8cc17c
3f995c19
3f8af6e6
3f951e72
3f82e779
3fbb6244
3fe8892f
3f99519e
3f933336
3f8d5d34
3f86265a
3fde1632
3fae1254
3fb207f0
3fac6808
3f9bd4b0
3f946e7c
3fc3d7b7
3fa77b20
3f8f37ac
3fbba047
3fa35ab0
3f88b840
3fce8dca
40585770
3faf23e6
4014673a
39825d4c
3fbdfe80
3fa8b416
3fd00d0d
3fa62b85
3fb5d484
3faecb7f
408b788f
3fe8894e
3faf8b1f
3fd12036
400a17b9
3f9b1f46
3f8e5766
3f9d1428
3fa0a3b6
3fafdcc2
3ff3d037
404f9a7d
3ff6b83b
3ff7f12b
3fdf8ee0
3ff09169
3f8d2b16
3fb102d6
3f840a88
404ed3a0
3fa973a4
3fefedfd
3f914f94
3fb778db
3fc9c770
3fa18d73
3ff0b346
3fcaad8f
3fed3f4f
3fc4f45f
3fad6a28
3f9b127b
3f886d52
3fbd7f7e
3fa5992b
3f8fbc1c
3fbb314f
3fe52d2a
3fb91ab4
3f882c26
3fac6988
3fa4a2a5
400f6876
3fd2374e
3fc8509b
3fb05f04
3fc5736b
390406ea
397f7dc2
38fd9c48
40260c16
3faefc2b
38ff190b
3fe6fdcf
3fe1813c
3fcd1573
3fb9f9ea
398c2e4b
3ffa961d
3fcf7ee4
3fc15811
40066791
3fa2216c
3f89ce48
3f841e3a
3fa04ec2
3fa9521a
3fd37ff6
3f9f51f9
401f614e
400628ca
3fb5a153
3fa93f2e
408cdfed
3ff74e15
3fb6ead0
3f87408e
3f942ec2
401d8441
3fa0bf3c
40019a22
3fcec88a
3fbcfef9
3f873fb4
40275dcc
3feee685
4040bd4c
3bdb523f
3fd5a84c
3bcb8912
3bac7a52
3fb81955
3ab696ca
3fa5b510
3ad02ac6
3aa74aed
3fb6450b
3fd9c1e8
3fbb5a27
3f9c25c8
3f986c16
3f81954e
3f9738da
3fcdd71c
40122aa8
3fed1f22
3a608215
3feb8c45
3f88dd7e
3fe3e019
3fd4dcfa
3f9a41be
3fd8e35a
40518c00
3ff8ffeb
402cbe5b
4029964e
402352c5
3fcb8a4a
40360588
4010c457
404733ed
403a1bdb
403d87ec
40353046
40214658
3fda9be5
4030968c
4012e122
4018f91e
402dc0db
401486b6
4003a034
3fecd7f1
4016b92d
3fb9b174
40422992
3fc0c842
3a08e1d9
40033595
405f529c
3fb1a1c7
3fc6a581
3fbd5f24
3f8b7ea6
4010e861
3f87d4d4
4046776b
3fd81ac2
3923688d
390425b6
3fc38a33
3f84ff92
3fa812c0
3fdb1d53
402fbf34
3fda6526
4034fcde
38d58784
4034c4ab
39b44ba1
400448e3
403b2dc4
401eca43
3fbc0bfb
39302f7f
391e2dc5
39946828
40438997
401cd351
402205c9
4046509a
38e66023
4018c464
403d3c5c
401e2a54
4021f45e
400957f8
40095a51
3fe98875
40208d17
404e88ad
403efdab
403427da
3ff378fa
400e0a91
40640fb2
402141ca
40602e26
40379ba8
40650b98
405a3cab
4044a04a
403c603f
405259d9
40040850
400039e7
40126bfb
3ff8a420
4015d89d
40688ecd
39bff7a9
3998331b
3932850e
40305492
3fb86605
38f0cbb3
3fa13e82
3fb40420
398caef0
3fbd5bb4
3fd47f24
3fbf7e1a
3fb74ebb
404d175e
4004607a
3fe84dfc
3f94b105
3fc4e08b
3fdb9a30
3fc92520
3fa1f64d
4048ce16
3ff319a7
3ff8df90
3fcfe928
4040e7dd
3fbe7a66
404c4414
403fde1e
403d58c5
3fe43671
4000d887
3fdfb839
3fd299cf
3fd6ceec
40248ae4
4010e757
399f9f84
402c9a16
40518c84
3ff4be8c
3fe710a3
394a0579
4040c912
3fc657a5
401c0ddc
38d5802f
40494555
401d9ccc
40203560
40319eb7
406da068
4063691e
40385ee6
4045dd24
4018eb31
403c322f
4061f11e
40116f34
4011737d
4037e6e9
406cfc4c
40315ee1
400673da
391e9efd
404e9e15
4018dffb
406508dc
401d3038
38f95289
404fc8a9
4028f4d9
40477aae
4005f0fc
401dea55
4030ebca
3fb9bda9
38daf9b6
3fc1399b
3faf2403
3993e3d0
3fbad948
3f9242be
3abed66d
403f7042
3fa62078
3fb5edbe
3ff3995f
404a08bc
400ef15e
3fc5db02
3fe3f664
405a0706
3fc228fd
3f874a28
3fe71345
401ce80e
4010e0aa
3fc0d034
4038cbe8
403c31de
401d2ee8
3f8ab422
39247280
402ca0a2
402a7c4b
40208bed
4038c43b
4016a2e3
3fd2fcbb
3fd5ecee
40556952
3fe4f1fe
4000f3ac
3fc7e098
3fd584bd
3fd2b9ab
3ff56dd9
404db244
3ffe2034
40558ff1
40370449
3fe8fdbb
3ff72ea5
3fe68a6e
40508031
406bf5e3
402b2c00
40418836
401e315c
4035a7b9
3ff2db83
3fd01ec2
4021ee55
4009ec6b
400b536d
400eacf5
401cb59f
400aa96f
3f9d590c
3978153c
401cdc98
406ec321
4014c014
3fb63c20
3f864e5c
3f859eaf
38d50bf7
40389907
4031e090
4059dbc0
38f73205
3fc86682
393bbac5
38fa6dea
3ffb95cd
403d02b5
3fb258a0
404c3f5d
3a046daa
40498e82
4020cc6c
402c85c9
4085a952
4074bedb
3fd53b65
4011c9dd
408992b7
404d14e9
4005016a
4028fde6
40856735
404feb72
40297326
40210b6c
401d14c0
3fd5db82
3f9f8677
3fc2e319
3f9868f4
3f9c069c
3f7d6274
38d84e28
3fd4b49b
40164787
394ddce1
40200e84
3fb62910
39a6f50b
40202aee
40139e5e
3fbd435f
400e6f56
40048d9e
4021b272
40255894
3fa9540e
4087f5da
402ec435
40035f98
401e5c80
4042d47d
400b3f5f
40292085
402bc310
401ce3ff
402bca46
39f9eef1
403db7d9
401ba850
3fe9ac58
400e142d
401e7f99
400bb7f1
400a9a70
4009e6e4
4018f87b
3fa808db
3fce4518
400ef228
400686e8
3ff4c039
40839dc0
3fb5a537
3fe1a7c2
3f881c6b
400cbe0e
3ff802f6
3ff37298
3fe5fc01
3fb308b4
3fd62878
3f9f7e4a
3fea88ea
3ffe70ef
40069992
405ea700
4003eaf4
3fb87c27
39699382
404baa24
404b52e8
401f5516
3fb30f35
4046623a
404b9830
4072e552
406043fb
405eae80
40525ef9
3fe7745c
3fdf0256
3fbe26b1
404c1500
3fdba7c2
3ff58453
4010a2ea
4044b550
3bf2f665
4007712a
3fc34eb2
4020e694
3ff64699
4009f5fe
40550f90
4016e869
4082886f
3a07bedf
3f4ffe8a
400fcb1e
40072106
3fe4b30d
4011161c
401aaffe
400a70a8
40044df2
3fe45ac9
3fbcdbdc
40153c06
3ffb4bf5
3f931eb1
401d1a62
3fc05966
405d7270
3ff5d4a6
3fdce9cd
404751d6
3fbf3c15
404c88ca
4065f000
40468c34
3fddd868
3fe32f2f
40066f30
40233376
3fe5c948
3ffb8c58
40347619
3feb0936
4016b18d
3a7237aa
3a5f9b0c
3fd51948
400ab648
401d28f0
4011f4b1
3ffd063c
3ff6b140
40129b6b
3ff71f41
4070b232
3ff4131d
400294fa
3fecd1ca
408d0c53
38e0426b
3feba87b
39d28a18
38ee430a
393e3aaa
40167255
392fe75b
3915689d
38f9cb9f
397340e8
3fd5719a
3fecc1b9
4005f51a
402b09db
3fd2eeb4
40797f80
3fd6e473
4008d136
3fabed9a
3ff2fd6f
3fc63b10
3fae2f1c
404bdca4
40079543
4010686c
3f968026
3fe15d62
4020331b
3fd8235e
3f9345e2
3fda28a6
3fb5fc66
40064969
3fa2f9b8
4051524d
408a7e83
401aa023
4047a6e8
3fee465e
3febde23
40131c79
401ae3c0
3ff717e3
4018f19a
403792fa
406fa212
40163d1a
3fbe299a
40894726
3fe14c06
400827e6
3ee15596
400d8a46
3ed6fc21
3ed2e82e
3f6c1a42
3fedd43d
40165c23
3ecbc40e
3ec91918
3ec44044
3ebe7a74
3eb70b9c
40554924
3ea3b160
3e98c160
3e8c38a9
3e7bddb2
403903cc
40226264
401a5c77
401e6e03
4015c38a
3ff3eed6
3ff6592c
3fcaab38
3facab85
3fbc8ea0
3ff79f93
3fe079f6
3fd302a2
3fafcd74
3fe0f9ce
3f9a68e9
401edff8
3fc7c114
4025478e
401a4535
3fd4aca6
403e79e6
40474a5c
3b3e09c8
3fad071a
3f97c9e1
408bfe1b
3fb5a060
404b52fe
40392e0b
3ca22361
3ff33416
3fdf648f
3fd34845
400dd634
406e7a72
404bfb20
3fe54555
40019f09
404170f6
3fe873e7
401b29e0
4035a5c0
4005bf1e
3fe60fee
400c5929
3f6c5db0
400fd990
3fd8303d
4051ffeb
3fe2902f
3a08f184
3a6bb73d
3ff2952c
403f1b9e
4089f349
400a1933
3ffa31bf
400f94ec
3ff4ffa0
3ff4e2cd
38e501de
38d8259d
38dcd03d
390d9af3
38e70afa
3fdada78
3ff7791d
3fa9be3f
400a3669
400f654e
38f000ba
390610f8
390e8ad6
38f7d24e
390f3eef
39389100
38df30c0
392afe8a
38ed5e2e
38d649f4
39955151
39792015
40009c3b
3ff4a93a
3fd4dc78
3faf7596
3fa22f14
3fdbe4ad
3f9bdf8d
40072e95
3fb164ab
3fc5307c
3f9d3b54
38e3da06
3ffd0e08
40019cf5
401b1ac8
403d54ca
40352edf
39954763
40347dc5
40194014
4016aa1b
3fd33d1f
3fa2c668
405f23c4
402b3571
3fe28dc4
3fb7f512
40043399
3fcc0ec6
40290be9
40195da0
3fb60baa
401974d7
400ddf76
38d1f6fd
4041aca4
4032fe37
3fe87965
401ca5f3
3ff4c9b6
398ddb8f
3fe708c7
391804b0
391de643
393a8a84
38e1d7a7
39371c71
3fe1552d
390fef33
39901d38
3fe19758
408c76de
3fe4ab5f
400b392b
3a329a80
39b99592
3ad5c471
3ff50005
3c20cc22
3c1b7de5
3bd97569
3b914bef
3b84438b
3b73f5f7
3fc6aefd
3fb5c2e1
4007b326
3b578130
3fb44f0b
3fd69827
398e9e25
39051a5e
3990931a
38fc8ddc
38d5daf2
38d91079
40385f8c
40181ff8
4015f741
401027a6
3fd90560
3fd7b7de
3fd93279
3fc7e3b1
3f96c1cc
3984b191
3fa75891
3f8f4b0c
3fad5bb8
3fe467bd
39abdb22
401fd429
39f5f10c
3fae20da
394fe679
40555de4
3f9d3682
3fab95ee
3ff0cb6e
4041acb2
405d1ba6
3fd5f268
3fb201e8
40472209
40493e04
39564f05
403ff77d
4048a886
4040d208
3feece1f
4053ee84
401ba7ac
38e711ed
3ff8f565
3fe88c6c
3fd73746
404d21e8
4022dc5c
3ff353b5
402903f6
405defe3
3fb60f98
4005fe26
3fe6614c
400c5777
3fd21045
4048a9fa
3ff03a80
4035c3f3
39749c94
39276aae
38d21247
401992bc
40078946
39a619e2
38dd1fac
3fd3f9e9
404cc156
404790a2
38d6ffd7
398d52a1
3fa74220
39a6d3c7
3a8c3a81
38d7e3a1
3907157f
38ee8676
3a3989f2
3fabd5e7
400aad19
3b5ce079
399bd659
3fe53c23
39029320
390ec3d7
396bba15
38e11ff7
3966e63c
39cdd175
40331078
3994eb6d
390909e3
403c108a
402fde39
40519e56
3fe2fda4
3fdaa7a1
391b0cd7
3937da06
404b60a8
403d582e
3fabfdde
39093abb
39165294
39a6aaf1
3937ed38
391cc3b7
394a89e0
39643624
3936689a
391345fe
39058d64
38f13fdf
38e2ed57
3f1d4a44
38e65b7e
400f9bb1
40059a06
390d3e16
4014390d
3ffdc0a8
39772869
38da92a9
4010fe3f
40108abc
3fe4a921
4017ab7e
38d908ea
390f5881
39050c2a
38f38a99
4017e6ef
402fe741
3a118fc4
3f14457e
39cacacd
4013398d
4015338a
3fcf032d
4083cc19
4002fff1
40048fc4
40124b42
40119678
4006c388
39c827af
40135243
400dac2e
3ffd4c77
3ff30287
4084d7e5
4083c0bb
4079a71c
38d1c482
4027c89c
38d933ab
40864490
40496882
399c1ed8
404b446e
4084f968
4049f322
4084fa08
4082da00
407eaaf3
38e73f94
38edebee
404a4c84
402f17d8
4086d2b4
402ea847
402ea2c2
40501cd2
4042a7be
402ecafb
4054faf9
39ea12e8
38e84933
4053bd2f
402a569c
3a33e657
404bad86
4029f72c
38f168e9
3a4606df
40425d51
40284299
404dda38
404792a8
39091c5c
403553b4
394f1ef9
391715bb
40867743
4040794e
4039a8d2
4080d523
3962049b
404053e8
402b6756
4017e7c6
4086c5ab
4082ad5c
4034971e
40330ed0
4044e21a
408283fa
407f459c
3987edc0
407f38ef
40377af3
4023f4a7
38d45c96
4033d6b6
401d2213
39b0d3c1
4077f3aa
40354aaa
402349dc
401e9bdf
3939496e
4080bcbd
407dacbd
40405146
40151a81
38d88f34
39dd7c16
38f05d31
3948843f
38de05bf
407f1bdc
4079867e
38f4c1c4
4086b727
407f0bcc
40260912
39fbc385
398a1f1c
407975fc
401c2d38
3904fa6e
4085e90f
40324581
407971ae
38d4cb0a
398d32ef
404425b6
40413193
401db180
401700e3
393b6ac9
40882e28
4084e26f
402f370a
3927d0cc
402a6fb2
4074d1f6
4041ac0a
4032a9de
401f09c3
406cc359
4085f2da
4086a356
38e81a83
38ec9e98
38fe5060
406e529f
3904272a
401f4acf
3910d75b
395ba0b4
406ae26e
402fb010
40445f00
40310d93
39f66380
39aecacf
3a13cc27
38d2403e
40302720
401b701b
3930c027
4085ca82
4069af6e
4067f976
40358328
38daaddd
4046c25c
403ccec1
3b0fe637
3b15ffef
401c6a4f
406c91f0
4066b870
401e4153
3978256e
406ed268
3a00e089
3a80aa07
40359df6
3a9777bf
4074165e
3aa4afc5
4065f4b2
39918811
3a0e692f
38e5ac40
3909a4f4
3981dd55
39c6586c
3a00297d
406e435a
4063d719
401eb8f4
4062603a
38d73a61
38f8909e
406884c4
3a2cf934
4047cf00
39d92263
402f4e0a
3aa07a42
3a6f578a
39c6f1cd
39132180
39125027
401da46a
4048e1c0
4025cfad
39287391
392cebe7
3a0c1aef
3a752a07
40676c55
4067c690
4052480f
40659764
4036d571
39dee64d
4025a02a
4060782f
404290f8
3a558f0f
3a8258b5
405da761
403067e0
3a2598d7
3a13e645
405c9764
4041ced0
3a5b0297
3ac1516a
405d91c8
405bfc10
4037e4b0
3c16fcf8
403a4932
3c3dcb81
40642ad4
40633c57
405d7611
404f580a
401da073
405e06a0
4058c9eb
402ed981
3a91c20e
405c4522
40581c88
3a01950e
40589ce0
39e8fdb3
405841bd
3a25f662
405da82a
4057b185
3ab1d5f8
3ade240e
3b04b33a
405a7a0e
403acaa4
404800de
403c4ed0
4050af0c
402a822a
402714fe
3b157a1d
40599be8
4057c7c5
401c18a4
3ad6326f
404b926a
4035457d
4021d9ba
3a9d4cd6
4058093c
3a82c68b
4053db5a
403fa4ac
3a485019
4050ea28
40288292
4034027f
3a2247aa
4050c84f
4020afee
405220a9
39d75501
404df4c0
4052337a
40382cd8
4025f0a5
404d26fa
404dc7d7
4046f27a
390866fb
38e67259
39751d35
401f020a
401c4319
39f03f4d
405078b9
392fc417
404bda78
402fd72a
401de78b
404bda4f
3981f1d5
404b0d0a
403f6c0c
4031dc82
40483c48
40489047
404693e2
403f44ae
401ad01a
38eeff19
4017cdea
38ef7903
403b60ba
38d92d18
38ecc45d
4043c0aa
38d3c7bf
403bea9a
395e0199
3913857b
38f1e830
393d322d
39458cb1
40114c1e
40777b1c
4084726d
40791b54
400f297d
40262b53
3a295e46
407ebfd9
408163de
407d0ff0
40802334
400089b3
403b9976
400ac910
3957c469
40385855
408176fa
404103dd
40347a5f
407f4628
4018e47a
401dd8cd
4003e4e0
3ed4e6e8
403cc071
40809f7d
40769eae
407e6c78
407c2ec6
4072ea0c
4030219c
407997a4
3fef2c98
40749559
407af49c
4076bd47
40752bd8
406b39a2
402f4604
40701400
4069c870
40734cee
40721628
400f8e8c
401404f4
400baeaf
406a06ee
40000688
3ff9b0f7
3ff32d75
402cea1c
4069e4de
40218148
4063a48e
400f6435
3fcb671b
3b3a51d7
3fc93f88
3fcc8775
3fca8d0e
4008fc12
400736ce
4007cb87
3ff20cca
402fbe9c
4020a4d3
401f752b
3fec53c6
3fafd27c
401ea58f
402d8d28
40326884
400f0590
3fb0c264
3ff1adbb
40312982
4060afbf
4014b253
3fe9bc26
3a29f0be
4001b81d
3fb04cce
4005284f
405d0d12
4018f83d
3fe4d870
402df361
405b623a
4030f5ea
4001cdfe
3fd523a6
40309935
4030466d
392404b4
3fb82533
3fbf7aa5
3fe693d4
3ff6a423
4009be29
3fdec865
4017c412
3fb81ab4
3fffc538
3ff1abe0
40155cb7
3fd38cdb
3fc079d8
3fd20fea
3ff475b2
3fed2335
3fef5189
3fe99d68
3fbd3146
3fbc374a
3ff7adbc
3fda1736
408e79b5
408c902b
408aad87
408e745e
408d45c3
405dd33d
407368e6
408c94de
408cf4bf
408ad82a
408d21b7
408f0921
4086836c
40513667
408ff2b8
408fc1fb
40904967
4090aff4
40915346
4074eba0
408d0d97
408b0f6e
4087b606
408b201d
4081336f
408dc0f2
4073e126
406897e0
40919b7a
408f056f
40849cec
4078931a
4078306b
406b8eb2
4087cb34
4088eb7c
4088f77c
408054eb
406ea969
406db6e1
40869800
406d6824
408807b7
40710472
40938786
404265a4
40676a73
406c8e5a
406c34cb
4065b366
406121dc
4069d500
4065f396
4021f265
407efeb3
406bfa73
40649d92
407089d8
401d0a34
406c8ae4
4066af78
406410a4
40649cbb
407b3058
401fcccb
402012c3
401cc1c2
40448bac
40662c36
40639cc8
4063b3a1
40627238
404e3b16
4060d332
406252d6
405f0b84
405e7ffe
405a6144
40608a98
405f9166
4046c184
405c108a
404db562
405e8a23
405e5e4a
405212e0
404e4fba
4051072b
405e7a8c
4059103c
405a3bbe
405b6578
4047678c
4047251e
4033d6b9
40486ace
40418b1a
405791ac
404c671a
404f5df9
404e8d10
40563110
40564ca9
4052f9a8
4056377b
4053ce2a
40555834
40536472
395608bb
4058396a
40513398
40518370
40507ec1
404f586a
404f7d0d
404dc326
3acd53b3
39eb044f
405067de
4031eb9a
38f1a49b
404b1e06
403a0c3f
38d7d97d
404f2cda
404860c4
390dd285
39830ddf
404780d4
404ae490
38d851c1
403bd83f
404c4d94
403607bc
40386e04
40498b51
4035990b
403c18cc
40241432
40725bcd
4031b6cb
403c996f
403f2895
402dc1fa
402786e0
406d96ef
407782b3
4025ed40
4031c04e
403e6487
4039a38e
403821a0
402590a8
4024de86
40340244
403adb80
401e3698
4039992d
402477b8
4030b2a2
38ff22c8
402c6e11
402b91c8
402073ac
4036ab05
402fa700
40262dbe
40336ee4
4023255c
401ec7b0
39068b01
4020c720
4032cb2e
402ecc93
4030325f
403262a4
402d0788
4031327a
402d5601
401eab1d
38d257e2
401d0311
402ce63f
402b798f
40813b6c
4080ee13
402e7064
402e6336
4029acb6
401c0f84
40199b0e
407fae8a
402fdebd
401ca95b
40144ade
4030c87a
401af034
40808482
402a7457
402bd8e6
401704c0
408048c1
4026f448
402856ae
40276e2c
403015e4
407808f2
402bebd0
4029f72e
402e0adc
40752af6
4018dd24
407965e8
4078f791
4075c202
401631c3
38d7cdd9
407b633f
4019bbfe
401a796a
402786fb
400e9751
402025f5
40730d8e
400989e2
4075d614
4074abf6
4073f985
402749aa
401c5d77
402b6a5c
4017db61
40795af7
407516cc
40754fba
4023feb4
4011f9c8
400ab958
40309015
402709ac
38f66e94
401e678c
400b29c9
4072b57d
4021e760
40307114
406f1376
400b0b1a
400903f9
40230005
401b1f8f
40184c34
400c416e
406e1894
40182c3a
406e6b85
40191f96
401744f6
40082cbe
4008e37a
40167c28
402ff518
406ee26b
406a583d
40025ba4
4030c7f8
40215f8b
4020b200
40166b1c
4069e808
402e646e
40135394
3ffa7f8d
3fc8b95c
3a1f9337
38d6dc93
400bf240
4014e149
401de8de
40114e09
401bbedb
396008ad
400084b6
3ff8ade9
3ff55458
4007f4eb
3ff96440
40048ea9
3a27dcf4
40304bf4
38d9e5a7
401cbc1e
3ff17875
401d133b
4004422e
3ff1835f
3ffdda31
402bba1c
40114985
4001de7f
399004b5
40317460
4012ab33
392bc34d
3ffa0728
401ba95a
40153e2b
40010098
401bd243
4016edd0
4018c12e
4009e800
3ffd3f4e
40183022
401673ef
401548f6
40015397
4016838a
4017bba0
400d4535
40164406
4018d733
401369fb
40162940
400b75f4
400e6ec8
400faee8
400bc0a7
3ffc1f47
40166f71
40101d65
400d9ca4
4008e797
393d1baa
400d30e4
4010f126
3ffe2355
3fd4b57a
40131139
40083d7f
401398b7
4016311f
3923fce5
40149c99
400419b2
4010c8c4
400ee866
400c6ec5
400b7323
400ef313
400c8bc8
3fefe192
400aabd1
4013b1d4
4010a79a
40082739
400fc926
4011d205
40034bf8
3ff38c80
4006b9d4
401322d6
4013987b
40067e23
4013e17d
3ff94327
401088e0
40116577
400ff689
3ffb416b
3ff06db3
400ae824
40044ca7
3fe4819d
400e0ed8
400fc82e
3feeab24
3fdd6734
40110a99
3ffe503a
3fef8198
4010eb42
400988a2
3ff02139
3ff0b934
4006c23c
400c726b
4004a19b
3fd71c7e
3fcd0d91
3fd1ad21
400dd0b9
3fe9845c
4004a292
3ff5549c
3ff18349
400ef013
400bc76d
400cdc7d
40041d2f
3fc60c77
3fc1cfa2
3ff6b29a
40091a9b
400a797f
40004c2b
3ff24a2c
3ff338c2
3fbe4ed8
4001f3c4
3ff378f4
40047acc
3fc027dd
3fb62ec2
3ff85ce3
4003c18a
3ff7507c
3ffd1ec1
3fbdcbaa
3febca70
3fe9da44
3fe5bfee
4002c867
3ff033a4
3fee0e67
3fe29df2
3fece4e0
3febc506
400a8a7d
3fb16062
4005826c
3fc1a161
3fe37539
3fd80b9b
3fc5a1de
3fe74ce2
3ff383c8
40058bcc
3fb41e56
3adab7ec
4002eb38
3fb8e648
3ff03dfc
3fd6843c
3fe6222f
3fe2a0b9
3fe5310b
3fd8b248
4007c7b1
3fe2fb9d
3fe25ced
40037d2d
3ff94ab2
40052e72
3fe7639c
3fbfc5e6
3ff9cb91
3fea87c8
3fbf14da
3fe8298a
3fe06a34
40046e04
3ff80215
4003e20c
3fe049a5
3fe97070
3feae7e7
3fb804ef
3fff3590
3ff004f6
3fdb270a
3fdb7394
3fdf563d
40000dae
3fe8a31e
3ff34745
3fbd7526
3fffdb6d
3fefa0e9
3feef1e4
3fde3be9
3fba0309
3fffd652
3fdcb0c0
3fb9909c
3fdc8364
3fe5eaf4
3fe1cb60
3fda361a
3fd45d08
3fb6b670
3fec3633
40000cde
3ff5105a
3fd5578d
3ff4ec18
3fe7a74f
4000a124
3fb34d10
3fffdc80
3fee2985
3fd7dfed
3fa8242b
4001006a
3ffcda6a
3fdcfa10
3fdb1ac2
3fdd9934
3ff0f966
3fea0675
3facc166
3fe5e15e
3fefb235
3fdb844c
3ff6cad3
3feb7138
404bc955
4047d63c
40583515
38d1e79b
405981af
404eac74
4052f158
4051dd4e
3912984e
404d73bc
4043cd90
38f47d59
4054b519
404c267c
40499732
404eed43
40478302
3a2ddcd8
4047927d
40456fba
4049ebe4
404a8d3f
404848d6
40699ed9
4048831b
4047c7c4
4046b3c8
404bd0d4
40684ad8
40485384
4046d908
40453d77
4042e346
406bc130
403fd074
40430780
40444c73
406d84b2
4043864d
4071c687
403a8cfa
4073b7d0
406cc7b6
402adcae
4035a07e
40743d24
406effcf
402a500a
40253a20
402e58ec
401e53bd
4027fb9c
40372b9e
401ef65e
4034af68
402aa0b3
4024fe2c
4024c938
40772744
401f0328
402eeb81
402a1683
403049b0
4030e4f3
402d4333
4034e598
402ab044
40357ca9
402c8e75
40303eaa
407e0f3c
402c7ff6
402c7e86
40217d65
407a25da
40248ccc
407e127d
40293725
401c555c
402bb4f3
407ba4b4
401bd2f8
407b30f9
407a03e4
4077eb3e
4078e04c
391c89e7
40151273
39d15083
4029762f
407598a8
3a2d2eb8
40112832
402f25fc
4025755e
4075a5da
4019d0ad
402f9176
402a1493
403243ea
39889e2a
400c16f9
401a5e12
4033c5a0
4028fbd1
402b38e9
40078b21
4012adac
3fdffe17
40269df0
4016692c
40172114
4015a18b
40054e08
40065d3b
4027b370
402a64c3
4004cc79
4005cfcc
402afd60
40301159
40285415
402dbf98
3fff8bbc
40284dd0
402988c7
4011dcf8
40298e20
402e88b6
400ec4fd
3ff9800e
401b2236
40250ec9
3ffb1d71
402a3526
401695d3
4001ebae
4011d453
3ffdfbff
400ed23b
3ffb2d7a
400bdccd
4005e649
3ffb5047
400ab774
3ff458c6
400b856c
4012667e
4015818b
40127cb4
401485c6
3937c1d6
400f7a1d
40108596
39888099
4010d2db
400e7f7c
3fc620bd
4006e051
3ff6deda
3ff860e0
4006a031
38d6f3b5
3ff01971
3fe1d9a1
4004140a
400f4016
3fb8633d
40002924
40085483
4008b07c
4003bc70
40082543
40015fc3
3feb2218
4000326b
3fc7d3f6
4003d07f
40009bee
400428ae
3ffb8372
3fc75476
3ff9e46f
3ffdd084
3fea6a40
3ffdd1e8
3fe0c002
3ffd49be
3ff11695
3ff307b4
3ff3fe3b
3fe886bb
3ff88d9e
3ff289ea
3fe96c65
3fef90b4
3ff16e28
3ff18199
3fe7c6c8
3fdf2e2d
3fe354e5
3fdd981c
3fd41c21
3fff6219
3fb9b083
3ff80e28
3ff0c07f
3feaac88
3ffb8e21
3ff034f0
3ff485df
3fece7e9
3fdd4a8a
3ff2f0e8
3ff12ac4
3feb64d0
3ff4cf89
3ff0eea5
3fdd148d
3fd8095c
3ffa3f85
3fe20988
3feebdf4
3ffadc91
3fecae68
3fe08bbf
3fece73e
3fd4f846
3ffa8465
3fe78033
3fe34dc0
3fe24a30
3fe2da73
3fe0b9fd
3ff6b4d2
3fe706d7
3fe47821
3fc74931
3fb92162
3ff4221c
3fc315ee
3fae2876
3fa91f50
3fbe51d2
3fb62a9a
3fc65e0a
3fbf3c0a
3fbc73ec
3fe01c22
3fafa5ea
3fd6997e
3fdaae5d
3fc0b00a
3fd14f0c
3fd0cbe5
3911f32f
393a57a0
391155dc
3905cb40
3fca85a5
38d290b2
39335422
39235d2c
3fd8ee0c
396e73d6
3fd9600e
3fd73f65
38e2fe4c
39016a89
391035c9
391407c7
392a2dd7
3fc959bf
38feeeb3
38e9bed4
38e021f3
3a851e47
3fcab385
3fda5849
3fdafe7a
3917a38c
38d75081
3908f600
3fda169b
38fa34cb
3904baed
399e75bc
3967383b
391555d8
401624b0
3fd65ec6
3fdd557b
3fb612c0
3a325d37
3fbc1748
3fd2b896
391cc691
3b11cd26
38f72d17
40646da6
408635ca
4083dd9d
4025b370
40629a74
3fbe8620
3fafdda2
3fae47ae
3f9d18ac
3fe937fe
3fc91e7b
4025b0a4
40174819
3fea3fb4
3fcafdfd
3a8e2998
3fbfacdc
39767a02
3fd8652a
3fc86554
3fba9034
406b982a
4067db79
4058c140
397bb424
3fbfef24
3fb7e489
4078e687
40841b9a
402680b5
3fec5508
3fb6aad4
3fde3532
3fb0dee3
3fbcf070
3fa4fb6c
3fb077ea
3fa4255c
405dd110
401a5d71
40004409
38dc4172
40002eff
40037e64
3fb196ee
3fb1cce5
3fa3c7da
3f99635e
3fb6bcda
3fa60721
3f9367da
3fa3ef4a
3f8e60d2
3f9afce0
3f9ffa25
3f98c786
3f9a1c1a
3f94a856
3f93aa66
3f9450de
3f945ed0
3ffeb12d
3901e3c2
38d3fa05
38e86a8a
38ee146c
405964ed
3fbbcca1
3fd42c27
3fcd6fc2
3fbe76e6
3f9d3b08
3fd75be4
38d80a25
40248279
3f9d65c0
3f9ea582
3f9ead5b
402209a6
3faefd7f
3fa2ba55
3ff4d050
3ff927d3
3ff7e480
402d6760
38e59473
3ff267e2
3fcba0cc
3fb20468
3fb1ae10
3f8f7bc0
3f889582
3f88839d
402a292a
4008af13
3ff409a7
3fcc5db3
3fc030a3
3fa0bc18
3fa78781
3f927a32
3f99a70e
3f86da0c
3f9c1b70
3fcd5b36
3fc0cfb6
3fb32e5d
3f8879ce
3f887bc9
3f873ee5
3fb25ba0
3f8ab946
3f890656
3ff2b5b0
3f8d727a
3f8a16c1
3f8708ef
406956ba
40859d14
3fb005f4
3fb1ad5f
3f8edfde
3f870ef9
40737e4c
40583c8e
3fe62f41
401af36b
40139c60
3fe0511b
38d6d3b8
38db518b
3fab88c0
3fb0b392
3fd076e0
3fd4846a
3fa758dc
3fc82c84
3fb77608
400349c9
3fbe7879
3f84f202
3fdc1e85
3fc9057c
3fae7faa
3f9e956a
3f9aebfc
3f9bb9ca
3f87951a
3f857bbe
3ff4f0d8
3f8a616a
4048d458
3fd0215e
3fcc8138
402b9208
3fe6539c
3fdca010
3fb10904
3fd0fb26
3fc65cea
406531ca
3fbaa562
3ff06642
3facdb4a
405cb2c8
3fb9d6c2
3fd09c3e
3fbd3082
3a86f629
3fe6671c
3ff051fc
3fcb5f54
3fe83ad1
3f8b49b2
3fbf40ae
3fea436f
3fc07a54
3ffd284a
3fbab4b6
3f8f27c8
3fcb3141
3f937b3c
3fd7f4ec
3fd44e5e
3fb4d055
3f9e0b73
3f981dd2
3fb6b358
3fe6ba53
3f8c68f8
3fc3eccb
3f97ebe8
3faea9ca
390815ca
39461bcc
3fc2e169
3fa6afe8
3fab9bb8
3fe7c7d4
406e1acd
38da5919
3b30503c
40387eea
3fc22506
4009981c
3fa079f8
3ffccf61
3fcc5ead
3fc5f0d2
3fa0d2bc
3fc0ddfc
3f8af95a
3ff67142
3f848976
3fa73cd9
3fe3397e
3ff1c841
3fb1a286
401ea1ef
3fcfeaaa
3fb61d0e
3ff4107c
3fba3a17
3fd6c4bc
3f8209d4
3fd24442
401de618
3fa5d52e
3fbc04bc
3fd0f568
3fec3444
3fd2b41e
3fb385f8
3f82bee7
3fed4b17
3fbe37a9
404004ce
403c06f5
3febb23b
40029003
3a7c26b4
3fa96498
3fd65294
4050e8a5
3981ef07
3fb7cdbe
4042014d
3ff8b835
3fb96836
405d7396
3fd71b7e
3f9640ba
3f8b8668
403e519b
3fb74bc2
3fb1f644
3ff995f3
3f99bd18
3fba18f9
3fae6eda
3fceca46
3f90fccf
3fee0d4e
3fd1e86e
3fbe7796
3fdd3db7
3fd026d6
3fe8f36a
3ff6cfef
3fe7b1a7
3a1c47d4
401ec4d8
3feb71b4
3fb2cbe0
3fe87976
3fd0bb9f
3fb63f32
3fe7bd90
3fd3765c
3f691668
3fd80ec0
3fccaf55
3fdb94ac
40290814
402f9a49
4015fe43
40098059
3fe9d988
40014a4d
40261de5
401013f2
402451ef
3fd9b847
3fd7a6e8
400173e6
3fe08b78
403d4a5e
40337e61
40430fda
40000d9f
3ffb9146
3ffd91dd
401d69d1
4011a290
3fe8fd9e
4003376e
3fefea2e
3fce7e36
4009ac34
401125b3
402d5b9a
404a1db9
3fc0710e
400b2588
4006c943
3ffa665e
403eb071
3fc3a428
3fc9461b
3a1a47ba
405dd858
405f788c
3fc4f90d
403eb36e
3fda21af
3fea478c
3fe5ab0b
3fb68aaf
3fb22f1b
4003e42f
3fe415e4
3ff7d6a6
3fd68e4d
40121e42
3f95b804
401ec362
3f8e0fd6
3fbda7fe
3f85c586
3fb9939a
3fdee8d1
403007a6
3fd52442
405a05a3
3fde87e7
3fb3e3f7
3fd22e39
40002240
403a5286
40129bc1
4034f374
4037d64c
3fd1f569
404c090d
404618ed
402e8d49
403c4fa3
40205ef6
3a091a0b
3fbbf312
3fff6721
40516272
3958f83d
4048aeba
403f0841
400d18e5
403df2d6
402a93ec
3fb716af
402b4e2a
3fc38dee
3ffc609a
404a18f2
403d09e0
3fea1d6b
3ff24cfc
400d2966
40497302
4037f4bc
406396a6
40637257
4061fac4
405e6886
405f4de4
405dffcf
405633e0
4056bdcc
40402836
401440ac
4054b525
4049a6a4
3ffe7a84
4019be7c
4047f7ae
4013194c
4013ede5
3fe32644
3fefe7a3
40741ff2
406f6838
40363360
4013bb1a
405f9f7e
406b10f9
40747440
3fdd73ed
3a8954be
39c0fcdc
3ff3402e
40224638
3fd3f3a4
4067a856
3fb7c50c
40214f0d
3fc13ac5
4061dd71
40138a61
402bbfb9
3fb4921a
3fef1dfa
3fa03a72
3fcfdf11
3ff16d96
3fbd250c
3f89b25e
3fceca3d
3fc1e61a
3fd07865
4021b9e3
3fd39765
40127240
3fea5ceb
3fdb45d6
40408970
3fda9050
4064fd56
3fe728a6
400535d4
403e83a4
3feffdbf
402d11b0
404c8f72
403feec1
402f0347
4015aeea
3fcd5e36
3fe046f0
4048086c
4013b47e
404339d6
402e1fe0
3fbc964a
4062acea
4051d106
4063a186
40591de4
3fea7389
3f8782bc
401ef878
38f621af
38d62ba5
406f14d4
40590fe4
38d4d9f9
404a4bd8
40836b7d
4065b06b
40461678
4061f3a0
400e3968
40885c43
400d7a48
40380086
405ddc27
4058be5b
4074acf0
4066bc2e
406c22db
40749b20
40690612
402a8ea5
402a1550
406b7066
402a2031
40214e0e
4031f1b8
4006f7d2
40192370
4061f224
406a0ed8
3fe9fcae
4020ae57
402b62b1
3fe50a1e
3ffcf6f9
403ea090
401f45c8
4011cca2
403ba7aa
3fd16646
40016efe
3fe52394
3fd35823
3ff5a035
3911f8d1
3fefaee1
3ff1eadc
3fb2d1e0
38fed60a
3fc3a0c6
3fb757ae
3fed0924
3f9206dc
405cb003
3fd55cb8
3af2e0f9
3fd41805
3fc4023e
3fc112ef
40179722
3fdc2026
3fe9a7cd
3fd788f2
3fc42e97
40119f4b
403bf42d
4017543c
3bbe2e41
40609364
401d45ec
402b9b6c
401f481a
3fe27261
401c0990
4038b9fe
40065228
4054d48f
3ff289cc
3fc32c7c
3f86bd3f
3fe5b895
3fd27d5a
3ff51f68
3fd57320
3a112da7
40197214
38dfab6d
3ff65b58
405db15a
404f154c
4001f5d0
40023acf
404e3d1c
4028f424
4038b972
3ff01f0b
4026b08b
3fe23178
3fe72df0
406f68f0
402a07d2
402e42d8
400ddfcc
38e19ded
38f966a4
408ccb1e
4023bf11
3928b651
3fde9b64
3ff28cbf
3fdbdf5a
3fcca833
40033216
3fc7414f
3fd00717
4008eae3
3fdd765e
401e897f
402c90b6
4008fde9
403adcd8
3fc75350
400014b8
3f892249
3fe01fcf
4009b066
3fa28e54
3fb31444
3fce2603
3f9ab406
3fc32628
404b9e3d
3fcae2c8
3f89d1fa
3fc495e2
3fa3e9c3
3fe3e145
3fd62919
4001d426
403da50e
405a9272
39200863
402db06a
40115ca5
402b2471
406060de
40209ec9
390243be
4074eb4b
4032cfba
3ff5a8b2
3ff12fa3
3ffef21d
403a1446
4000fa64
40667c92
40416956
40032293
3ff5a3cc
39160940
40367c4a
4024e53e
402745c5
402655e5
400acfb8
3ff16aec
403305da
3fccc3da
40425e8d
3fd23a2b
3fcd9881
3fc0fe67
3ff8cd0b
3fcac710
407e58c4
3fb352d6
40156838
3fe10977
3fd9f6a1
402d2a6e
402a5e68
40071589
40396ed3
4027d658
3fe16039
3fc26986
3923a8e3
40219e88
401a6dc0
4013c78d
4012f3b8
4022c5ec
400473e7
40114798
402a4063
3fc4c340
408a1206
3fd51ed9
401eb124
4031cfb1
400b0243
3980d7e4
39d7208c
405c8aa6
4069b822
401ca97a
40579ab9
40544fec
38e6df09
4036decf
3fe81473
3902db96
4053f2c6
401febfa
39dd8ea3
405797a3
4084e635
400f28f1
400eb47d
4005952f
4016aa43
3fbee4ae
40051c58
3fcd6163
401e45bf
401d3f7a
40062d0b
401c3c10
3ff43092
38d81b19
40402c4e
3ffa8527
3fce731a
3fd9c972
3fd620de
3fe0d659
400b7cf6
39a454a4
3ff9418e
3ff44c78
3fd04142
3fe7c35e
4012533f
3fe9878c
4006480a
400218a7
40446604
3ff30d84
3fd63419
3fc40991
400491dd
40462f4c
4002ddaf
404056e7
401f2da2
4073d56a
38fc3941
403b0b61
3fe4075f
4048d14f
3fe3f5b9
40589d09
40094cf1
401da025
405970cc
40501fb2
4015dd68
3fee4cb4
402be862
40279801
40057dfc
3ff62822
40098021
4055d51e
40755245
40083bd4
38fe5158
3fff5d68
400a7e6f
40046b5a
3ffc24fb
392a977e
403b7765
3fd1fecf
3ffcf738
3fad4d76
3fb3009e
401a8dde
401d52fc
40022707
3fda8b1e
40021bc1
40874eef
404a64d4
404c84cc
40550402
405bd931
40526917
407bc762
406146ec
405d06f0
40484fa9
403bc887
4012556a
40260112
405d2669
4062e87c
404e7ade
4023b398
40509d10
404f47aa
3fdbbf9c
3fe9bcc8
4007ceed
4016ce7a
4053d1aa
390af5c6
3ffd0d6b
403c2f0f
40450dbf
40476a12
400a5282
407e301a
408ce1cc
4001361e
38ef94e2
3fad1b4e
40070dc4
391c4390
401175b6
407951f9
396279f4
38ef7e18
390086ab
40164262
38e27151
400180a6
3feb73a1
4079d076
404eff5e
4010f6d5
3fbcbf1e
3fb36d54
3ff4a5ac
3f996550
3f84df0f
3fb52195
3fb05380
3f88c030
3a2935c9
4045e0c8
38e152a7
405090ee
404cb02f
4046db5f
401a2e62
4056df00
3fe23068
3ffb1e3b
40283fb5
3fed35f5
39122e06
3fea71fe
401e3c85
3fe22e4c
3fb7a320
4013ae8b
3ffa808c
4038bb1a
400669f2
398d8445
406f83b0
398d60ee
400587ef
3fe01e5a
405f2d4c
3fbbab74
390977ff
4009031e
401288cc
3fb822fb
3fb90476
401e4bb6
3fed97b2
3f6dc84c
3fe7e0b1
401048f9
405890a4
3fe9c931
3902cfe1
4014b955
38d3def0
3904e651
399d7c18
407b6918
397213fd
39389dab
39461214
40696208
4038ef80
3fc41fe3
4021b47e
3fad5cc4
3ff8c7b6
3ff1c622
3fd0e8d9
3fbc298d
3fbcf1b4
3ff61573
3fba8826
3fdde78c
4064357e
3f9c9d42
3fd2c533
3fcb1437
4004d007
400e58b8
3feea079
40474168
3f9804f6
3fb40cc4
404833e3
40478a45
4064b0ba
405f7c09
405378ae
401f9710
40640204
402ae303
3fdf3af8
404d9a57
40624021
400efdc0
404ade2a
4071957d
408d768b
401e4572
4065e34a
3fcbe58a
401d6831
401ebdc3
4043519d
404f2b4c
3fdc0334
402da5fe
3fe3e336
4006ffe1
3fbc6eb3
4050530a
400520f7
3a540c95
40108dc8
400f6456
3fb14a51
4007ea2a
400a2863
3ff11d87
3fe903a2
3feac478
40076fa4
3fe1298d
3ff69c9e
400b31af
3b569f74
3b44a4a8
3fff0c15
4009c01f
3fd65bfb
402834d4
4011f059
3a9a9382
3a7681ba
407e6241
3a13847f
39dc140d
39a099a2
404dbe6c
39219fb2
3ff05d3f
40051952
3ffdc85e
400e7cda
3fe1a5bc
3fe09e3a
3feab90e
403e2656
3ff280ac
3fd0b1ef
3fb7f6c2
39067f68
406528d6
3fb73c34
40180012
3fd99b24
3f998e47
3fb0aaae
3fcc5436
3fbc362d
3fd1bc09
3faf2dde
3f9b457d
3969166f
3fe77e31
4041a8b2
4034a0a2
3fc95a8b
3fd4a7fb
40609af2
403a6dac
38dd6877
40116ed8
4065bf78
3ff075de
3fe444be
3ff2f425
39883d18
40282bd6
3fe436a9
3fd83260
4034f7ae
3aaf6253
40051d38
3a66459e
40545346
3fd2a765
401f77a7
38fb1a01
3fb2e605
3fed768b
3fc80069
401a0d1e
4066ec4c
3fee25e2
390ea619
3fdcf2e6
3fde3cfe
3fb72d9e
404336c8
3fef43d5
39c1580f
39a22fd6
401cbcd4
3f80aa8a
4031d871
3a32bcb7
3fe995e2
3983a7a2
408a5e59
3efcc3c9
3fe507d4
3ef1b893
3eed2b27
3fe8832e
3fdefe8c
3fe37390
3fec71b2
3ed1e70e
3ec9b5ab
3ffa9896
3eb556d2
3ea87160
3e9aab6c
3e8b4a27
3fdcc996
3e545728
400a4be6
4005aa70
3df078c6
3fd77dc4
3d8eb93a
3d53a7db
3ff1dd88
3fb16a96
3fb61d62
3c45f87e
40394302
4014ee6a
40170c5a
402ec11e
4010be7c
3fd92861
3fdab38a
3fcade1e
4035809d
40689247
3fb26bde
3feb0b6c
3fcdfad1
3f9e1103
3fa04a00
3fe5e909
3c5a2d58
3ff11257
3bf92731
3fda1ab2
3fbd838e
403f343a
402d1d28
4040f5e8
405e4304
3c3f01f4
3fb09de9
3bba1411
403d2a76
3a798ffa
403ebe67
400fcfc0
405219c8
404df4e2
3fd0256e
402f2ab6
403ec708
3fd2624b
3949517c
40387b07
4009c91a
404544bb
39177c48
3ffc67c6
400a8897
3fd57ed9
40429622
3fd58ba5
4033f737
3ff98ed8
3fef7908
3fd47c27
403c48c7
40137060
3fe2042a
3fc7daf3
3fe26e85
38d26440
408262e3
38e23899
400769af
38ef1ae5
38d56b3a
400a8537
3fd698c0
3faca2c0
3fdbcddf
404b82ce
401195e4
3fd15402
3fd0733b
3fad37f1
39295c41
4016ac94
38e30611
3fdc5c4a
403ea450
38e531b6
3fa15c40
4045e9f6
3fe78d33
3fb79fe2
400aebce
38d7f2a0
38d80ffb
4013012d
38db571d
3948ebf3
392057fc
3fe2b923
3fe8126b
40244cfc
3fb94a8e
402e9f0d
3fe38cf8
3feb6f35
402de9b3
3fde14e7
3fcff43e
4021ffc0
404b24f4
4037221e
4019a521
3fabeaf6
3fecd816
3ffe777b
40449f6e
40248fad
3fe10c9a
3925b5c8
4019e3fe
38d1babf
3a8880f2
3add7549
3fbebe7d
3fac0e3a
3971b0a0
3f9ce0b4
3f861108
4020f832
40007bcf
4042eb98
39aae9f7
3a14963e
3fd69fb3
3fd5e154
401235e4
4000d4fd
391d9b4c
4007551d
40060fb7
4014ba77
3ff3dd2a
404dc398
402d6d0f
403cf2f8
4002abb7
3fe9c985
3fbbffea
3fb529d8
3fa37cbc
3fe523aa
404d7d9a
40379451
3ff5cbb9
400cd676
3a96cc2d
403766a7
40848b87
3faa1865
40879030
40568569
3fefd9e8
40496b90
3fb1528f
404b4368
38e3843c
3fbcfb14
404ce514
3ffdf921
3a487a1b
3fed59e8
3962c127
407abab0
404cdb28
3fecad65
403ab114
3907e930
3a011a8e
39295324
399ad576
39bceda2
399a247f
3fe138a2
4073435c
4050d610
3fe11159
38e3c2ba
40099195
39a8022c
3919b601
38d9b368
401190bb
3fa0d4ae
4018519b
3fa20876
403189a8
3fe9b8e1
38f52513
390cc7b4
3fe12034
40438b2a
38ebac71
3901a3ed
38e06bca
3fc5f00c
400704e3
403c4638
3fd927fe
403c6782
3fd5f5b4
3fb6f328
3fd3fcb0
38f93776
3926750a
392af92d
3fd78a38
390f780d
3fe6d188
4030592b
38f12ebc
38e8db39
3fe85d1e
40176d36
403037aa
39274b85
4086bc9f
40485c82
4085df81
3938ecbb
38d73ddf
402e8a27
38f6531a
40549275
402b26b0
394f3732
404aef9b
3a21be88
4032c003
38d9e2cf
403357dc
40434980
38d49a81
4025ea63
3907641a
401d2592
4019d83b
3992b440
38e3a95c
407e9e64
392992ff
398a5b44
39b273ee
4018651b
39335cf0
40866042
38e5e520
390e291d
39e31f36
395dce80
38f08961
4085cef8
4047a82a
38d6d591
392e761e
390fb230
38ff8ed9
3901d036
38e6e3e2
38df7afc
38f061c2
390f1a97
406e69ba
3971b5ec
393c997f
4046b41c
395fe8d1
3a53b02c
3abb6c1b
39d8657d
4047e0d0
38d735b1
38d3de5e
38d442fb
39e0b245
4045d074
3920035a
394a3b63
39c264df
3a0a6578
405da817
38fe76fb
405911c2
4056075a
38d2a896
38f4dcda
40485aa0
39863780
40741ff6
3fb3a4b3
391819a6
3fe86cd4
408d6dd6
408c282c
408ab1d7
40816bfe
407f3dcc
406dd673
40714b4b
402327cc
4070aeb2
40621f46
4065e170
40602390
405b75a9
4057775d
391ba6e3
3909db7e
3a273aa4
40500a28
38e663ba
405502c6
404c27ea
405025e4
3ff5ef2f
40056dee
40887a0b
40458336
4012122d
4078be86
4071b87c
403b8734
4094719e
406407c0
38dbe457
38dc4f64
3984536c
403c577d
391a6193
401e4a67
404fb04d
400720bb
3910994f
38db657b
3fd3ee76
38d7bf99
392fbfe3
39053d50
4074259c
40629928
40110f46
400d4e21
406df8b6
401321a3
4008ab98
3a368bcf
38d9a76c
403864ce
39187143
40081316
4011e3ef
401925db
400f40b6
3aa14ee9
403474c7
39c77b3e
3a0a7c1a
4027fb1d
4025c153
391d01b0
401f0c69
39f69ad3
3a3fb90e
38dc27d3
38eaf90b
3931727d
39899c1b
38d98196
38f4dfd5
38f09696
38e57f14
390ddacd
395a0943
3999eb14
399adbbf
39650117
3fe4088e
400ca5b1
40420220
40493ae2
4083ae2d
407c4e74
409a3c0e
406f393d
4077c167
39586582
38f86aad
4015797d
3982c893
390321fa
4015f386
38e5014f
3903df33
3fab9b72
3fd320b2
40085775
394d9140
407be019
406f0e84
400f311e
4002b9a1
400db04c
400ea58e
3fee9a0e
40605cdc
38d8f2a9
4036fbe6
3a1a9b01
39142f3d
391409f7
393b4f78
40121073
38d24cbf
3ae70a2c
400f6c9d
4018aaa7
390a754e
394675bc
3a161782
38e2d850
402d0a1e
38e8488d
38f5768d
401f2cfd
400a84d0
38e77c74
38d5f1ee
390394ab
38daf432
38dea2a8
38d2813e
38d3cbe7
39a188fe
39998109
391375ae
38db4ea6
408b019c
38ffc6da
40691e45
406de6f6
4046cd60
4038cbb4
38dc4c87
404435f5
4065b7b0
4048064a
406e2723
408ba67a
406e2b10
40448619
38d5b13f
40740804
40756d71
406b6a7c
404a8b18
402898a9
408fdfbd
407238a2
40186213
4072ea74
4073659e
4036656d
4041ca80
408af221
403dc453
40352960
4030a221
408a7ae1
407361ca
403e3ff9
4041fed4
401de555
408c353f
402ca419
406e84b3
406ea34a
401eeb54
4031a716
40361a57
4027b653
401b6945
406e3d54
402b4b36
401f7960
4036df8f
40375dbb
4039fe32
4029c7de
4066468f
406df868
4027edd4
406f95d5
406ea1cc
40419f42
40274160
402a7432
40806974
4070e436
4074db35
40317fc5
406f11ca
406d1ab0
40235517
40315e4e
40304e89
4022d145
401c23a7
402eefd8
407500e2
40241075
401fed2d
406889b3
40840d3f
4071f944
4082436d
40202238
4078ea82
402cc9c4
4073a355
403250f0
401f2dac
402f2a90
407035f5
4071f963
40213f7d
40204910
401d5056
402a49c8
40238009
402addea
4076f10c
4025ec8e
402b9601
401fa1b3
40252940
4072d7f2
3a41a24a
402b6a42
402c481a
4073660b
402510f6
401c2ef0
4016b3d4
40156e38
4026f472
40291af6
4027fedc
402a3a00
4028ae70
401385c6
39b4cece
3954cadc
4025ab53
407a4406
40257c60
4028a033
402b7e31
401060a1
4021d57e
402b619d
40293d1e
402a2212
4029feb2
4024c8ef
402dbefa
38fdb0d1
4026779d
40249aba
407be5de
40233050
402f84e5
40145036
400fb3ab
407a5af5
400ef16b
402da88a
407810f2
398ade56
40220bd2
400e8b08
391ecd0f
40233c46
407af83a
402fa390
400f3343
402c5af4
4024b028
400ea2bc
400ff92a
400d01ad
400bfac9
40292186
402cf41c
402bc3be
400c39e4
402f4c18
407627f7
40107fb1
400bc83d
400d91a4
400ad161
40219018
402bbbe1
40331f4c
401c5a4c
401c6a07
400cce9c
401c1f9e
4024e736
4026b8b8
401a5f2d
400c42b9
4026f4a3
40300b20
40317a6a
4030b453
40748224
402c15bd
4036caf4
407023b6
400c1992
402b6968
402ec3f0
4022c035
401f00ec
400b7811
4004cd48
4033e0d0
4029716b
406e3587
3fe34f0f
3fdd3985
4003a919
402e4a6a
4000aea9
40008b1c
402311d6
40318959
400016d5
402ef4b6
401c982b
40002fb1
402a1ece
4026dfa9
4023d046
4021feba
401b4ea6
3fe1c6ea
40273fd1
40326b93
4030eb4e
402b3949
40330174
40279eee
4013dddd
4016fce8
3fe0ca46
400263ef
3fffb3e5
40308e40
40315655
3ffdfee5
40275520
4023f94e
40155cd9
40033aa6
4025e580
4025c0ac
402c3bb8
3ffda3e7
40039030
400426de
402547c4
3fc38ec3
402eedfa
40266942
3fff68b6
4018f038
40110209
40105286
40004d84
3fc6eeb0
4001ce5b
402d0ae2
402dc4ca
402b9ddb
40181686
4000f5eb
40086582
4024e61e
402cce36
3ffc58c9
400f8a30
4028a748
3ffc0bb0
40002869
40278eb1
400f4a18
3ffed884
3fedb3c2
3ffa5a60
3ff8b86d
3fc3702b
402a6a34
401717bc
3ff7306d
40101bb5
4026287c
4003a9c6
3ff6312f
3fc81a20
3fbb19ea
4010f966
3ff331cd
40000713
3ff3ff3e
3ff68d0e
40009f9b
3ff23f9f
3ff369c1
3ff75c92
4000a4d3
3ff4383d
3ff28ef3
3ff92f54
3ff3e774
3ff27f16
3ff605d1
3ff2b22e
3fe1afa2
3ff382a5
4004e5c5
400e8542
3ff155ba
40040508
3ffbf805
3feecbfa
3fec87e8
3fe34815
3ff03540
3ff2bd45
3ff55ca9
3ff464a0
40052f87
3ff44cb4
3ff42342
3ff437cc
400a16bc
3ff36638
40077486
400126b1
3fed21a0
3fed64d5
3fe466a8
3ffccb65
3ffc6947
3fec37ce
4007da5b
3fe8ce14
3fee62fc
3fbf18b5
40017df7
40016790
400909ed
3ffca67e
3fe885b7
400131bd
3fc7d29a
3fbffa46
3fbfc774
3fc8d5bf
3ffd5995
3fde088f
3ffa2dda
3fe67b9f
3ff7716e
3fe4e443
3fd39045
3ffa6938
3ff6f4a9
3fe93cde
3ffe6d9b
3ffe8a01
3fd50bab
3ffb716a
3fd7dcd3
3fd52376
3fe3b64c
3fd29420
3ff7017b
3ff8a3cf
3ffa7470
3feedde2
3fec58f7
3fea5a58
3fe64b41
3fcbe03e
3fcb765a
3fecf0c8
3ff148c2
3fe9bafc
3fe5ef97
3fdd13c6
3ff95e44
3ff419ca
3fd934ff
3fbd2222
3fcaddae
3ff5d3b2
3ffead7c
3fcc50a2
3ff6d1e9
3fbe8d7c
3ff9b3de
3fe6c759
3fc01271
3fbca0a4
3ff18492
3fd82d7d
3ff50350
3fecf950
3fe53bc8
3fd58043
3fd2369e
3fec2aec
3fe2503d
3fc8c327
3febadae
3fd1a7e2
3fe0ed56
3fd7fdc6
3fcfad6e
3fc3714e
3fed9d4d
3fe9fe46
3fcc5cc2
3fc67a10
3fbc6cee
3ff773ab
3fc6c655
3fc4170c
3ff31f1b
3fd77f38
3fb43bca
3fef77bc
3fc82bee
3fcc2647
3fcb85c7
3fc9e385
3fd7202d
3fc3505d
3fe047f4
3fb3a344
3fc9e64a
3fbfbe04
3fc83bf2
3fc036cb
3fc01606
3fc51948
3fc56a3b
3fe96c1a
3fcaff22
3fd6ca5c
3fc3e48c
3feed5d8
3fc24ec3
3fb34f33
3fda1caf
3fc93e0e
3fd0a380
3fc41702
3fb9ac90
3fd19020
3fce0e5a
3ff06f25
3fbe956c
3fedfe88
3fd8443a
3fc361d2
3fbe9222
3fda28c4
3fd3be7c
3fbca8a1
3fc3faaf
3faea780
3fd1f490
3fd26ac4
3fb180e0
3fe63045
3fc020fc
3fd4e314
3fd68e40
3fd78d76
3fd4f2b2
3fd32601
3fc2f9a0
3ff328e1
3fd51a8d
3fcbd1c1
3fd2b99f
4056ddab
39c78dd3
40462ca0
40884d06
40633aaa
40897e80
408aba20
40610fe2
401bb8d2
408a24ab
40610876
402502e2
4087d378
405fdff0
4069abfa
402376fd
40669e6f
40694a33
4089898a
40330637
4038afde
3937a688
40845fb0
4085fc81
408ab645
406c7cb7
403ab390
401cbdab
4029a5ab
408a658b
401ee846
406ca3b9
4071790e
40646daa
4072b467
401e5a28
4015e867
4071daab
402b093e
4089b1ef
406a855c
408a1ac2
40683c35
4071cfe6
408c1a5d
40708d3e
401143da
402ec51d
40708ebe
40199264
4016a6d0
408f4cc4
4075a68c
4068c524
4010b567
406a51fa
408922d4
391817d4
38dd6d2c
406af0de
4073d4c4
38da7a5a
406c160d
406c5de4
402961f5
4069785b
40719a88
406c667c
402994a6
408aea30
40270c44
400e0d40
40120763
38d75f29
406e14c6
4027b834
406a4f35
4025ee23
40848e8f
4029187f
407fb243
4027bd66
4089b0e6
4087d143
408886b7
40257840
4027fb35
4087ed6d
400c0043
40216ec4
402b70bb
402a344a
407f7007
408117ec
4071c381
4088b044
402298bf
402bd3d3
4020faf9
402a119e
4021db6e
402215a2
402cdec2
4084a4ca
4071759c
4009713a
40285504
4029461e
407288a5
40005b56
4078720c
4082f8b1
402cc9b8
408589cd
4083dab4
3fe2b6e0
4029ac25
40865e8d
40247467
40334aea
40831879
402b3ce0
4075260e
402d2410
4024ccc4
4008292b
4076852c
40231106
407127fe
40853e1e
4084c6d8
402a8f02
402e430c
402ba506
4020e546
3ffad5fe
4014bdd7
402c010d
3fdfe6bf
401168b2
3ffe6585
3ff87491
402e4006
3fe89043
3ffd25f7
402bcbf5
401f82e6
3fdd40f7
3fe2e051
4022307c
401ed1b1
4030320e
401ec7bc
4020388c
402931d2
401c44aa
4080489e
40309ce3
402f412c
40260012
400eba96
4004f678
401694e2
4001cdf6
3fc8e88e
4021f48e
40223020
40294c3c
40297ac2
402c22b2
407c99cb
402a313a
40143612
402ecd8b
3ffc4890
40225fb4
3ffdd30f
401f9223
3fffb79b
407c767a
402a7e96
4023f8e6
407555c2
402f3736
3ffc179e
407488da
4020dc55
406fc2e6
402d1551
406e1e4f
40213242
402e9c3d
406d08dc
402cea80
406f4ea9
4004e617
402641a9
406b3d76
4024aec1
3ff9bc59
3ff5f1e5
3fc2a8f4
406ef7e1
3ffacaeb
3ff1ad57
402aa392
3ff503bb
4063958c
40636f56
405dcab9
405d5620
3fef5388
3fdf91b2
405d01ab
405bc0b2
405bf1da
405ae312
405a8cb4
3fe7e333
3fe59a4a
3ff8881b
3fdf9985
3fecfd00
3fea4762
3fe73a7a
3fe76b24
3feca439
3fdb19a2
3fd4d04e
3fea22da
3fde40ed
3fd5e829
3fe46663
3fdadefa
3fd528da
3fe71e66
3feada5f
3febbd50
3fd2df06
3fed458d
3fec155a
3ffb6fb3
3fdfcd49
3ffd7c86
3fcb94cc
3ffaa6f1
3ff92e55
3fee2ba5
3fe15aed
3fdab60f
3fe8a5ce
3fe8b8c0
3fcb98de
3fc94540
3fd0ea5e
3fd2c964
3fdfcdff
3fc6cb50
3fcd065d
3fc2b139
3fc60fba
3fc7bacd
3fc0e46c
3fcaccca
3fbfacde
3fd2fbea
3fd532b6
3fc42a82
3fbfc3ea
3fc785d1
3fbf6756
3fd2be3d
3fbf17cb
3fde052d
3ff07400
3fc6be43
3fe927bb
3fff3d1f
3fe8c714
3fe9838f
3fb0f57e
3fb375e2
3fd3c53e
3fd135ba
3ffa1e6f
3ff2dcc9
3fd529ec
3fd10f5d
3fd253a8
3fd56534
3fd35add
3fd15ba4
3ff22c66
3fbaab4a
3fb82388
3fbd3cc8
3ff035da
3fd204e0
408442fd
4077cee1
4081990c
4065ad22
39572b4a
40858cd6
40865f57
406aeb08
40844f9b
4038dc13
40813cb9
3906036b
4086a4ed
40173309
406f0510
3941b45a
40686696
401c75cb
40825366
406b88b9
4088413e
4061747c
4069c648
4018e019
4080e9f5
408359e0
4087f075
40867907
4066c841
40397677
403beb92
403d8abd
408263a5
4088435a
408525c2
40849e2b
40669d8c
4066538b
4016f91c
4081f165
4072e3ea
40730a92
408132f5
40895b91
4063a05a
407196cc
4082c563
40881d6d
40837431
4085b521
4084db2c
406d4354
406ac2da
406818e9
408355d9
4085dbaa
40637124
4069e556
40883cde
4027a347
408ad0b4
4025a408
408792f1
40232b75
4006169d
4086b6a4
407eab71
406bbe88
40890aca
4025a578
4084fed2
4086ea4d
402a8332
40046809
402b4775
40235d47
4028f822
4068a94e
4022b3b2
402ac927
402209b9
3fff223c
4086ddf1
4020d0c9
402ab1e6
408643e6
3fe7d5f9
402d05c0
407208aa
40851486
4029dabe
402c8a06
4020785c
40776570
3fe1fcc3
4075e2ae
402a3679
4074f7e0
4028b689
4075574c
40879ae5
402bbbf7
4023a54b
4013ffcb
4021b6a0
40880a66
4028e2a6
3fe61d6b
402c8836
40763fe8
406fdf3a
3fc7eee7
4071ea84
4001bc3c
401b70f8
40873a6d
40021fa0
40011bec
4084eb7e
402d9219
40853832
4020f636
3ffb0443
402b8772
40814fda
40835456
408128ad
3ffd7700
40814781
40205058
407b036c
4028f6dc
402ad976
40057aaf
4080770b
3fe81cc2
40307cd6
407f228a
407c18fd
402e57e4
3fe97948
407912b6
4023d81d
4021e993
4072fb8a
406f447a
40697a61
406ae8fa
406d21cf
406c7262
40671386
40636a2a
40630550
3fef21a3
406d2e14
406a344c
40680f5a
4065535e
3ff0c1bb
4061afd6
3fdd12a4
4061e66a
40602972
3fc09e62
405b5d5e
405ab73d
3ff23d39
3fd311fc
3fd1f6f5
40095ee7
3fd1eef2
3ff5341e
3ffe8e19
3fd482d8
3ff7b22b
3fe77f10
3fc6ca90
3fed602c
3fece5fd
3fc0f7f9
3ff05c78
40052028
3fc57e83
3fe8176f
3fbd59f8
3fbc51c4
3fd2d0aa
3fb57f7a
3fd166bc
3fb3f772
3fb27578
3fb5eba8
3fc59898
3fd090b1
3fbc3c23
3fd4a506
3ff6bee8
3fbe7200
3fd3ca00
3fbb99f1
3ff7fb5b
3fb938ca
3ff26f60
3fd3687c
3fd3deb6
3fc78664
3fd4bf64
3fc76048
3fcab736
3fc6ae62
4082313b
40893023
4074baa5
40740b5e
40857400
407fe806
4084f77a
40864e03
4051a262
405c89d4
405361f3
403487a6
40549f4f
4015963c
4085697f
404b0c7a
401cc712
401b960a
405c067a
4084872c
4082b45e
4083b106
40796fa1
4080aa24
4082f9f5
4082bbbb
40191a36
4082d289
407c29a4
40743538
407368aa
4082271a
408171d4
40837bda
4082e399
4066ead5
40633612
407f408e
4085377b
407ff5d0
40859f92
408379db
4082f005
40815edf
40806392
40699f5c
4005a828
408185de
4066a198
4082e7a1
40822157
4071a0b6
4028a7ea
408417ac
4004f67a
4083a618
4028ebc8
40834aab
3fe639b0
408866c6
40876692
40833037
40249152
4026b4f4
4026ca65
403398af
3fcdce9a
40832e8e
408823c7
4069979f
40268918
40839fd3
4085c951
40863ccd
4069f18f
3fe15c70
402935c1
4085d399
3fe26eb8
402c06ee
4023649f
407058d5
4084db14
4021fc27
4087d42d
402b0bcc
40200f6c
4021ae15
40701f35
40713bfe
4087c454
4002fee9
4085a9c9
4022dacc
4029576a
402bd7ae
402c8264
401f2bd7
40862962
4023c738
402e9f32
4084ebb7
40852a60
408684a4
401d9d51
406de13e
401dc5c3
408679b6
4026661a
40760e71
40264152
400fbad6
401d9c76
402a9c26
4084cffc
401f1c92
4026bd60
3fe9ed84
4082f3b4
402aa0e8
3fb83876
3fed0534
3fe869f7
4084637a
4022add5
3fbac67c
4024216c
4029e998
4081c30b
407e3710
4072f5a6
4075c910
40730446
40718889
4020cc54
406b69ee
4071a112
406b2aa8
406a57c4
40700800
4066fd1a
406fd8c7
3fb76033
3fbd586a
40635898
4066f2b2
40676914
406505b2
40662c17
40614c60
4060e0f0
3ff36117
4060b337
3fd7caaa
405cff12
3ffd73ff
3fc5fc89
3ff2e666
3fdd94aa
3fcc5928
3fc4cd9b
3fbd4da6
3fef98cb
3fb44c02
3fbcf708
3fc0cf04
3fbcf1c8
3fc1cab5
400308d2
3fba70fe
3fbb3315
40012c98
3fdc260c
3fbe15fc
3fd094d4
3fbac35c
3fbc7e19
3fbeeb38
3fc8fed1
3fc68ed0
3fd38e8b
3fc42a04
3fb4a1a0
3fbdf3da
3fc91154
3ff67c82
3fb59c96
3fef96a9
3fd846b4
3ff32281
3fda762f
407c1527
407fa2ce
40539fec
4065d494
405be0ac
407491fa
405f99cf
38ed5208
407e7197
406def13
4054ca79
40444916
408732c7
403c64e6
4081166d
4046223a
40822b08
4072bda0
40625925
40819513
4088096c
40613458
40750f41
4053f832
4031c693
4012e036
407537ec
4072d4e4
408213e6
4063006c
4066955c
4076a5a5
4068cc4e
408276c2
404ce505
407c4ef2
40855017
4080e6f8
4083e089
4051ea31
4041ef82
40726214
40816406
4083cc8c
4085033a
4087b3aa
4086b67f
4034e709
404d7d52
407d0c58
407d3a3c
40815b81
407c3b90
403d61ff
4038c18a
407c1bcf
40678e78
4085caf9
3fbf7fba
407e7187
407bdb15
407a8db2
407bb5f0
407ccc72
4037ddbb
4039de66
4086b11c
4083bc5b
4080b787
4084d77e
4086b0f4
40845399
40871949
407e8238
40652bce
40844d8d
40882c70
3fcc3914
408482cf
407effd9
400b9b6e
4082291e
4083ca94
40878a39
40815f40
408186ec
40817f95
40285a02
3fb3a01b
40232979
408176f7
4084c7e7
4025732a
4081a88f
4081e878
40828a1c
40224ad0
407f99f8
4081b4cd
4080447f
40820e21
4022bd98
40825d05
40211e15
4082b67e
40238916
4023697f
408172a1
4084e164
3ffb013b
3fb94bb4
406c69c2
406e923a
408065be
402b57af
3fed8cee
4085d7b6
40811e86
40874a8d
3fe8dc80
408165ed
3ff36228
4083b3c3
40840f3f
40855c75
4084e8ff
40845a4b
408301d0
40843012
40811cc2
40800934
40849258
408359b0
408153d2
40804d65
40243a58
407f303b
4076bf8a
406ceba8
406b5af2
406bfc86
406bba04
406b1058
406bb4c9
406b2c0c
4067b04a
406a6030
406a895f
406708f2
40641162
40601d12
40616e50
3ff68f79
3fb431da
3fd49a0e
3fbdb40e
3fbae6e7
3fd7f128
3fb070a3
3fb77fcb
3fbcb84b
398195d0
39842864
3ffde676
400d9a13
392e3309
38f26368
3fda0709
3afc8850
3fd9c4a4
3fdb3c3d
3a8ce011
3a25c52a
39943478
392a6839
3fca5351
398de25b
3fd13b59
3a97382f
3ae7e28b
3b1f1ecc
3fdc8ac0
3b63cf2a
3b77193f
3b7b9a29
3b7685a5
3fd98e07
3b543c3b
3b3e96b8
3b2921d8
3b15af51
3b056e40
403414a4
3fdd00f8
3fb7955c
3ac6b39c
3ac68520
3ad412dd
3af27b49
3b0e0d91
3fcaa982
40378bcd
3b4e3369
3fcc4626
3fc8a975
3fb7ac3a
4082c3fe
4082a886
4029426c
3fc8702a
3ffa50d1
3fbeb22e
3fb07b8d
3fa272d8
3fa26152
3ff43bdf
4024ecc5
40249a67
3fffdbbc
3fdb5545
3fdd019a
3fdbe844
3f9ee1e0
3fb2b593
40030afd
3fdeceb8
3fd71278
3fcacb64
3a1a9807
39e5ac91
3fbdfa7a
3fb36b34
3febed6e
3fc1de54
407a6936
40253e4b
40013e88
3fb3375a
3fcbe544
3f9f75bc
3faa2ec8
3f9a97e9
3fa59e62
405c32f9
4019f3be
3feb0472
3fc44deb
3fc9c448
3fb1d36c
3fad6288
3fa3e784
3f972778
3fa60336
3fa00012
3f996e22
3f97b24a
3f9656d6
3f96a2a4
3f907c9a
3f85e32e
3fd7e154
3932a380
393622a2
39361be3
3fda8c58
391d6be4
3fc6576c
3fd80db5
405a3e84
3fd73a52
3f9bf913
3fccc20f
3f9efc20
3fdacd92
3fc36a9a
3fdde1b0
3fa95cb5
3fa63bce
3fa8d6dc
3fa1a86e
3ff547de
3fd251bf
3fc03b1d
3fb5f618
3fbef295
3fa8092a
3f9ca36c
3f9cac80
3f965184
3f8da292
40442a7e
406c237a
392e51fe
3fcd4ab0
3fc257c2
3fb82425
3fa8aef0
3f89f643
3f8b3d76
3f85c741
3f88cd34
400b09d7
3fe485c3
3fbb0bc8
3fcf4232
3fabd7cc
3f9b05ba
3f92acd4
3f8d40d2
3f9b0b84
3f869d9d
3f886478
3f8769f2
3f9dabd6
3f87f3da
3f9c9f6f
3f967de4
3f960ab8
3fee0c9b
3fdf7d9e
4008bfa6
3fbbf064
3fa2ae44
3f9984f8
3f9ade0b
3f93f116
3f99285e
3f943d8a
3f863abc
40768a06
3fb974d4
3fb18d4e
3f8517c5
3f84b63e
3fc26bb6
3fb30349
3fb0fa10
3f89b803
3f86d6ea
3f831018
3fb70d82
3fb0d46e
3fafe88e
3faef8db
3fed3588
3fe216db
3fca8ab7
408661e3
3faf8f50
4013ac16
3b8df53e
40688cc4
3fce8bdf
3fb0c93e
3fd6eef4
3fb6bcb0
3f8d9d25
3fe9870c
3fbd52e8
3f9d838f
3fb3490b
3fb15f1e
406d517e
3fbcb6b8
3f9a6bf0
3fbc45da
3fc77f06
3fabc81e
3f8ac61c
4006779f
3fc3d781
3fb1cd20
3f9e8c11
3fa106f4
3f8cd7ea
3f88865c
3fae6632
3f8c213e
3ff6db1e
3ff6b888
3fa67319
3fae83b4
3fd2642a
3fb2c22a
3fce706b
3fe2e687
3fec512e
3fed27e4
3fecdae8
3feaee1b
3fe20910
3fb1195c
400fba82
3ff18dbe
3fd36a95
3fafb3de
3ff91655
404d8862
390f45a5
3ff8b9c0
3fecb163
3fcea47c
3fb571e5
3fc08b84
39b46d82
3fd2a2f0
3ff7d01a
3fb4735c
406cbb60
3fceaa1c
3fbc8fc6
3fe9504b
3fb66d05
3fbd519a
3fbf02e8
3f9ab46c
3fa522d4
3f90e378
400a58b7
3fca387c
3fa38f88
3fa44533
3f900bd4
406c238a
4061d6e2
3ff2fe0e
3fae4d26
3f919b6c
3ff2d31e
3fe99572
3fc6a330
3fb79adc
3fb69779
3fbdcfe2
3fc538b4
3fb318d0
3fc76881
3fb33b90
3fc3e93c
3fdaff82
3fd3cb1c
3fb003a4
3fbfbcda
3fa7bbf6
4013f97b
3fb00b28
3fc2de54
3fea9a32
3f9f7ab2
3fd13878
3aab887a
403cc5bb
3fb54f2f
400838fe
3fdc0fb3
3fb4350b
4020c34c
4008ec69
3fb3f88e
3fa0fbe6
3f9c5408
3f9a3e1a
3ff5d0d0
3f881993
3f820e94
3ff8298c
401e41c3
3fa61422
3fb6340c
406c859e
406ba161
3fa97703
3fd4b9aa
3fbac235
3f894e8a
3fadf7bc
401dfcc6
3fb5e21e
40689316
3f9d9752
3fb05bdc
3fd2b5dc
3fb43659
4001a27f
3fff02d7
3fce0a14
3fee2b68
3fc205f7
4000f5c8
3fbb8698
3fd05aab
4004860a
40130ac1
400014e8
3febe52a
400e6370
3fd42f96
3fefb155
403b4b1c
3957ec06
3fbd285c
3ffe6818
3fbae976
3fb1931c
38d2cdf9
3a531d2e
405e80df
3fb33bfe
3ff522b5
3f999b9a
3fe1558c
3facdb98
3fcf9a02
3fdb5f4e
3aaebee3
3fafeda0
406d7e23
3fec32f3
3ff70074
3fd59cb2
3fee964c
3f85b81d
3fee4782
406a831b
3fdaf5da
3fccfd52
3fa16778
3f985a63
3fcc6e3a
3fc89675
3fda5b54
4028b2f0
3fa47ca8
400a8b40
402c239c
3ff9bbf0
3fe9a7e0
40212ba4
3fec90b6
390eb0e7
3ff68ae2
3fec9efc
3fd52516
403658e5
38d4ad1a
40127549
403d8145
403846c6
40001017
3fac828a
3fc7ca4d
401dfa5e
4004a648
3ff30c2d
401e975d
3fbb7633
3fee042c
40383b61
3ffe69db
3ffb36a9
40579bd8
40407452
4041cb55
3fca9aae
3fc67098
3fd5a725
4002bbdc
3ff8128c
3fc13295
3fb5438c
3fd401e3
3fe36d2b
3ff5240e
3fd756b0
3fe70bd9
3feff3a3
3fa480de
38f880d5
3fbc0d76
3fbd86fb
3f9cfa52
3ff115b0
3f862b36
3fbd8a7c
406a0e15
3fe726cd
3fd8b848
3fdb5a48
3f87d135
3fd9808c
403f3896
3fd57226
405a0ccc
3ffe8c57
3fce5ff2
3fe148ba
3fd35f72
38eb2d24
40004e28
4000901f
400aafcb
4036940a
4032cee5
3fcd9d06
3f852358
4047f944
404871fc
403c3c4e
4046046e
3fb94264
404a9cd8
3fd611b7
3fd6b590
3907091f
38f660c2
3909fd0c
3917f6e3
401760df
40484170
401fbf7d
404887b5
402c0cac
3fd51fee
404ad329
405f2c88
40393c96
406451ec
4060cf70
405febc8
405e98a6
403cac10
404de819
40156ab4
40031060
4013a8c4
40154e0c
3fc25e67
4075d666
38d7c5bb
38f80e36
3a999214
3fcb085b
4065065c
40486121
3fdd414d
403c3e51
40128da0
401087f6
401b45d2
3fced3cc
4003a6f5
3ff2849f
3f821cfb
404b2a7e
3fec01e7
3fc49ee6
3f85fe0c
3f913022
3fb398ca
3fbba12c
3fbc68be
3f878700
3fca73f7
3fc1851c
3fd28870
40698a6f
3fd5cddc
40007d1f
3fc4a108
38d5eae0
405e8bee
3ff0a657
3fc3c1f1
3fb4e67f
3fd8e5e5
3f9ff9a9
3fd2f50d
402eb57a
3f97d826
403f0312
3fe55be5
3ff7fe01
4044d4de
404007e4
3902d281
402c6230
40537e94
40629892
3fce666d
404881b4
401fec6e
399f5cb2
404a8474
4025fe6c
401f1a4f
40380011
405ec178
408f4e66
4035e988
403fb4d0
4066fba3
402b9de2
4003fcfc
40219618
40154b3d
4048260e
400e0f30
3fe12c74
400b460c
401a581e
40119b77
4011c4f0
3fe44caa
4003067d
3fdb4f7c
3feac784
3ff9b518
3ffb7747
39338f2f
4042300f
3fcd68ea
4059e908
4022675f
3ffdb461
4060dafc
3ffd0af6
3fd7bb6e
3fc848a0
3fe92cc8
3f92614f
3b3af81c
3fdac0c4
3f88632d
3ff1818c
3fcefbd8
3fad5096
3ffd63bb
407bba03
3fc26acc
3fb02b87
3fc07c16
3ff1543a
3fd87e70
40217d9c
3fe3588c
400fef6e
407d459c
3fce7fa9
3fe529ee
3fbaeb7c
3fc1cb34
406c1f53
401f77bc
3fd77be2
400d5584
40007464
3ffebf48
403564d1
403bca24
3fd3937e
3feb2240
40216834
3fb7b2ff
3fe1c107
3fdadff0
40287c63
40167705
405218be
403ff210
405b2a8c
3fe3105f
3f89494e
3fe7eee6
3fd774ad
404157ca
403f1ece
400f5851
4046c011
404abde6
401c3ac2
40624a7c
4002cbab
3ffd9ee6
3fe9b95a
3ffdc18f
3fe9ab04
3fca8e66
3fd75342
3faa2be2
403bdf92
397b70b4
3fe53318
3fe17463
40649f9c
39a4eac3
38f4ecd0
3fc9e86e
3fdbe090
40074b69
3ff11538
3fdcbce2
3fe161bd
3feb7ff3
3fd3d44b
4008cc22
3fd06b1e
3fe801db
3ff8d840
3fdcc36e
401db1d7
400e1ae2
401d2d86
3a38a1ed
3a02eee8
3fb94b1f
400286fc
40194e6f
3f9c7f66
3fccfe05
4014c9ac
3fb0f10a
404c5cd6
3f89dc80
406bee32
3fb5f6d4
3f886e92
3fd9dc5d
3fc2fa8b
40283be5
3fe54b12
3f9f65ac
40341bbf
403702b3
403963b7
3fe1d0ed
3fcf694e
3fc25194
40471905
3ffcc1d8
3feb51ff
3fe96ca2
4011c6fc
4062ad4a
404a1bdb
4024c310
4032db97
3fbf5076
405eec2c
3fbadb5f
3ffb45f2
3fce2258
401a9e8c
40458262
3aa03cd5
3a6e71fb
402127aa
3ff8170e
40022d82
394bd94e
3fccd1e2
3fd58b10
3f9ed323
3fcf18e6
3fc2b2d0
3ff60f03
3fcb1d1a
3fa7ee36
3fad57c4
3fc645d8
3fb43424
39701478
40599c13
3fa35fac
3fd8882b
3fd9c310
403de17b
40299fec
40121181
3f9c03b6
3fe1d9ab
3ff8a07a
4016b8d6
4019754a
403c2ce1
3fb67903
3a4b6ae1
401bb3b4
402c3b92
4022bf13
4054fe70
4022eafa
3910f996
40886874
403cd6f0
4022e1d4
40032c61
401fe2ef
4009ae75
402755a8
402cf563
40435e28
38dbc335
38e95eea
4006173c
3fd8e4f8
3fe4192c
400d47ed
38d63a05
400b31cd
38f3b39e
400e38af
400a136c
4033c5f8
400e2c99
400a1ac8
40044dd6
400fa877
40075e25
3ff3c071
4014ea90
3996ff3b
3fd4fe12
3fbeadbe
3fb35914
3ff89bdf
3fd750fb
400bbb8d
3a0fcd82
3faee490
3ff5a157
3ff57f0b
403120a5
4012802b
3fa0eb38
3fb51bb4
3f9fd524
400c60dd
3f00808f
40066e37
40109455
4044c076
404214b0
3fcc4c36
4004e4a8
4023046e
404c8088
403f93f3
40348179
401ff54d
40495f18
4023cbf4
3e06b651
3ff96ae8
3d8b5fd9
3fc15aa1
4027a6e8
402f912e
3fbe1aa0
4007bec1
4033932e
3ffcb715
400243f8
4002bf4b
3fc7101a
4020adae
3ff6b017
3fffb68a
4021dbe3
4001da71
40096491
40537d28
3fe911ee
40182da0
400c1c0e
3c98ee69
3cadca88
400e0bd9
3fb300f6
40073cc3
4021a843
40170b74
40054ec3
400ae19e
3ffa5e26
4016385a
40594a54
3fb08ff2
3fb31c06
3fd65dda
40877d83
3fccbd09
3ffc425e
3fc57cba
3ff43eec
401bc3c9
3fbf721a
401c1c16
3fff9342
3fc11362
3fd1fc54
40069354
400963dd
40019c4c
3ff782cb
401f7f55
40258424
4049d5a4
40451903
405e0158
405e733a
403f7c57
3ffafde8
3fd67241
40472c56
403ddf21
4047934b
405e2e7e
3fbae77a
40236c1a
3fe6ba24
400e4725
4064173d
4035315b
400d3d83
3fb158a0
4021d2f4
4016423e
403c2093
400d9c0d
404aba24
3fa06587
40017bc6
3fd8b505
404499ff
4009b5b6
4003449c
40119e17
4014e2e9
3fedaddc
3fc41671
3fdf9f31
3fd41d0d
40167d2a
397e83b2
3a3d25bf
4029b4fb
407e3b04
4002586d
3fb0e3fa
40799ea2
3fe83ef9
3fdcf51f
3fa78d52
401f74ec
3fb1fada
3fb9c600
3ff42888
3fa6d2b0
3fb12654
4044ca24
4040ce9c
3faf2cf2
4006a3b5
3fd5e824
3fb9dc54
3fb31608
403c80a3
4036597e
4088bedb
40286aed
4000f095
40580773
3fe101ce
3fd89b41
401efa99
3fd0320c
400e1ce0
3fe2772d
403ab117
4005cbf2
3909f5e2
40160366
3fe086b8
3adf4471
3b1d1d43
3fe620c4
3b73ec40
3fd19d66
3fb7304e
400d6892
4011be91
400ebf3e
3fdc192e
3fe6de73
3fea34a6
3ff18734
3a2e2d3c
3fe62f4c
39325fec
3fcbcdd3
3fd0057d
392de9db
3ffdb14c
3fac97a2
3f999bcc
3ff64bdf
3ff34d69
3fa6a579
3f9311a8
3fb614d3
402072c3
3fbd3248
3fdfef46
3fd18e2b
3fbcf5e6
3f96e03c
3fdc2ff6
3f973868
3f9c2bae
3fbade54
3fb91f4f
3fb39fbf
3fda36ba
400439f8
4009e610
4044cf42
40476604
4045fc70
390195b8
3fe27d69
40052b2a
3faa696d
404b43f6
405d1e0e
40652c35
4060951a
3fdde705
3fbebe68
3febf294
403eefd3
403c7e63
400daf64
404307e8
40879ee7
405ba5f0
3ff9c58b
400c9235
3fd34546
401c21e0
40116521
4062b520
3fdac546
400022ee
4015c0ee
4010bf39
401cffd0
40147da0
3fe1b655
4006dc63
3facd5f4
3fd327b3
400ae721
40180cda
40874079
390cd8b6
3ff6f7f7
400a7510
40098562
3fdb0fa8
400b09df
4000c5c6
4012ce7f
38ec2e1e
4004f2a6
401a41dc
3fe46a12
3ff18256
3fd41d72
3fd026dd
3fdedf3a
3fd75b90
4063a30b
3fbb3b0c
4014518b
3fd9d585
3fd3f7f3
3fc10447
3fb59f86
3fedc343
3f9edd18
3fd14a5c
3fd07dac
3fd8f35e
3ff5fa5e
3f9b0645
3fd31518
3fc55090
3fc32bb4
401ba9b1
4034d229
3fcb478e
401c9863
3fed4310
40101b0a
3fd10ac5
3ffd6e57
3fe2f8cf
3fb830db
4002a40a
3fa8d970
4019d9e1
3ff020fd
3fb47fec
4002e615
3fe3bd6e
401d56de
3fead543
38e73b0a
3fcf85b2
3fe42bf3
3fdec8eb
3fc700e4
3fe51e33
401170a9
3fe3be5e
3fc2c330
38e1c606
3fb9ee2a
3fd2aab6
3ff1c4dc
40095c5d
3fe2c9d1
38f47d5c
3fd6ab74
3992fb9a
4011c035
38ec3580
38d8f445
38f4eb44
38d42483
394702fc
3fcab5b2
3fe02dcf
3fdd83b2
3fe00596
4085b1c4
405c3a71
3f9c0818
3ff0528c
3fd9f200
3ff8c37f
3febbc6e
3fd9b866
3fbb8975
3f898cd4
3fe6744f
3f9e336e
38fdc354
401c838a
40423fb0
3fc09f90
404ba122
38dfb319
3fb6761b
38dff162
40402c70
403c412e
402f7517
3fd26ddc
38d28823
3fe7c6a1
3a51e452
4035d905
3a8892c5
3fd0fabe
38feacca
40561f1c
402fe9be
403ee4a6
40607de6
4049bcd3
38e19d0b
3fe575d5
3fb4b852
4047cef8
3ff70372
3fef797e
400e3979
3fec82b3
3fe339ac
38dcf4a4
3fc4f735
401f0f56
401a5bf2
4032c553
38e5c5ab
4016ecaa
3951fb8f
3992c247
4008d746
3fd92076
3fbc54ea
3fdcc138
3fd4d40a
3fdb124c
4044ced5
404aced2
3fe0209f
3fef7b3b
40458476
400490fb
400abd8c
3fabee00
4016d61c
400dfbda
3fce2ae0
3fdbe634
3fbce04a
3fa3bb2e
3fe29176
38fdc806
3fbb7e5c
3fe98f26
3fe4bd73
40153514
400d879b
3952d78b
39506805
400fdf10
397b45dd
3fc7c1dc
39c7f3d4
39cecdab
39aa3c0e
3fe06301
400f7f72
4026e7ee
40385a78
404bf5b9
40475aa2
4056cfe8
403b8e5a
403a8e4d
3fdc61fc
3fbf77ed
3fe6d48a
3fb7b894
4036ece5
3fb1f7e5
4026f1ae
3fc88d3e
3ff78077
4045a710
4049b4c0
395cdd08
407f0cfe
40193a44
3fa5b66a
38db7961
38db60cd
4021c078
3fe9f8fa
3fe8ce50
3fd079e1
38e11c56
3fd4850c
3fa5d64f
4064aeec
402b329e
4053209a
4038421f
403ea2e9
4038bbe4
3fcfc198
404c263e
403c4d52
402156d2
3f9cab58
401c87ba
4085a195
393dd946
3fa1bdb2
403fe819
3fab6c54
404192a4
4044e3e1
40349c44
407b314b
3fda2072
40472f5b
3fec27bc
3fe8ffe0
3ff7e960
3fd6e14d
3fae8a52
38f82527
3fde2260
400747d0
38e01e5f
40512adc
3fdf9ec3
3ff60925
4008cc63
3f9f8952
3fdfb9c8
3fd40f7a
3fe5fa08
3fe9e566
3fe6537f
400a38ac
38e23ae8
38d2f32b
3fd8057a
400cf024
3fd59c3c
39919759
403d7854
4003b75f
3fe7a57e
408392d8
394114c0
4084f14c
4084191e
4085aeaa
404a0383
4084b540
402ddd6e
4026d56b
4086431e
4019d754
4016fc4f
4015b24e
38deecc3
401f8f89
40461ead
38daedc6
4067ff49
38d247d0
406c27ab
38fa225c
39278cf8
38d4172b
390c0466
39039019
38ddbd10
3a05e4d6
3a071118
405b4fbb
405bee76
3a655c10
405ddf14
3a6a4f16
4051458a
400b9c5a
3fff555d
3fcbdd83
408b43ef
406a12b2
406ba09a
406e7564
4023b572
401d71da
404532b0
3b0f99cc
3b1691b2
3b1ac470
3b1a2d09
3b1776a0
3b12820f
4056358f
3b0b6896
3b08fb77
3b0660bf
3b01a406
4025fd61
406d0bc8
4078fa4c
3ff7982b
3faff11d
3ff7dea4
3fc55c32
3f89eb7a
3fca9540
3fa759b6
3fbb5f96
403a84fe
40318846
40430c25
40417cb8
40308c57
405b5d6d
3fd1e770
400ffdc0
3fbcd614
3a3ebbe3
40485db8
4075c31c
4069e061
406840c0
3fb9ddf3
404caaea
3fe7cbd5
39ddfeda
404cd6ec
404dc2d8
3fd2445e
4054456e
403819f9
3fdf3e06
3fdd0cab
3f9c57e4
403dcf01
3fd1e1c7
3ff46b8c
40285faa
3fc18f89
39102b84
400591a0
3fda75d1
3fbeafcf
4046938b
405ab5f8
3fdc122b
403be2c9
404efe58
4045641c
407cb19a
40165b68
38e1d1fc
40099938
3fc04ddc
3fd18da2
40663d9f
3fe9a997
3fe2ccd9
3bd6b8e8
3fd42165
40353dda
38e475ff
3ff5b9c7
395bcc3d
4053c68f
3fe1f582
39579fd5
400fc76b
40342567
40348695
3fe5aede
3fe03fd5
3fa24ec0
3b0ef981
3ffb9088
403828f0
3ffef952
38de9cdf
4049a76a
40537eaf
407fbc74
3fe45f78
40488806
408584ac
402bb71a
4017f01c
3a059e31
40187f1e
406c5302
39d36e6b
3a028c05
3a0c4d9e
38dbf482
38f87d8a
39022e09
3906a038
390a7506
404607b4
3f0764e5
3fea99ae
3fcf6c15
408b2dfa
3ef52868
3eed6174
40564ea6
401f35e7
3ecefe6d
40109de0
4021e6cc
3ea10bf3
4046a02e
402f1fcd
404a9e9a
40214096
40201472
4035725a
40218d15
3fdd8dc5
3fecf3be
3fdc242a
3faf66b4
4038723d
40225db8
400e8a38
40276fc0
4023d8c8
402a7629
4009dad3
402c1988
3ffcd441
406cf97d
405a310c
3fc5cdfd
3fec9369
3fb63c4b
403e0628
403a4882
4082f93f
408184e0
40861bfb
4028b149
4025501d
402643f2
408547b0
4023aa39
402373de
4020a0b1
401c22d7
40807c53
40713cdf
406a9dd6
406bcb80
406cf541
3fc14045
4073a4b3
4076226e
4065fae4
40538446
405b00cc
401dff46
401ff70a
40765e72
40700798
405d3e98
3fd54c98
3fcce547
403d94f7
406c674a
4080d3b0
40834bf6
408d2ff8
3ff09e26
4046f593
4013569f
40841476
40092c3a
4085d51f
40168799
408a5bf8
40003803
4013e566
4028617c
3ff78381
4083c426
3fdf85d0
3fe3c2ee
4085ba6a
401790a7
407cb5d6
401cdef4
405a6878
38eafd8c
38d1ce01
40062403
3f89c85f
401479f0
3935abd2
4008990f
3ff8717d
38f604c2
38dd309d
40877f5c
3901cd5b
390da9ed
4018a92e
401399d4
38f1f77d
40045670
4015cce2
40169015
38eca6a3
3952fe05
40883e96
4061c9a6
404f4a2c
40864653
4082c04b
3fe6cba8
40868f75
404f80da
40100841
400a96d1
408a80ed
4015819d
408d610b
3ff30b4c
401474e0
3fffbbb9
400b8536
40884f5a
3fe670c4
3fed09b2
407e608f
4015f12c
407de170
401e8246
3fe45750
405b08a4
3915c2f9
391a9442
3f87eb50
4016b282
400ad41d
4022cc40
400762c0
3abdd37d
3b1a70a6
400b8601
405f4138
4090aaf1
3b296037
3aafd13c
40068b77
40178dfb
40197328
400e309c
401d7c22
39173bbc
401f7186
40190cf1
39995be4
39af49cd
4083a0c7
4061d4c0
407b95c3
406db452
4077d21e
407cbac8
40840b21
408339e8
40745434
4077fd30
4085cfb7
4042de78
4073d4e0
40363d69
40629fb6
4075b7fc
40837ce6
4084f74c
4074efa6
40393264
4080538a
40853c9d
407b38ec
4072d64a
40735133
40784fb3
4087150c
40851721
408119bd
40811145
4084f2d5
40873456
406f6cac
40845bb2
408412ff
40235436
40806cbf
4080a23f
40845ff7
4080045f
40474ec6
4083c3a4
4086eb27
404b52b2
40314e66
4054c146
40859391
407c9fa3
4078b5d4
40851204
40826171
4085bf4c
4069d554
401e04f8
408176a4
4053b30e
40884b79
4052046b
4016c103
406e3a21
40880bd5
40772b16
407f80ac
4083477a
40757912
40845384
407730e2
40827b95
40627e23
4043cf4c
404492e0
40869e9e
40602f70
407a20ca
408b0bf5
4084fc62
4071180c
4082edea
40753f4a
408148d8
4009ab24
407746c0
407565e4
40741db2
400ed220
40781928
403de4e4
403a319a
4077d46c
403cf5af
40840ff0
40752bbc
403d0e06
407af50e
407ab532
40635ba0
3fc5c865
405f3758
3fe360d2
4082d579
40379a48
40653470
3fb3c874
403d6066
3fe47c43
3fe09bae
4063083d
4061e6f8
407e74da
3fbcccba
3fb8d3de
4085ea5c
4080df3f
3fb6ea22
3fde73f7
4089b558
3fb3cddf
3fdd1a06
3fcf5298
3fcc0c9b
40808e14
40846633
408b75e2
4085d866
407e409d
407eab70
40031e6b
402739fa
40040480
407a21d8
4083fdc6
4027400c
408323a2
4021d448
4082fd0e
3fec4405
4081e5b9
402783be
40844b3d
402c6d03
40830ef6
40213909
401f5cfa
4021a954
40827af2
407fab64
4028d91c
4020393d
40827545
3fd66d32
3feb69ec
4082f3b8
3ff75bf2
40833681
40808263
4068e69e
3ffe1aae
402f9f5e
401fbc76
407e52fc
40208211
40813fc2
4029fcca
408749e0
40200e7c
401fc1b0
3fb6e038
3fbdf797
4082176e
40213137
3ff8dcb2
4082768d
408548f9
40202120
4022a5d0
4085339e
40831de9
408325bc
40284ecb
40836243
3fedf8dc
3fccd058
40855811
4083f0e7
40846540
40832423
3fd6fee2
3fcce32a
3fdb3c32
3fc45fe8
3fc42cf1
3fd516f7
40725f04
40798859
4069128c
3fe81823
4065d663
3fe3a182
4065f41f
40642ba6
3fffd5f7
4063075d
3fc8f613
3ff56072
3fb286a1
3fc78d23
3fbff9fe
3fc952d9
3fbd31da
3ff77279
3ff8b2fc
3fbdfae4
3fc04690
3fb466f6
3fbf34ca
3fe1ff92
3fdd3f40
3fe65de0
3fdc7bc1
3fd20290
3fd36543
3fba9780
3fa99187
3fabc932
3fac0145
3fbc2ea4
3fd88745
3fd23996
3fbe7b8d
3fbb5c36
3fe94e53
3fc2e860
3fac8a9e
3fb3f004
3fd17ca6
3fb678b8
3fa9f22e
3fda6ad7
3fb76a07
3fc579aa
3fb69d06
3fc9a237
3ff997bc
3fd9658e
3fcbc6e3
3fd67e4e
3fb4c138
3fd6b82b
3faf188c
3fd1318d
3fd3850b
3fb0ca0f
3fad7a4e
3fa9b71a
3fb5ae42
3fd16910
3fb697c4
3fcfff3c
3fbf54ac
3fae0ad6
3fbbe338
3fb24fa4
3fb671e8
3fb811f6
406545d0
407bf71a
40814c3c
407c629d
407597a8
4081039c
402499e6
4082c915
39b1068f
38f68196
407f841a
4032ddd7
40836cf0
4039f54e
40836077
4084206b
40822180
40792b44
401cc6a0
407c4dc2
40829c50
40832e08
399ee720
407bbd00
40821e0e
40863f67
403839ce
38d32620
4072c95c
407494f6
4032dbb2
40796f93
407cbb48
4035c91a
407ceda6
407ad73e
407acdcc
40865813
40855b0d
408213a4
4085fc44
40797474
407efc70
4032d580
408691af
4033bfa7
4080813f
40634ae6
40551fc4
405276dd
405a8bee
4056de7b
4082c56b
401e18ee
401e7572
407e3d18
407df316
408935a3
4082de0c
4052ce92
408ca3f3
408cd51b
403dc1ae
3fb05b41
3fb5bfda
403587c9
3fb06500
408566bd
3fe09feb
3fc58806
405d18fc
40863210
3fd993bb
4086cb73
408782a9
4087fc49
3fdcfc06
40840204
408a15b8
3fe4b8f8
3fe99552
4085a11d
3fbea843
40877808
4081f050
4076a8e0
4027addc
3fd3ddeb
4029867e
4081d8ec
3ffc57ff
3fcfa8cb
3ffa33e4
40834a02
400ddc86
3fce7330
402c5222
40295cfa
3ff30518
3fefc0ef
3fd7263c
3fc319c9
3ffbf41a
3ff74327
3fcb951c
3fc3afd4
4007a29c
3fc4124d
4081a98d
4082c052
40234ca7
4081b6dd
40831dc6
3fe1ca4d
4085929f
3fd6d09f
40851af8
40842036
408386a7
3fe5e602
3fe15247
3fd96819
4002117e
3fd966b9
3fbc58a8
3fba14f9
3fa6e93e
3fa822d6
3fbd884d
3ffbe7e2
3fd4431e
3feb8980
3fdb95f3
3fa0808a
3fe67223
3fa01440
3fab873e
3fd3f0ee
3fcaf154
3fd22c9f
3fb538fd
3fa949fe
3fa6e649
3fd0df7c
3fcda323
3fcb28a3
3fb247ab
3fdaea06
3fb3dae4
3fc15478
3fcbe781
3fc19626
3fbc6574
3fb7f6f6
3fcc7eb4
3fc82387
3fc3aa42
3fb023ba
3fbac274
3fac3f48
3fd78592
3fa5dbdc
3fa5cc6d
3fbc50d7
3fbad893
3faa5a9e
3fa4fa91
3fa6f324
3fbcc230
3fa3c93e
3fb9cc79
3fd04a7e
3fa8a10a
3faaee54
3f9dcb98
3fd3c6d4
3fa8bae0
3fb4adf8
3fba95de
3fa69f22
3fa9d0a6
3fa42998
3fb81182
3faae56e
3fcac76a
3a42db90
407ab498
406f5274
3a14783a
407accd9
4076ff62
40817e07
40833ccf
406bb0f7
4077d5c0
406ebab2
407b8a84
401db3c6
39e2fdac
3a01e368
39d0747b
4072296a
407bfec3
407b7d69
40813e00
40839e2f
40757f2d
4038401c
391517d2
392b57cd
39534d89
40750fd2
401e1492
4017f1c7
4035420d
3efdb893
3ef6cb34
4081d333
40804c42
40854f42
407c393a
40435034
404181da
40829636
4076e554
40803450
4087bc6c
40748f6c
4086c69b
4087adb2
407ab7f0
4077c072
4039581c
404b6f70
40859880
40387444
4086e832
407b086c
40853feb
40875f64
40368870
407c9af2
4080848c
4084fa87
405c94c9
404f4a4e
404e18e7
404efe00
3fb6363a
4084f43b
4084a37e
4062009e
40626918
40827228
402bdbf2
4025856f
4029d664
402b5779
3fbde29a
4084a01e
40846306
3fe52ddd
3ff88b75
3fdeeedf
40230558
3fd2d8de
40251964
401f5fcd
3fb99b04
3fc16cb2
3ff5be41
3fc9e93c
3fc0c9f8
3ffb3196
3fcc761a
40138e27
3ff022f5
3ff6f3b6
3fd3d5c4
3fc8f4d9
400969bc
3fd5688a
400d1a39
4012c8de
3fcd202c
4006b304
40243ab3
3fe282a3
3fc43175
401fa337
40233630
40050ae6
4005a604
3fc456d9
3fbe7e58
3fd06482
3fb7d04c
40892bef
3fb58dae
4015f7b8
40178462
3fed598a
3fee4e97
3fecf0e9
3fe4408c
4008a45f
3fe81555
3fd9d381
3fd5c53f
3fd71013
3fd3fb2a
3fd9ca3f
4002f4f7
3fcd9dcb
3fc7ad00
3fd2267e
3fe5e685
40077d7b
3ffc16cb
3fe92db8
3fedc11c
3feed3e5
3fffeba2
40039a3c
3ffef3d7
3fbfb0c2
3fa71c6c
3f9e34f8
3fbf3b5c
3fa80dd6
3fe96323
3fc49b52
3fb0bdf9
3fee344a
3fbdd1a4
3ff812b7
3fc7bf1d
3fe5c8bc
3fe115bd
3fe13bf2
3fea5f06
3fe251ba
3fbae3ca
3fe612df
3fe88b27
3fbc6814
3fa403bb
3fdf2c14
3ff479e5
3fa22006
3fe39f6a
3fd172aa
3fcc1d4a
3fd9594f
3fb8183c
3fe94ea2
3fd7dc5c
3fbb6882
3fd18c84
3fe9e057
3fd3029f
3fc48e82
3fd1b428
3fd2e718
3fa03238
3fd36432
3fa2bc20
3fa5f5b5
3fe565f8
3fc23351
3fbee494
3fab86c6
3fbe9456
3fbde8c8
3fb9c669
3fad6848
3fa9284e
3f9ef41c
3fb8074e
3fad01c4
3fb27b34
3fa5654b
3fa47b6b
3fb7dc56
3f9f08a0
3faf6244
3fa0b386
3fb90830
3fbdd9dc
3fa6efe8
3fa05032
3fb8438c
3fdb20d7
3fb900b6
3fa5c5e8
3fb826d8
3fa7d765
3fa24766
3fd344bb
3fabfb70
3f9c6935
3f9be35a
3fa80dca
3fb4ecfd
3fb1e253
3fc5cb3d
3fb9cd62
3fc22ec0
3fb63118
3fb5ef29
3fe4abc4
3fa4c18c
3fa21294
3fe5467e
3fe03a3e
3fdaca92
3fadeecf
3fdfafff
3fa68602
3fe10f1a
3f9ce792
3f98f8c1
3fdbba5f
3fb4fbbe
3fb563a0
3fa071f0
3f9e12f4
3fe0c51c
3f9b7ea8
3fb26401
3fc42316
3fad2709
407cd551
407c3c2c
407f114c
408155ab
40803145
4080c412
40811830
40739342
40812829
408218e3
4082ae0a
4075d56a
407fae2b
4082230d
4082647d
403efea2
407d746c
40870f8d
4082bf65
408173c5
40898bd0
4086c06d
408743c8
40800118
407cc4d7
40811c93
40771b00
4080ab20
407cb0f8
403b5d6e
40395f4d
408937d3
407f7029
4089f15e
407f55b4
4084b2ea
407fb239
407d2a32
40818198
407f18a3
4064048e
4061331a
407cd74e
40636399
40867173
40831d65
4085928b
4082a19b
4080b7c7
3fe1d11d
4089b284
3fddd120
4083a2a3
40685569
4088b6f6
40880744
40811cb5
4080eae1
407dfca3
40839648
408f379a
407f6096
407e1f40
408271cf
4083cfb5
40846488
3fb31f98
4083d7a6
40824bcb
4066abaf
4083635b
4083a788
406894a3
4083633d
4084c340
3fe77925
4060de3a
40812025
3fe755c6
40853810
3fdfe4d3
40296475
3fde3c6a
402cb91b
402b5410
3fcc2226
402d4eea
3fcf5663
3fcebcbb
402d6e8e
402afe7c
402bb575
3fdaa45c
403032f3
40251fe9
4028be6e
40258ee9
3fc9a926
3fc4797e
40278ed5
3ff578c0
3fd1ee32
4021e53a
4022bb58
40177b83
3fb62d67
402127dc
3fb570a6
4022fca6
3fdf58e4
40233f0c
3fafb53b
3fd9d8e7
3fae2e3f
4006fc32
3fad060a
3faa1f6a
3fc3b960
3fb77314
3fb927e6
3ff4b044
3fbd9304
3fe1d370
3fb96710
3fb56800
3fa4a618
3fb67731
3fb463ae
3fd97a04
3fd18c7a
3fcd3fd9
3fd66090
3fb74220
3fb43eb3
3fcd4ebe
3fcf507e
3faf4620
3fdd0fcc
3fd2e8e0
3fa9dd7c
3fa400f6
3fc4b8d7
3fbe555a
3fbcdd16
3fd93f72
3fa5b04c
3f9e549c
3fb5b8b5
3fa82443
3f9a979d
3fe93bcd
3fb34b8f
3f9cd690
3f9db0c0
3fa2be91
3f9dd3c2
3f9dc4c0
3f942cb7
3f923758
3faa25ab
3faaa274
3faad044
3fc68dcb
3fad072d
3f91d4a2
3fc4cd28
3fac7e26
3f8db5b3
3fab543c
3f9c74aa
3fa76ece
3fc59a3b
3fa3bd24
3facf008
3fc1204c
3fb76aea
3f8ec9d9
3faa3e38
407b9350
407ef5e4
407411e4
40816948
408683f1
4083cf85
408159c2
4081baa6
40810b6e
407865fe
407f87ac
4086b9ff
40829d7a
40800fe0
4085219b
40824d6e
4085b843
407616bb
408614d2
3fd7bda3
407ab946
40831e5e
40772584
407ad798
4074cf8c
407ac6e8
40838550
40797448
3fdb9b8e
4084316e
4068d961
407e0d3b
40804c42
3fd66dae
402c8e0b
3ff12488
4082265a
3ff721a7
40805322
4030bc1e
3fd18f3b
4027d312
407e82c2
4024d1c0
40305cce
402f3694
402323fa
4021a5f2
40257075
40277ea4
402b3438
4081f531
40201e5a
3fbdc4d9
40220620
40244b1d
40823313
40839a26
40256984
402420f1
3fa9b526
3fa642dc
3ff10fe4
3fd14e2d
3fc379d5
3faad18a
3fa70dd2
3fe0474a
3fc17cc5
3fdf88e4
3fc70b87
3fae6c34
3faa4760
3faae8e5
3fa7844e
3f91b58e
3f9ac2d2
3fce823e
3fce1320
3f8fa5a8
3fc81523
3fbee6be
3fccac2f
3fdd8918
3fdd7f48
3fd0e66d
3fb364a8
3fcd5191
3f9e2466
3fb12444
3f949a52
3fe188ce
3f852b68
3fb226ae
3fb35f0e
3f8947f6
3fba3df0
3fe4630b
3f85a068
3fb209a2
3fdda2c6
3fde4f4d
3f89cc12
3f81cbe3
3fbc14f2
3f86faa7
3f7e4e78
3fca8645
3fb8e3fd
3f9102bc
3f863712
4024a9c2
3f87fe74
3f923bb6
3f88a15c
3fc39c2e
3fe28678
3f8590fc
3f80f504
3fe62565
3f84d2dc
3f8212e9
3f82a4de
3fda20ba
3f835cde
402453bc
3fc999a0
3f8997ee
4024f5ad
3a7a002e
3a805ec3
3a8319fd
3fda0574
3fddcf4a
3feb7a8a
3fde8ce2
3fb40c58
3fd67508
3acff73f
3ae24663
3aefe4e9
3af4964e
3fa49ada
3fb16ba6
3ae906b9
3b042772
3fd58bb5
3fd82468
3fb1f7cf
3fc5f5f3
3fd0ccce
3b57cdc0
3b54216a
3fba658c
3b354e08
3b18df61
3fcd0e1a
3abf806f
3a9b2f45
3fd662fe
3a3032c8
39e7bc79
3fdb3365
39184a62
3fdb37a6
3923daba
3905fe9e
38fac4e7
3fd7ee20
390e0c9f
39220642
3fdc5812
3946d89d
3fd911f3
3951552d
39451a7c
3fcede37
3fd89d2c
3fdafcfe
40350359
40563289
3fd37360
38e40783
3fdcb972
3fcb5463
3fc0a46a
3fd0e598
396e8869
393d1f7a
3fce0e04
4036e890
3a11a959
39cde3ef
397345aa
38ea8b5e
3fcee3c4
3907ac80
3fd20e78
3fc98492
4082a591
3fd9a91a
3fbd3a39
3fa04ade
3f9e1799
4086fae2
407f3cfe
3ff60479
40238eee
402521fa
3fce80d3
3fb832a5
3fb4fcd2
3fd0a536
3fdafaf5
392c38ce
3fd3606c
3fd9ff23
39d7ae76
3fcacc98
3fceda8c
39c834f2
3fb5f210
397e07db
3fad9666
3fec6f63
3fc576f0
3fb56b2a
3fd81db7
3fb9de4c
3fa0d582
3fad08dd
3fa2c135
3fb1a208
3fa4538d
3fa421fd
405c3a66
3ff815e4
40189ab1
4004339e
3fce093d
3fd1a812
3fcee26c
3fb05fc6
3fa4e5d1
3f9c3bc2
3fa0a534
3f8fa6e9
3fa2fe5a
3f969ed5
3f96629e
3f98d980
3f914e7b
3f917e80
3f8d3e86
3f9f16d6
3f950cd8
3e590301
3fd455a9
3e0b9a0c
3dd2088e
3d95a665
3d485166
3cf98f9f
3c949fc6
3c38a48a
3fd1e538
3fe297f2
3c4f441f
3fdc4dc5
3fd4b71e
3cbfa6a4
3fcd1150
3fd5abad
3f9e33bf
3f9d99d6
3ff6edc7
3fe6cfe2
3ce39cfc
3cc406f7
401bb60c
3f9df192
3f9b6214
4021ced7
3fa1c017
3fa39800
3ffc27be
400180bd
3ff210b7
3fca9286
3fd5b65c
3fc0e9c5
3fa9b952
3f9fc64a
3fa7c898
3f957f79
3f894218
3fe9db97
3fd65b94
3fb20250
3faf8068
3fa9607b
3fa677e4
3f9879a4
3fa57110
3f8d74c0
3f8d1b20
3f86092c
3f8d0d08
3f898564
3f91e8ee
3f890b52
3f8a2930
4009b86f
3ff233b3
3fbcaa16
3fbf8abb
3fae8146
3fad6339
3fb31b08
3fa72ae7
3f9bf080
3f9914ce
3f85bf9e
3f900caa
3f8733d0
3f887cdb
3f870f0c
3f97e5c2
3f849b80
3f88e130
3f974829
3fea0af0
3feb0673
3fccbf38
3fb6b742
3fb2f642
3fb079f3
3fabc0e0
3fb13bc7
3fad96f4
3f9f23e6
3f99500e
3fa689fb
3f937e7e
3f964d71
3f9668e4
3f8bf2b4
3f9081d9
3f8c172e
3f876c14
40141706
40762ee6
3fafb7cc
3fb4d41d
3fa59b75
3f9a8086
3fa5939e
3f97475e
3f8a8228
3f862660
3f8efc7c
3f87a471
3fb7a2e3
3f8653d2
3f86480e
4085d116
3fbbd970
3fc86d08
3fb3cdce
3fb16c6e
3f91e58f
3f87ef6d
3f973a72
40581c2f
3fd99fa3
3fcba87f
3fc0d8b7
401af945
3ff4c014
3a033f4d
3fd17c40
3fcd7b83
38ee8391
3faefc52
3fce7c18
3faf6315
3fd268df
3ff246c1
3fcdf8d9
3fb72329
3faef7c0
3f9c5e26
3fe9651f
3fe1ae13
3fcd19cf
3f975eb1
406a65dc
3fb2453e
3f9661d8
3f9c146d
3f8436f7
3f866a1e
3fab5884
3f898276
3f88e721
3f9774a0
3f8be1f8
3fb046a3
3f9ee8c8
3f8b3d12
3f880ca0
3f8d33d0
3f9166da
3f84722c
3ff698ca
3ff52210
3f90b8ce
3febe727
3fa999c0
3f88c764
406db9a2
3fb4c1a4
3ff1c7ca
3fed8ac4
3fe1397c
3fac52e0
3f9725da
3fea9087
3fddbb09
3fe09560
3ff095ad
3fd1b36c
3fb00018
3fc6d138
3fcd7bc9
3fdcbecc
3fddf559
3fdc6a6c
3fcde8df
3911df32
3f9ff7d6
38f9c00d
3fabe31f
3fa44f6c
3fccb80f
3fd1f2d6
3fb41c48
3f91726b
394b2931
3f9d60c3
3fd33f3e
3fbfead1
3fa9862d
3f9c4421
3f82a0fc
3ff148b7
3fb2b3cc
3fb6f620
3f8815ee
3fb4b42c
3f891a5e
3fbea462
3fa32cf7
3f8c2d5c
3f85b0b2
3fc1c57a
3fd5eac4
3fc0593c
3ffdee6f
3fbff3b1
3f8b9a46
3f8f1df6
3f919bfc
3f8c64d6
3f8bd80a
3ff27394
3fcc3d42
3fef126b
3fd2da00
3fbcc5da
3f9a0e6c
3f95c09d
3fb16b5f
3f892a28
3fc4a2f8
38f0273e
399906c6
3fd00cba
3fa2a962
3fdc71e6
3919d2f7
3fb7c336
3fab272e
3f9cce98
4010431a
38d3576f
3fd456e8
3f9eaac4
3fdaad70
38d2fac1
3f9a9f46
396f91cd
400821bd
3fa04cc0
3ffbb5b2
3f9ea1bd
3fb88e34
3f8cc6f7
3f86f668
3f85e64f
3fb8dca0
3fc85d0e
3f9f49a4
3f867878
3ff5f562
3f826356
3f850e18
3f886d4c
3ff07c58
3fce0d51
3fa52578
401e5882
3fdd9233
3fa62a93
3fb38372
3f8976b7
3f835d52
3f8c31f0
3fab94c5
3fb29d4a
3ff7ce5d
3fa27c68
3fd34595
3fe7cf7e
3f807842
3f8932e8
3fc07427
3fb4ef24
3fce7512
3fc6a4fe
3fdb6066
3fcd8a9f
3fed2f6f
3fbf615f
3fee857e
3fd46d1c
3fc7aefa
3f82e374
4028a58e
4028a883
4000a5a0
3fb7284e
40383584
3932d4a7
39029aaa
391dd78a
38d2fadb
3ff8bfab
3fbbe224
3fa4f051
3fa9f49a
3fc0770c
3f88ce78
3902bcb6
38ea7340
3fd2ab83
3fb168b8
3fa46fb6
3fdea914
3fb25428
3fa5a3b9
3f90c5ec
3fbcc887
3f86ddf6
3f889da6
3fa19c77
3fbc2aea
3fcdd4c0
3fe6023c
3fafc0b4
3fcd142e
3f90576e
3fe6e557
3fd535dc
3faf66f8
3f87af92
4021a000
3fd88588
3fcb15e0
3f9c7740
3fcd6dcd
38ec2ca1
400caf1b
3fe67141
3fead78e
3ae44920
3fde859a
40101cff
404483b8
401f65bd
40047c7d
3fcf8a08
3feed65c
40096509
401a7972
4015bde6
390ae73a
3fc479b7
3fd40966
3fd016ce
40023495
3fcc67d3
3fa0ad6a
3fba3014
3fc67465
3fcc07a5
3fa46763
3fe97657
3f9592e4
3fd08b5c
3fb15000
3906ea2a
3f9b0aae
3fe4d0fb
3fe931ec
3fe769e0
3fa21570
3f9d9c1c
3f8471fa
4006c55e
3f8b631a
3f974ee6
3f8ec5c2
3fba399a
3f9b0cc6
3f993003
3fb7cc18
3f9bd434
3f8b5b4c
3fc47e50
3fd7447e
3fd0f188
3fec1d7c
4004540a
400b0039
3f855c88
3fb4aeee
3f8044b2
401a6922
3ffa4f19
3fb58e00
39986146
40608ae6
404d50f7
401628d1
3ffbf130
40368930
3fcf6562
3fcb2c00
39fb4041
3fd751e5
39022554
3fd4409b
3fec90a8
406fd942
3fb730d6
3fdf36a8
40096e7b
3f71ff78
391944f9
3fceb08c
3fb9d81a
3f9a626c
3fbba005
3ff3cce6
3fd8bcea
3fbfc518
3fd005f9
3fb4a94e
3fdf08a8
4015e5ec
3f846aa8
3fbb1328
3a326366
38f4af6d
3fc5ab64
3f9dac9a
3fab2afb
40434c2b
403e9192
3fe59b47
3fdfb22e
3fbdb78a
3fd2b242
38e52824
3fc675d4
3909db67
38d3fa15
3fccda6a
4059c284
40621a50
406fca34
408394ee
4083a1dd
4080cd03
408480e9
4083d58b
403c3376
405ebe8b
4013cef5
40051815
40430490
40447910
4054e5f6
40553d9a
406eb866
40607813
403f1b8e
4070385b
402ce5af
40200ec7
3fdc0f6e
3fd5ad36
3fe8052c
3ffe9092
3fbd4cda
3fcb5ac7
3fcccbad
405b6c4e
4022102b
39e9510e
3fd3ae2e
40622cf6
3fc56d5c
3f9d51ac
3f8fbda3
3fd0ee09
3f86ae00
3a002a0e
3fb60a67
3fbaeb04
3fdf9a7b
3fc5752a
406ac71d
3fe57170
3fc62c75
3f9a8f50
3fc6c6c1
3ff68dec
401eabde
3fd3ab0e
40175f83
39aad111
3fe9bb96
401f27ad
3f8d2b08
3fcaee78
3fcc9b12
3fd6207a
3fea6d2c
4037f2be
3fe0c738
3f87f614
4041150a
400aa210
3fd239c0
3a0fd9c3
3a143ade
3a14ec8e
3a120f1a
4002dd0d
3fc7b69d
3fefb4b0
3fe8d516
3fd67536
3a43245d
406ada06
407e6a87
400cedad
4064f9bc
406bbe48
407ec9ec
404754c1
400268d2
3fd24c80
400afc83
40161c0a
3fe45478
3fd5d212
3b415b18
3fc69c33
3b4b6a46
401b6231
3fc8d6d2
3f9c9313
3f9cf4b8
3f90617b
3fcd6eba
3fabdef8
3fb78fe8
3f9c1e4c
3f8b46d0
3941f9c2
3fec1916
3fe51b3c
3f9c15c5
3fe77441
3fdee169
3fea0539
3fb26cf6
3983e240
3fa44b48
3fe73e5f
3faf4d06
405d2ce7
4082e194
40452aaa
400b4de5
3f81bde2
3fb22390
400024ea
3fc683bf
403b1d6e
400607b9
4084603f
3977ba32
40055d33
402bce3e
400b1f09
401d7aae
4016a9df
401cb461
3fd16770
396a9c65
3fb1e774
3fd1e8c6
3fca237d
3fc8bd9d
3fc9a4ac
3fdd2708
3ff2664f
3f9e17ac
3fcac42d
3fca171a
3f8c0086
3f8e665a
3feee5aa
3fa702fc
3fd905e6
3fe325fb
3a3c4da9
3fdfe036
3f97fb28
4023327f
3a6b00c8
396ace4e
3fbf011c
3ffddca7
3fbdc761
4023a7c3
38d8f193
4082143f
40128078
405a656e
40044cce
3fc31cd2
395494b5
3feb264d
3977e303
4083cedc
400a0649
3f8be72e
401b4000
40078444
3fe6051f
4006d22e
390ec57d
4055c57c
4030ac71
40096dec
405b2ada
403dcb26
3fe97cbe
40189712
4012f40c
400e9ef2
40066212
4004f95d
40138f8d
3ee01ad6
3fce9c90
3fcbe947
3ffc12c5
3fa2ae8c
3fd0b1ca
3fcd01eb
3fd70e78
3f9d99ee
3faf5e86
408883e4
3dabaaed
3fb8c6eb
3f9251ce
3f86eeb4
3fb3699e
3c8d40b4
4020c671
3fd060d0
403a4864
400477cd
404201fd
40390c6b
3cc7aae4
3fbb700a
3fb7cd1a
4007d34b
404d293a
4007de54
3ff1726d
3fd60215
3fbb7184
3ff8668d
4009500a
40120196
40182258
4077c65c
4084f04a
3c8910e3
3fdd6040
3faa55db
400ac52a
400b2a63
3fe1b3ee
4001f0bc
3ff3e263
401d4c92
3fb32510
40833fbc
3fc89c24
3fcb5f2c
3fd8d332
3fa5884e
3fbec03b
401d47a6
3fc04626
3fdd56aa
3fd0fefb
400878a9
3ffcdf17
3ff37110
3fe73a41
4024802f
405ed6a3
405e7fda
3fa946ae
408510f0
40847d96
405d9db0
3fc8486e
400ec2cf
40786fcc
40864144
404e986c
3fea07b5
40163ffc
392ed0a9
403d79a0
404a9cca
4002d819
4083b12b
4056f627
408797cc
400aebd0
3910520a
4032f713
4086a94e
3feeae8d
4086c25e
404a8d04
3fd382e7
401135b1
40162916
3fa01e78
3f9e1fc6
3fe85452
3fb99181
3fabe44b
3fb24ca4
3f9029c2
3f88d630
3fd63027
3fa0dd8c
3fbddb68
3fb7e906
3f8bb25d
401f53b4
3fb78250
3fa53834
3f80c3c6
4041aafb
393da98a
3fb1d6e6
38d56986
3f91b815
3ffa9dc2
403b3323
40839624
40020604
3fe1dd32
3fca2fdc
3fd6c685
4021118f
3f8b077e
390fa888
3fc2114e
3fd281b8
3fa5f53e
391c17c9
38e7e8f9
408396ba
3a017c46
4051da5a
400772a5
3fd12e5c
3fb316f4
3f8c0c5a
3feea1a5
400ad818
3ff0177d
407b47a9
405b9900
3fcd9c4d
3fed5601
3fe61234
3b07a3eb
3fbd9cf0
3ff10b53
3feab2ac
3fab6314
3f9d2f5a
4018ba05
3f94f822
3ff4edcb
4017f3cd
3fed9437
3fe0ea7f
3f9a740e
3fd13b7d
3fb461da
3fbd85f4
3fbeb0ce
3f9c912c
390c4fcd
39ed1b76
3feaccef
40102972
40044470
40429642
400f5b7b
40459801
39642f08
3f98d3bf
40109b95
4020ef2e
40146ce8
3fcc05ee
40140d8c
3fddc949
3fee7c04
3fda9560
403eee50
400be4ff
40463816
407eaa31
3fd0a9c4
4081fa8a
3fe4e4b2
3fe21d57
40017f45
3fb1399c
3fe3e951
4083227d
4053157d
3ff084fa
4011f51e
4004665f
4026b883
400525b5
3ffa8538
400cc44a
4087b4cc
3fdad4d8
3fb5f318
3ffa971c
3fde377d
400976e3
38ea7a38
4009b7a5
40014127
3fd91da3
4083b838
4006d9f0
40476ee1
40037be2
401f8261
400bb078
403e1fea
3fe1893e
3fd2cd4e
3fd1080a
3fdd8dec
38d63c33
38e386ec
3fb8cbcc
4016c483
3fdf6d5c
3fda2cdd
400803ba
3fc4860a
3fbefeee
3ff41488
3ff17418
3fb02d68
3fd662db
3fbe13b6
3fa1c2ea
3fa0ef1a
3fd61af9
3feadee0
3fcb8e77
3fafe3bc
392a85d6
4045f594
40379116
39173295
3fd05a2a
401ef7fc
4034b91e
3964b869
3a139354
3fbb420c
3ff49b7c
401120ab
40092f9c
401ca761
3f9bb4d6
391a275d
394297de
39402c2b
39684f7a
39027de8
3903b3b1
3fe6bae8
3fc58a02
3fdf7c78
3fc46fd6
3fb194f1
3f93de81
3fe59673
400db946
400941a6
3fe0eec6
3fbdfe2a
3fd0cb24
4009743d
3fe4465e
3a233f9e
3ff0e6ee
3ffef069
3fcfd66c
3fdaab98
3fb5ff41
3fb8fc20
3fc746e7
400f7bf6
39caa5ee
3f9d6aad
3fdcc30d
3f9cb081
3fbe3439
3fe8e55e
3fb9dc06
3f9d1aea
3faf7f7b
3f9d8ceb
3f87539c
3a7c518b
3fa9011a
3b6caf7f
3fe25a2c
3f9ebd64
3bb2e511
3fb597d8
4016b4c5
403bc17f
3fd3f050
3fccf494
3ff199ff
40355750
404cb033
40641447
3964eb49
40358b9b
400c8e72
403e89e6
3fb26e43
404d67f2
3aff6914
3fe28570
400d3c30
3fba8a76
3fcb01f0
38eae686
400430e8
3fca2e4a
3ff0ca46
3a8d3d79
39bbbd0d
4006c12d
3fcfb46a
3fb721bc
3fdddc47
3fa4ef8c
3fc3c856
40203e3c
40809e34
3fe5d526
40054fe0
38d45efd
400c0fdc
40168a60
3fbdda00
391c29a7
38d333fd
3fa90d40
3fac90ce
3fec5376
3fb8433c
3ad7e246
3ab373e6
3ff2e0d1
3a19834a
406985fa
40843a86
3fdf7c65
3ff1414a
4052d9c6
3fdd5ba8
3fe30614
3ffabec7
39e18a56
3fae0784
40434dc0
3fec4c12
3a333b94
3a2d6fa7
3a15b461
39ea5bdd
4088b303
407dcff9
3fa518be
39027737
38fce4ac
38f3e772
3fa3e97e
3ff8cfa9
400086cd
3fb2fce2
3f855676
3f9226b2
3fc7ceb3
3fb037a9
3fb063ce
395cf2f4
3931cef5
3f9c236e
3fe62ba0
39434d16
3fb7dbee
3fcdea9e
40639efd
40124126
400d8e77
3fe3caea
3fabb52b
4036d252
406be968
39470941
3fd49b2e
3fa9842d
3fdded70
3fd43372
3ff469fe
405c3e54
4035d18d
407aa210
3faac2b1
3fa5f412
408a82ea
40464940
4055115e
3fd53782
4027008e
3fdf97b7
3fce74fb
3fdc82cf
3ff42bdf
400a5f6c
38de3d7d
3faa23c4
3fae9f5e
4008a189
4035fdba
40178331
3fd13b67
3fb662af
4034ba97
3febd8a4
3fc56971
3fe4340d
400a7ef9
3991e080
3fbfe16d
38d35e35
3faed574
3f9f9a12
3fe4c668
39aaa86f
3b1bef84
3fad1f18
3922782e
3fe76491
4015a31f
38d2fe57
4083ec05
408647d1
4084bae9
404984a4
4030ecd6
4028a27f
4086c74e
3955d66c
39306a5f
39237cc0
4087d243
396ed7cb
3990db0d
38d7ce40
38f586bb
38d6603b
406bef33
38fbfb98
38d71781
38d4c558
38f886d9
390b5cfa
395b9b7a
3a59eacf
405b839e
3ae1ba50
40587474
4052118c
400b8faf
3fe4e7d2
406c91ce
38e40741
392163eb
394cdaad
39cd2ec4
39fcee2e
39d3ac65
39759f70
38d450dc
394dacc8
39239c8c
3972ef12
3fe818a8
4027384b
3fb410d2
40285eb9
3fafbc66
39b0cade
3fd364cc
3f86f303
3fd10715
3fc74e9d
3f8a6ada
3fbc446c
3febade2
3ff50203
3fb76261
3fef20a3
3ffa4321
406012a3
40602439
4074f960
40677eec
3fb60e2a
404cd44b
396ae7c5
4034ebaf
405e05d7
3ffa66a5
39bf3674
3fb6543b
3f869f2c
40509213
3fc5d14f
3fc59d7c
3fe9245b
3fe6d5f0
405bd98e
398729fc
405a6dba
404ed766
3fddfa3f
3a275510
40782422
40168236
4063f2ab
40681f56
3fbc142e
3fc304c0
4046fa78
3fe39016
4015ca2a
3fed2e48
3faf5201
3fedcfef
3b36a29c
3ff4b168
3b3d15a9
4055d608
3fdf76bf
3f9d5130
3b00960a
3fe32585
4010603f
3fcb719e
403f3d39
40612589
3fd59cee
40163f04
38f385a4
38ff977d
3fdffa4b
39001a7a
3fbe9bfc
3fadc7a4
40415a88
40370e2f
4055d875
39ad46ff
38ebfb2d
40864f03
402e067b
390abcde
402c69ea
397838ef
3900e6d5
38efb2b5
38e7e7c7
3950c088
39867ede
39739ae5
39574e28
39458215
393618c8
391dc798
38f8c668
391faa98
3904e992
405950dc
39713c83
39110074
38e0dc61
38f953bf
3fcc014c
39960582
395d328c
4017edf6
4034689e
39106892
390f9b7f
390349c4
391ade39
3902d64f
3fa6a16c
3fd35f96
3fa45860
3a78bc34
39e82526
39e66b15
3a0c7b27
3a85363d
391cbe60
39aa0c61
3928f58e
3fe0ff27
4026de48
3fee8edf
3faf16c0
403d7278
4025fb14
402c9531
401de97f
402229b6
3fd43a7e
3fd89cc2
3ffa77a7
403dfac9
407e44b8
401dd8f6
3ff0f358
405443f7
405d1f38
4054236f
40545020
405ba11c
4019fe49
4082b69f
4024123f
405a6500
4062d43c
4063c8cf
407bf7ca
403d0012
407edc4b
408146bd
3ee2a388
3ed7df7c
3eca8d4f
3fb52e26
3ead1cf0
3fc4d982
3fb2eb3f
3faf0e16
3f956164
3f9deee4
3f9f9d9a
3fae2d1c
3fb4cfdc
3fc66f2a
40098fb3
3d02b9a8
40284bca
40043dc0
3fd5e194
3fd55864
3fdbc4ff
3ca15d10
4065b0fa
40469f22
40141e8e
40046b9b
405fdd06
3fba2092
4022a8a4
40409053
3ffd8fc4
3c145dee
3fe42cea
3fd26a94
402abe23
405f3f98
3fb526aa
3ff5aac6
4010b192
4014db32
3fbe565f
405457c8
4018914b
400824ae
400c3eef
3ff18e00
4057fa32
3fb1e996
3fc142c6
3fbcaf0e
4034435a
404ad327
3fa71626
403bea02
3c0bc35b
3fa8f1e4
3f97595c
3feed176
3b60849e
405f6672
40403bfa
40106a46
4086fda2
3fe5682f
3fe4018c
3fbbeada
3ff714fa
4083b417
3f9d136c
4049b104
38f65357
392b30ef
3fbdbb20
40168216
39163031
3fdbb3fc
3fc8cbe9
39750078
4085e38a
3fe89530
3fe1d61a
393c56ea
4084245b
404a77ea
4085cc14
395cf347
38e907a1
38f4bb7b
38d3c489
3fad1948
3fbb1416
3a099dfe
404cd487
4054f58e
40374444
3f9f9938
403b418e
4034bdf6
3fe7256c
3fe3283e
408556b4
3af71f8c
3b845ce1
3bd69916
3c270a6d
3c58b5bb
3c6dfd4f
402dfd7a
3fdf5dc7
4038a837
4020fef0
401ead38
401d4f6e
403e0555
3f9f0013
3fde8fb0
39a2f425
38f1ea2a
392770f7
38e5ee30
39233fe4
404fd066
3fee9292
3fe11fbd
39a53ff8
391d902c
38edce2f
39c93ce6
403a455c
40800dd4
406bc1f7
40768d24
403c8e9c
4037304b
403ee07b
3fd06be4
408204fb
40725ba0
408413bf
40560ef6
4081fd40
3faa3de6
3fa6f48e
3fb5c8e4
408445db
3fe80cff
3f9d598a
3fd4f80f
3fa83f5c
3fb01ac4
3fda5715
4024ac1d
3f936491
3fa6cfca
3fa84e06
3fb27d82
3fbbeab1
3fbe2e68
401d70ed
3fd16a57
407b2331
40891c52
4013d6cc
4000b2e0
3fc82a62
3fedd8c8
40592ce8
3feeb558
3ff17773
398a269f
40195cd9
3fee494c
40068861
400d4ad8
400bc462
39a68618
4084f598
3ffae509
3ff30f7e
39057360
40147a1a
400a9732
400e53e6
3950e1e8
39634fd1
40030284
38d50998
38f88e9c
4082237c
38e445c1
3fc7c5d7
408b0969
4084fc32
4088435d
40795993
394ad760
40125f0b
38d48230
38de1de0
407190d4
407f669f
40061478
3fc968df
39c2b20e
3900af1b
40283856
4022c0e9
3fc3ec97
4084122b
40864c32
40820b59
400f5397
3fdd630f
3fee9fae
3fd02cd1
3fedaf83
40535c93
401b8968
3fee539b
3ff01381
401aeaf8
40864ec0
3fe59a59
4014e38e
38e75afa
3ffd2735
39c54511
400bb4fa
39aca0c6
400ab73c
3b30fafb
38d6562d
40813295
38d5f95c
4077efc2
408586fa
407f3b64
400606f5
40837f11
4082e076
394cae13
40162d88
3960ff73
396b658f
407ec876
38dc8b56
4089ca44
3fe77912
400c8d73
407d37b9
38f18ec1
39366946
4088d1ad
4084aab2
40831d7d
40837707
3fc86f2e
40825bf7
406477c4
40859191
40874d8d
40630ce4
40637a3e
406501d5
40863352
408a0a7f
40640152
408b20d7
4062f63e
4082e6f4
401102d8
3fe62337
40865ac4
4060e136
406d0800
408871e1
406adf00
406e1d5e
40703d65
40605620
3fe3787c
3fe7e9e4
3ff9abea
4002fa06
4022d1f3
3fd25237
3fce9991
3fd20fb8
4022e48a
3fcff0c7
3fd9333f
3fddd554
3fdeef13
3fe5d399
3fcab016
4002be01
400690b2
40021aa0
3fbee4e8
3fbe3bbc
40031a05
4001c385
3fb6dae1
40147886
3ff18f44
3fb5fbec
4013142a
401363e7
3facddfc
3fc818be
40132295
3fb05d0c
3fdb68e4
3fd20775
3fd21b5e
3fa88ccb
400c8c32
3faa8abb
3ffd330b
3ffd9b2f
3faede90
3ff9f588
3faa8bb0
3fe49af8
3fedf763
3fa57864
3fad8906
3f9e1e47
3f9f8dcc
3ff393ad
3f9d828b
3fc8a369
3fd772b2
3fa29f34
3fcf0392
3fcd8dc9
3fcc2d71
3fcfbcb4
3fa27b02
3fce7235
3fce3090
3fa69bae
3fa43665
3fa25536
3fd07800
3fd6a308
3fa3a452
3fcedc7a
3faba477
3fc7f446
3fd02888
3fc3ef82
3fb9d437
3fb5b4d2
3fbb44b5
3fb20fb0
3faface4
3fc6c6f0
3fb6d7dc
3fc578a9
3fac41c8
3fb23838
3fad391b
3fa787e6
3fa8db2c
3fa20f00
3fbbb151
3fb16bb0
3fafb2f2
3facd298
3fa62e1f
3f9b8cd0
3fa06caa
3fc88ef4
3fb3207e
3fd363c8
3f992fd3
3fc92dae
3fb4f454
3f9b6628
3f97df7c
3fb77d8a
3f9c037c
3fc1c65e
3fa20015
3fbfb53b
3fa8bc73
3fafa1b7
3fbdb1d4
3f9bdf04
3fbcf7d6
3fc5ccf2
3fbe63ff
3fc3589c
3fb08bb8
3faa7aea
3fa88ac8
3fab21e7
3f9c3be4
3fce87f8
3f9f6c17
3f926b84
3f95e7d6
3f9e9da8
3fa07c30
3f9107d6
3f851b3c
3fb84a5c
3fde69a7
3fb64fd7
3fb16a50
3f924b0a
3fdd7302
3fbf6d24
3f92d3a8
3f9cdc46
3fc371b6
3f96c334
3f90744c
3fdd175a
3f967d12
3fdd7e70
3f8662a2
3f9bab56
3f9ad6c4
3fde690a
3fe18de1
3f9834ca
3fde610f
3fdf8da8
3fa46bee
3f9c3098
3fe16a7e
3fde15ac
3f825826
3fbdf92d
3f8973f6
3fdea0e5
3f8ee1f3
3f86805c
3fb8b00f
3f7ed4ec
3f856dc5
3fa42162
3f834877
3f873f54
3f99f766
3fe7a487
3ff25046
3fb08d3a
3f823196
3f829c8e
3fe72ddc
3fa435ba
3fe84384
3fb7d758
3f9fdfd4
3fb73db6
3fe58cca
3fcd2ad4
3fb38224
3f917f75
3f8537a4
3f834cc2
3f7b85d0
3fe97d12
3f8acc66
3fc5472c
3f8075ba
3fb5dc96
3fe5f304
3f7b85be
3fd75607
3fac68ee
3f8b0d8c
3f9b10d5
3fe70740
3fe4a1de
3f841090
3f87ec76
3fc9a144
3f8a220a
3fb15220
3fa9f0d4
3f79ef90
3f84088e
3fd30a32
3fe8b827
3f953432
3f869730
3f8056c1
3ff80679
3fc15e7b
3f895547
3f806134
3fc3da58
4078405e
407c8f8e
4083118a
4084fce3
40838324
40752b6e
408514b2
406d2b56
407535ee
407eaa1a
407f91d8
40835543
3fe2ba5e
40817bfa
408c3214
3fe254f7
4080dbc4
408562f9
4075b8ba
40829a12
4080320c
408621f9
3fe52b00
3fde9480
408a3135
3fe3be24
407c343e
3fda7a32
407b6a95
4077ec70
3fe409fe
4084e22d
407e74f2
40877cb1
4083f237
408035c1
4084ed5d
3fd9baf4
4082a419
406864e4
3af6a044
40688d94
408037b8
40716dbc
407fb40e
4082f6b2
3b30723c
4067e406
402ab286
3fe931cb
402b89de
40677ba6
406c8792
4026247e
3fe04aab
40279386
3fdbad4c
3febc097
3fe66626
3fdc9012
40280a1b
3fcb1f70
401812bd
3fe00afa
40225058
40216965
3fc1ccda
3fd3c7c3
3fc421c3
3fe5c951
3fb3d848
3fd8c95d
3fb19674
3fce068c
3fae55fa
3fad117e
3fa9f058
3fff03f8
3fab89aa
3fb575b0
3fa8a6a9
3ff5ce76
3facf331
3fb21f2a
3fbdf910
3fb0e484
3fa7f71a
3fd326a1
3fb947d7
3fcd2696
3fd243f8
3fd2fa2a
3fd17a52
3fb4bcd8
3f9e01e0
3fc2832a
3fb362b0
3fade2af
3fc7f2f5
3fafca50
3fc8c19b
3fa85254
3f950632
3fb5a6eb
3f9be67a
3faf52d4
3fc6addf
3fb5d3a0
3faee14b
3fa5bd01
3f8d75b6
3fa67799
3fa66812
3fa0b164
3f97707a
3f902cfc
3f8e22ac
3f8cc818
3fc78509
3faf4216
3fc2fd6f
3f9c0302
3fc653a6
3f8ba042
3fc2a9dc
3fb0ff10
3f8ce97c
3f882912
3fb0e114
3fab4edc
3fac7ae4
3fbbf0fc
3f929aaa
3fab9dcb
3f8cb56a
3fc238db
3fdcb5fa
3fc053c1
3fdecf29
3fd98341
3fddbc12
3f9df0e2
3fcc11d0
3fbd25de
3fd674d5
3f9c17e3
3f9536cc
3f9661e8
3fddb79c
3fa55a72
3fe08ab3
3f946f02
3f924de6
3f889e74
3fdeb6a3
3fdf5146
3fe031e4
3f8a3e8a
3f9996e0
3f99f26e
3f9a26ba
3fa74386
3f846a56
3fd1a437
3f986f36
3fe72324
3f86bb3a
3fe86304
3fcfca37
3feb1839
3fe66fcf
3fe8f3f1
3fec6684
3f8270d8
3ff58223
3fff5ce2
3fe27370
3f85b3ae
3fcf8139
3f83d45e
3f85bcaf
3f82d22a
3c6b345b
3fd32ee2
3fd60644
3fec0057
3fab9fb0
3f852fbc
3fd3b97b
3f842102
3f79f65e
3c5a502f
3feeef9e
3f9c6b2b
3fd426d4
3ff10c62
3fb20d1e
3fa131d0
3fee7e35
3fc2d726
3f8f7804
3f819cfe
3f7ea456
3fc91b04
3f9ac944
3fb3ee63
3fa9c1c5
3f9c603c
3f82ce40
3f959998
3f8028f4
3f8523ce
3f83741e
3fec7e83
3fabacb0
3f9197cb
3f88c59d
3f8418d3
3fd6742e
3f93b854
3f82bbfc
3f80c10a
3f8363e4
3fa3a994
3fc334fe
3f84ce10
3faca344
3f704ebe
3fdf840b
3fc2252e
3961ca7e
3fb23cda
3f94b8ea
3f7ab054
3ff13332
3f7400c2
3f849e16
3f7ba15e
399be0da
3903ea6f
3f7fb65d
398b6142
3f8febdf
3f7e64ec
3fae7efa
3f8cf9b4
3f7c8cf8
3cdd5ad9
3ced2c38
3fadd93a
3f82ae44
3f7267f0
3ff098ef
3fc17a79
3f79b702
3f844b66
38d6b514
3a26ba3a
3ab6750d
40833ce6
40868dc6
4082ed0c
408787ef
40825af6
407fd97a
407cdce4
4067e573
4079dd6a
4087d7d9
4082e169
40829820
4083632b
408b2d21
3fdd48a6
40872aab
408495ce
391f556e
407c2460
407d3d20
407f7e46
4081a3a6
406657c5
408527ea
406ac4b4
40800ad5
406a614c
38d8ea40
4082dd39
4082fe6a
4026ceaf
40286a5a
4027a254
402ca21e
402e08f9
3ff9be66
402f0bec
4026810e
3fe301cb
3fde30da
3fcc31f2
4015f10d
3fd19120
3fcf5438
3fcda114
3fcacd6a
3fdb2516
3fc11016
39919df3
4018360a
40043649
400413f0
3ff80031
3ff0483b
400ca6da
3fb189ae
3fad8b2c
3facaaa0
3fa81a68
3fac1204
3ffe82c8
3fced4a5
3fad22ea
3fa9644b
3f9d9170
3fe64981
3fe57dda
3fe4ea22
3fbc228d
3fd3b86c
3f999901
3f97deeb
3fae8b78
3f99d464
3f9ad0f8
3fae8769
3f94cb8a
3f9887e0
3f94e4be
3fd88cd8
3f94b43a
3f9beb5e
3fbf6f5c
3fd57ebc
3fd5e2a7
3fc55531
3fa53d4c
3fa34c96
3fc026c5
3f94ab5a
3fc2f4d9
3fbecd38
3905ec8c
3fb99d67
3fbca895
3fcb8716
3fc82e2a
3fcbe454
3f92b13a
3fba8fcb
3fbc818b
3fb7853c
3fa41061
3fb5aef2
3fb383ca
3f9debea
3fa5af4a
3fa5d406
3fa71c48
3fb0e6d9
3faf0260
3fad16b2
3fb576e6
3f9831cc
3f9ec1d6
3f8d6f54
3f9aa35f
3fafef0a
3f9d520f
3f8eef30
3fbc90f4
3faa7c48
3f92021f
3fc3e98b
3fae5c44
3fa80737
3fc6d178
3fc6e85c
3fe07884
3fc067e3
3fbc8c28
3fc17ff7
3fe128ad
3fa30bdf
3fd8faf2
3f914bf6
3f86bca6
3fdf501e
3fdc05d6
3fdcb73a
3fd0a724
3f91d5ea
3f9cb0e2
3fde2620
3fd7ddf0
3f9c5c49
3f9deb47
3f9c07ed
3fd11eba
3f980171
3f950cf7
3f807056
3fdedeee
3fd4abc2
3fa83469
3fa6d46a
3f989d2d
3fd64f10
3f98834f
3f88c0b6
3fcd4520
3fe16d6f
3fe1802e
3fbe8675
3f83586b
3f875088
3fcbb3bf
3f86fe7a
3fc77a8f
3feb9c28
3fc4d086
3f85acf8
3fa95f4a
3f81baae
3f86a5f6
3f85372e
3fc139fe
3fd2b0b5
3f9fc13c
3f821188
3fd1e964
3fcfce42
3f80c8e3
3a0a588c
3fee18b7
3fe34bb1
3fee2a63
3f892736
3f99b1ac
3fec900d
3f84313a
3fd09c52
3f874440
3f82d2ea
3f9bb653
38f6425c
3fd1047f
38e7eccd
3fd8108b
398ebede
3f8784b1
392bf4ff
38f076ec
3f956dc6
3fd1f8d9
3fdccf16
3fc8e5fa
3fd4ff42
3fd01ea4
3f90f88c
3f7ba0b2
3fdba3fb
3fc8e146
3fac127c
3f8228e6
3fd9eca6
3a16584d
3f72e904
3a889ed3
3fae42fa
3fdd1f28
3b2dbd19
3f94081c
3f6ac798
3faeba8d
3f937aa2
397703ea
399c53a1
3f8c1132
3f7720a4
3a95558b
3ff74424
3f6f97b0
3b8dc183
3f8d981e
3f859513
3f70f50e
3ab93df4
3a6a2603
3f8b3a6c
3f8691c3
3a5d1ee4
3fb9a570
3f731e70
4019b668
400edb68
3a98ef9f
3aa0da3a
3fad04b6
3f91676f
3f6f817c
3a7bd8fb
3a4f293c
3a211e7c
39f28ce8
40002412
3f83160f
3f744c56
3f6fdd3a
39346456
393e58ba
3fb1f7cb
3fcd2977
3f6dd3dc
3980d38b
3ff2abbd
3f83ada7
39760c91
3fb82635
3ff6fdd9
3f7138f8
3f7026a0
3fc4714c
3903db8b
3914e88e
394474d0
3978a044
3ffce273
3ff8b773
3f878416
3f8583c0
3f813dd8
3fc0b73f
3fd2caf2
3fcfd997
3ff1b633
3f8191a2
397ec7d1
3f7d64e0
3fee119b
401157c6
3ffea6b9
3f8602c2
3f7c9064
3f7a0c44
3f6e6ba2
3ff9c661
390d6d1a
3fe8cd5f
3f8a6ee2
3909aff2
3fe8aac6
3feb1762
3f7f0d12
3f7c14fe
3fec83ec
3fe433be
3f80d38b
3f6805e8
38d49f9e
38f247ae
40000706
3fe9eda5
3fef2e16
3f8b0484
3f801c0a
408449aa
4083c32c
4085302f
4088e320
40873f0d
3fe173f6
4083aae5
40876e83
4086ffe7
4073c2ff
406b6ee1
40899d79
402c2a3d
40281f7c
4027a47d
402efad4
402d5343
40267a7d
3fe4c0f5
3ff8d5b2
40273479
3fda2840
3fbf09f5
3fce5ca6
3fb9ad36
3fcd010e
3fd0665f
3fd056b2
3fce5c9c
3ffc370b
3fa1586c
3f9eef28
3fd53ae2
3fac3506
3fdcdb66
3fc3f2a2
3f955b04
3fc81002
3fad285c
3fee7bde
3fc7f26c
39e26894
3915066f
3900bb3e
3fc2fa6e
393ac5ba
3fe76435
3fc61a99
3fedecdd
3fc5d0bd
3fc7d42b
3ff4ca37
3feb7c0e
3fe908fc
3fde1771
3fe99311
3fe2cae5
3f9bdc6e
3fdfc542
3fe450e5
3fe10d48
3fde3b99
3fdee32a
38df178b
38e12e9d
3fccb921
3929b182
3f89e3a6
3fd2536a
3f7fb2b2
3f800662
3f7fecbc
3f83eed6
38dfc51e
3f8a5c90
3fef5736
3f848b80
3feb8207
3fd789a2
3fec18bd
3f8609fe
3fc54571
3ff1b5f8
3fd827c9
3f83d6a2
3fdebb10
3fdc8613
3fdce33e
3fdf90a8
3fadf814
3901ac5f
39064816
3fb581aa
3905b11f
3944dda5
3fae495c
3fd6b256
3a0c0692
3fd548e3
3a600f70
3ff428cd
3fe432da
3ff480af
3fe83d2a
3f76fb4c
3f6eed3e
3af430aa
3f8693d8
3ff4d0a5
3ffa52c7
40005af2
3ffd37b9
3f741f30
4000f61d
3f746be6
3ae1e244
3fd0b32b
3fcf4b05
3ff9c7cd
3fb368c1
3ff47d00
3ffa6157
38db7db5
3fd53975
3f7813e8
3f750704
38d4f0d1
3fdb6f3a
3ff23cfa
3f777594
400752e5
3f6b3482
3fee3351
3ffb2591
3fe707cc
3fe14c42
3fed8929
40025329
3ffd5632
3fc5e2ec
3fe3188e
390715b7
3f800a76
3fbad32e
3fe48c8c
3ff8964f
3fbbd902
3fb67fc2
3fed7e72
3feafd91
38fb784e
3fc9d894
39197671
4002537a
3fb82ac8
3fca2207
3fcecc1e
3f76f3e0
3fe9b3cc
3fe56ad3
3a35043d
3fff8d2b
3fdaffff
3f7fe052
3f7deb82
3911d09f
38d6ac70
40020f4a
3fd8f36e
400b30a1
3f6dd65e
39041198
39699941
3f7d89d4
3a30657d
3ffb76e1
3fbbddbf
3fdad978
38fc47cc
3fd661ee
3f6be78e
3fc3d21b
3fe2a82f
4003797b
393f0d62
3f67ea02
39024545
3fbaa882
3908758b
3906c0f4
38db5992
3f70da06
3fe13218
3f66f1f2
3fd8a8aa
3902f486
3fd17f00
3ad6071f
3aa9f088
3fd916a8
390ef50d
3fd7f578
3fdc5dda
3fdf4d18
3ef1699f
3ef37823
3fd86712
3ef1a3d5
3eed135e
3ee646a6
3fdd6af4
3fd076d3
3ec3f28b
3fd53bff
3fd7e2f4
3e9386de
3e816b35
3fccce2a
3e3b7056
3e1a6989
3dfb719f
3dcaa561
3fcb6dac
3fd50f82
3d536082
3fd0e417
3fde7a34
3cdce6e3
3cac4a26
3c80fc6b
3c3bbae9
3c0aeb6f
3be99cbb
3fd6c185
3c0ba634
3c289e23
3fd2b9da
3c4c6701
3c472ed4
3c353513
3c1e23c9
3fd90c90
3c023e31
3c08e2a7
3c1b8059
3fd49990
3c41c2ff
3fdbf6c2
3c3a3e8a
3fdd4b36
3c1e1a81
3fd59100
3c1b1db1
3c22d30d
3c2cd675
3c365782
3fd8b352
3c41d0bb
3c41bad7
3c3d7c0a
3c34fa0b
3c288c81
3fcbc7c6
3c06edb0
3fad290e
3bb89f71
3fd9134d
3fcce71c
3fae0aba
4086faa0
40688f7a
406e2290
3ff0e034
40248ef1
3ffde40a
3f9f9601
3fa04460
3fce39f0
3fd4bce9
3fda5a3c
393576b7
39931672
3fd62f22
3fd16874
39b51e1c
39a2d54f
3fcbec44
38e94e4d
3a119ec7
39895a01
395de7bc
3fa0228f
3fdd44e7
40692486
404230d4
40435d66
4057c2a4
405e2c30
406aa43a
3fe6ff43
3ffce503
3ff1a052
3fd65a45
3fc82186
3fd698f2
3fb7c358
40050c7d
3fad0b5f
3fb672f3
3fb178d5
3fa01ed4
3f90fe32
3f9705c8
3f8feb3c
3f867ea0
3f89a964
3f81fdda
3f8b1994
3f91cd31
3f984e31
3f96dbf0
3f822a42
3fd4fb1a
39c2e474
3a34b569
39092eef
3962a16b
38e70cd0
39865482
3fddfc27
39100568
39d8c3ba
3fdd7695
390d8553
3fbaac2c
3fc4c4b2
3fa9925a
3ffa9e58
3fd76296
3fe37ae1
3953b818
3fd9eb08
3a015f68
401a07bf
3f9f307a
3f9c570a
405d2954
4022a685
3ff31d44
3fa5f9f4
3fa20c78
3fa38556
3fa10694
3fa09258
3fd993ed
3feee27b
3faba1f2
3fbb8a48
3fa7b23a
3f86400c
3f99c376
3f9b77b0
3f81abd9
3901d01a
406cf0b6
3fea9ce2
3fce8c5f
3fcc0368
3fae1d82
3fa7c85e
3f9ca032
3f8abc2c
3f84cae4
3f8709d5
3f88fdbc
3ff92788
3fcd323e
3fac57dd
3face2af
3fb32bad
3fa5bb7a
3fadb3eb
3f9e948a
3fa52a52
3f97d300
3f9973ac
3f89f9f8
3f8c3cd2
3f9b605b
3f8814f4
3fea55bc
3fbe94f4
400a8d39
3fec3a31
3fd07fe3
3fbb0ec8
3fb3f15f
3f9fba3b
3f9d6d12
3f91ec94
3f8bb767
3f964228
3f80e462
3ffe1548
3fb070e4
3fae5b3e
3fa750f8
3f8ebb0c
3f879ed6
3f85df0c
3f8765bb
3f883275
3f887052
3fbcb1b3
3fa92f32
3f853112
3fbc1f56
3fae9b86
3fb2542a
3fb1a540
3f9c8bb4
3f8cfdae
3f88c220
3f9a810a
3f9739c2
40581044
3fcbe20c
3ff5a0ed
3facd24e
3fd43d86
392f465a
392f77e3
3906c866
3fa769fc
3fae8924
40673004
4015fa17
3faf0584
3fa0c3d4
3fdb9b19
3fd50280
3fcd9dee
3fb4dd1c
3fb979fc
3fa7a45e
3fac291e
3f9d8f05
3f8f7498
3f9f03cc
3fbc16f1
3f7f195e
3fa62400
3f9a9ce3
3f84bfd6
3fc7c2a8
3f8be298
3febcb5c
3fdd9c7d
3f9d746d
3f90ff6a
3f83a561
3f856793
3f846ab1
3ff3d49f
3f86cd3c
3fb13674
406c9ce6
405d2968
4009938e
3fb8489e
3fd4787a
3fc9cc27
3fb55fc8
3ff52f10
38f3d75f
38edbe7b
402ad932
3fe3bd48
3fe9e5c6
3b12a798
3ff01dff
3f8f1b0c
3a60d6c4
3fb4c82a
3fdafd6f
3fcdacea
3fdee5cf
3ff1a59f
3fa59334
3fa02969
3fcc121d
3f9f7940
3f9dcd9c
3fa10c33
3fc67e99
3fb8b7ea
3f92929c
39d4c18c
3fb483e8
406b0b48
406c1cae
3fcc42f0
3f850ec6
4058e9cf
3faa631c
3fb9870a
3f98463b
3f8d5362
3fa49aab
3f9bbdbc
3f903fd0
3f8aac0a
3f8a67dc
3f81a4bd
3fdb998f
3fbc3486
3fa6dca4
3fa55274
3ffd9769
3fbea584
3f96a8f6
3f898424
400c4100
406c2eb8
3feebef3
404927a6
404422de
3f9a289c
3fd6fe56
3fb9bdd6
3f9fc30c
3f9774c8
3fb01d8b
3f8f1231
3fc94a84
3a8677f7
3b01e395
3b842567
3b77ffc1
3fa3bd00
3f9d491a
4013cf88
3fd4bd9a
3fea857c
3fd2e294
3fcc0a34
3fa0413b
3fdc7ba0
401ebfe1
3fc285d6
40651d6c
3f8154ea
3f83afc1
3f9de59d
3fc1ff26
3f8866fa
3f8b2358
3fd4c8cb
3f9d2ac4
3f849df2
3f81f11f
3fa073ae
3f89d2ec
401ea9af
406c1c83
405cb6ac
3fcc6d71
3fb51ddc
3fa5e42e
3fbe7fbe
3fd66afa
3fbb13a2
3f91703f
3f939bb7
3fb5e822
3fd6cfba
3fdc08d2
3fbace75
3fa0814a
3f83d43e
3f7ecd5e
3f7e478e
3fd31471
3fd1b2b9
3968ea54
396988ae
396c6f98
3fd5dc1e
3974b1d0
3976002e
3fbc4a56
3fbad5e9
3fc65736
3f9be4e0
3fd3b039
3fb05aeb
3f87e370
3f875e64
3fbadcc4
3fa93ef8
3f84cc08
3fe731ec
400acb19
3fab75a9
3fce3d44
3f85dd86
3fa9203f
3fd1d2d4
3fc1767c
3fa07cfb
3feb4144
3f852377
3faea292
3fe6db38
406a3dd0
3ffb69f0
3f9ac470
3ff07648
3fb95589
391e510c
3fdfc165
3fbaf93e
401e27b7
3feebb74
4004665c
3fc0e0a6
401f6d28
3fbf0d47
3fe47d55
3fc12567
38dbe687
3fcf37ae
3fd4c9f8
40540436
38d767d0
38eba8f8
3ff35d75
3fbbfba4
3fa04793
3f9965f0
3f833d0a
3fd5b22a
3fbe1c80
406b242b
3fdcc1d3
4008510b
3fd350ca
3f86831a
403e70c9
400d8f2e
3fbf68a6
3fbcfbec
3f9c4e72
4064fa87
3fc0a1bf
3f7358f4
3f8123f2
3fd615cb
3ffe59fc
3fd2c93e
3f9baa88
40032490
40033184
401f5355
3fd03d16
3fc6c396
38f8209f
38d5bcdd
401fc163
3ff0d198
3fadf428
3989645f
3ff2cd9f
405d1910
4053aaac
401550dd
4015722f
3ff89076
3fefdfef
3ffc4960
40154c4f
4013006a
3fce1880
406b8c42
39ba7d56
39a12815
397738c8
38fa7b98
3fecb41a
39041d57
3ff43ccf
3fbac32e
3fdb2cb4
3fbc23f0
4066c996
4013ebd6
3ff7eb3a
3faedc24
3fada736
3f843cee
3ff54c0d
3fc5be5f
3fea2753
3fb22bf9
3fafbe86
4015401f
406403c3
4069a9c9
3feb4793
3fcbdf79
3fa0baa8
403ef153
3fd01be6
3f7c7e82
391a27a9
40624185
403a3946
40793396
4069362c
402881ca
4005c8c9
401fdf9b
4040e65a
406425cd
402a63b5
3fe99632
3ff1aa7b
403e92ce
400455d4
3fdfb65e
3fcc3621
403c88d4
3ff311c2
3fbfb2b4
401f98f5
3ffe8e3d
3fd7c83c
3fa478c1
3fef9761
3fda6f87
3fcdabb4
3fcfa46c
3f97cd9e
3fabd39e
3f83aa73
3fafb83a
3ff4cfb4
3af5e7d5
406b6fbc
3fda108e
3fab471e
3fe5bc0b
3f80b4e8
3fd295c8
4017e05d
3febbced
4069fac0
4068df52
3fcbda04
3fccad5a
401f845b
3fe9f560
3fc59f19
4016b520
3fe41661
3fa4b380
3fd278ec
401f9417
3fe0f13a
3ff184e1
3fe79ab4
3fd3d254
40275b08
3fef47b8
4066c916
40058b65
400cbe75
3fddb5eb
401d7495
3fd1cf49
398352c6
3fcc73a7
3fba5497
3fc659c2
3fd76172
3fdddc2b
3fc893b2
3f9e3780
3f9a3086
3f99d2f4
3fb1b08d
3ff39fef
3fda42f6
3feaff3b
4014dc9f
3fd64443
3f7b3586
3fcd1381
3fe55478
3f9f8876
393f20f0
40225644
3996468f
39d3a245
3feac16c
405853a8
3fd0e3d2
3fe4b1f0
3fb2d650
4057bd16
405e2dfc
3fffb6ae
4000d519
403b466e
4001a4c4
4015ee7b
3957a260
38e7451b
3ff9ab28
3fc2b5c6
3fca7828
3fc36e00
3fcbd592
3fa4e288
405d7a54
3fdb0c02
3fa57446
3f9da4f4
3fd88f98
3f8cc0ac
3940416a
40645658
3f8bb8a2
3f899cc7
3f991c10
3fed6e2d
38fe7c08
3fe0c31a
39abf11d
3fbf309a
402379c2
406456e4
40032e70
3fc1ca3e
3fe189c6
3fdf2060
3fd6a7cc
3fea506e
3eec2886
401cbb77
401b918b
3fe5b2ce
40098325
4019b307
3fa291fa
4010c4f3
3fff50ee
401d95ce
3e42f1fe
3e228d4c
3fcd7944
3fcc9a7d
3ffa9b9b
3fc56a18
3f9e70ea
3fd6d462
3fe16778
3fca8c48
3f9ee49c
3faffd40
3fb0799f
4020d596
3f9f719e
3fd996ab
3f881c7b
3fa1cd4c
4059e591
3f85edf4
3fa0bade
3fa102f9
3febccc1
3ff64deb
3fd6581a
4024bb69
40051dfc
401ef8aa
40199eca
3c13a8ec
3feabb5c
3fbd32be
401e101e
3fdcb89c
3fd96c9a
3fbcfa06
4008abc0
404d2fbe
40188e7c
3f9db8be
3fc7d2be
402162e8
3feb34e7
3c1ce992
4009efec
40182ab3
3bd6afa3
3bada4a7
3f6f9046
3fe5f9e4
3f65f4e4
3fe0fb10
3faed6e0
4019d51c
3f6fa04e
40099765
4004b803
3b36b3c9
3f9763de
3ff634e7
3fb24b46
3f7c71ca
3fc4a681
3fc6f999
3ff44d33
3fd942e2
3f86381e
3f95219a
401d1b3e
3fd0f0e7
4008f2f1
40000914
3fb1278a
3ff94d6d
400fa709
405d814c
40594340
402b9d5b
3fa7cb60
3ff332c6
3ff8c91d
40359eee
404e398b
3fef0905
3f80231e
3b0c60ed
3ffbb912
3ff6bc53
3ffa68c8
4051591a
3ff8e860
4002f137
3db97a7a
3dc4107a
3ff5b5b1
3d987e8c
3d59b0ab
3d13b289
3fdf57f1
3ff046fe
3c8f24a9
3c2e1a40
3b984a43
3aa42fb3
3fd381ea
401667fc
3ffb5f7d
3ffa42d8
3faf4045
4002082f
3fa1f6ea
3fdbe300
3fc23d62
3fe7b20c
3ff859e0
3f943c38
3ff4d778
40137fca
3f8c355c
3fea894f
3fb2e098
3906fb12
3fb6ec64
3fa66696
40404d00
38e7df84
3faf2e2d
3fd057a0
3f95e6e4
404e9edc
3fad8280
403b96cc
400112b5
3fcf5b86
3f9100fb
3fe1e93c
3f8823e4
3aaf4215
40027add
3fd35b1b
3fbe757c
3fb3477a
3fe3f18b
4007c21e
40125f11
3f778c20
3fe77394
38fa5da0
3aa5f973
3fe4e660
3920ce20
3981f960
3fe4c418
3901ed16
39a6565b
40072a77
40069908
38f4ce34
3fce6d62
38d2b48b
3fbe1694
3f7273f2
3f96b214
3f9dd6c8
3ff905fe
3ff45ac2
3fac9ef0
3f977038
3fb07d12
3f9a42e4
40174df3
3fc6514f
3ff81ead
3fdcd23a
3fb55fe7
4010ae7b
3f9e71de
3fb01a2f
3f8628a9
4002c9f3
3fabfb2f
405ecc2f
4020eb2a
3fdc7996
3fbb76a9
3febc88a
4045da21
4083f148
407e9c21
400c09d2
3feb754e
3fd56f92
3ff058d3
401ece48
3ff0235b
3fe43520
3fe16a5e
3fefa67a
39608a94
400c495a
3f660658
400de47c
3951cd1d
3fb4d7a2
40844093
38f4f541
400ab7ce
3ff48505
38dc9a8c
390af0b8
390e817c
4000a4e3
3ffaea0f
38ea586c
38e1b957
38e77f22
38dcc565
38d5a67c
38f31263
40024156
397cc1f8
400f9fd8
400c5c7f
3ff3896e
3fce29cd
3fd43d92
400e3106
3fba0e36
4017c755
3ffb438f
3fdc694f
3fc0d2d6
3f889774
3fb8561d
3fb880fc
3fbdf9c0
3fd5006d
3fd32b35
3fd20912
3fbe4ba1
3fd3123c
3f8ed810
40381345
3fe13bf4
3faaad26
3fc82e04
3afbd769
3fc80b1a
3ff85101
3fa1a7cb
3fb86420
3fc1c454
40042c48
38ffbd21
38d29e28
3fbb5739
3ff0305d
3913d48e
38ed8a9c
401c839a
3f987cbc
3fe65474
393429bf
3a0fdeee
38eb59f2
3959058b
3fe4ab3b
3fe3897f
3fb1a42d
4011336b
3f93a8b0
3fe3723c
3a048228
38eafd80
40114339
38dd3657
3980647d
3a04a3cd
3a0dedf4
3fd8c6ab
38dbb675
400964fe
3fe087d4
3b01b69e
3fd45261
3ffc2044
3fd21054
3fb7fe71
3fc2fa64
3fd40dc1
3fb5d5c4
3b3302cb
3fd392ac
3f9d71b6
3fdce61e
3fab2c42
3f98f165
3fb572b5
3fa23b46
3f7a5cd0
3fa201b9
3f8f17c0
3fd6b813
391fa546
3fa73581
3fa363a7
3fd566c3
38d1cc27
38eef71c
3fb1c98b
3fb3d8c6
3fd712b4
3f6cf53e
3f6e0304
3fd3cfe4
404da63c
3b4402d9
3ff1229a
3fe1cb1b
404cda42
3ff9da56
3fa7decc
405f5aec
3fb9165e
3ff605a4
3ff7f5af
401ef4a6
404ce9af
3f65594a
3f718394
3feef7a1
38fe8a0c
3fdffd85
3907238b
38de0414
39c8f30e
3fc3df0e
3fc40063
3f8aff09
4007039c
40158eef
3fe5e33e
3ad5f963
3fd7df9c
3fbb6aa3
3fdd9eb8
3fd219b6
3a45d681
3a74ea07
3a33db01
3fda3b20
3fab4696
3fa60a24
3fb69f43
3fec3c59
3fefa650
3fe4d6f5
401658e4
3fe4aaec
3a571fd0
40853f25
3ff130eb
4002bf21
3fe946f4
3fdec53a
3faf527a
3fbac6f8
3fef074f
3ff8bf7d
3ff1dc65
3955f970
3fac15b2
3fe92733
39474ff8
3fc32a8f
3ff68379
401b6187
3fa48c08
395d4a3a
3fa35a62
3fa8eca8
3f950c6f
3f82b630
3f9d7272
3faf1a6b
3f8b86c5
3f7cdcc2
39284859
40130fc0
403be5b8
402227d6
3fa0b677
400e5396
3ff3b87e
3fab39fb
3fed2504
3fdaca20
4054ec40
3f4f3aa8
4013c785
3ff341ec
3935a791
38dc71f7
3fae034c
3faf578d
3fd668d2
390b1706
39d0afb1
391c0589
3fdf0442
3fd09178
408211ee
3fdae0d1
3fde7d07
38ebc623
38e2a191
3903bedc
38f4cd13
38d24ada
40347707
3feb5133
38d3a58a
3fe8b2b6
38f1066f
3fe06976
3fe4325e
400b2a2a
38ec97b6
392882e1
39348ad5
3925bb88
390daacb
38d53c87
400f942c
3f97dd3e
3fae6086
3fd8006c
3ff27664
3fb66adf
38db6e7e
38f98e7d
3911e987
3fd695c9
38f810b6
3fa7e924
38d965fb
38d45979
3fabb73c
3fad3e57
38d80bdb
3feada03
393cdea7
40002308
4085eeee
4085016f
404c1214
39d6d9cf
3996bad5
40869861
4022718a
3ab34b0a
40179fea
3ade678c
4087a90c
3a1c80b5
39d1fe67
4016e39d
397d77db
3941c56b
38da78d7
391b06a4
3923e983
39afbf7e
39b6f97c
39630106
38f58373
38d2bac4
392f199d
39a11104
40559d68
3a1f4ab0
40015e3d
401a9c48
40181cb2
406b5377
3ac3b48a
3aedd177
38d1e9b2
38f328e1
390f3ad9
391ef0ba
3925c18d
39277123
39263853
3fdab7b6
3f8ee832
3ff52895
3f8d0f0e
3f86d326
3f8c2c1a
3fb95c51
3f8b0188
3f93392a
3f8bcc46
3fdf74e2
38ec366a
3f9e5587
3ff65e9a
3fb70d71
3f679034
3fbb8ea3
403c7315
3fbaa474
405a0ede
3fdbe337
402756c1
3fdcb886
3fc59d4d
4004f0bd
408980df
3ff419fa
3faf1f46
404f6438
3fdbd5e4
3a61011c
3a7e1026
4016f140
3ffc0389
400512ca
4007d3c1
3fb7ca47
3fb6cb7e
407b3285
401df67c
4050dd18
3b0a9b22
3afd4b68
3ad76819
4016f5a5
3fad8f4c
3fc8d365
3a03b01e
3f996efe
3fec1a28
3fe60f28
3fec49cf
3ac64e59
403e5b9c
3fcdb30c
40132df7
3fe29a29
3943f125
3988bcbf
3fa166ec
3fe17ae5
3fc1633c
3facaa21
3a105034
39a7f4b0
392b8900
3981b7f5
38fa4ca3
39040b66
38d3190e
39244cfc
3fa27a4c
40308014
38d590eb
40434642
3900d028
390c4eee
3fb6a262
391b097a
38fa2165
40477f2a
4085ef4c
38db9e06
402c3d08
38d2793b
4012263e
3916eb64
39dcafc5
39c80e29
3a0e01e3
3a5e6c82
3a945e9f
3a9a9a66
3a77d7d6
3a15d9b5
396e9b79
390fef12
38e18973
38dff542
38fc5b6d
38d4b9da
4036fc3e
4015bdd9
4032a6ee
39315e8e
3934fc46
39291718
395635bc
38ec7fa3
3fa8be59
38e1c7ce
38f6a024
394207d8
4036ab2b
390d80aa
38d4e239
390cb8c1
392ef5af
391a40b8
3fe031ec
4024d364
3fb565dc
40273536
3fd5a4f4
3fe2f3b6
3fc77e42
4025b73c
40225738
3fd9d264
3fd37cd2
4054046c
401ba78b
405cf24f
407af4c4
3fb97f38
401dc49c
4054408e
40817698
4061498e
40638824
407d454e
403c0d1d
3fd730ba
3e9a2e52
3fb8d24d
3fd99e71
402504d7
3fda59fe
3fa8dd07
3fb350f4
3f9c556e
3faf8f8a
3f9a9aba
3fa13029
3fae1e49
3fd3d035
3ca10f0d
3fa4e68e
3f8f5f02
3fd2fdff
3faf13e8
3f9c229c
3ff1e44f
3fcf5b26
40293afc
4003ab18
40656fae
4045bf18
3f85e11e
3fcdc21d
4065ea46
3f929650
3fc28f6e
3fd353a5
40439d08
401238f8
3ffb502a
4012d220
40078b5d
4020c1ad
405970fc
3fb346b4
403eb68f
3fbd9f10
3fab5b86
404025b6
4087bbe1
40093a29
3f9fd3b2
3fa7a362
3fe4a9ff
3fe365cd
3fbe68e0
404b214c
3ff02f00
3fc50cfc
3fbd08d2
3ff07a1c
3fdb52e5
3fcb5e9c
3990ae40
3fdf7d90
408603eb
40497c38
40850ea5
390b07e0
3905f62c
40696cc1
38ece9e3
38fa7460
3ff4f683
4055252e
4038b0aa
403afd83
4002a324
3fe6134c
405297a2
4085bf27
38db15eb
3962e6d3
39a2d850
3fdff744
3fecd618
401b8280
401ec8c6
3fdeca82
3fe24aae
405c81da
3a5193dc
3a800d87
3b139139
3be04e9c
3feb9e4f
3fe42461
3d87066f
3dbd7cd3
3de247b2
3df9eabb
3fd92371
401f46cf
3fd9028a
3faa91f0
3faf6726
3fab2764
3fdaf9c3
3ffa5a08
3fab6158
3fbfe386
3fa568b4
3fa34549
3fa89d80
3fbe587b
3fbc2ae5
3fd311a7
3fb9f1f3
3fa48a14
3fab7c48
3f9c70c4
3fa49947
3fa3db1f
3fd860c0
3fbb0f20
3fb1e5d4
3f850af6
3b83a07d
38eee9a8
3fd6d0f7
38e07b40
3fee04f6
3ff7c25a
40873309
4080381d
3ff46fc5
38ef5b83
3fb54d6f
3f91b8da
39193412
3926b7c5
3f9b5fda
3ff43710
3ff86c89
3f92454f
3fa5fc06
3fa4bf73
3f884a53
3fae6148
3f893936
3fab5ce8
3f94ffb6
3fa54915
3f912752
38d3bf75
3f8555c4
3f89f0dc
3fb04af4
3f9166ae
3f7c66ea
3ff75065
3a29c8ac
3f90f6b8
3f879e18
3f88f3fb
3f906c0e
38d3caeb
3f9e5342
3f83ea02
3f853c07
3fcc6e28
3f87fe5e
3f7fd161
3fb164de
393798e0
3f8757be
3fa67092
3fe5e9aa
3fa5bc20
3f8a7fe4
3fd2633c
3fbbcdb2
3933d652
3fcc5302
3f74f2e0
3fd1be56
3fc2f8aa
3965d3c4
3f9a89ca
38ebd084
39220c16
3faab974
3f8a8bc2
38edb30d
3ffcf394
392c0c68
3ff64ff7
3f9f7ab0
3ff529d7
3fbca4a6
40483a74
3ff1d320
3feeff00
3fb2bfce
3f90c332
3f8c216d
3fbdf3be
3faaee13
3f94879a
3fbdb66c
4082596b
3fe39569
4004d054
3ffc1d0f
404e99d1
3fd0380f
3ff04675
3fc01b41
38e4c569
40017edc
3fbe6a3a
3fb69ff4
3f843b0a
3fa98de6
38d75d24
3fc8a8ca
4065494e
404cb5c8
3fbd77ac
3fb4efd4
3fa4c8b4
391a4257
400cd417
3fa97b40
3fa05186
39527116
3f9dc408
3faf1aee
401676de
38edfe08
3a936037
38e7764c
39425821
40679688
3f88b25e
39d024e4
3fb024aa
3fc0b8d5
3faeb50e
408671ac
38d73d97
38f02f53
394bec10
38eab63e
3970d7c9
38dc0958
394adc14
4059666a
38d3b187
3919699a
38d3aec6
38e81e48
3985cdd6
39a729a4
4028f742
3fb69bb6
3fca5aa8
3f9f1710
3fbb66c2
3fa84cce
404a35ae
3fc1d2cf
3fe4a8c0
4085a740
38f91f51
40204e34
3fe07ddc
39e22c88
39d8e313
391f40ac
3fb6a0ec
3fd9d4df
40278f1a
3faed5e2
3fbbedb6
3feefa88
39a3c137
39cd13d4
39802db6
38e01840
39d453cc
3fe57364
3fe404a4
3fc97808
3fcb577e
3fc80a92
3f97d404
3fc3d16c
3f859fa6
3ff2297c
3f89a416
3f7bf898
3f7e47a0
3fda14ee
3fe08b56
3fd58f66
3fc459f1
3fa1fb7c
3f8d75b2
3fc402ce
3fbdcef6
3f7bcebc
3f709c98
3f6cdbf0
3f82a7ee
3f6b8124
3f8199d2
3f733e1a
3f960bf2
3f91d3e9
3f7903ce
3f72e0ba
3f83d34c
400eb513
3f6f5444
3f861a8e
3f7144fe
3f692e30
3f85c564
3f880966
3f6b406c
3f8a4217
3f82ec18
3f77bbc4
3f72b842
3f7cb886
3f7cb5f8
3f662d2a
3f6b787c
3f674a54
3fb4ebfc
408002aa
3fd53ee4
3f9414d2
3fa25efa
3f8f688a
3fc72546
3fc4fd16
400cc94c
400ebd2c
4082678f
3fdd4c0c
40813d03
40872d6b
3fc18a64
401524ff
3f79e354
400dbbee
40154548
3ffbed3d
3fb9e72f
3fec07c3
3fe8373c
3ff7b681
40899fe7
40789da5
3ffc3c36
3a950c73
3fe6b7a3
400c68fb
3ff27636
39f516e2
39c6ae4b
39a2fe0a
3f7cc0b0
396266b7
39479016
3937e415
39341217
393500ea
4081f4d1
3fcc2273
40076368
39251f7f
3915d126
4016d8c8
38e8d864
400339a4
38e0eba6
3fb13c2c
38dd058b
40810f14
3fbea1aa
407fb402
38eb7543
408216f8
3fd8fd15
3fa22042
3fae77a6
3f9cfd95
3fd3f6f8
3fe746b9
3fbecfe2
400b2489
3fd7aef7
408346c2
408853b0
401864a0
40084b72
40149c17
3ff780fe
3feb6316
3fe2a13b
3fb56694
3ff91b28
40010ce7
3aeb3593
3fef5b6e
400a0c09
3fef5515
400ae851
38f202c0
394b3468
3f71caa8
39101727
39084108
390cbbfe
38fd1b02
38df7dd0
408a6c15
3fc91dc5
400c99aa
39194aa9
40134eb4
397b4a21
400aa45c
3fad9673
390d532d
407dceca
3fbbb63e
407f566b
401d63f3
4004b9e2
3947639e
3ff8d1ee
40823088
40809ab5
40841bf4
408269ed
4082f2f2
4085e489
3fe45e40
3fd3c511
38d1dad3
38ef7fd7
408592c5
3feb9f72
407aacb4
40857453
3fe33d86
3fd4c60f
3fd1e47c
3fe7d13e
4083153d
40868824
40859062
4080b618
407fa196
4067e03a
407edfa4
4064b046
408874d4
406544f4
406211ee
40805c92
3feca106
3fe8bd57
4023aab8
4068b353
3fdb0d2b
4065816d
3febde9c
4067b27a
3febbc7d
40877066
40682712
4066a404
406cbc2c
406c2cbf
40230891
402be35c
3fe1229c
4028e383
402a430f
3fded393
3fdd1900
3b036783
4025b84b
3fda4458
3fdd6fda
40291234
3ff716ce
3ffa0d5f
3fee71e3
3fe5ef2c
39438b48
394b5449
3fd0b10e
3fcee060
3fcb9e19
3fb42874
3928358a
3fae57ae
3facebdc
38e353c8
3fc756e2
3fa35e10
3faa597c
3a0e2b55
3a0110f5
39fb81e8
3fbd1677
3a0e5a64
3fb855a1
3a394f25
3fb15b08
3902620d
3fa0bf7d
3fbd9d1e
39a461e4
40146f69
3fa936ef
3a1e7ffe
3fb270b2
3a5a0ba0
3fca1093
3fbaf7cc
3fca3382
3fc71498
3fa82128
3af5e018
400d5d06
400892e2
4006ee98
400b1b04
3fb14c38
3fad116c
3aafb09d
3a8a02c5
3ffb4f6c
3a04c197
3fbeb14f
3ffecde9
3ff9e98f
3fd4ddd2
4005af00
3fa7e5b6
4001cb4e
3ffdd15b
3ffd7aa3
39822e72
3feb5b8e
3f9e4b68
3fcdcd10
3fea0225
3fe4c89f
3fe661a4
3f99386c
39a1010c
3fe64885
3ffc3b6a
3faba9e2
4001e689
3ff7debe
3ff7502f
38e80fd5
3ffbc86f
3fee5e87
3fb4c33a
3fed7031
392747ed
390b5e9d
3ff430c3
3ff7db10
3feefac0
3fec06d1
3f8b0bd3
3feb8a73
3fe9c508
3ff2293b
3fdd725b
3fdf60d4
3ff55168
3fe00e0d
3f976e3e
3fe18afe
3ff061c6
3feb6bd1
3fe8801d
3fe21b4f
3fef17a1
3febd9be
3fecb566
3feb624d
3fe1f5d2
38e11d35
3fc84d5c
3fe3c959
3f8bf94f
3f86659c
3ffe6e24
3f899e6c
3fd40711
3fe45b61
3f8793c2
3fd3b7a1
3f84426c
3f82079c
3fe641f1
3f851a66
3fedb58a
3feaafdd
3fd2c448
3f9e7602
3f9fd197
3f8628d1
3fe0459d
3f863e06
3fe5caf6
3fe9c0df
3fe9ff2d
3fee2691
3f841c0c
3f858d08
3fe597ab
3f68e42a
3f86542f
3fa3780c
3fedd358
3fed46d9
3fdac167
3fe19919
3fd644aa
3fec4ccc
3f8d94ae
3fd6fbb5
3fd58fb3
3feee898
3f86d127
3f851b52
3fa3d7fe
3f87041f
3f89a25c
3fe251a6
3f7be39e
3fdd5456
3fd6e25f
3f86df55
3fd811e3
3fe15490
3f8983fe
3f940860
3f9a3aba
3fe00adb
3f74697c
3ff297cf
3fdc3223
3fe19960
3f75b3bc
3fac4926
3fe5632a
3f6f94fc
3f74a2de
3fac4518
3febae40
3f92a37c
3ff7626e
3faf113c
3fef75e9
3b3f956e
3fe7e258
3fd51f46
3fe3a977
3f82c3c7
3fb2e7e6
3ff04caf
3bab8112
3f8ea090
3f763b4a
3f775f4a
400493a9
3c068ac8
3fdafd44
4003339d
3ff4516e
3fb75b30
3f6d6cfa
3fe14a8f
3fd507b9
3af0f933
3fd6e9f0
3fd5317c
3fd37d56
3968d288
3fb21cc2
4000e52f
3ffe5f55
3fb8cbec
3f961b96
3ffab700
3fd627d8
3fe346af
3f95a806
40007ec5
3ffe3b3c
396e6cd8
3f9401e0
3fd456ee
3f7731d4
3f702c7e
3fe14f94
4007e317
3fb6d7a8
3f75627c
400526c8
3fd5a72e
3f8a7ea4
3fce9398
39da07a3
3a401ff7
3fdfbb3a
4005005e
3f968702
3fb66b99
3ff8f613
3f6fd4d6
3fdf5de2
3dc2a6e0
40009127
400280bf
3fe8cae4
3fee22f2
3fcd9afc
3fff519f
3fb4596c
3da7b7b3
3fdecd55
3f6d0b86
3fcaacdb
3d00b033
40019360
3febe7fd
3ffc58d4
3fecdcaa
3f6eca5c
3f923562
3fcc272c
39237e11
3f957ecc
38dcc4e9
3a15bb15
3ffec9ed
394875e1
3fee4f75
38d31381
3f90a600
3ff885a0
3ff08d0a
38e065fc
3f6d384a
3f90ecfe
38e6ce2d
400329d1
3fee53c2
3f691f8c
40006c6b
3ffcf6ab
3f65b1c6
3ff96d0b
3fe86113
38d28e77
3ff397bd
3fe84ac5
3f6a64dc
40008bc4
3fec5117
3f6f1472
3fbe35f5
3fdbb320
3f6a73b0
38e6172e
3ff2ac3e
3fe56dbd
3fdd4667
4067831a
40749dd2
4073efbe
4077b3a7
407978a9
40798409
406a6c20
406c0c54
3fe4b886
4076ce3c
4088cb08
3fe8e5c6
408303d0
4084350c
3fe575e8
3fd27199
4077449a
407e6062
407e9d24
40875a85
407b10ca
3febfb51
407759f6
408832f2
3fe43d7d
407a4010
3fd48067
4077f0bf
408679a3
40784f0c
3fd7404f
4087d65b
407a658e
407d8666
407d4d37
3fe93f14
3fdd89e0
4086b877
408700f6
3fdb539e
3fdb63b4
3fdab5a8
3fda5454
4077a8ab
3fe8d24a
3fee5d6e
4080c8d7
3fe06211
402d6c90
407eafbc
3fdd5f2d
3fe0a1ae
3fdb1042
40800864
40893b2f
3ff303c7
3fdedba7
40806b9b
40807074
4080b748
402b0f77
402ae196
3ff78e55
402cabce
40839e70
407ea929
3fda859b
408148ef
40806dc4
408060a1
408420d9
408251b2
3ffc355e
3ff64628
3fef379d
3f9ad0d4
40143bf9
3fc3f0ac
38f15055
3fb4533b
3f9c1842
3fadcedc
4012b996
4011a89b
3fc60f07
3fc9e2bc
3b48cbb3
400ddbfb
3fa52d5e
3fc4156f
3fb16d20
3993f49d
39b5fc7a
40079944
3f9770fe
38d203ec
40070aa0
3fad5183
40077ff6
400b4449
4008c484
39232aa3
3fab806c
3fac2041
400b4bb8
400631f5
3fb42602
4002b719
3fc787b0
4005afe9
4009dc38
3ffcfeba
3fc499a3
3f9e1c0c
3fe3ea02
3f8cacbb
3fcc93c7
3feaff3d
4006ec46
3fcb9fbb
3fe41866
400073bd
3fca2513
39ea2e25
3fc9c83e
3fc93c90
3fa97e41
3fff5b71
40016831
3fcdcb07
4007abf6
4000f26c
4003d98d
3fe0e25f
40006d84
3ffe0087
3fee34a5
4003209f
3ff8c464
3ffb2cd8
400496ef
40013d6b
3fe0c813
4004b3eb
3fd78ca8
4003ff42
3f97efc0
3f96f119
3fe576bf
3fd2a674
3fe08a0b
3fe065c0
40057790
3fecec82
3f851153
3f87a65e
3fe9bb43
3fcf6412
3fcf3db1
3f8a758a
3fef1660
3fe33b6e
3f8631ac
3febc694
3f80b77b
3fe92ff7
3feb492d
3feabc3c
3fd58e27
3f89ffa2
3ff90426
3fd75b2e
3ff42925
3fd11791
3fe75aab
3f828bc0
3fd76a43
3fee4093
3fdb6110
3fd57152
3fdbca9d
401c4bdf
3fd5a88d
3fe5c2ef
3f82c0ea
3fe4ae4f
3fff6df0
3f829e0d
3fe53c25
3f87b9fb
401860b8
3fdd1aab
3ff89b42
3fe1c4f2
3f7e4ffa
3fe51088
3fe3a6b0
3fe125e2
40170df7
3fe1d238
3fd88883
3fde5294
3ff6089f
3fdab224
3f940714
3fdedc67
40168f4f
3fe22611
3fdac625
40170638
4016ae2b
4014abab
3fee3afb
3fec0ee6
3fe85d30
3fdb00ec
3fdea8f0
3fdcc5d9
3fa7d186
3f963c7c
3f6fd46e
3fb2a398
3f87b1a6
3f80baf4
3fe75f45
3f8634c8
3fdb624a
3fda9dff
3fdaae28
3f931cc4
3f931934
3fd4a8fa
3fe20a4e
3fd7b1bc
3f815adc
400d943b
3fe1ea14
3f81f698
4000a776
4001ff85
3fe18416
3f963932
40043027
3f8fcd8a
3fd63dcf
3f96a608
3f8ebb44
3f8f90f0
3f8c0494
3f744740
3f8f8a5a
3951511b
3fb649f3
3f9694fe
3f70e4d0
3fd4eaa4
3f75a67e
3fffc8c1
3fb9af3d
3f70ca28
3f71ef10
3f9582fa
3f8eaee4
3fdc6630
3f94c41e
3fdd9bf9
3f72ddce
3fb6cd02
40023963
3f8a6f98
3f70e90a
3f92a500
3fd25bd9
3fcfa05e
3fda0882
4001e596
392bc83e
390a206f
3f6a4534
3f96b2f9
398e5fcd
3fb99fef
400651e2
3fd77e0f
3fe8a446
3f6da61a
38fc33d5
3ff32586
3942bbda
3f94c68e
3ffc42cf
3fbbfff1
3ff4e54b
3fcc82d2
3904b2e7
3fde5a1c
3f6c7d4e
3f6a158e
3fdefaa4
399d10ae
3ff824ae
3ff08cc0
3fe5bcf2
38dcb4be
3fff7dfe
3fe5fb3c
3fe40eff
390ad1b8
3968c8ae
3fe98aa9
39d16122
3fdf2221
3a23963c
3fde392a
3fdf070a
3f67f808
3fdec28c
3fdfa4ad
3f650d72
3902f7ca
4000e656
3fe255b6
3f621196
3944c75d
3fc874a9
3f61a3cc
399f5708
3fdd5145
406fbbae
406f871f
407601cd
406f6a42
3fe3b164
40700080
4085c345
3fe6042e
40707e80
3febc34e
3fedfe9c
40539550
40563c0c
40801cc3
40218b26
4027731c
40739d6a
4076e3fa
3fd99a5f
4055e984
3fda13fc
40559bd6
402977ed
402315b9
3fe7ae9e
405140c6
4078879a
40794651
40278b32
40783c06
40804a94
4074b142
4078fc22
3fea3684
3fd71a99
3feaf3ca
3fea545a
40298f7c
3fe9c4ac
3fed6362
40745357
4078b5dd
3fdc6e3a
3fda1de6
407df6ec
3fdb340f
3fd9c287
4027b5d6
3fd7ee3e
3fd944a6
408b2984
408b51c4
3fe0fc81
3fdd60c6
40763800
3fd49a94
402abf04
3fd6dc1c
403117d4
3fdf8426
402a4cfb
40796fe3
402d355c
3ff67124
405e5ddb
3fdacd22
3ff7d124
405b3e4e
405fb6ae
3fde1082
40615622
4065bccc
40625d1a
3fe8fd6c
3ffd489b
3fcf500f
3fb470f4
3fb29560
3fc87c4a
3fcadddb
3fb104f2
3a14751a
3a16d88f
39e0adb5
392d53be
4014b620
3fa5aa37
3fcbb819
3fc5ffa7
3fcbf629
3fca80c9
400d6972
40115f22
3fe81a52
3fe76c7c
4010254c
3fa72a1e
3fcb4951
400b6207
400b6486
39910f0c
3fa8708e
4002b0ba
38d65ece
3927a4b6
390a55e8
400b7c5e
40026dbb
3996c01c
3fd36a22
40049b34
4006b298
4006ec9c
4006dc26
3fd279d3
3fd21b90
40066241
40060f9d
40063ffe
40047e3a
400744c0
400b5313
40075136
4029fc33
400658dc
3fffff4c
4025bfdd
400518a4
3fdcd571
3feae032
3fd3c10e
3fe6bd28
400509f4
400425ec
400216d3
40020b0b
3f84bdf1
40239b9b
3fe6cf4b
3fe89988
3fece60b
3f831075
3f894e9c
4003acf9
3f81f94a
4000cef4
4004748f
40174acd
40034352
401be754
400018fe
40023637
401ac2d2
3f8f4c0e
40003c9d
3fff6c1b
3ff2c26a
3fecbe90
40001a6d
40034249
3ff5091f
3fee595e
3fed52a8
3febf008
401816c1
3f826e05
3ffff8ee
3ff9d0ce
3fef6f4d
3febbd81
3f841af6
3ff90212
3ff207ae
3fefd076
3feaa0f6
3fe6d7dc
3fefd0da
3febf32f
3fef0a60
3ff14232
3fec3050
3fed0f6b
3ff902af
3fef0c18
3fe933dd
3fe41193
3fedfdb7
3f723950
3f75335c
3ff8a6f8
3f6c94b8
40132505
3f6b425a
3f7ee188
3fe19d53
4007cc5a
3f6d72dc
3fe63a56
4009907a
3fe91abd
3f747ce0
3f680206
3fea6b1d
3fe28ab5
3f6cad34
40059a11
3fb69b54
3febf55f
3f951065
4007bf1a
3f939991
3f777464
3f78f244
3f95f7ac
3f950ccb
3fe5c092
3fe49952
3fe3af00
3fe91e54
3fdbf33b
4002694a
3f957580
3f92e61b
4008034b
3fde4e67
400599f6
3ffda1d8
40075ec5
4001085a
3f8b8e71
3f953b2e
3f9578d4
3f9601b2
3f8d12a4
3fd735f7
400417e0
3f912b8a
3fe04b71
40034818
400320e1
3fb9a5d0
4002190d
3f6fd236
3f914b8e
3f932009
3fbad816
3ff42f9e
3983946d
3fdc3d38
3ff54b74
3f950eb3
3f8af0f0
3f8fe2ec
3ff2717c
3f6cda2c
3f6d9914
3ff1eb02
3f8cd908
3fd64dd2
3f66eed4
3ff40a28
3fed6e16
3fd1de21
3dc53a8b
3fe3b578
3f8c8e25
3ff39384
3fbe1416
3fef4ac4
3fe3be12
3fe7797c
3fed2dd8
3fee35d1
3feda012
3f922842
3fe8c147
3fc02c28
3fda1fbb
3fe62dd9
3fcab102
3f90b6b5
38eb2f52
394dfded
3925593d
3f90ed9b
3fe3fa39
3fe7ad3c
3f906e72
3fe873f3
38d5a370
3fdeaa5a
3f8fb8da
38da60ef
394f4142
39a30b63
3fe7ac5c
38f98529
3fe69b6e
3fdf6afb
3fdab84e
3fd070a4
3f939c04
3fd2d105
3aa9e6cf
3fe5d80d
3b1cb086
3fde0f93
3f94b7f8
38d2b796
3a20949c
3fd0d65a
3fdabbee
3fd6c11a
3fd6ae0f
3fcd3387
3fd678c6
39cbd20d
397984c2
3943d8a4
390c0af9
3fd0333c
39bb9fdf
3999c736
3fd775f2
3fd6bbb4
3fd716ab
3fd9a3de
3fd78584
39e1863e
3fed6237
4002be9d
3fe0dc00
40105d8c
3fd59e6c
38df44b2
3937b34a
3933c38f
3fe251ea
3fce9498
3fd6fcbe
3fb96640
38d95eb1
396185e8
3fd6754a
38e64963
3fd6eb31
3fb2eb3b
3956b38b
38ed0083
38ef2e05
397b6a8b
3a37b1a8
3b0a2404
3ba7df02
3918722c
3fd0b926
38fe2dc6
3fc7aec8
3fc1a691
3fcf7b8c
3fd8dc89
3fe3a477
39102e03
38d41640
38f0ed05
38e73f08
39048db6
396cde26
38dd0b13
3ffbd07f
3fd8f6b1
3fd891e5
38e0cdc7
391ed35c
39510204
3fa7323a
39019d9e
3fd2756b
3fd544bf
38d1bd22
39481344
3946fcca
3a2d82d3
3fd7b3ba
3991283a
391d8b12
38ee01ba
3fd5784c
3fd0ffe7
3fd40bd2
391c34ce
39fa4b29
3960f4a3
3fdd0c6e
3a3698d2
3fe00edb
39ac1874
3fd7f4fa
3ffbeef3
3fd25ba1
3933ab8e
3fdb5e9b
39bad2f2
3fd7774c
38fbfda6
3fcd5164
39a1fd4e
39578e9e
3985e91d
38ec395a
390f4ddc
3980c5e2
391e94bc
391331b7
3964a68a
3fdc60a2
3fdae352
38e49960
39180ae8
3900ebf6
391c7e7b
3fd82320
3fc5e72a
39a3833b
398f7343
39004bbe
3fce1aff
3fefe6af
38eb68a6
3fbcb088
3fc93d68
3fccdea2
3facb37c
3fb1e76c
40004e65
3ff927dc
3fced761
3fd9753e
3fbd4aed
3fd132ea
3fc753c0
3fc1cc22
3fb15f6c
4086e98e
407f9120
3fc9f476
4021af7a
40207569
402478bd
4018164c
3ffd6a17
3ffbfbc9
3fe3d217
3fdd30de
3fb31ce6
3f9dee45
3f9f1060
3f9e4ad8
3f9ff696
3fd1bae6
3fd783ea
3c463c96
3fd96b44
3bf9b065
3fd304ba
3ad8788e
3fbbe41a
3fdadbca
3900cb07
3fdc7aea
3fb17250
3fb774e6
3f9fa816
3fd672f8
3fc1f73a
3fbd0f31
3f9cdf19
40798632
40262b0b
3fe6432e
40099517
3ffa27fd
3ff12ad4
3ff4a1be
3fbb2281
3fca43e0
3fc97c36
3fd7983b
3fb465d8
3fba526d
3fb1efc8
3f9e95d9
3fac1b7b
3fa32065
3fa56226
3f9cfb7a
3fa2acda
40198337
39ff3050
40003430
40025fb0
38f62de3
390250a5
3fee9af6
3ff7ea05
3fd8ef06
3feae662
3fc19b67
3fcb7bc3
3fbaafd1
3fb38152
3fbdcfe8
3fb295be
3faeb888
3fabfa94
3fba34bc
3fae185c
3faf5384
3fa7588b
3fa1025e
3faf5e50
3fa3ca98
3fa7b1cd
3f9f75f2
3f9e3fef
3f9c92ba
3f9c23c8
3f9820b1
3f8ebf20
3f906a28
3f847042
3f948c65
3f97458e
3f971cc6
3f8956af
3f9a260f
3f91d43e
3f917a6e
3f8ce3ee
3f960c36
3f9da4ea
3f973d93
3f95a031
3fd82f06
38dd971a
38e67bee
38d763b9
39559994
393eb842
39234f07
39039412
38d21e3b
401a1690
3912e1f1
38d8cecf
3923036d
3fdc38c0
399a2a7b
3fdbc2b5
3fd6ca00
39dd793e
3fc02ff9
3fc426a1
3fec9f75
3fd7044c
3f9e44c8
3f9d8c40
3fac3d3a
3ffbc9ad
3ffabc97
3fa13a73
39c47386
3fda7e5f
3faf6003
3f9e9c78
401b34b6
3fbf841b
3f9c93de
3f9bf7d0
3fd348f2
4070b10c
402273ce
3feb62e1
3ffd5068
3ff22f5e
3fd54af0
3fcce0d4
3fb9a6b5
3fc3599b
3fb3ceac
3fab89e4
3f9d0f9a
3fa05b7b
3fa2e5a6
3fa0c647
3fa32f86
4040168b
3ffc230e
4000d046
3974217b
3fdf9380
400c113c
3ff2eb39
3ff3d99f
3fd1e517
3fc1c023
3fc07ba1
3fbffe1f
3fbe6912
3fad7364
3fb62168
3fadd728
3f9d56a7
3fa0bdc1
3fa9945d
3f85e976
3fa9254a
3fa79b1c
3f989a82
3f98fbb0
3f9c6379
3f8472d6
3f96dd19
3f917afa
3f89359e
4071ab08
400a9d4c
3ff24c92
3fd3dc75
3fc9bc09
3fc7c5f2
3fb0c65c
3fd0fc9f
3fc570b6
3fb66b0f
3fad9b40
3f9d0414
3fae839b
3fa9d2a0
3fa52896
3f9e2984
3f9d7041
3f996812
3f9a6064
3f9390aa
3f97445e
3f94329c
3f89a1ee
3f8b5ec6
3f8d6be9
3f92f255
3f898510
3f8d843a
3f88d551
3ff21de5
3fd2c42c
3fe5aee1
3fc85ecc
3fbb1dc8
3fbe6c92
3fcd64de
3fbc4e96
3fb1a577
3faffb89
3faca76b
3fb20b16
3fabcd3e
3fb379a0
3fa8896e
3fa33585
3f9751a8
3f96aa63
3f8c3389
3f8a7570
3f93bc52
3f9917f5
3f8c8997
3f8908cd
3f88e8ce
3f9b19ef
3f893f22
3f9562d0
3f968d56
3fe9ef28
3fbbe008
3fead26a
3fe13bc0
3fe79344
3fd2e6db
3fbf2f03
3fcfe8ed
3fbbd45d
3fb81b88
3fb103fd
3fafcc33
3f9f7a7d
3fa021f6
3f9ded18
3f9ee24d
3f9c415f
3f99f500
3f9e60c8
3f97c87e
3f99f78c
3f95cada
3f9149f8
3f9946f2
3f904114
3f830d0a
3f865861
3f894f71
3f836be0
4014ed55
4000da30
3fdb991c
3fbb7366
3fad42b8
3fafdb48
3faa30ee
3fa7184a
3fa04a52
3f971252
3f8c4a36
3f8d226a
3f85a198
3f815772
3f87cbbe
3f864ff6
3f85749b
3feb91e6
3ff2d0cc
3fa9f8a3
3fa923a0
3f8b587b
3ff28d9b
3f89419f
3ff2ab96
3f8454bf
3f85de8a
3fbb7b4c
3fd1a925
3fc786b2
3faf7ea7
3fb24384
3fa7e60c
3fabf656
3f9d8157
3f8c8476
3f9587ac
3f93c5b8
3fda9b82
3fe2c85b
3ff5dbb4
3fae9812
40137d39
3fe6a8c5
39593335
3fd5b909
38f926b2
3924cb26
38fd0683
38d65af2
395d9a47
3fcd75da
393781df
3fdce560
3fd71206
3fa97d84
401698a0
3fcefcd3
3fb08a94
3fa11c7d
3faefa0a
3fdb44da
3fd04b71
3fd570d9
3fecbd17
3fccc0d7
3f9d52b2
3ff9b7e4
3fcd144d
3fb46f30
3fb6acde
3fa82d4a
3fa2255a
3fe6d7bb
3fda5296
3fe970e1
3fdbc0af
3fb13194
3fcfd2d6
3fa6c3d3
3fcec562
3fb6fe9d
3fae7a56
3fb4e3bc
3f8e9b3e
3f845cac
400934cc
3fa61bfd
3f9a645a
3f9a3c09
3f99be54
3f8fcf1a
3f835c25
3f86c91c
3fd6111a
3fbc2ff6
3fca443e
3fa8f206
3f8b3434
3f8bc7d4
3f8401fa
3f8c075e
3ff38f00
3fed0953
3fdc91ec
3fc79976
3f90ca19
3f8b2a64
3f85a7c2
3f81cb18
3f82d89e
3ff50f4b
3fa9313f
3fec2f7f
3f879b5c
3f85b3c8
3fb025ae
405c5ab4
40224496
400702df
3fef9356
3fe66040
3fd0eef5
3fca7009
3fb4d024
3fc976d6
3fa3e4aa
3fb55747
3fbe64bb
3fa9760a
3f977cbf
3b19b337
402a187b
40333063
3fe56e5d
3fed983b
3fed3c77
3fea02b8
3fde9337
3fd4ed6e
3fb2b6de
4010d0c2
4003e45d
3fd3bc0b
3f8fb53e
3fcd484e
3a957886
3fda1e0a
39cba504
3fdb64fa
3988da18
396d740e
3fc419f1
3ff02aa0
3fa613a0
3ff78083
3fa05e83
3fd81cf3
3fb057e6
3fca3ccb
40075d77
3fcbed12
3fc65bf6
3f9edf33
3f9d88d4
3fa4a572
3feda167
3fcd5672
3fc60412
3fa9afcc
3fb36f60
3fa5852d
3f965241
3f970c44
3f8fde8c
38d6acf5
3f9dfa52
3fcc1028
4006a2c4
3fe3fa71
4021173a
3fd0cff2
3ff93cd5
3fb35591
3faf4dd5
3f910564
3f884267
406b19b2
3fee90ee
40139e5b
3ff2c0e2
3fb35c3a
3fe80723
3fb995e4
3f979c91
3f892b86
3f867e62
3fc08dcc
3fa9d9d3
3fa24f58
3fa35975
3f8f1126
3f8b66ff
3f9013c0
3f889ebd
400d3b10
3fda60cb
3fbd4df0
3fbc802a
3fa50a09
3fa7aefd
3ffcc464
3fcd1809
3fd32a29
3fbf58dd
3faaa5ae
3fbdc9f4
3f8f1d82
3fb59b21
3fcaad24
3f97c2c5
3f834258
406b8576
3fcdb461
4049f859
40461934
3fd101f0
3fc18985
3fc2c22f
3fa9a3de
3fd3dde2
3fb52c4e
3fb94bd6
3faf3712
3fbc3866
3fc17a6c
3f97b5f2
401ddabc
3fb1fb74
3faefe56
3f976076
3fb59113
3f982f9e
3fc24d3d
39f83466
3fe17fe4
3bb1edc8
3904aee4
39af000d
3912fe02
3fc0451f
3fc18df6
3fcb37e4
3fb270e1
3f9d1b1e
4013a2c0
3fd645dc
3ff79a4a
3fd75356
3fc36ee9
3f9e851f
3fe00cfa
3fca745c
3fba4ff0
3f9b6268
3fa7b4c4
3f918c20
38d6e7f5
3fdc5ee5
3f973e76
38dcaab9
3fbe2ace
3fea7608
401faf90
3ff20ee2
3ffceb73
3fd39546
3fd0894e
3fc2fbd0
3fc256a1
3f9ba37d
3fe0378a
3fc815aa
3fa6775d
3f885608
3f83d733
3f9f57c4
3f891be1
3f88ca50
3fc0a4d0
3f9b5e5a
3f850656
3fd29643
3f9e9e06
3f8a7108
3fef4579
3fd0330b
3fc9ac62
3f9e36ea
3fa3ae92
3fc8e814
3f8989fe
3fb35ddb
401f056e
3fb7cc50
3fcaae5e
3f8a1d44
3f8ed1de
3fa5be0c
3fc7e214
3fca124e
3fb73520
3fb52fd6
3fcb05a9
3fc1769a
3fa6d972
3fc25c62
3fb70af6
3fd57510
3fe8a591
3f7dfd9e
3fcf103c
3fd52a36
3fa57c37
3f931ab4
3f9162f3
3fedaf34
401d4a1e
3fb42a10
3fc6f212
3fd3cf66
3fb16904
3fda5166
3fbb853b
4050c065
40196046
3fa03011
3fd46ac4
3fabb8ae
3f81609c
3f786868
3f828ccd
400e85a6
3fc26914
3fdea210
3fd342f1
3fdf6bca
3fc538f3
3f808259
4026cf9f
402208c7
400e0ce5
3fbbfe20
3fefe467
403a4856
3937d829
3956654c
3947647a
38e4df49
38d5259f
3fbecfcc
3fd90506
3fe97cbb
3fd9dc84
3faeed1e
3f8a3f27
396f0b74
38ff375e
3fbb6ee6
3fd2bc16
394fab0e
3fb25dd2
3fbe392c
3fb2a2ec
3fa50a7c
3fe10904
3f9b6a32
4006f7a4
3fd06f50
3fb13bae
3f881e94
3f88eeaf
3fbc329e
3fa9389a
3f83e8aa
3f88b0dc
3f87f30a
3fdb817b
3fca20ca
3c85cf7e
3fdb70ec
3fa058cc
3ba2e5ca
3fc90187
3fabda90
3f95560d
3f8703dc
3fce9787
4022ae6e
3fa9e9ee
3fc744da
3fb1bc2a
3fd2df8f
397eccfb
3fc33b22
3ff1c8cf
3faf8305
3fa10c4b
406a2b70
3fecf4f6
3f853a65
3f892633
401ef6a9
3fa926c0
3fe2c743
4020bfb6
3fe20dd8
3f9879ac
3fdb0da5
3fd12e2c
3fe77608
3f9a3461
3f817686
3fa0285e
3f9a8578
3f8f30aa
3fc9c772
3fb83467
3f9dd925
3f913dcf
3fcec7df
3fd61812
400f4624
3f701cb6
3fd264bc
3fceb860
3fe46581
3fa3bea4
3a79e9a1
4027d29e
400e3bf0
400c29fd
402abf9c
40242700
3fba23be
3fd7529e
3fd99750
3fd8645f
3ffe8a2e
3fe06324
401164d2
401f856b
40045508
3f9acd46
3ff0281c
3fbcd148
3ff24d7f
40217513
40084273
40168f0f
3fc50419
40156517
3fba4400
4002872f
3fbe2c64
3feefb03
3fbe0ddc
3900d94a
3fc77fc9
3fd0473d
3fa68a46
3fcbc2d8
3fa06ad8
3fbb3394
3921fe30
3fe180da
3fc09e2e
4005f0c3
3ff548c3
3fa3efaa
3fe9ac60
3fd3475a
3fa14588
3f8fd084
3fc1003c
3fb07816
3f86cf48
3fe1a213
3fc7cd5f
3f983760
3f7eec14
3fed3fdc
3fcfeda6
3fb247cc
3f84a17c
3f870818
3fbfee76
3fddf470
40083d41
3fea20ca
3ffb9c3a
3f8c0718
406b17b4
3f969876
401e9a66
4040e29e
40106de8
3fb95b32
3fbfa8f8
3fbe2021
3fbdc9b6
3f9c0a6c
3fc58990
3f8770c1
3f707dec
3fe5bcd1
3f829a88
401ef705
3fd593fb
3fced044
3fa87e89
3fd0ee8b
39123468
3feaf5ad
3f8e54de
3fa347a8
3faface0
400407a5
4002ca0e
3f85a3ea
3fc9a00e
395b3aa3
38ebd632
40198b60
4022ff3c
38ff58cf
401d8857
4021791d
401b5e4d
3fc260ca
40209010
3fddb6d3
3fd41058
3fefcb2e
3ffa0e34
3fb548d5
3fae1ec4
3ffb4743
3fe8a70c
3fc58f99
3fdf4d48
39a06879
3fef95f8
3fc15c8d
401444fc
4014ab6a
40018d17
3fe27ab3
40157b6a
3ff975c1
3ff11871
3fc9e12e
4014bd5c
3fefc12d
3fd0214d
3fc7f956
38df4183
38e84553
38d3b38e
3fd1e390
3fc3d2ca
3fdebb62
3ff09f6b
3a3a67ab
3fba5c4a
3ff54f76
3fa26d76
3fb7be1c
3a795ff7
3fd9fcce
3fbb01f6
3f9ea054
3ad3e72c
3f994ba2
3f98c01b
3f94bfc0
40141a98
3fb61778
3fb34432
3fa599c0
3f9a61d6
3f8e4f00
3f929a48
3fade386
3fef3e67
3f9a60fa
3fe07ced
3f8e78e4
3ff12011
3f976bca
3fbb5fa6
3fedf622
406e9580
4004c0b9
3fb4256b
3ff41cc8
3f84b962
3ff4b1ad
3fa7a2d0
40037ea5
3fa2241a
3fc4b076
3fcff67a
3fe98313
3fcfdf4e
3fdc162f
3f8ce9e2
3f96432a
4012da42
3fae1a6e
40161f02
3fd47b70
3fbacf89
3fd14e44
3fbab3ce
3fe0b856
3fec1a52
3fd6441e
3aca14d5
3ace6703
3fda1858
3fcbe244
3fe7b0f4
3fdb5111
3fa38c86
4013d197
3fb4cb02
3f83d674
3ffa62b2
4024411c
3fbe86c2
40180851
3fbbed1f
3fcef24c
4013fa08
39552746
39957497
3ff26f9a
4037d7dc
402a7f52
3f74cddc
399368c5
4061ca6d
406f9a30
40640aca
40811c34
4083f7c7
403c9521
400e59cc
405abd6a
40393604
40726e3c
40778824
40237157
4028246c
400fc609
40055348
401f2f96
40160d60
3980ff94
40650e90
40401174
4021a96e
3feb25bd
3ff18f9e
3fe9c9c0
40247049
3fe3c6f7
4001fd71
4002401f
3fe258f9
3ff7c8af
3fe1a5b0
3fe9dbbd
3ffccb8a
3ffe90f0
3feff58c
3fca68b6
3948eba3
3fd08c1f
3fa26392
40000d20
3fb2799b
4021586a
3ffc1424
3fd07a46
3a7d34e9
3fdd294c
3fd717cc
3fc683b0
3fa1e4b9
3a945029
3fed8798
3f8eb008
3a497866
3fd0c171
398dbe2f
3f9f7276
400998b0
3f84feae
3f8b4d82
3ffbc8ec
3ff04fe3
3fe264f0
3fcfe4e6
3fac67f2
3a56662a
3fd99c42
406c83ca
3ff07da8
3ff3cafb
4017eabc
4017b370
3fe2511a
402af954
3fb84eb8
404ad576
3fef269e
3fcef8c0
406a8957
3fcc3d7e
3fdc258a
3fa18382
4021c96f
3fe42302
3fdcaddd
406b29da
3fa8ebd8
3fe5adac
3fb8be0f
3fd1bb7c
3fcce0eb
3f7c3f48
3ff68858
3feb4564
401e2989
403bf920
3fd55119
3fc44c3e
3fb7888c
3feacd19
3c37fb74
401d530e
3fcb65a7
406dc6c1
3fd2f5df
3fcda60e
4028d3a9
40139a1e
3fe913cb
3ffde588
3fc5ffc9
3fec3076
3fe212ab
40169466
3ff792df
3fe68e22
3f8a07a6
3fe73ad5
401bd074
3fcdaca0
3fc9825b
3b420aca
40095328
3fd2c6d3
3ba62da1
3bb37890
3bba03b1
3bb97206
40233325
402060f2
400114a1
404dc3a6
3fba7e56
3fe8cfd9
3ffd1ff5
3fee792a
3fd0bd56
3fd7797e
3fe78a5a
40274467
3ff69d30
3990d956
3fefcef3
4003300f
400271a6
403c6d3a
407e9c19
390c9ad4
3fc70d8e
3fc961d6
3fcb45ff
3ff212ce
4003c326
40015efa
402320c8
3fed292a
3ff2e600
3ff8ed6f
400d0643
3fe826cd
400016b5
4011a082
4022bf4e
3fddef68
400a358c
40104a00
401d5b9a
3fe390a0
3ff851dc
4009c914
40298b52
401db61a
3ff7f811
3fcf5cf8
3e274233
3f9bbc09
3fba196e
3fc6da93
3fd83d2b
3fc78cc6
3dfe8a54
3fd0345c
401c775e
3fc89da6
3f9f1e32
3f96993c
3f95c600
3f92c3a3
3fc75bc6
3fcd0876
3f850622
3f8ba0e8
400b27a5
40164836
400490da
3f800b50
3fdb2c68
3fe88952
4014d35a
3fd34cdc
3fc1bfb6
3fcd59da
3fc746c7
3fe4073d
3f9e596c
3fa03882
38f4522e
3ffe693f
3fef5580
3ffeb1a1
40228626
3fa5908a
4006e073
3fd1ab2c
3fe4409e
3fea523d
3fb357dc
393773b8
3fe6c4c2
3fb6deae
401f16ee
3f92181a
3fcc45fc
406dfaac
3f832116
3fb8265a
3fffd8f8
3ff88ab9
3ffc2954
38ecb800
403b61d4
401aeb11
3fdd94c0
4005ec64
3feb21ee
4028fd59
3ff54843
400d2a53
40427026
397aa03b
4004fe07
40078f16
4007421b
4007906f
40088bc5
3fe2518c
3ff279c0
3ff45849
4003a0c5
3ff8d34c
400038f1
3fc350e7
3a0fe293
3fc32707
3fb3c2fc
3fc10366
4001ba14
3fda4c1a
3fb2c9b2
3fca1fa2
3fc38776
3f946dec
3f8d8288
3ffaa2fc
3fde4d95
3fc23e8e
3f9ae56d
3fcb8084
3fa5b015
3f88212b
3ff30ee3
3fef728f
3fa37e36
3f99132e
401788e0
3fdbfaf6
3fa90504
3ff0caca
3fc165c7
3fd8882a
3fe3824b
3fb71331
3fad48bb
398bcaf9
3fdee720
3f8b0cae
3f88abf5
3f9e72e6
3fbb5014
3fee3ffe
3fd8c02d
3feda0df
3fd629cd
3fe36810
3fd65886
3fb027be
38db7002
3fde3ccb
40177919
3ff9893b
4004039f
3fba8a82
3ffe5e63
3fbf098d
3fbe0916
40035eb7
405b1bf8
3a2c4054
403e3e47
4023eeba
40201737
4002f440
3fc18da8
3ff67c33
4003e9d8
3fdce964
3fef7e62
3ff0bcd3
4003f47b
402c4620
400bc27d
3915c308
3ffe90c3
4023c6f8
401be87a
40062868
4040a7c8
401ae2d0
40072038
3fe57fb4
400d6ed2
391d1fae
4050d5e8
40067d96
400c143e
3913fde6
4009c5c5
38e79d22
3fe72165
40184354
39bc2061
4010c553
3ff3b59f
3fff7674
4016f763
401ab774
3fa49f4b
40058a40
3fe8bd22
400f7695
40193eb8
401143e7
3ffe1712
40070ee7
4001ee46
4010cfca
400526d1
40212868
3fcdf447
3fcee931
3fbdd74c
3ffb3f39
3fd7e3e6
3fcb4599
3fae5df9
3f8da050
3fe1de33
3fedd926
3fc8655d
3f9e80de
3ffd5636
40609645
3ff6eca3
400c8236
3ff8f9a3
3faf3a8c
4020a844
3fb3c747
3f829286
3ff7fc7b
3f9e779e
401f104f
3fa134a4
3fb328be
3f9ff94e
3fb5592f
3fbc077e
3fed744b
3fdb154c
39252e4c
3ff54433
40353ca2
4000df71
3fde707d
3fd58f0c
3fc50fe6
4021dd93
3ff9cd49
3ff3d6db
3fb3d870
3ff03b04
4012a210
40199700
401418a8
3fc33250
3fb2625f
3feaf29c
4017ee2f
40119eee
3fb9aac2
3fe6d2fe
4012659b
3fb81ced
40138a25
40060619
401dbeb1
3fd79450
3ff0c10c
401f8aa3
4015ea7e
401f4877
3fb87090
40090a56
400cf83a
4002bd6a
404d1d73
4016be14
40190a8a
3fef22c4
3ffff5a5
3f9f4598
3f8d089f
3fb290df
3fbcfab2
3fa037c8
3ffd6b29
3fc6af4f
3fe38a63
4021ad5d
3ff5f275
40229eee
40027cd4
4023f7ea
3fec333b
40096a8c
3a2c37f4
3ff010ed
4013dde0
401803aa
40769af5
4015768a
400ad70b
3fddae58
3904633c
3900bb46
3fe5da48
3f6f9460
3f6f1784
3fdd7ea6
3fac36bc
4008014a
3fe46d7a
3ffc2c76
3f734062
3fee6bac
400aaad8
3ff59882
400247cb
400427fc
3ff0717c
3ff7f1f7
3fe2774d
399885a4
39c09748
3fc9d87a
3ff3ac7a
3fd2eb7e
3f9d8d6b
3fc01be0
3f994667
3fc89596
3fec68a6
3f810ca4
3fb74132
4014c212
3fc7d702
3fc77d28
3fb362cd
3fc7ca49
3fbbc4da
3ff47cc8
3fd8e460
3f896f68
3fe04190
3f877ab8
3f93b9d4
3fbf234e
401e631a
3fb23c92
3fedfbfc
3fcecad4
4012e7ad
3fdbba75
3fb126c2
3f99dd3d
3fcedc7a
4009e8af
3fe0f0cc
3fe7b989
3fe4f06b
3fb47c4b
4021f83d
3ff95fa6
400f2fe5
3fcf3f00
3949fa72
405d9205
405a095e
40194c98
40023455
3fa9768a
3fe229b8
40236a16
3fe677de
400c5fb4
3ff8f61b
38f49962
3fed02bf
3fe3dba2
3fedc370
3ff42859
3fea684d
3f7f50a0
4000b162
3fedb5ae
4016af97
38e3309e
3ffa9d8c
3ffb196c
400be6a0
3fca2bf7
3ff5d0ed
3f9df1aa
3fcf8810
4050c29e
3ff9fd1a
40030b69
4009cc5f
400abb0a
4018f8a8
3ffdc66c
3981f600
3ff82a8c
3fd8201c
3ff131b6
3ff69edd
400aa54c
40171f12
38e5cb1a
3fdd389a
3fef1698
3a276ffd
3a23c9d0
4074a124
3a18cb8b
3a1ef09f
3fc14b4b
3fd152c0
3fd510de
3fe2ab74
40166343
4005fcdb
3ff8f404
4028d7d8
38de9f6d
3903c79a
3fde35e8
3fcc3301
3fb3dfc8
3fcca1ac
407c7d58
40016775
3ff4fa7f
4001bc7c
3fd3ef12
3fba6174
3984732c
3fdaec44
3fdb3422
4007c022
39b4d5e3
3fef4fe3
400b33b9
3fda4fef
3fc44fc4
3fa122e2
3fdf6814
3f915fa7
3fe89282
3fb3428c
4007a593
3ff94fd0
3fafd01e
400aca7f
3ff0d9f4
4006e772
3fd05f3c
3f9f6132
3ff55772
3ffc09ce
4013c3fd
3ff251bf
3fb0eac1
3fdadd7f
3fc52e17
3a8fabeb
3fb8a616
3f9b1206
3fa99d7e
40412d34
3a9a3b27
3fb547c9
40069c4f
3f912ef6
39f28b86
3fae0270
396abdd4
40463468
393e985f
4022561b
3fd12560
4041e232
3ffb6245
403ea8b2
3fcdab4c
3f90e585
3fe2b877
3fd3376b
4003d313
3feb3533
3fe4acbb
3fcea40b
3a5f4802
38dbca0c
3fdab052
3fea27a3
3f8cab24
4003a4cc
3ff33174
4012cc8d
40001827
390e5cf1
3fb33ebb
3fd10007
3920cd50
3ff64232
3a120398
4008a050
3ff8f14d
400531e3
3fe82c41
3fb06e8c
3fc16994
3fec2dfc
3fc0053b
3fe484d4
38fa7ad8
3fee551a
400d3952
39332554
399d0464
3a112a5d
4052ebf1
4006fc43
390eab5c
390b0da0
38e3bf08
40038a48
3fb094e2
3ff0a4c3
400b4495
400b4ef2
40198afd
3fee7680
3fdb4c58
4006b338
3fc60d94
3fe8f1de
3fed86b0
3fec6eec
3b8f0a71
3fe429a8
3b8010f8
3b7b7cfa
3ff5f157
3a2c0af4
3fe270ad
390e22ea
3924d630
38e51626
400760e4
4005a239
400ccf0e
3fc5c4af
3a8e1d2a
3a822065
3fbede38
3ffc033b
3f98debc
3f816d10
3fa2764e
3f9d8f6e
4018c1fe
4016c0d9
3ff4fb73
3ff3442b
4007f181
3ff37d7a
3fac6d1e
3f959eaa
3ff47585
3f90835e
3f96668f
3ff2ec9e
3fddc780
3fad6d91
3fa1f430
3f9ea9d3
3f9e3d7d
3fd5350f
3fb0d06d
400c6c4d
3f937215
3f9a0122
4017a047
3feac181
3fb7cac4
3fe28c64
3fd28ea6
3fd01bef
3fd1cdc6
3fac187d
3fb36e5c
3fee27a3
3fb5f5b3
40628e6d
3fff853a
3f9efd9a
3fdb4344
3b8af6ec
3fb0f72b
3fb4f27a
3fb12e70
3ff07005
3fa9b43a
3ff4f052
3fd3b328
3fce01cf
3fc8d4f8
3fe4b18c
3b080e86
3fed3a4e
40048cf1
3fd5f590
400fd201
3fbb4eb8
3fd3d1ab
40325bdb
3fbe4596
4006aace
3f9a43b1
40049b3b
3faaeaec
3facddb4
3f82bb59
3fde4361
40214c40
40557ce0
40146273
3a283423
40120a75
3fdba9d9
3fd745ad
3fbd4fc6
3fde319a
3fecc857
3feb4f15
404d0cea
39371fa3
3feb8cf5
400bde0a
3fcabe96
3ff6bf12
4016fa65
3fed9243
3fe672b5
3fd27540
3fd54604
3fb928b0
3ff13e87
4081669e
3fef9abd
40203e7e
3fe2c644
3fed2073
3fe919af
3fdf602a
3fd6a6ca
3fcae301
40051b32
40176118
3fb0b0c3
3ff6e3fd
3fe02162
401ad5d3
3ffc0675
3ff062f4
3ffa08c5
4027232c
3e280795
4003a39b
40017b60
400621db
40516316
40047508
3f691a24
3f57d43a
3ffb17df
3fb6605e
3fde8d44
3fd68c4e
400e9624
401b71a8
3fb281d5
40128a98
4004a0da
3ff175ef
3fea028b
3feb46ff
3fe8d731
3fefd97e
39227f57
3976a23c
40061bb8
400a51c4
3ff2921c
38ddf103
4014cb72
4007f9f2
39042db9
38e93064
40083bb3
3ffd4651
40007c46
400a1ba1
4008baf8
3ffb0b3c
3ff2a553
3ff88620
400b43c3
4001ea14
3ff8c16f
40066955
3ff7e676
3f6dab5e
3a8d8423
39a6bdc4
39a5bf7c
408058e3
38f91ea7
40029358
400385da
39555950
38db8bed
3fe484ae
400457da
400beb53
401bc6c7
3fe32913
403e3917
3fd0386a
3fd001b2
3fea3f94
400f7445
3fde0458
3fd55a1a
39e09800
3a2f9df6
3fb716d0
40190e62
3f91da1e
3fe00448
3f9c6e2b
3fa05ae0
3fdeb0ee
3faf397c
3fb32f20
3f98e5c2
3fbdb796
3f9c8ff1
3fd11dea
3fc1fe59
3f85f0e6
3fd7646b
3fb1377c
3fb6a534
3fc7534f
3fb41502
3fbcde5e
3fadb5a3
3fb0d23e
39579b84
3fb6d1a0
3fbfa021
3f9d8ef0
3f9fb9bb
3fb7f081
3fd0f1eb
3fd0ed20
3fdc9d90
3f99a910
3fdd1930
3fdc1193
3faed32a
39dfe599
3fcdae92
3fa8dfde
3fd3dc10
3fea306a
38ee4959
400179e6
3ffc96d4
3ff22a94
3fe04eb3
3faca988
38d9efc6
3fed881c
3ff21d10
40004b59
3ffe7a19
40087ee3
405249d6
3faf0f68
3fdb6db1
3fcbdf38
3fc66150
3ff74d52
3ff7fb58
396c376b
3910173f
3faf517e
3fb9e02a
3fe55da8
3ff8c24b
3fa17d5a
3fb823f0
3fbcedc7
3fef1c9d
400440f2
38d1df76
3f6e4d22
3fbb7b3e
3ff4eae7
390b149f
401d297b
3fef67ca
3fb860ee
3fe5c0a2
3fdc95fb
395a0fc6
3fec0fd1
3ff68e26
38da8f5a
398a42c1
3942e9f5
3fcde06f
38d2b346
3ff1f17a
398cb20c
3fe3072d
3fe0365d
3fb047f5
4010749d
3f95717c
3fe2b149
400092c9
40051d20
3fb1ed74
400b95ea
3fe9089e
400a446a
39109689
4010749e
3ff34d86
39356cb6
38e20f64
390e1003
39012752
3fe1ade2
3fc43f7a
39f8acc5
3fbc7dfa
3fd49efe
3fc1de90
40098f96
39921c02
3fb35d6e
3fa2e364
3ffa49ac
3ff8df6b
400135b0
3fe6c245
3fd2f902
3ffd3c0b
3ff60344
3fda9254
3fdc8fbe
3fd13aee
3c7ed840
3fb2c779
3fc2838e
3fb6ee2b
3af149c6
3a29f487
392b53eb
3fca7933
3fd72eec
40112363
38fc327f
3fd01306
4076645c
3f9d6dc2
3fb15202
3fab7caa
3f9a5e9c
3fc7ced5
3f9fb0e4
3fec6073
3fda4e65
3fd2b278
3f97effe
3f8bf333
3fe7deda
3fbb0671
3fb49742
3f9dddfb
3fd7337a
3fd79fce
3fa149ef
3fa85f6d
3f82de80
3fa41bcf
3facc457
3f907730
3fb54ae4
3fc18c58
38d354be
3fa649e0
3f9c2600
3f89993b
3fa5beae
3f86deb1
401f98bd
3fa6901c
3fe95767
3fd1e612
3b1ab21e
3ae0384e
3fdf82de
3fcf5917
3fb39594
3fb40a5a
3f93a8e8
3fd53658
3f681958
3fdf45b9
3f9f2fba
3fbc1342
3f74ac2e
4019e213
3fb4fc85
401162d9
3fda4c97
3fed4caa
3a699981
3fe445fb
3feacac6
3fe763e1
3ff14e76
3fa6e3e6
400b7b20
3fdfa20b
4034eddf
3fd58d05
3fb31170
404d1c74
3ff9022a
4004453e
3fc69e68
3fa84106
3fb31cb2
4004283d
40630a6d
3973d5e6
3fb93080
40358081
3ffa1357
3ff43ca2
3ff11dd5
400c466d
3ff9d788
40046ba1
404dce90
3fb199fc
3f75b8f2
400d6c50
3fd13f36
3fb30b5c
3fb7ea3f
3fe6c42e
3feb4216
3fc9ff08
3944f4bc
3ff6a298
38eb3c25
3fe05852
390385b5
393e44e0
3ff5fd74
3fc53d54
40079238
3fefc860
38e9eacb
38dbf112
396c3e4b
4007c40b
3a0eb1a9
3fe9ffd2
38e9ab11
3fbb4d00
3fda9af7
3fc643b6
3febaf1a
3fd02498
4080e264
3fb86b1b
400516cd
40093f81
38f3c3be
4000b33c
3faaa684
4017263c
397e66bc
3fe42430
3906dcb1
3fac57dd
3faf953d
391bf1b2
3fefe77d
3faca17a
3feb1ca4
3fb4a220
3fefcd8d
3fdffa61
4015d859
38d3174d
38f8583b
38eb8d9f
3fe2c1fc
3903cf4f
3910943f
38f229a2
38e7d01e
397b258c
3fda8df0
3fee961a
4003c09e
3fe95384
3fde382d
3faf3024
3fb3e9ba
3fed1fda
3fb2baa2
3fc74abc
40040e69
3ff90b67
3fb6c21a
3fb14c42
3fc7ae06
3fd8be92
3fbcb9ee
3ff25d12
38e7ed36
39361a31
403774fc
3fade004
3fac099b
40421c5e
3fae0170
3ff4d78a
3a32711d
3a15792b
39f696ea
3fddd316
3fd0b99a
4087ccda
3fa8243c
3fa40dd0
401b4b7c
3a70720a
3f9fc7eb
3ff78ba3
3fa21714
3f9734fe
40016b4f
3fc7732e
3fa7a54c
3faa9b10
3fa08fd0
3f8415ff
3facf8e2
390fd40e
3fd0c500
3f8ee398
3faee4f1
3f8ac574
3f85b463
3fad38a8
38fda3c5
3fe16d73
3fbc313e
39672ef8
3ffb22df
3fc2df78
39381eda
393c4ca9
3f980266
3f98747c
3f9b2ce2
4029d208
4015a43d
3fbc8a67
3fa6aaa3
403c3208
40225e48
3fbaada0
3fa08356
3fb70aa4
3fbea273
39d12cba
400e6b28
3fe50588
4055be7c
4035d63c
3ff690ca
401c5871
3a80de42
3a8d1c56
3fa2381a
3a8c73f4
40261856
3fa9ed43
400bfad2
3ff8791b
3fb3dac2
3fdcc2a9
3947365b
390165cd
400739dc
3fe3cccb
3fe51d4c
40352b10
38e1391a
38f2b686
39017ad2
3fd4a630
3fedb6cb
407aa825
3faaebda
3ff2ac4d
3fad3409
4007a796
3fe0facb
4005ea9e
3fa25e1d
3fede38c
3fea9e4a
3ff77253
400e70c5
3f6bf92a
3910a5f7
38f2de0a
401844f6
3fd620b5
3a93df44
3fad9100
3f953656
3fb4cdec
3fe9f33f
400c60b6
3f6e7a5c
3fd9e967
3fe3de03
4008e9eb
3ff8a099
3ff9b54d
398c4277
39db11fd
39e09913
390963da
395716a3
39a626fd
3fa0a2b4
4034c64c
40169667
3fa25150
3fb7230a
400e5db9
3feafab8
3fe77c2b
39026a75
391efc88
3fe47ba0
3ad83037
3b5bc990
3bc1003e
3c115b14
3fc8af40
3faf9834
3f909eac
3fac4e31
3fa9906e
3fb5a0bf
40070878
3fd41110
3b473b68
3fd24150
39f68929
39bf7253
39d6b4e7
3a144033
3a64fd64
3fac756b
3aadab6f
3a80d4ad
398fbb64
3fe91f40
3fd0f7cb
400330f8
3e6ea453
3e965d95
40414116
3ece7ef5
3ee04efc
3ee84508
3ee7898f
3ee37ce9
3ed973a8
3ecc63c3
3eb9cd32
40516050
40008abe
400b24f5
3e18be45
3fcd5500
3d4ec26c
40154cf9
3fe46c0d
3fffa420
3ffb3483
3ce3631b
3fd43297
3d276554
3d1d952c
3d059e2b
3cd87900
3cb3ebea
3fc7677d
3c9d5388
3c9d9474
3fbe9f11
3fe8816b
3fc996e8
4026dd64
3fb1e59a
3f9c72a2
3f913b33
40219cb6
3ff4e1d2
3f9fbf7a
3f8c9765
3f8499b8
3b74237d
4003db47
3f865428
3f897cde
3fd01e6f
3fed9548
3fba9e74
3fe9f649
3f94bc05
3f8adf10
3ffc28b4
3ff569ec
3fe3fae3
3ff29292
3fb0d788
3fb28c3e
3fb76b1d
3f815334
3faff4e0
3febf500
3fadf802
3fe56f8c
3f67d5bc
403e9f05
3fb52178
3fb034ed
3f8c568d
3fd22e9d
4073eaa8
3f8db5f8
3aa5cda3
406e72f0
405973a3
4000a9d2
3fdadffc
39eb8e35
3fe29205
3f8718be
40391447
3fefd9d2
3fdb1b56
3fc359e8
3fc53c74
3fef9236
3fcae115
38f64960
40136066
38fec41c
40848fb0
4018532f
3fbd7f65
4005322e
3ff42611
3fcdeca2
400aaa1f
3ff8cada
3fe90456
40048c45
3faef65d
3fb35c12
3fd8713a
404fae04
3fdc8434
3fac6314
40062f1c
3e3262ec
401589a3
4001b2d6
3fecf969
4078f170
3fb41d08
3ffa70de
3fee375e
3fea121c
3c59b7df
40050f4f
3fb78a3e
3fb96c2e
399bfce1
3fd1228f
3f9998f6
3fd32dee
3fedf9fc
4046b67d
3fb45a4b
401db2a4
3fe38439
3fbad50e
404fa636
4004e009
38fe42bb
3fb0fe90
3fea0afa
4007657f
3fd80b76
3fe19156
3fb609fb
3f9a3a10
3faee25a
3fcaf7c3
3ff2e16d
3fb1f281
3fea23a4
401b01c1
3fdd6a9c
3fddcb83
3fe4cc5b
3feb5403
3fe9f0ab
3a7a7f42
3af05201
4010ccb3
3fc9c990
3fa09060
3fbda10d
403e3fd2
3fd311c6
40340ee6
3fd68606
4014cb86
3911f7d6
39c3047f
3fa11088
3a1a8950
3fe1e434
3fcced58
3faee07c
3fdea7ce
39885a33
3fa9c26a
39204ca2
3fd344dd
3fa2cc4e
403756f5
390c0595
39554e6d
39db8c24
38edf94d
4043d43a
38dcf057
3fd729bf
39022b1c
38d33a68
40486ca0
38d9fd15
3abfb0b5
399c8730
38f8b58b
397c3270
40390d89
40182e64
3fd0ed94
403693da
4023e804
3fe15ce5
4025df7c
3ff38b2e
3feb27f9
3fb30788
3fc39025
40548044
4024bae0
3fe0caa7
3fe5581a
3fecf13c
3ffce8f3
3fc2c01c
3fc19388
3fc54d5a
3fe8e798
3fbdc610
40780032
401b3059
3ff595af
3fec2986
3fecc84a
3fd4aef0
3fc831c4
40529fea
40155fe7
40812b3e
402191a9
3ff30142
3fee8338
3fdd39ce
3fd13fe6
3fc72957
3fc91163
4012a1a7
4075c9b0
403d6853
3fb8e754
4021ddb2
40231266
3fb74b8f
3fba1438
3fbd4a86
3fd824c0
391af101
3fd3299f
38ee9641
38e54d98
3fde10d6
3fb3ce03
3fca4fc5
3f9fc9b0
3fd5f92f
3fe9580f
3fb40e1f
4019dc73
3fc39ed2
3faf29fc
391f3dd9
397d5b7f
39b477d2
3fd9a7e9
3fd96ca3
3fa751c0
3fb56db8
3f87d58a
3f92901c
3fa1d5a2
3fb059c2
3f89fa8f
3fb0d061
3faf74dd
3f9dea06
3f9b4744
3fb29495
3fad2f20
3fd2b3be
3fcf7afb
39ec8ef5
3feb6dfa
3fbf35e1
3f911a5e
3fa3547e
3f8f5fb8
406ccc80
4061492c
3fad19a0
3f96b5b6
3faf7f26
3fb5ecec
3fae2f26
3f9da4c0
3fb7b403
3fbac534
3ff274ce
3fa04782
3f97b0af
3fcdfadb
3fc921b3
402910c5
3fac31e8
3ff490eb
3a4958f0
40132002
3b45a8b2
4003f182
3f818add
3f85df8c
3fc65afe
3ff1389e
3fb40efa
3fe49c5a
3fc70878
3faf249c
3fc2afab
3fe4f319
400e9841
407dd6d3
3fe509e8
3fdf7a17
3ffe1601
3faa5cbe
3fe6c3a5
3fde7343
3ff7c2c2
401cc9b8
3fb9c87b
4000ecd6
3f9d88c4
3fcca456
3f9d6c74
3ffc5b6e
4044f904
3fa5bde9
3facb432
3fc4ab0b
4012b384
4006f4e0
3af256b5
3b6fe569
40094676
400af4e9
3f9ea9da
400d2f3a
4022bf10
4018bb2d
40071161
40596d79
3fb2146c
3fb252bd
3fd84d03
3fbf526e
3fc13ea4
3ff78bbe
3ffc1189
3fd5f83f
403e5cec
3fb1b945
404add8a
3f9dcfe8
3fe7c314
3fa6ef8e
4006c276
403b7448
3ff3f3f5
3fd1411e
3f957bff
3f96647e
3fb938f2
3a238a66
4004f82e
3fa8e80c
3ffed2b4
4015e568
40865d3f
4009d750
400063b8
3fe3d131
3fd1e92a
3fde7064
3fc070cc
3f9f53d4
40032e64
3ff074af
3fb56235
3fe59d8a
400f3557
3fe397bc
392ba472
3fb6ed1c
3fe3bd3d
38e3793d
3928db42
3feff382
3fd861ff
3f8996f0
3f9c48e7
3fd165b5
3ff68e9b
3fe22094
394f91a2
38f0d2ca
3fd7669f
3fc01520
3feee107
400e5373
4014812d
39757774
400f8b5f
3fdb0670
3fc90918
3917ceaf
38ec4b10
3fe8b206
3fde5e46
3904ec88
38d2f304
39047034
3a2f7833
39327c44
4078b7e3
3ff53832
3faf45d8
3fc147b6
3fc95192
404234ae
3f9aa6a8
3fc0f5fc
403b86dc
3fe3575e
3ff50fce
40353f9c
3fe50d16
3fe004e0
40539464
40468fa4
393e59db
39319347
3fcecfaf
38d66638
391a3108
40236e4c
3fecffd8
401d539a
3fdeba76
405b3fec
39a7b79f
399838af
3feb6067
3fe3acbf
38dd3e74
397e67a9
400882ea
4073a6b8
4073acd8
3fd78006
401f7233
3ff980cd
3fa974e2
3fbf3dea
3fbc2eb6
3fdb7e80
3fc76299
3fca70b0
3faeec75
40816708
4082811e
40026748
3fbedf36
3fca5a19
3fd12f59
3fb8b560
3fabfba3
3fa86622
3fa4bbcf
3faabc42
3fa57905
3fcff551
3fb40219
3fcdbbbe
4060bd18
3fc22dfd
3f9ee3c8
3fb9e8fe
3fb7f8ab
3fb5843c
3fc4ee57
3fb1d490
3fc70a36
3fad66c3
3fda4c08
3fa8426b
3fa34150
3f9c797d
3fa93456
3f91e990
3fac9fec
3fa92446
3f9d6453
3fa91ba4
3fa4f170
3fc26dec
3fd83e54
3fd5a44e
3fab99a0
3fa6fa58
3f994d4a
3f912508
3fb1b17a
3fb9f696
3f815afe
3fb8a7a1
3f7ef210
3f86ff36
3f820f3e
3fcd3f4e
38dd1b16
38d68051
398d5b41
39667817
393be34f
3914be99
3fd86fd9
3fcd1710
3966575b
3fcde33f
407eed28
40253d96
3fcfd39d
3fceace5
392c2438
3fb59de7
3fa8594f
3f90d5d4
395f140c
397e36de
3993cc5e
38f134c1
3f9f2696
3f9d9dba
3f9b50a4
402198e3
3fcf75eb
3fa961ea
3f9b9eb4
3f86aa7f
3f8afb40
3fefb668
3f8fcda4
3f891ede
3f88933c
3fab006d
3f98e9ac
3f98af10
3f8b0fbc
3f8c2aa4
3fa3381c
3f8a36d0
3f92d5b4
3f87a4ea
3fda8934
3fd32a86
3943f57a
3f98efda
3fb242e4
3f82a656
3f8924bc
3fad59be
3f8972b2
3fed5718
3fd01ffb
3fccd5c4
3fcc8dc6
3f8f049a
3f82b6ea
3ff2e56d
3fbdd82c
3f836cc0
3fb9fcd4
3f96cd52
3fb03197
391ae5d5
38ddc4fb
3f9ddfd8
3f9eb9a8
3fb56da5
3f841b8e
3fefcc3b
3fa1d803
3f878758
3fb20051
3f80010f
3fc5494c
38e246a3
394eb17f
3f8931b8
3fa03ede
3f866f43
3fe9b4ea
3faef8cc
3f9dbb23
3fba06f7
3fca7d0e
3fa3d0ee
3fb042f2
3fe80e9c
3f9cd1c6
3f97062d
3fd178d8
3fb3b353
401b6442
3f73ffb0
3fb960a6
3fbc8c06
3ff289fd
3fabff18
3fd1a197
3fc3721a
3ba54ef8
3f87e7ea
3c4c0105
3fcaf426
3fdf46ff
3f878899
3b33d75f
3af2a071
3bcf4ea5
3fae4b72
3fccddbf
3ff24b94
3f9c788c
3f8c5179
3f8f3172
3fef6e52
3fa5c530
3ffe2e47
3af87bb3
4005a11d
3a42a1f7
3f9b8bfe
3f904116
404e1c2a
3fd50ef2
3fe22268
3fd9da6b
3fa401de
3fa25e07
3ee7b367
3fedeaee
3faa6a02
3fb5692e
3fa5ed94
3ecaa489
3fa64e96
3fb2b4de
3f8b5c9e
3feb641e
3fbe0c10
3f9dabf9
3f9486d4
400c8f0a
3fd1e41d
4081c155
3fe4a409
40016a86
3faf9562
3fe33362
3feee362
3fda3633
4003c610
3fdf01df
3fd28c24
3fdd07ef
3fe0327b
3ff2697a
3fd980cd
3fbcc562
3fa2694d
3f9f6ca8
3fd9419c
3fb10d2e
3c208d25
3c1114b8
3c014b58
400c516d
3fb4423f
3fda9eae
3f9bf6e0
3fb930f2
3f9a1f38
3fad1856
3acde67e
3fa8fd65
3ff26108
404c1cf3
3fb93569
3fef72f4
3fbbfed4
3fc4b37f
3facf07a
3feb156c
3fb59de4
3b7fccc4
3b828e1c
400d4d88
3fae1985
4035d342
3fd76246
3faa3a2b
3fd5e00a
3b2e0e8e
3b21d193
3fac77f7
3b15e719
3b17683a
3fe2b8d0
3b1548da
3ad952a9
3fe8304d
3fbd7337
3feb74d2
3ff5b916
40594593
3fc1eca3
3fe44672
3fed9be1
3ff3d2d1
3fa13008
397c5fec
3fbf2790
3fadbb69
39027e65
3fd10b9a
3fd1ff93
3fa66cfe
401d8abd
4051b406
3940a607
3fb16162
3faf9a14
4004615a
3fba871c
3ff770e4
4004f6d4
3fb919a4
403374ac
3fa7e7d2
403c22d6
3fa94694
3fe12220
40841c4d
404a6e18
3e16dcf4
3fae6f7b
3fddf018
4082d0df
3fa78032
3fb23013
3f954146
3fb414ee
3fbb9b96
400ec736
3b8af937
3fcb590d
3feb0674
40531bd4
401b2ddd
3901c775
40091ecd
3fe2e045
3fc863db
406dc20a
3fe50805
3f9f11e0
3fdb6938
3fc73f43
3fc2f265
3fc48cbd
3faf39f0
3fac5bd6
3f98de99
3f9fe0f7
3f9aedb6
3faf76a0
3fa8d22b
3fb5c612
3fb5a068
3f7a3be4
3f881b25
3f79a936
3fd9e920
3fde6fe9
3fd198ca
3fb35f1e
3fa4960e
3fa1ecf6
3f8de470
3fc3be4d
3fc2cf59
3fad962c
3fbf0a38
3fc03d4d
3f8ae94e
3f7f5b94
3f887436
3f79d5d2
3f82e8dc
3f776acc
3f84b112
3f8424d4
3f9cc084
3f90dbf1
3f91d2b3
3f861b9c
3f7c957a
3f6ae578
3f7329de
3f71707e
401ba81d
400f9363
3f781b56
3f6bf410
3f718c24
3f66df7c
3f8137b6
3f7f26a2
3f7f4b5a
3f80707b
3f7a85f4
3f6ee10a
3f741dd6
3f7d41a6
3fe5575b
3f75426c
3ffa809b
3f6ebc66
3f66c832
3f7771a6
3f680a92
3fcef4b4
3918b7be
3fd18e52
3fdc8ce2
3fdcdd71
38d1c7c4
3b3a8489
3fd2afa8
38def091
3ff24e42
3fb09e9a
3fb3b635
3f85f009
3f838fd9
38fba939
38f9f661
3fdc5320
3944ae5b
3fa6a981
3fdc24ea
3ff260fe
3fa84723
3f9b0ce4
3f7a51ba
3fadf3c4
3fa58ecc
3f8b8c14
3fb7f3e6
3f9d4fad
3f8ae317
3f8d617a
3f881c32
3fa8b3dc
3f8492b6
3f8c8382
4067032d
3fd87edc
3fb57d11
3fa77a56
3f7a1b46
3fa7edd1
3fea04ed
3f905746
3f8473c5
3f827760
3f902b6a
3fe1c4f3
3fb82790
3f8fbe1e
3fb4a0e8
406aeeb6
40595aec
3fa31bc2
3f902a96
3f8bcb94
406c6a89
404a3262
4046d11e
38e9daae
3fbf3c99
3f81e1b4
3f88defc
3f89cdcd
3fc4213a
3f929664
3fd271b9
3fa09399
3f81697a
3fbea007
3fb948c0
3f88d354
3fba2ace
3f84148c
3fabc08d
3f9f0273
3feacafd
3fbf3c21
3fe55da9
3fbee188
3f9ff277
3f81a3ae
4003306f
3fc6a587
39b3c699
3ff8d921
399155fd
38d343fd
3ff3d118
3fb7ae4d
3f82f223
3fca275e
3f7d6d82
3fa4f0ad
3fed6e44
3fad9165
3faae244
3fcb620a
3fe1abab
3fd69785
3fb4cef6
3fc5ff34
3fdffccb
40199df0
3fc979cd
3f9e2e7a
3fdb0bc8
3fa19abf
3fbe01fe
3fd9033a
3fb99673
3fa0c15c
40186f8c
3f61fe14
3fdf18eb
3f6aeb5a
3b6ae4f2
3fb2b13e
3f8185dc
3fd69624
3f988062
3fa5e878
3ffcee24
3f78f000
3ff77558
393efabd
3943fb0f
3fdaaec4
3fe76ae5
3ff8c0a2
3fb1d3c0
3f89ddf4
3fc18033
3fb0094a
3f7260ae
3d52b10a
3d22b887
40074028
4006746a
3f7bdfb6
3f963950
3f9e0312
3f952b70
3f878b22
3fab90e6
401f5cf2
3fef413b
3fe53d4c
3f5f9482
3ff396d5
39915406
3ff7dc73
395e9dcf
3fba2518
3fbcc9be
3fd3d50a
3fd22f86
3fdf5a26
3fab668f
3fc1a984
3fe678fb
3b5e243f
3b596eef
3fb115f6
4011ee9f
3ad7dd6a
3a5e773e
39b514d3
3fab4804
3fb75814
3f7dbd3a
3f6b65b2
3f6a94d2
3ff27d02
3fb9cc5e
3ffa7905
3f701816
3fe12328
397ed6df
39a75e18
3fc78d17
4006a7f2
3fa96d21
3fb5deaf
3fe3a7c7
3fe84592
3fdd80a3
3ff9fbbc
3985d3ce
3fa92ef4
3f7c5ca2
4012a412
400d7f6a
38f3b110
3fd11f78
38d2044c
39f1824a
394437cb
3a1e4bac
3bbd1a5a
3fabfe94
392a1999
3978d978
3900c7c5
38d3261d
39401bc9
38f8a51c
3f8d5eba
3f8c7609
3fb7125e
3fdf6f30
3f9e0104
3f6665a6
3fbc0e32
3fbaf451
4059b198
3fda5d3a
3fdce467
3a723c0c
3fb6e62b
3fb5db8e
3feb67d5
3fe4a2ca
3fc12ad3
3faf6508
401383ae
3fdfb0eb
3fd5ddb7
3fe083da
401cfe62
3fb69f4e
3f9cd580
3fae5f16
3f9c5a6b
3f8e956f
3faec151
3f85ff0e
3f90e7f4
3fbff85b
3fb6e342
3fa0f0a0
3fa51292
3fdd2036
3fcae145
38d4bb8b
392d4193
401a8161
3fd9ecc0
3fae6989
3faa5050
3fba65b0
3faa2623
3fa5203d
3fa40356
3fd5935a
3930c20e
394667b5
3fa8b8bb
3f92fdca
38dd2627
3f7f2814
3f7e21a8
3fa406d0
3fbe6bc3
3fd2ffa0
3f95cb4e
3fabed58
3fad1f98
3ff77213
3fbcbda6
3fce8698
3918d7ae
40028551
3fb6a437
3fb1f653
400b8e2d
3faf9a25
3fc059be
3fca1f35
3fa6471c
3fe0547b
3fdd9ed0
3faf8ca2
3ae53d62
3aac5394
3fcb3e84
3fc55763
3f97af39
3f8597d9
3f7a5274
3fd9dfb7
3fc372be
3fbbc4e1
3f6871ac
3f79f32c
3f7a970a
400d05f1
3f6f3a74
3f66ab02
3f7731be
3f812d40
3f659f88
3f721d7c
3f6832f6
3fb36d4e
3f95c64a
400ceaa8
3f79d904
3ffa55a0
3a59389a
3f7cba9e
3a510136
3f9f5582
3fe65a39
3fbd0ff8
3fe39bbe
3fb3c241
38db454a
3fc8574c
398e4529
3ffa2df2
40255a96
4023add8
402c8be7
4026f035
4030dccc
3fee7f0b
3fd4330b
3fcf3efe
3fcaf006
3fb9347c
3fb1cf86
3ffb9f71
3f9f5777
3f996aa0
3f8b6106
3f89659a
3f85d4aa
3f662e4c
3f7be43c
3f788aae
3f6e2650
3f806d18
3f785716
3f6dfd5c
3f8e749f
3f968664
3f726b7e
3f6e0682
3fef38cb
3f67502a
3f640720
3f6cbdae
3f74f290
3f6d3a42
40664ac2
4069bae3
406c19e4
407e2c2e
408197c5
3fc23eff
3f9ba9ce
3fd57be4
3f80ff78
3f82dc6d
3f705bf8
3f720694
3f6f7738
3f68da06
3f9a50fe
3f6d5ef4
3f6b8cca
3f626e68
3f66b3d4
3f6117bc
402654a6
407a2d10
3f830172
3f7451cc
395adc9f
40023e71
4083e7d9
4010e611
3fd5dfa3
3fdfb7aa
3fd4ddac
3fcc8c42
3ff19f57
400226bd
3f8a337a
3fb23952
3fe7c2d3
3fec99c0
3fb8313e
3fe3081a
3ff460ca
409ad86b
3ffb9ef8
3ff1a65a
40015306
400c0844
3fda8c3f
3fb3b49b
4009a05f
40168b82
3f9a229a
38db1fd6
3fb334e2
3fe7944e
4011e27f
400eaddb
40109cb2
3f9e8d96
3fbb2df2
400aa84b
3fb8d487
404f0133
3fa599ad
4074b593
3b3fc12f
3fc79906
4007a8c1
3fcff4ea
3fa49f9e
40115e0c
3fb718d0
400059a7
407f83ed
3f8ead4e
3fbac7cc
407f3a4c
40136c43
400b3871
40297c7f
4008a2f1
39e5cfc3
4003ceed
40803207
40120996
3fd87ced
3fe29486
3fdd51a9
3fd78541
3ff01bff
4005961f
3f7ce9a0
3fa92a08
3fe87826
3ff61ddc
3faf56d4
3fe43aa3
3ffa1a16
40a94b26
3fee0b23
3feb38e9
3ff5efd2
400c755d
3fdc5e7c
3fa913dd
40014888
40124188
3f97a591
3ce35813
3fb9e7ec
3fe301f1
40104e59
4001a9f5
4015a017
3fa11d24
3fbabfd4
40040b25
3fbb56b8
40517bab
3fae31f6
4077ba60
3c980f1a
3fbe7992
4004c28e
3fd4e215
3f98daae
400c5648
3fb3ea4e
4003b8d8
40814a20
3f8f0ebf
3fb77ec1
4083a484
40127464
4007ac4c
401f77bb
4006c475
4076df60
406ad632
407596f8
3fd47dc8
4082e29b
3fd383e1
4081b429
4082078c
3fe5fb29
3fe18471
3fcfd98f
3fd0305e
407734ab
40741c5a
407959c5
406ce298
406e2e5d
4074c6c5
3fe2bace
3fe1187b
4049ded0
40820663
3fe0a0b4
40435df1
40667522
4075fd1c
3fe3c0be
40489187
407c7610
3fd62d38
40482f3d
406aa311
40787668
3fe3f092
3fe45e99
4073c116
407665b4
4048609a
407e49de
4081be51
40820f56
406f191c
3fdbc6f6
3fd10f89
40482a8f
4076d98c
40262f3e
40272f5e
40830659
3fd2f7e4
3fd41dee
404c2a37
3fe4f9ec
3fe6c628
3fe38296
3fe53ebf
3fe1b9e7
3fcfab36
40280ddb
404b9672
402524aa
40838fa2
3fe86689
3fd3053e
3fd2de76
404ca098
404bac9a
3fd4f30c
40715d12
406e58b3
3fdca6d5
40755d3c
4072409a
3fe532c1
3fca3549
407d9b78
3feb2c6f
3fd481ca
3fea5760
3fed2988
3fd3c00f
4083a211
3fe2776f
3fe8fe1f
3fb04200
3fb0f7ec
404c9726
404edc94
40270da8
4023ae0c
3fe65084
3fe6d5b5
3fd804ae
405042d8
405a7f3e
3fb2da74
40496b5e
404db6f0
4071c4aa
3fb78d8c
3fd210ec
404ca5fb
3fd2a202
4070f79d
404bf6a4
40770710
3fe98f58
402a0f0d
40863a9f
4027ff81
4086b6c7
3fed38f9
3fe73946
3fb61eed
3fd4ff95
3fd3fb8e
407442f2
405a59b3
408712e0
4075e0e4
3fee3d41
3ff0b7e4
3ff0096a
3fd52127
3febf1ad
3fdbe26d
404ddc78
3fea1caa
3fcd43c0
40509155
40241e10
40257e4a
4029ed58
3fd57b7b
3fd4a3ea
404d99e8
4050d00f
3fec1fa8
3fd55c2e
3fd1f857
404d6e86
402750d6
40870da6
4086cda7
3fec3ac8
3fedc93d
4075503e
407e0fe4
402a8cba
3fdaa907
3fd33e9c
407efdf6
3ff12b5a
3fd22dfe
4051539e
402bb4ec
3fe895e2
3fd7f062
402a605e
3fddebc2
3fdc276a
402c1c0b
3fee7320
3fd96318
4059c4ee
40791dbe
3fdebd58
3fd88a35
3fd9ab0e
402b8f39
401d8e42
3ff558d0
404f00d5
3ff5cfac
3fde9d70
4028017a
3fd96519
404f2b2a
401c5fa6
3fd88d89
404f2a08
404ed794
402da110
4051ef13
4052ddd2
406e2434
405b0b4e
4074cc82
3ff2c15c
3fdea824
404f2a92
401834ee
401370ca
4016eb80
3fd9af50
3fdb3670
407f2c00
4016071d
4018c99d
40140b01
3ff0c4a5
3fd52a08
4051c5e1
40169aba
3fdd8511
3fd450b2
3ff27ceb
400f4797
3fd71fbb
3fd7cae6
40506898
40814031
4014193f
3fdc04fd
40616578
3fd90c4f
404ec335
40120efd
40774f4a
400b6567
3ff313b5
4014207b
401392c3
400a5608
40113ce1
4012478b
400b6082
400cf067
3ff3da3f
3ff638a7
3fdf36b7
4053b804
400e7b10
3ff0c211
3fdf6918
4054d268
40101b81
3ff5c45c
3fdcc57c
407625d1
3ff20628
4010e881
4007ac0c
4005ee0f
3ff1db2b
4056a580
3ff3ceb5
3fe1442d
400f4abe
400f31c3
400b6961
4053de02
400d69cd
40550ce6
40549bde
40044799
400cdf1a
400aa4a9
40067508
3fee6c97
3feba3dd
3fdeb293
405504f6
3fe7d8ba
3feb5c30
4003ea04
3ff522b4
400999bb
400bab67
4008920d
3fb1b06a
3fdb06ec
3fdad092
400b8e6e
400177c4
4000633f
40063f38
3ff612ac
3fe9f177
3feb4a8d
3ff32dc7
3fe4aad7
3fde76b1
3ffe33c0
40010c0c
3ff2763f
3fea4936
3fd6bf46
4009ccaa
4009a232
4006b9b0
3ffcfa15
40023011
3fffc535
3ff06d2a
3fed1e20
3fda8dcf
3ffbf11e
3ffcb1fa
3ff6c4c4
3fd9dc5f
400024eb
40002d31
400875a9
4007aa25
400031b1
3ffd69e6
3fe2fc8b
3fdfa11f
3ff855c7
3fd73af1
3ff85305
3fe9c309
3fd5eab1
3ff282c0
3fd7b44b
3fd960a6
40040578
3ffc5701
3ffe7311
3ffcfa4d
3fdb0b5b
3ff33e9d
3fed281e
3ff17360
4002f7eb
3fecf1b4
3fec8284
3fdf56b8
4001aa42
4003fe24
3ffeba8b
3fed91a5
3fe7d2d4
3fb279a2
3fb282b5
3fb2279e
3fd8a218
3fd198c8
3ff11286
3fcb5876
3fd122e4
3fdda6f0
3fec483f
3fd547f0
3fce5ba5
3fefd25b
3ff7176d
3fe51e0a
3fe23be9
3fbe357a
3fbac654
3fcb831c
40013035
3fe0b180
3fd66345
3fc8e852
3fcb9e1c
3feda318
3fbe5998
3fdb06f2
3fb37da2
3fbee135
3fd6c7ee
3fca38f2
3ffc639f
3ffccef6
3fec50b2
3fb2f234
3fbcf83c
3fd1b01d
3fc639f2
3fc62b16
3fc6dcff
3ffaf951
3fec2ae0
3fca3b38
3fde6522
3fbcb638
3fc96225
3fe5ee5c
3fb0093c
3fbc0f1e
3fc26cbe
3fcb79e1
3fd8fc9a
3ff8e334
3f9fa52d
3fc36f98
3fbe6f7a
3fc3fe01
3fb32434
3fc5cb9c
3ff46d24
3fd28fde
3fd65034
3fc7a5e9
3fb03f18
3fa017b2
3fd42318
3fbd790b
3fae6d48
3f9dc884
3f9d08ef
3fc12888
3fc08f26
3fc065d9
3ff1befc
3fd35404
3fe56c8a
3fd62bc6
3fa0096a
3f9f43d4
3fbf5f76
3fcbbe5c
3fd0d62a
3fbef356
3fbf23be
3fc48d7a
3fc6b6b9
3fc0c914
3fbdc609
3f9ec86b
3fbf3cd8
3fbcf24a
3fc19ab1
3fcf5386
3fd34c7b
3fbd953c
3fbae3cf
3fad7350
3fca461d
3fcda012
3fbebca1
3fbf8bb8
3fee03ff
3fd639fa
3fcd2484
3fb95fba
3f9f03be
3fcf2b54
3fc79044
3fc5e520
3fa72144
3fba6c0e
3fed7a13
3fd0026a
3fbfd90c
3fc72e87
3fbd4a26
3fe777ee
3fe68013
3fc3b8d0
3fa57e26
3f9e05c0
3fca3ef6
3fc26a64
3fcc69be
3fc67c9a
3fbe603e
3fe4b3a3
3fe31020
3fa81fb6
3fab651e
3fb8f19f
3fbc961d
3fb779c9
3fe11059
3fbf7802
3fb80992
3fbc4bec
3fe0660d
3fcb47b5
3fc3b38a
3fb948c4
3f9baf61
3f9cc6a6
3fdf8b35
3fdbf8ec
3fd32583
3fc3a00e
3fabc3d8
3fb70314
3fb81b2b
3fc58013
3fcbe61c
3fbee928
3fb8215b
3fc4c642
3fd1946c
3fd06104
3fbbea60
3fabadd4
3fa90d20
3fd33fbf
3fc24ed0
3fba8433
3fb92a4c
3fc83758
3fc9c29b
3fa6d3c0
3f9da2cc
3fbbb59c
3fb9c792
3fd6dcef
3fc2674b
3fb4cee7
3fba81ee
3fc9b4ad
3fb6fc32
3fbbb802
3f9c1e26
3fb42f83
3fc594c8
3fc366e4
3fbe7c0a
3fbb7f72
3fb6045a
3fb3cca8
3fd30fa0
3fc9fe26
3fb1dd8a
3fb75ffa
3fb59a4e
3fb716d3
3fc635aa
3f9f812e
3fb232b4
3fcd0bdf
3fc5a0bd
3fbf3541
3fb59754
3fb6bacb
3fc856dc
3fb2e8c2
3fb63cdb
3fd3cec6
3fa85ae7
3f9f127c
3fb335b7
3fb253d8
3faf4f37
3fd1d2cf
3fd14d11
3fb7a9a7
3faa171a
3fb4051c
3fc39e82
3fb89c94
3faa6196
3f9d6102
3fc8d43e
3fb0aa49
3faf76fa
3fb3f3e6
3f9fd154
3f9b8e64
3fc09f01
3fb89754
3fada106
3fafb8a5
3fce1adb
3fcb1116
3fba9a0a
3fb44116
3facf280
3fabcc73
3fae2307
405c9f88
3fc7411d
3fbf0de9
3faf0eea
3fba6724
3fabd9ba
3f9e46a1
3f9bba84
405725c4
405631a2
3fd0808f
3fc3b2f8
3fb7fc1e
3fb401de
3fab00e4
3fb66a9a
3facf1ca
3fcb080a
3fbca836
3fa8e022
3fc877de
3fa0a2e0
3fa22192
3faf08cc
405784a6
3fbb81f5
3fad768c
3fa696ce
3faaa22c
3faa266a
3fadb334
3fc4ab99
3fb960f6
3fbaaf2e
3fb34e9a
3fad57b4
3fabb98e
3fad7150
4055f41a
3fcde2cd
3fb57444
3fb530a6
3fb30296
3fc4a78b
3fb5e7c2
3f9f59fc
405311f2
4052dbe7
3fb70f08
3faead08
3fb4058f
3fa2814e
3fa94522
3fa805f6
40565c0c
3fc1e2a2
3fb3c10c
3fb193a0
3faa637a
3fa793a4
3fbfec19
3fc3c04b
3fb69248
3fb16c2d
3fb17444
3fb0d3ca
3fcb5815
3fc2df06
3fc4799e
3fb47e84
3fa09ec2
3fa0a894
3fa7db10
3fb7933a
3fb0208a
3faba908
3fa97f32
3faf4d20
3fb22d33
3faf935f
3fa0b202
3facb9a4
3fb122c6
3fa65b45
3fa742d9
3fb523be
3fc462ef
3fae8e01
3fb2ddc7
3fabed36
3fa309a8
3faa1a86
3fa8bacb
3fa6ae16
3fc06df1
3faa9c86
3fb505b4
3fadf6a1
3fa530de
404e23ec
3fb00822
3fac92a6
3fa1aa77
3fbbeec1
3f9faf5e
3fc27786
3fac58c4
3fac5bf0
3fad9032
3f9c6dac
3facafae
3faa8afc
3fb00f7c
3fa048c8
3fbb5971
3fb4c5c0
3fa53c91
3fa608a7
3fa715e1
3fa3fc6a
404597cc
3fadce77
404b82fa
40453c24
3fa9c5f2
3faabac8
3fae5480
3fa683ea
3fa2167e
3f9eb278
3fcbe5cc
3fa6733c
3fa3a7b4
3fa2dc76
3fb47e44
3faa5e7a
3fab5b37
3faf49f0
3fc19b98
3fab9695
3fab2912
3fa6a33e
3fa25704
3f9f71fe
3fb4345e
3fa88500
3fa4f2d8
3f9f9dda
3f9bcdfe
3fb01f9f
3fb46dfc
3facf256
3faccd12
3fa28598
3fa69cc3
3fa6bb94
3fa465b0
3f9e59cf
3fa1e6a6
3fb062fc
3fa72a6c
3f9ffd32
3fa1604c
3fa0905d
3fce9dd1
3fad1ffe
3fa85395
3f99e950
3fb06fc2
3fa71e3c
3f9e6424
3fe8e0ab
3fa6ae8f
3fa2991a
3f9dc8a7
3f9ace46
3faea960
3fa70083
3fa7637e
3f9e4ed3
3fa08e2b
3f98e3e8
3fb0926f
3fabd991
3fa59a88
3fa1ce80
3fa072b4
3f9beb9a
3f9ec718
3f9df2ee
3f9ef73c
3f9b1662
3fcdf253
3fe29a91
3fb235fe
3fac5b43
3fa89f22
3fa36d58
3f9e10c4
3f9833b0
403a85e2
3fce5ef7
3f9fff3a
3fa5cc9d
3fa11041
3f9c89cc
3fcf068e
3fdd185e
3f9be4a4
3fa57d7a
3fa3ff42
3f9c4618
3f9b21f4
3fdcb424
3f9d0a50
4039da56
40396c26
3fde356a
3fa70b60
3f9c4ade
3f9a2c0e
3f97cd9b
3f979a0f
40386576
4039bb52
3fd0b705
3fa78c10
3f9c0fab
3f9a985a
3f942d86
3f9bd91e
3f96e68a
3f96e230
403931d9
3fdcd157
3fa6e362
3fa259d0
3f9e6a5c
4014f102
403bcce8
3fa11338
3fa1a934
3f9cbef5
3f9ba008
3f986ef0
3f97a622
3f975cf3
4013c8a2
3f99ab57
3f9d621b
3fddae24
3fa689b0
3fa1aed3
3f98660f
3f97a1b8
3f9902b8
3f96e3e8
4011e0a9
403429a8
3fd014c3
3fa4cf85
3f99163a
3f979616
3f9630f2
4013baab
40333e08
3fa42c78
3f96fe82
400ab990
40351ebb
3fa3aa0d
3f976cf4
3f953357
3fd89e98
3f9f4913
3f9698b8
3f9612be
40102412
3fcdcd38
3fdda3ba
3fa6cc49
3f96292a
3fa6519f
3fa13dec
3f9fbbb3
3f95c91c
3f982ca6
3f9a3f45
3f982ae4
3fa2c6d4
3f9a9c98
400ff93a
3fa92cba
3f953b70
3f942d98
3fa28edd
3f9f2b58
3f9ff400
3f978711
3f99ab6c
3f956d40
3f93a6b2
3fcea79d
3f9e9d9e
3f9ca99b
3f944c86
3f937794
3f90fcd0
402c16b6
3fdcdeb2
3fa26481
3f9cfb98
3f9b5a20
3f9cd459
3f9bde95
3f9360d0
400abfd2
3f9d0d66
3f9b4770
3f98ff5e
3f9665fe
3f90d5be
3f952b1d
3f910d0a
3f9072fe
402c45a7
3fd2c360
3f9cfaf3
3f91eb5a
3f92ca38
3f9d49aa
3f92f3a9
3fcf3626
3f982cf0
400cc90b
402a5a46
402a951a
3fe53e95
3fa03fe8
3f9c7a3b
3f970b5f
3f93b4c4
3f90b2c6
3f90f207
3f904051
400beb8e
400bac3d
400c82df
4009910a
402ae30d
4029d09c
3fd844ee
3f9ee06a
3f94b634
3f933752
3fd58bb4
3fdeb71e
3f91afa1
3f919b00
3f9096e8
4028ee27
3fa00b33
3f99711a
3f8e6e21
4008c6a4
4029d0fc
4028c5c7
3fd436b8
3f9a2679
3f968988
3f90b399
3f9218f4
3f96628c
400a36ec
402445e5
4026aa99
3f9a64c6
3f8dfee5
400babb8
3fd3c965
3f98a8f3
3f927358
3f921ac6
3f8fc73c
3f99ef60
3f8be7a0
402496b3
4025371a
3fdfc933
3f98b75f
3f9470c6
3f913f93
3f8ee67a
3f94926a
40083717
3fe58996
3f8b40e4
3f8d1424
3f8b7d8a
400155bb
3fe45ceb
3fe6c28b
400759c5
40086135
3f95ca2e
3f8bdbff
3f8fb69e
40036e6d
40220b51
3f981220
3f8a9b46
3ffe1bc4
402488e4
3fd770a7
3f98f732
3f8e6d61
3f8e79fa
3f8c22c8
3f8922ec
3f9377fa
3f93814e
3f8a014a
4025e562
3fd4ea0b
3f92e3a8
3f886016
40252086
3f8f51e8
3f9068db
3f8e1fbe
3f8b52df
3fe61f43
3f84af08
4006edef
3f8b3b53
3f8b5584
3f902fb2
40244ac9
4022b41a
3fd7434c
3f8ad94a
400844b5
3f9bece2
3f9019b8
3f9233b0
3f84d2ea
3f843440
3f891073
3f91244a
3f80e940
3f8e99e7
3f895ea1
3f901145
3f8ac446
3f8808d1
4005b9af
40075b02
3ffe1f83
3fd91655
3f884e28
3f874e55
3fd96535
4004a3bd
3fde70f4
3f891329
3f8b552a
3f85acf2
40054433
40025211
3ff9c418
3f9027ca
3f7e76e2
3f879b8c
40041c13
3ffacf40
3ff92d5f
3f92db76
3f834c92
3f82d472
3f84ea9f
3f85fe12
4004b015
3f87a172
3fee1ed7
3f920ed9
3f7fcc3f
3f888b6e
3f88f9de
3f858e8c
4000459e
401caae6
3f81caa2
3f858dfc
401adb90
3f8c997e
400240d0
3ff98963
3f8cdaa6
3f8ee28e
3f899e22
3f87554e
3f86632c
400336d0
3fdb6b83
4005c68b
3ff52bf8
3ff90326
3ff9cc8d
401a1d6d
40172980
40162451
3f8c756c
3f83b2b6
400267da
3ffbdb09
3f862f6e
3f849cd4
3f840798
3ff8f80e
3f8b41da
3f8776e0
3f81b566
4003fe5d
3fdf4d00
3f88da5c
40197baf
3f8ccceb
3f8763aa
3fdaa4a7
3f8d1496
3f8bdf3a
3f86549c
3f848229
400220d0
4004c537
4000834a
3f80a00e
4002a40a
4003c73a
3ff1d677
4013d7a2
4001d629
40036987
3fe1cbe2
3f8a7046
3f85ace6
3f81f963
40026c88
3ff37308
4001c012
4003ec52
40136008
4013ec56
3f879db4
3fffcf74
400136ba
3f8e66c3
3f893c42
3ffeb67f
3ff3d601
4015cd49
3ff34473
3f7e2750
3f81ae9a
3fac309a
3f811f2c
40009c4c
3ffc93c4
3ffd9a65
3f868682
3fffdff7
3f809d3f
3f821ff0
400042ca
3ff16fb6
3fef806a
3f82bbbd
3f7d168c
3f7fd075
3ffc7029
3ffcbacd
3ff28a1c
3f83d714
3f800fe8
3ff56356
3ff0ce8a
4011224b
3f81e7ea
40131d54
40004483
40017caa
401000cd
3f85e0e8
3ffcd53a
3f8924ba
3f841a22
3f828af4
3f7fbbfa
3ff805ba
4010febc
3ff1feb1
3f84322a
3f820d39
3f800aaa
3f7dfc72
40003c9b
3fff5c57
40127069
3f8477bc
3f85131e
3f8571b6
3f8178da
3f8483ff
3f82cc30
3fff732f
400f1750
3f7a664e
3ff31a56
3fefc5a6
3fedd4fc
3fefd6f4
3fed533e
3fe1e57c
3ffa2554
3f7b6320
3f7dd21a
3ff06a67
3fec5a90
3f82cce3
3f7acc20
3ff366b8
3feaa2c4
3f7d9a9c
4011a8ae
400f0834
3f835d80
3fff8ada
400e888a
3f79a718
3f7bd8e6
3fe93917
3fb27ff0
3fb21f02
3f80b8df
3f7d7e9c
3f7aff0c
400edf2b
4006f3a7
3ffd15bb
400da3c4
3fea4f5a
3fb1b911
3f820d16
3f780c14
3f822afe
3ff165d4
3feaecc2
3f797320
3f76c590
3ff3533f
40080415
3ff83551
3f835cfc
3feb1dae
3fe78c38
3fe79a7d
3f81471a
3f7f11a6
3f7802dc
400bb265
3f8021ff
3feda376
3feab17d
400ce0c7
3fafe1a6
3f7ecccc
3f7c108c
3ff77fd1
3ff0b1b6
3fedf336
3fe51c95
3fe6825e
3f76365c
3fee4c6c
400abbef
3f7c468a
3f7a08f8
3ff3e55f
3ff7282e
3fe4cecc
40067663
3ff0ebc9
3fc8c6e1
3ff41fb2
3feed851
3fe90111
3fe26924
40079ac7
3ff943f2
400b3c78
40051def
3fb004f4
3f814950
3f728d8c
3f97b382
3ff49fb2
3fb20c21
3f7609f2
3ff2d491
400949f0
3f75e9ae
3f97fca9
3fe9c45d
400715de
3f77d14c
3fe74206
400375f0
3fc9e4c9
3f8060bc
3f750992
3f6f5232
3feff1fe
3fe84801
40017a6b
40087249
4004d007
3f7102bc
3fe6b10c
4003c370
3fe76f10
3fe2a64b
3fe5bdc3
3f7ca3e4
3f77f404
3f730ed0
3f965daa
3f939ebc
3feebd5a
3fe6a628
3f6c9448
3fece42d
3f6cce18
3f74155c
40045fe1
3f95e7fd
3f70ecc2
3fe8bf23
3f72ebac
3f6fac46
3f951be8
3fe3ce8a
4004b69f
3f755cd2
3f6ca2a6
3f6b7fba
3fdf095a
4003306a
400208c1
3fb642f4
3f71433a
3fe0a91b
3fc8716b
3f6d8828
3f969ea9
4006ae72
4000bd5e
3fb99a86
3f6f366a
3f9501f4
40038864
3fea9f46
3fe8a215
3fe355c0
3fdf1347
3f6cb32a
3fb67784
3f61a0b2
40016652
3fba750a
40012187
3f73f812
3f900574
3fe86066
3fde0ea2
3ff75217
3f936193
3ffc92f7
3ffbbf7c
3fc78fdd
3f75e944
3f6f3dbc
40018987
4000bc96
3fe113ba
3fdb6d7e
3f6a4a20
3fe17562
3f6f6b8e
3ff7da72
3ff2657d
3f75109a
3f8cdd4a
3f6531aa
40001124
3f8e49a2
3fe2098f
3f6c03d6
3febf9a8
3fbb6b96
3ff6c519
3f8f6eac
3fe10937
3fdd2e5d
3f68b582
3fdec578
3fe05648
3fde723a
3fdc73fa
3f6f3c6e
3f64fdc4
3f8d965e
3f8d41de
3f6b285a
3f6686d2
3fdb1b6c
3fdd9f25
3fd838d3
3fd83b18
3fd5b773
3f6a906c
3fda3a9d
3ff6a07f
3fef5a8b
3f942851
3fdc5074
3fdcb4fe
3f6a7e0e
3f652d62
3f6aace6
3f6e72ae
3ffd7be0
3f6ef18e
3fdf344c
3fd2bd62
3fe666f9
3f64cb74
3fd72d33
3ff8dd4d
3f8cc26e
3fd994f4
40009c00
3fbaa8cc
3f8af294
3fd656c9
3ff36ff4
3ff21bc6
3f65c278
3f8a7fb9
3fdd2352
3ff45c71
3fd6ddc8
3ff6f2b1
3ff3af92
3fef876e
3fe50516
3fe8cc66
3f8a8966
3fd9ff64
3ff8342b
3ff711d6
3f641550
3fd86369
3fd5bd2b
3fd5bad3
3fd22019
3f8a9934
3f638ed4
3ff5d209
3fe9da19
3fd72266
3fd5a9b1
397d1d7a
3f872e84
3fd41ebf
3ff610d6
3ff1ec27
3fc1fa40
3fef7a73
3fea2537
3fed5aa1
3fcfdc4c
3fd25aff
3fe7c407
3f89dde1
3fd599d7
3ff53694
3fe7cbc8
3fea21c2
3f62ef32
39540df9
3fd1cfd0
3fbdb45e
3f667bb4
3fd79856
3fd85f17
399d5bf3
3a7f83ad
3fe12291
3fd0b7ba
397455a0
3fefce5f
3fc2837d
3f65a1a4
3fd2628c
3ff00f0e
3f913241
3fe9df59
3fe7a31c
3fc270ca
3feb9a4d
3fdd3ec1
3fdac830
3fc2c719
3f8ce867
38fdb1cc
3feee91a
396f8065
3fef753f
3f6b8caa
3fe05ee0
39d42213
39592546
3fe90492
3fdb2c81
3fe20ae8
3fd471e9
3fee6e3a
3fc261e8
3f961dda
3fd09ed3
3914d25a
3fe4f1a0
3fdf2445
3fdd393d
3fc5db22
39ae572b
3fe06b20
3fe8e142
3fe815c7
3f8cb51e
39d2e3d4
3a6c520a
3b4b692b
393684e2
38f92d4e
3fe42b2b
3fea762f
3fe427d0
3fbc9496
3fe33088
3fec10da
3fd072e1
3912fdbe
398b5f83
3fd9c93b
3f90b9c5
3fe548fb
3fd9749a
3fe335a1
3fe0563d
3b6dc533
3fe5985e
3fe737c3
3fe83779
3fe22dfe
3a30344e
3a07ecf4
3a13becb
3fe45c34
3fe10d79
3fd60895
3fd9ad3e
3a558cd3
3fe34133
3fe00085
3fd87e68
396b483a
3a7f05d0
3b19d2bd
3fe1b496
3fd48a5a
3f9007bc
3bd836b5
3b7d419d
3ae48a0c
3aae9307
3fe1bb3a
3fe255dd
3fdcb7f4
3fdaea9e
3fbac670
3fd0377a
3fde83e2
3fd56cee
3b17e4f1
3aaefa64
3fd94b1e
396c3ac2
38d5bf34
3922f1a5
399e5f3f
3fe0cedf
3fe16e84
3fdd9464
3a4900d5
3a6c44a5
3a71fb25
3a82f70a
3a874950
3fdf3892
3fdc8577
3fd3ee2d
3a14345b
3fda0de7
39fe798b
3a15e161
3fd6af92
3f80583d
3f6dbfc8
3fd9618a
3992fb6c
3fd55d34
3922c084
3f965036
3949a826
3fdd1ef3
398efa66
3fd84c52
3fdc4735
39114942
38d8250e
39adf4e5
394f8c5e
38fa138b
39cc6a5f
3fdc9168
3fdb2158
3a04633c
3a29508d
3a306263
3fd818bd
3a0b71f6
39db6d2a
399d5d50
394c0a04
38f1e436
3fe0ad9f
3fd7f464
39ea30bd
39f53045
3fdd364c
38d4ceb9
39aa5f1a
398101a1
393b6a0f
38f63420
3fd93906
38dadc24
3936a267
39169bfd
38eb2915
38d3f1ee
39396e52
3991fde3
39a97d1d
3fd6a84a
3934b77c
38e5b33c
38fec2b9
3fd38d24
393e7b03
3fd33fc3
3fd6e228
39fa71d1
3a6a2297
3ab30b94
3aed4bf1
3b0cf1c5
38dfa37a
38e00158
392690e5
3fd90c6a
3993bb0e
38dd2503
38dae1eb
38e49225
38e229b7
3fd7da86
39840500
3fd2d854
39154e14
39132b04
3929c33f
38d3526a
3906fe15
38dd1d8e
3903fd9d
3fcf57cb
394ccc88
3967b350
396230ef
39388e3c
38f207ff
38feb571
3932615f
39f927e0
3fd937b4
39bff140
39f38245
3fc92fbe
39bdd93d
39b61ed4
39110f4b
39659e08
39e24001
3a38dab0
3fd0f35e
3a8a3132
3a74ee09
3a2beace
39bf0a0d
4046ad78
406b30b1
406d07c8
404358a6
4070bfc6
4073e9ba
4069a8a2
4076e08c
407cd742
40409d96
4070daaf
4074c6dc
407912db
3fe03d88
3fe4b1e3
3fe6f472
4075b628
407bef3e
3fe41bc8
3fe3d85a
3fd138ec
40761026
407d0240
3fe84a73
3fd53c40
3fe0c103
3fd252b6
4073e31b
3fdfbbc0
3fb614bc
4070b7cc
40739284
407bf152
3fd07db3
3fd22d9a
40445ad6
404981a2
4048b8bb
4046a543
406c04b4
407b9304
403f0269
407bad5e
3fe584eb
3fe843b0
4080d2c8
3fe4352a
406c634a
3fb38570
40410974
406ded7b
4080e865
40464ac0
40478ce4
406d1bc8
40589716
40571f44
4075c4fa
408103aa
407fd3d2
3fd369d2
3fcf4a49
40491337
4049882d
4049dda2
406b63ba
407260af
3fd34a3c
4075017a
4074e50a
40490c52
404996dc
3fd5a884
3fd52162
3fd21c1a
40744df8
3fe645a2
4045ded2
4056d838
4080079e
4081f529
3fe4b8cc
3fec1cc8
3fb69b60
3fb4d3c8
3fd7f934
40237651
3fd28196
3fcec236
4074184b
3fbb9ebf
4045460a
404a5d74
406e194a
4025b079
3fd105d5
4045fe1c
404a571c
40440b88
404ae26c
404a11fc
4073cc13
3fb81ba8
403c41b4
404a1060
406b6a39
4076c46c
4021e40a
40491b0a
406b271a
3fd118ca
4022a12a
3fead5aa
3fd11b6c
4045ae4c
4049878d
40490aee
4070b2d8
40844c11
3fd624a0
4070ffea
4020b8aa
40211710
3fe32d68
3fd3f7e6
4044c777
406a11aa
3fe9e285
3fb6a766
3fd3e010
3fd2def4
404a8cc8
407ad848
40831ec2
40849282
3fb786ba
404936d9
404b798c
4076d1c3
3fe955bf
3fd535f6
3fd92f32
404c1667
3fe703ce
3fd55c94
406c5510
4069d1ea
4073f244
40847bae
3fd178f5
4049d56f
40711ad6
3fbb0fd8
3fc26da4
3fd4fac6
40481440
402a0662
40848b23
3fd8139d
4049d2f7
404ce306
4074ec4f
3fee67ff
3fc091cd
3fd9c9b1
404c83f8
404b2df5
3fe9070f
4026fd17
3fce309d
404c1160
4076dae0
407bf2ae
40258544
402a183c
40814821
3fc7b3d3
4027a8c4
3fbe3e44
3fd73f2a
40496cd4
40765bb8
4029c714
408542a3
3fc6c055
3fd9818b
40496623
3fc3e43a
3fd6f054
404c5110
4050b84e
402a1ffa
3febaf8f
407429cb
402c18ad
3fc3a64f
3fd6092c
404c18f1
407c45a8
402bba94
3fec171e
3fd78c66
4048d148
40238800
40290cea
3fb93815
3fd54de6
3fd32436
402a04b8
402b5662
4086daf7
3fd77168
40470ddc
4073e748
3fe7ad55
3ff16550
3ff716ee
3fdc0ab1
3fbb55c4
3fd92db6
404f7d00
402b75fc
3fef0f86
3fba6829
3fdca038
3fd3e4f8
404ad14e
404fd224
3fb9b7a8
3fb93fb4
3fdd49ed
404918f2
40497c92
4024ce86
3fef861b
408195f0
3fb74308
3fd45a22
404d71e0
404fc747
4062f972
3fd901a2
404d8c4c
404ceb0d
404e7e6f
40815990
4017829c
3fedc044
4073fb62
405e82a2
404709ee
404e4ccb
4017a490
3fd850f8
404d5e00
407bbbe4
4024ffd2
3ff43d95
3fdc289c
40251cf3
400ed17c
3fd6d0b0
4049b736
404eff3f
404ad0c2
401501eb
4012bcf2
3ff6bece
3fdaa0f2
404f74a4
40512ac8
402483ea
402730f6
3ff2d72c
400c4e79
40525700
40219026
4022596f
4014eb11
40513738
40516b3e
407ed73a
400bcfd5
400a27c0
404c9b06
40128ffc
401154b2
400a237c
3fd85f96
40503517
3fb91ebd
3fd7dc2e
404c2636
404ec5d1
405ee988
4010eb2a
3fd88ec0
40515666
3ff94ab3
3ffa0f05
4051404c
405f85bc
407fef58
404b3fae
404fc2e4
4013544e
4010ba93
400839d8
3ff508f4
404929ff
400a2de6
400cb289
3fdbf9fa
40130aa6
40102231
3fee69b5
40511f54
400f626e
4008ef9d
404ffd41
400ac313
400d1023
3fe4fc98
40537816
400cf139
40078773
40084278
3ff3f27a
400964c2
405303ee
4009a08f
40062125
4004a05a
3fe9c98e
40079e14
3ff1c037
4050d742
40087da0
4005ed96
3ff03972
3fe8ae1a
40527a63
40001a12
40044240
3fe6d9cc
404cf3b6
400bd97f
4003c130
4007247a
3fdbf5cc
40513828
405072b5
400487e4
3fe8a834
3fe6da8f
3fe8fb8c
3fdccbf7
40092eb7
40072d18
4005e849
3fee8ad0
3feac70b
3fe47412
4008bbf2
40041a3e
40003fdb
3ff76693
3fede7f3
4005a675
4002f3b9
4003f65b
3fe70343
3fe3f04f
3fddd9d0
3fdd840c
3fd81426
3ffe49e4
400370aa
3fe4c4e8
3fdcec2b
3fda23f6
3fda5b52
40519102
4008319d
3fdadea2
3fd8d8c6
4001522b
3fe04961
400585e6
3fec7a88
3fecc6cb
3fea9dc7
400587b7
40020d57
3ff1d05a
3fdc32d2
3fd9fbc0
3ffb2a87
4004a570
3fef1290
3fe1aad3
40032ae1
3ffe5efe
3ff72fc6
3ff89a43
3ff1d6d1
3fd95ec9
4003be80
3ff8e309
3fef160a
3fe18a44
4051ec75
3fcc4ca6
3fd50b42
3fc2e6b7
3fcba7e4
3feb9448
3fd24b2a
40026772
400197f1
3fe86c1d
3fdfa00c
3fce8f04
3fd83e1c
3fd30904
3fef0092
3fdc7664
3fd33a96
3ffd14ef
3ff63fcf
3ff32f8c
3fd76c19
3ffb95fb
3fe14d00
3fd84ebc
3fdf48cc
3fc195ea
3fcf4985
404b7040
40522bbc
3fb0e01e
405231aa
3ff055b4
3fcceaec
3ff8831d
3fd8de6d
3ff40d0a
3fc59a9e
3fbfba7d
3ff9b82c
3ffaa831
3fd957e8
3fdb3618
3fa02524
3fdae136
3fea4b75
3fdc3878
3ff6689d
3fd603b6
3fbe0da6
3fc8025a
3fcaffb5
3fc6d580
3fc2d7ba
3fbdb63d
3fce3044
3fc704ef
3fc12a8c
3fc07cf3
3fc85569
40516df6
3fd50604
3fd3082a
3fc6169e
3fc26a30
3fc2fcc1
3fc81f95
3fc19f58
40500d24
3fed75de
3fb6ded5
3fcdf77a
3fc5f9c1
3fc5dc5d
3feeab5b
3fed4efa
3fd3011c
3fcb4248
3fd1e1f9
3fc66740
4052b891
3ff0d874
3fa117c4
3fea4a22
3fcf7eb7
3fe1fc9a
3fc2f0a2
3fca1ca4
3fc314fb
40519883
3fec4d60
3fcb8b46
3fc3b97a
3fd09df8
3fbcc409
3fc0da4a
3fc123e8
3fb76fe9
3fc0d343
3fbc2958
3fc9c300
3fc9c460
3fbc717d
3fc085e3
3fe3acae
3fd1f136
3fd2c82c
3fbdced7
3fbfa313
3fe968b5
3fe34731
3fc91217
3fc4edcf
3fc058cc
3fbc6708
3fd97c32
3fc2eca6
3faadea3
3fd84004
3fc858e6
3fbc4e5c
3fbb2766
3faaa014
3fad09a0
4051a4de
3fc7b73c
3fd5bc0e
3fa77630
3fbae3de
3fbaea3a
3fe4769e
3fc91777
3fc904c5
3fc01936
3fbad82e
3fba7940
3f9e57ec
3f9e5fa8
3f9c87bc
3fb8084b
4051ca3f
3fddffbb
3fc79eba
3fbe0b62
3fb6e78e
3fb92ec8
40506f02
4055f630
3fbf5fff
3f9e051c
3fb44cdb
3fb61400
3fded016
3fd684fe
3fdc2508
3fa4bc14
405155b4
3fd7f5ca
3f9c041a
3fc64d18
404e95c1
3fde1bc2
3fc0d9aa
3f9f9fe4
3fb12ed6
3fafc0b8
3fc49e65
3fc2f7c2
3fc5c7e4
3fb7c740
3fba10a0
3fbd3e18
3fb738f0
3fb800e4
3fa9000e
3f9d68f0
3f9d0840
3faf94c8
3fb5eee4
3fcd743f
3fbe1189
3fbed3eb
3fc268b8
3fb9edac
4052b9c6
3fc98f2e
3fab6eae
3fb8415f
3fc21d08
3fbe45b3
3fbbbf8d
3faad32a
3fbeee7b
3fb80170
3fc3d504
3fb64908
3fb7d552
3fbad6b0
3fa8cc81
3fc00f97
3fb7e972
3fd0512a
3fbb66c4
3fb64be1
3fae603c
3f9cd269
40570b2a
3f9dd55b
3fb73301
3fb10686
3fd12113
3fcd429b
3fab38a8
3f9c8da4
3f9d5b07
3fbd3bf0
3fb63734
3fb3be12
4055735a
3fcbece3
3fb43e90
4052cfe4
3fba586f
3fb9d1ba
3fa783fc
3f9e6d1d
3f9c2bfe
3fb753b7
405585f3
3fcc1ac6
3fc97b47
3f9dc71e
40524562
3fcb518a
3fafb80e
3fb8a09e
3fb839da
3faeb3e9
3fae24b8
3fb11fd6
3fb1d99e
3fcc95bf
3fbdce47
3faeb2ba
3f9e7f64
3fbbd5bc
3fbac749
3fb94dca
3fbca757
3fb040b6
3f9d8d73
3fbbf8bd
3fb01461
3fb0fb87
404ead5d
3fb4873a
3fad4810
40575f34
3fc42db4
3fb72217
3fa9bcb6
3fad6baa
3fad6910
3fb19c7d
3faddaa4
3faee4d5
3fbb1f44
3fa02b2c
3fb8ea08
4056888e
3fb6b390
3fb8584c
3faf437b
3faf6ea4
40536890
3fc42dd8
3fb70cd6
3fb65f35
3fb71b5a
3fb20ffa
3fb43fa8
3faed3b0
3faf10fa
3fae3880
3faaefbf
3fc156f5
3fb46ba5
3fb3cf12
3fb0733e
3f9de517
3fb4363a
3faba8ce
4052035a
3fc517db
3fc11f5e
3fb00b30
3f9df5d1
3faa6442
40533aab
3fb51d59
3faab0d2
3fa778e1
3fc2e9a7
3fc2b0d2
3fc2f438
3f9fc462
3f9e5e6e
3fc093cc
3fb24f6e
3fb1cb4e
3fb92fbc
3fb42f37
3fac6e0a
404e7220
3fbd7d00
3faf526e
3fb0adcf
3fb29676
3fa8d1bd
4053a508
3f9fe035
3fa74114
3fa61610
404c0974
3fac31ee
3fb13c86
3fae777e
3f9e6b02
3faf20be
3fae7090
3faf78ef
3faac4d0
3f9e442c
3fac55a0
3fa81606
3fa9d2fe
3fa9588c
3fa6dd8b
3fa4a5ae
3fb90f6a
3fcd4181
3fb1689d
3fb29e5a
404a7956
404d0234
3fabcf01
3fb04e2a
3faf2d86
3fa5b8ae
3fa22080
3fa201ee
3facd81a
3fca4350
3fad2f13
3fb8e0d2
3fb1ffeb
3fafc8d5
3fa29179
3faa3d24
3fa8772c
3fa5d51a
404a6740
404bc9d2
3fcc69fd
3faf70b1
3fae171e
3facb600
3fa3ba9a
3fa20a75
3fa38be2
3fc5c417
3faa4003
3fab8629
4049fc40
404aaea6
3fad8335
3fa7bbfe
3fae9d6f
3faf10f8
3fa27036
3fab4a69
3fa325ed
3fa32897
3fa3e624
3fcd2996
3fa3b351
40433ac4
3faa7302
3fa9171d
3fa521e2
3fa44a7c
3fb134d2
3fa83728
3fa58fb4
3fa4660c
3fa8306e
3fac2634
3fa34b44
3fa513ff
4042ab06
3fb1a862
3fa5881c
3fa5488c
3fa4a3f4
403f54da
3fa40498
3fa4338b
3fa28990
3fa43672
3fa3d2fb
3fa45fee
4044743e
3faa15c0
3fa4f0f8
3fa2c6e7
3fa8f3a8
3fa5eafc
3fa17bb6
4041c4fe
3faadb7e
3fa6f1ac
3fa6c5f6
3fa3765e
3fa400bc
3f9fbb6d
3facdee6
3fa7965c
3fa6bfa0
3f9d82c0
3fa803b2
3fa025db
403c790a
3fda82a9
403d369b
3fab342c
3fa738fc
3fa13a63
3fa2e2ec
3fa500c2
3fa209ca
3fa11662
3f9f72c6
3f9d842f
403c206f
3fab3bb1
3f9a3594
403bd593
3fa8bb9a
3fa5c48e
3f9f85fe
3fa04d32
3f9c9cac
401952ef
403d73a6
3fa56bb8
3fa26acf
3f9a4861
3f9d7332
3fd3a392
3fa33391
3f9f1cb0
3f9e7508
3f98f116
3fa7d5cb
3fa043c7
3f9a9b06
3f973318
3f99c0ca
3f9b9052
3fa2ea54
3f9ad750
3f9b3cc4
3f984ec6
3fa24518
3f9d08d8
3f9a115d
40351e7b
4035cc20
3f99f062
3f9799c4
3f984509
40354b00
3f9b0ed0
3f9a2032
3f986300
40152703
403551c4
3fcf0275
3fa4244d
3f9ded62
3f9c15c1
3f9a206e
3f9a12af
40354a21
403364ec
403434b7
3f9febe3
3f982502
3f9b19e4
3f9ab2a9
40308d79
403326da
3fd1a2b0
3fa188b8
3f9a3246
3f94dd4b
3f96e9e2
3f96bc73
3f985f84
400bb9a3
402e6ccc
3fa0e946
3f98ad09
3f97d588
4030d473
3f96ee6e
3f96e9e4
3f9443fa
3f970bad
402d43cd
3f9ab8ac
3f9c8af3
3f972b26
3f935525
402f479a
3f97c828
3f930190
40150f48
40143918
3fd0366f
3f964f90
3f976544
3f977962
3f94b876
3f938224
4012d12a
3f9dfcaa
3f94a2aa
3f967e42
402cfc08
3f92396a
3f9512e3
3f943d0e
3f950ea9
4013b024
400b5d4f
3f921356
3fd419fa
3fd62b00
3f9256dc
3f92d768
402db859
402c1d49
3f985703
3f957a62
3f948b8a
40114ae6
400d1fc6
402a6a75
3f975364
3f928340
3f902cee
400c4081
3f94bf11
40281d4d
3f983a6e
3f97c00c
3f926216
3f934903
3f92a27d
402c8495
4027574b
3f985448
3f993fc4
3f949576
3f90a46f
3f8e1e31
402bad1a
3f983322
3f8f688c
400d8938
4028f218
3f982f7c
3f8900a3
3f9227e2
3f91a233
3f8e9f2e
3f931a49
400b8c7b
40085503
4027ebac
40295174
3f9a55a6
3f956e60
3f913c6f
3f92a3be
400c342d
3f95bd52
3f950c48
3f8f0666
3f8effeb
4025a3ec
3f96457c
3f8db47a
3f8ffcf6
3f8eaab6
4028c662
40273802
3f976334
3f962370
3f94385e
3f92e772
3f8bffca
3f8e8747
3f8e4986
3f9048b0
400cdb93
40060861
3f993d84
3f959764
3f8f36cd
3f8f8844
3f8c1951
3f8e1ec2
3f92aa36
400a26c4
3fe7150b
3f93d53e
400a8522
40264fc1
3f841b9a
3f8ca661
400bbc5a
400bf286
3f87802c
3f8fd0d2
3f8e621e
3f8dd26c
400a1d77
3fd7b4b9
3fd8280a
3f8bb480
400c2b65
40071c77
4025d070
3f943662
3f8d0a00
400b2916
4007faec
400b83a6
400bbcf8
400af135
4007e21c
401fefe1
3f93e12a
3f8646ff
3f8c8267
3f8d71e0
3f899ffe
3f8a095b
4026001d
3fd88ec8
4007aa8a
4021b918
3f86fa7b
3f8d3a38
3f898b2e
40075c47
401fc54d
40203472
3f848a30
4009ca91
3f87670b
40054ec6
40219daf
3f909a96
3f8684fe
3f83bd9c
3fde6a05
3f925daa
3f84f6f4
3f89c184
3f8950ac
3f89a672
4020c583
401efbc6
401b2916
3fddaa30
3f8d214e
3f850557
3f8c1f31
4008e236
3f824cc6
3f895832
3f887168
3f86d14d
400870a0
3feefc73
40057db9
40199ce0
3f822ca8
3f862ddf
40062331
40055b70
3f89c59e
3f81e824
40075eef
40076535
401acd35
3f889c16
40086e4b
40090a1e
4006a241
401b55ee
3f8b556c
4007af92
40029fff
401bc257
4006e32c
3f85fd65
3f89afba
3f88ffb8
4005ef08
4006ce68
40059782
4007df0b
4019fd36
4017d316
3f84064e
3ffdabb0
3f853e92
3f88e864
4005800b
40066453
3fe0b1e0
3f8a5fc6
3f8a7dc9
3f84dd6a
3f8505f8
4004de9e
4005c7dd
40059449
3f88ce56
40037bee
40057ec9
3f8957fe
3f81bdd4
3f84d5f6
40047ca6
40045def
3f88c0bc
40035f07
3ffa3934
3faaf9f4
4004b81b
3f86afd5
3f849a16
4002c824
3f89e882
3f82cd5a
4002ec44
40040b18
4002d30f
3ff9524f
401625e2
3f84fcc4
40108c4a
4011b347
3fae1b54
3f88c900
3f876228
3f829cfe
3f844be4
4001d181
3f81b73e
3f83ac12
4002fec2
4012c098
3f864650
3f856f58
3f8868ec
4002cfdf
40019de0
3ff3c46d
40011588
40141b0e
401552b2
4000b055
4013730c
3ffc5dc5
40135b2c
4010652b
3fffdb45
3ffdc6a2
3ff66fac
3f7ca9ea
4000944f
3fff73f0
3ffbd437
3f7b3bf0
3f8002cc
3fe2feec
3f821fec
3f81f536
3ff87f2c
3ff9be01
400ebcaf
400e3700
3f82caee
3f7de07a
3ffef9bd
3ff6baad
3fffefc3
400f292c
3fe61ee6
3f81b4f2
3f7fe33e
3f8108e0
3ffb2bdc
400b59e7
3f81b976
3f7db48a
3f7a0b74
3ff4d630
3fb0203c
3ffc47b9
3ff3e46f
400deebe
3f80c5c0
3f7b5cf8
3ffd4afb
3f7d15f6
3ffb8947
3ff31497
400b3617
3f7e8cdc
3f7d6200
3f7caae0
3f75b13a
3f7722d8
3f7b09b2
3ffe5811
3fee3446
400bd80a
400943b0
3f7b913a
3ffc5c4c
3ffaa857
3ffb1ffa
3ff342dd
3fe80532
3f8236e4
3f76f8fc
3ffb1dce
3ff48230
3ff03db5
400b27ed
3fb21695
3f804558
3f7ed1b0
3f7b6042
3ff95753
40095f3d
3ffbeda7
3ffae0db
3ff2732e
3fed8d82
400a74bd
400825c1
3f761390
3f7ca940
4007d09e
3f7be04a
3f7bae3a
3f79e25e
3f97c9ad
40091cce
3f7a1b8c
3ff83d3b
4008b618
4006cca5
3f721358
3f717788
3ff23b26
3fef1bf9
3fb748a6
3ffaa654
3fed3c39
4008f608
400576ef
3f97d23b
3feefaa3
40080c9d
3feaeed1
4007166b
4006afb1
4006f004
3f77faf8
3ff37a54
3feed39b
3fef153c
3fec079d
3fe9c738
40062cb1
400497f7
3f75040c
3f729c06
3f718462
3f970c46
3fed520a
3fed9c0e
3fed2ce9
40057eac
4004c22d
3f713e38
3f95a00b
3fe4b146
400686a6
40072d7d
3f6fa074
3f961d68
3ff84868
40037b2b
400127ae
3f70d1bc
3f9554f0
3ff14f42
3f710f2c
3fed0ee0
3fea9d07
4006be3d
4001ee85
4003ee39
4000b70f
4002c3dc
3f6b2690
3f70357a
3f6f98a8
3ff242e4
4002eb29
400225e9
3f74cb72
3f976dce
3fefeafe
3fecf23c
3fe837b9
40054770
3feaed18
3f70dc74
4002df70
40011874
3feca61b
40008ae7
3f949a7b
3fec0c1b
40046a8d
4002a8c8
3fef751b
3f7049aa
4000bdeb
3f916661
3feaf5f2
4002640b
3fffbb61
4000f5d3
3f6c1ffe
3f93057e
3fea832c
3f6dad42
3f72f882
4004185b
3ffd6e02
3fe6ac39
3f6dc55c
3f6e91ae
3f6cad06
3f953329
3f92e365
3fe72024
3fe4e3fa
3f6a6cd6
3f907d62
3f929562
3fe19cb8
3ffbe61a
3fff3a4a
3f8f4979
3ffcf972
3fba5fdc
3fe3ecf0
3ffdec60
3fba9154
3fe4db6b
3fe31873
3fbad40e
3f954682
3fe35e41
3fe156a0
3f6ebcf4
3f6a529e
3fe1d34c
3ff0ce11
3fe08a34
3f6ff8fe
3ffc9be4
3fe21f74
3ffafd6e
3ff8ce6f
3fe687de
3f71c3a8
3f686ccc
3ffdff77
3ff44ae2
3f8dc7e3
3ff40c58
3ff2a84a
3ff3e31a
3fc07510
3fe1a428
3f6cebb4
3f6af4d2
3f8e64f0
3f8babd8
3ff675e2
3ff5cb65
3ff69b5d
3f5e3bd0
3f90a87d
3fdfeece
3f689062
3ff7f6d1
3ff86090
3fbdc7b8
3f8b556f
3f8eb6d4
3fdfe7f6
3fdfc9fd
3ffc0a78
3ff754eb
3ff49691
3fee11fe
3f63e372
3fdd08fd
3ff6b101
3f8bc2d9
3f8d4728
3fddc51a
3f65e368
3fbd40d6
3f69886a
3f69eeae
3f94f76f
3fef662a
3fbe9a6a
3ff67edc
3ff16210
3f8a2d8c
3f907b8c
3f6747a6
3f67a656
3fecd67a
3fef6393
3fdab803
3f67da14
3f632150
3ff1a765
3ff038ab
3f8bf060
3fef98e3
3feff96d
3f8a3117
3fdabf4e
3f65319a
3fc4ccc9
3fda0e33
3fda4681
3ff12ece
3fe6629a
3f8e4b64
3fd8581f
3fd72093
3fd9c417
3fd88494
3fd215c1
3ff17f4b
3fe88872
3fe53027
3f9162ce
3fda1fb1
3fd7f223
3fd80bb8
3fda0505
3fd6bcdd
3f8bb800
3fd73c63
3fd49b8d
3f64a0fa
3fe8a647
3fe4fe7f
3f8aca90
3fd86bca
3fd65bea
3f68d556
3fefce63
3fd5a4b8
3fdf4c23
3fdba6c0
3fd8ebe5
3feb3dcd
3f659530
3f67eb70
3f6455c0
3be0b214
3f631ed4
3fe87eee
3fea4cef
3fe9cf59
3fc43184
3fd9cbdd
3fd3d8f0
3fd34cf0
3fcf7db3
3feb2194
3fd64684
3fc7c006
3fd42776
3fea4a3c
3fe69c18
3fd4dad8
3fe11919
3fd65a34
3fd3fc48
3fd22250
3fd0d7c5
3fd135ce
3fd0e25e
3fe25835
3f6e91a4
3fe0239c
3f8ea494
3fd40ce8
3f69ff40
3fcf9287
3fe4d772
3fe6d41c
3fd8d670
38ed2621
3fce7b42
3fde88c6
3fbff9e9
3f8ed5f2
3cb414f5
3fe4a722
3fe05917
3fdcb565
3fd01f24
3fcdebde
3fcb5ba7
3f8c8c48
3ce895f5
3fcf5a1b
3c741cd9
3fdbd538
3fddb4e6
3cb51ec8
3fdb7e9a
3fd59bfc
3fd6547e
3a10d7c2
3fe19f04
3fdbc925
3fde20d4
3f9687e3
3fdacc34
3fd210ae
3fe033d5
3fe01d46
3fdc77b4
3fdade06
3fd6ea35
38e33dbd
38d65446
38ff8fbf
39201e20
3fe1cd34
3fde5224
3fddce7d
3fdbb1aa
39221a6a
3949701c
3fdbb3fa
390f01cd
38ed6f5c
3fe07c1e
3a64b7d9
3fdf137d
3b6890c1
3902b90b
39802454
3fdae72d
3fd4535a
38f9682c
3fdd4bdc
390f78e5
38f45e93
38f2fbd9
3fdb0886
3fdcf2ba
3fd69bb2
390619bd
3fdaf750
3fcaf6a0
3fd90810
3fdabdd8
3fdd2bd2
3b53692f
3b9cc788
3beb60ae
38e69f8b
3fd82391
39315581
39912310
3fdb7d77
3a1b2377
3a48349c
3a6e8133
3fd8bf7f
3a90c868
3a9b756b
39184b28
39050718
38ef777e
38f330c2
38e503a7
391b7c5f
39508628
38e27212
38de6b72
38e5ca1c
38d4a0b7
392fd7c3
38d6c719
3955574a
38d3bb89
399d9ef7
3978120f
39866d58
398ba736
3967d5fa
38f82885
3985f7b9
3ad57555
3a05001d
3986981c
3a30583b
390f797a
3938ff50
38d42d31
38e07903
398a6702
3906adb4
3b1533c0
3af6c262
3b0c7dc4
38e8e6a7
3988b475
38da2cb2
38fe86cd
38e77e10
391f6055
38d77021
3922db09
390850c7
38d418e1
391b5b23
38e780f5
394b1725
38ef3eea
38d829ef
39802f3d
393e660b
390a22fc
38fb0519
391e9348
390f167f
38dae037
38f73147
38e0ff2e
3927e2ba
3fd4b3e6
391010ae
38d36ce1
38dcb3cb
38d491b1
38e103d8
39db0229
39804b0a
38fd43f4
390ba6a4
392e2112
39a75d6e
39637b28
3905f39a
3913b85b
39b12e50
3a7990e6
3909eb79
3fcfe793
3901a279
38d1f9e8
3922b93a
3a22586d
399cc1b1
38ddcaec
38d21472
38fd133a
38df36fc
39134b84
390d5308
39113d32
394e1129
38dddf7f
39883357
38e5ee46
38da4c74
38e1f6f3
39014bb1
38f5024d
395cfd05
39362a6b
