
                           Design Compiler Graphical 
                                 DC Ultra (TM)
                                  DFTMAX (TM)
                              Power Compiler (TM)
                                 DesignWare (R)
                                 DC Expert (TM)
                               Design Vision (TM)
                               HDL Compiler (TM)
                               VHDL Compiler (TM)
                                  DFT Compiler
                               Design Compiler(R)

               Version S-2021.06-SP4 for linux64 - Nov 23, 2021 

                    Copyright (c) 1988 - 2021 Synopsys, Inc.
   This software and the associated documentation are proprietary to Synopsys,
 Inc. This software may only be used in accordance with the terms and conditions
 of a written license agreement with Synopsys, Inc. All other use, reproduction,
   or distribution of this software is strictly prohibited.  Licensed Products
     communicate with Synopsys servers for the purpose of providing software
    updates, detecting software piracy and verifying that customers are using
    Licensed Products in conformity with the applicable License Key for such
  Licensed Products. Synopsys will use information gathered in connection with
    this process to deliver software updates and pursue software pirates and
                                   infringers.

 Inclusivity & Diversity - Visit SolvNetPlus to read the "Synopsys Statement on
            Inclusivity and Diversity" (Refer to article 000036315 at
                        https://solvnetplus.synopsys.com)
Initializing...
# TCL script for Design Compiler
# Enable multicore functionality (caution: using this option may slow down optimization for smaller designs)
#set_host_options -max_cores 4
# Do not change this line
set top_level "Rasterizer_group_unit"
Rasterizer_group_unit
# Load common variables, artisan standard cells
source -verbose "../syn/common.syn.tcl"
/ids/kits/UMC28_Kit/v-logic_um28nchslogl30hdh140f/DesignWare_logic_libs/umc28nllh/30hd/hdh/svt/latest/liberty/ccs
/ids/tools/SYNOPSYS/syn/S-2021.06-SP4/
. /ids/kits/UMC28_Kit/v-logic_um28nchslogl30hdh140f/DesignWare_logic_libs/umc28nllh/30hd/hdh/svt/latest/liberty/ccs /ids/tools/SYNOPSYS/syn/S-2021.06-SP4//libraries/syn
* um28nchslogl30hdh140f_tt0p9v25c.db dw_foundation.sldb gtech.db standard.sldb
um28nchslogl30hdh140f_tt0p9v25c.db
# Set top level name
set dir_name "${top_level}"
Rasterizer_group_unit
# Read verilog files
read_sverilog "../src/${top_level}.sv"
Loading db file '/ids/kits/UMC28_Kit/v-logic_um28nchslogl30hdh140f/DesignWare_logic_libs/umc28nllh/30hd/hdh/svt/latest/liberty/ccs/um28nchslogl30hdh140f_tt0p9v25c.db'
Information: Using CCS timing libraries. (TIM-024)
Loading db file '/ids/tools/SYNOPSYS/syn/S-2021.06-SP4/libraries/syn/dw_foundation.sldb'
Loading db file '/ids/tools/SYNOPSYS/syn/S-2021.06-SP4/libraries/syn/gtech.db'
Loading db file '/ids/tools/SYNOPSYS/syn/S-2021.06-SP4/libraries/syn/standard.sldb'
  Loading link library 'um28nchslogl30hdh140f_tt0p9v25c'
  Loading link library 'gtech'
Loading sverilog file '/home/hyukjun/Projects/MonoGS_HW/SLAM_Rasterizer/src/Rasterizer_group_unit.sv'
Detecting input file type automatically (-rtl or -netlist).
Reading with Presto HDL Compiler (equivalent to -rtl option).
Running PRESTO HDLC
Compiling source file /home/hyukjun/Projects/MonoGS_HW/SLAM_Rasterizer/src/Rasterizer_group_unit.sv
Presto compilation completed successfully.
Current design is now '/home/hyukjun/Projects/MonoGS_HW/SLAM_Rasterizer/src/Rasterizer_group_unit.db:Rasterizer_group_unit'
Loaded 1 design.
Current design is 'Rasterizer_group_unit'.
Rasterizer_group_unit
# read_sverilog "../src/gradient_id_compare_unit.sv"
read_sverilog "../src/Rasterizer_unit.sv"
Loading sverilog file '/home/hyukjun/Projects/MonoGS_HW/SLAM_Rasterizer/src/Rasterizer_unit.sv'
Detecting input file type automatically (-rtl or -netlist).
Reading with Presto HDL Compiler (equivalent to -rtl option).
Running PRESTO HDLC
Compiling source file /home/hyukjun/Projects/MonoGS_HW/SLAM_Rasterizer/src/Rasterizer_unit.sv
Module 'Rasterizer_unit' was not elaborated because it contains the 'template' attribute.  Instead, it has been saved as a template.
No designs were read
read_sverilog "../src/skip_unit.sv"
Loading sverilog file '/home/hyukjun/Projects/MonoGS_HW/SLAM_Rasterizer/src/skip_unit.sv'
Detecting input file type automatically (-rtl or -netlist).
Reading with Presto HDL Compiler (equivalent to -rtl option).
Running PRESTO HDLC
Compiling source file /home/hyukjun/Projects/MonoGS_HW/SLAM_Rasterizer/src/skip_unit.sv
Module 'skip_unit' was not elaborated because it contains the 'template' attribute.  Instead, it has been saved as a template.
No designs were read
read_sverilog "../src/fixed_arbiter.sv"
Loading sverilog file '/home/hyukjun/Projects/MonoGS_HW/SLAM_Rasterizer/src/fixed_arbiter.sv'
Detecting input file type automatically (-rtl or -netlist).
Reading with Presto HDL Compiler (equivalent to -rtl option).
Running PRESTO HDLC
Compiling source file /home/hyukjun/Projects/MonoGS_HW/SLAM_Rasterizer/src/fixed_arbiter.sv
Module 'fixed_arbiter' was not elaborated because it contains the 'template' attribute.  Instead, it has been saved as a template.
No designs were read
read_verilog "../src/gradient_unit.v"
Loading verilog file '/home/hyukjun/Projects/MonoGS_HW/SLAM_Rasterizer/src/gradient_unit.v'
Detecting input file type automatically (-rtl or -netlist).
Reading with Presto HDL Compiler (equivalent to -rtl option).
Running PRESTO HDLC
Compiling source file /home/hyukjun/Projects/MonoGS_HW/SLAM_Rasterizer/src/gradient_unit.v
Module 'gradient_unit' was not elaborated because it contains the 'template' attribute.  Instead, it has been saved as a template.
No designs were read
list_designs
Rasterizer_group_unit (*)
1
current_design $top_level
Current design is 'Rasterizer_group_unit'.
{Rasterizer_group_unit}
# Clock period
# set clk_period 1.25
set clk_period [expr double($::env(clk_time))]
1.67
# clk_period (ns) 1 = 1G, 1.25 = 800M, 2.5 = 400M, 5 = 200M
set clk_uncertainty 0.1
0.1
set clk_transition 0.1
0.1
# Create real clock if clock port is found
if {[sizeof_collection [get_ports clk]] > 0} {
  set clk_name "clk"
  set clk_port "clk"
  #If no waveform is specified, 50% duty cycle is assumed
  create_clock -name $clk_name -period $clk_period [get_ports $clk_port] 
  set_drive 0 [get_clocks $clk_name] 
}
Information: Building the design 'Rasterizer_unit' instantiated from design 'Rasterizer_group_unit' with
	the parameters "BLOCK_SIZE=16,exponent_bit=8,mantissa_bit=7,precision=16,input_gaussians_to_pixel=4". (HDL-193)
Warning:  /home/hyukjun/Projects/MonoGS_HW/SLAM_Rasterizer/src/Rasterizer_unit.sv:196: Netlist for always_ff block does not contain a flip-flop. (ELAB-976)
Presto compilation completed successfully. (Rasterizer_unit_BLOCK_SIZE16_exponent_bit8_mantissa_bit7_precision16_input_gaussians_to_pixel4)
Information: Building the design 'skip_unit' instantiated from design 'Rasterizer_unit_BLOCK_SIZE16_exponent_bit8_mantissa_bit7_precision16_input_gaussians_to_pixel4' with
	the parameters "BLOCK_SIZE=16,exponent_bit=8,mantissa_bit=7,precision=16,inputs=4". (HDL-193)

Inferred memory devices in process
	in routine skip_unit_BLOCK_SIZE16_exponent_bit8_mantissa_bit7_precision16_inputs4 line 350 in file
		'/home/hyukjun/Projects/MonoGS_HW/SLAM_Rasterizer/src/skip_unit.sv'.
=======================================================================================
|        Register Name        |   Type    | Width | Bus | MB | AR | AS | SR | SS | ST |
=======================================================================================
|     gaussian_depth5_reg     | Flip-flop |  64   |  Y  | N  | N  | N  | N  | N  | N  |
|        block_id0_reg        | Flip-flop |  14   |  Y  | N  | N  | N  | N  | N  | N  |
|        pixel_id0_reg        | Flip-flop |   8   |  Y  | N  | N  | N  | N  | N  | N  |
|   gaussian_depth_out_reg    | Flip-flop |  64   |  Y  | N  | N  | N  | N  | N  | N  |
|          skip3_reg          | Flip-flop |   4   |  Y  | N  | N  | N  | N  | N  | N  |
|          skip4_reg          | Flip-flop |   4   |  Y  | N  | N  | N  | N  | N  | N  |
|          skip5_reg          | Flip-flop |   4   |  Y  | N  | N  | N  | N  | N  | N  |
|        skip_out_reg         | Flip-flop |   4   |  Y  | N  | N  | N  | N  | N  | N  |
|          G_out_reg          | Flip-flop |  64   |  Y  | N  | N  | N  | N  | N  | N  |
|           G4_reg            | Flip-flop |  64   |  Y  | N  | N  | N  | N  | N  | N  |
|           G5_reg            | Flip-flop |  64   |  Y  | N  | N  | N  | N  | N  | N  |
|          d_out_reg          | Flip-flop |  128  |  Y  | N  | N  | N  | N  | N  | N  |
|           d1_reg            | Flip-flop |  128  |  Y  | N  | N  | N  | N  | N  | N  |
|           d2_reg            | Flip-flop |  128  |  Y  | N  | N  | N  | N  | N  | N  |
|           d3_reg            | Flip-flop |  128  |  Y  | N  | N  | N  | N  | N  | N  |
|           d4_reg            | Flip-flop |  128  |  Y  | N  | N  | N  | N  | N  | N  |
|           d5_reg            | Flip-flop |  128  |  Y  | N  | N  | N  | N  | N  | N  |
|        alpha_out_reg        | Flip-flop |  64   |  Y  | N  | N  | N  | N  | N  | N  |
|          dxx2_reg           | Flip-flop |  64   |  Y  | N  | N  | N  | N  | N  | N  |
|          dxy2_reg           | Flip-flop |  64   |  Y  | N  | N  | N  | N  | N  | N  |
|          dyy2_reg           | Flip-flop |  64   |  Y  | N  | N  | N  | N  | N  | N  |
|         power3_reg          | Flip-flop |  64   |  Y  | N  | N  | N  | N  | N  | N  |
|        i_valid0_reg         | Flip-flop |   4   |  Y  | N  | N  | N  | N  | N  | N  |
|        i_valid1_reg         | Flip-flop |   4   |  Y  | N  | N  | N  | N  | N  | N  |
|        i_valid2_reg         | Flip-flop |   4   |  Y  | N  | N  | N  | N  | N  | N  |
|        i_valid3_reg         | Flip-flop |   4   |  Y  | N  | N  | N  | N  | N  | N  |
|        i_valid4_reg         | Flip-flop |   4   |  Y  | N  | N  | N  | N  | N  | N  |
|        i_valid5_reg         | Flip-flop |   4   |  Y  | N  | N  | N  | N  | N  | N  |
| skip_and_alpha_done_out_reg | Flip-flop |   4   |  Y  | N  | N  | N  | N  | N  | N  |
|         mean2D0_reg         | Flip-flop |  128  |  Y  | N  | N  | N  | N  | N  | N  |
|     conic_opacity0_reg      | Flip-flop |  256  |  Y  | N  | N  | N  | N  | N  | N  |
|     conic_opacity1_reg      | Flip-flop |  256  |  Y  | N  | N  | N  | N  | N  | N  |
|     conic_opacity2_reg      | Flip-flop |  256  |  Y  | N  | N  | N  | N  | N  | N  |
|     conic_opacity3_reg      | Flip-flop |  256  |  Y  | N  | N  | N  | N  | N  | N  |
|     conic_opacity4_reg      | Flip-flop |  256  |  Y  | N  | N  | N  | N  | N  | N  |
|     conic_opacity5_reg      | Flip-flop |  256  |  Y  | N  | N  | N  | N  | N  | N  |
|    conic_opacity_out_reg    | Flip-flop |  256  |  Y  | N  | N  | N  | N  | N  | N  |
|         alpha5_reg          | Flip-flop |  64   |  Y  | N  | N  | N  | N  | N  | N  |
|       early_skip_reg        | Flip-flop |   4   |  Y  | N  | N  | N  | N  | N  | N  |
|      gaussian_id0_reg       | Flip-flop |  128  |  Y  | N  | N  | N  | N  | N  | N  |
|      gaussian_id1_reg       | Flip-flop |  128  |  Y  | N  | N  | N  | N  | N  | N  |
|      gaussian_id2_reg       | Flip-flop |  128  |  Y  | N  | N  | N  | N  | N  | N  |
|      gaussian_id3_reg       | Flip-flop |  128  |  Y  | N  | N  | N  | N  | N  | N  |
|      gaussian_id4_reg       | Flip-flop |  128  |  Y  | N  | N  | N  | N  | N  | N  |
|      gaussian_id5_reg       | Flip-flop |  128  |  Y  | N  | N  | N  | N  | N  | N  |
|     gaussian_id_out_reg     | Flip-flop |  128  |  Y  | N  | N  | N  | N  | N  | N  |
|     gaussian_color0_reg     | Flip-flop |  192  |  Y  | N  | N  | N  | N  | N  | N  |
|     gaussian_color1_reg     | Flip-flop |  192  |  Y  | N  | N  | N  | N  | N  | N  |
|     gaussian_color2_reg     | Flip-flop |  192  |  Y  | N  | N  | N  | N  | N  | N  |
|     gaussian_color3_reg     | Flip-flop |  192  |  Y  | N  | N  | N  | N  | N  | N  |
|     gaussian_color4_reg     | Flip-flop |  192  |  Y  | N  | N  | N  | N  | N  | N  |
|     gaussian_color5_reg     | Flip-flop |  192  |  Y  | N  | N  | N  | N  | N  | N  |
|   gaussian_color_out_reg    | Flip-flop |  192  |  Y  | N  | N  | N  | N  | N  | N  |
|     gaussian_depth0_reg     | Flip-flop |  64   |  Y  | N  | N  | N  | N  | N  | N  |
|     gaussian_depth1_reg     | Flip-flop |  64   |  Y  | N  | N  | N  | N  | N  | N  |
|     gaussian_depth2_reg     | Flip-flop |  64   |  Y  | N  | N  | N  | N  | N  | N  |
|     gaussian_depth3_reg     | Flip-flop |  64   |  Y  | N  | N  | N  | N  | N  | N  |
|     gaussian_depth4_reg     | Flip-flop |  64   |  Y  | N  | N  | N  | N  | N  | N  |
=======================================================================================
Presto compilation completed successfully. (skip_unit_BLOCK_SIZE16_exponent_bit8_mantissa_bit7_precision16_inputs4)
Information: Building the design 'fixed_arbiter' instantiated from design 'Rasterizer_unit_BLOCK_SIZE16_exponent_bit8_mantissa_bit7_precision16_input_gaussians_to_pixel4' with
	the parameters "N_MASTER=4,DATA_SIZE=224". (HDL-193)
Presto compilation completed successfully. (fixed_arbiter_N_MASTER4_DATA_SIZE224)
Information: Building the design 'gradient_unit' instantiated from design 'Rasterizer_unit_BLOCK_SIZE16_exponent_bit8_mantissa_bit7_precision16_input_gaussians_to_pixel4' with
	the parameters "BLOCK_SIZE=16,exponent_bit=8,mantissa_bit=7,precision=16". (HDL-193)

Inferred memory devices in process
	in routine gradient_unit_BLOCK_SIZE16_exponent_bit8_mantissa_bit7_precision16 line 397 in file
		'/home/hyukjun/Projects/MonoGS_HW/SLAM_Rasterizer/src/gradient_unit.v'.
===================================================================================
|      Register Name      |   Type    | Width | Bus | MB | AR | AS | SR | SS | ST |
===================================================================================
|       dL_dG7_reg        | Flip-flop |  16   |  Y  | N  | N  | N  | N  | N  | N  |
|      d_y_gdy7_reg       | Flip-flop |  16   |  Y  | N  | N  | N  | N  | N  | N  |
|  dL_dalpha_added5_reg   | Flip-flop |  16   |  Y  | N  | N  | N  | N  | N  | N  |
| dL_dalpha_added4_2_reg  | Flip-flop |  16   |  Y  | N  | N  | N  | N  | N  | N  |
| dL_dalpha_added4_1_reg  | Flip-flop |  16   |  Y  | N  | N  | N  | N  | N  | N  |
|       dG_dy7_reg        | Flip-flop |  16   |  Y  | N  | N  | N  | N  | N  | N  |
|       dG_dx7_reg        | Flip-flop |  16   |  Y  | N  | N  | N  | N  | N  | N  |
|        H_reg_reg        | Flip-flop |  11   |  Y  | N  | N  | N  | N  | N  | N  |
|        W_reg_reg        | Flip-flop |  11   |  Y  | N  | N  | N  | N  | N  | N  |
|    gaussian_id7_reg     | Flip-flop |  32   |  Y  | N  | N  | N  | N  | N  | N  |
|    gaussian_id5_reg     | Flip-flop |  32   |  Y  | N  | N  | N  | N  | N  | N  |
|    gaussian_id4_reg     | Flip-flop |  32   |  Y  | N  | N  | N  | N  | N  | N  |
|    gaussian_id3_reg     | Flip-flop |  32   |  Y  | N  | N  | N  | N  | N  | N  |
|    gaussian_id2_reg     | Flip-flop |  32   |  Y  | N  | N  | N  | N  | N  | N  |
|    gaussian_id1_reg     | Flip-flop |  32   |  Y  | N  | N  | N  | N  | N  | N  |
|    gaussian_id0_reg     | Flip-flop |  32   |  Y  | N  | N  | N  | N  | N  | N  |
| dL_dpixel_depth_reg_reg | Flip-flop |  16   |  Y  | N  | N  | N  | N  | N  | N  |
|    dL_dpixel_reg_reg    | Flip-flop |  48   |  Y  | N  | N  | N  | N  | N  | N  |
|      i_valid6_reg       | Flip-flop |   1   |  N  | N  | N  | N  | N  | N  | N  |
|     T_first_reg_reg     | Flip-flop |  16   |  Y  | N  | N  | N  | N  | N  | N  |
|       started_reg       | Flip-flop |   1   |  N  | N  | N  | N  | N  | N  | N  |
|    cycle_counter_reg    | Flip-flop |   4   |  Y  | N  | N  | N  | N  | N  | N  |
|    dL_dopacity7_reg     | Flip-flop |  16   |  Y  | N  | N  | N  | N  | N  | N  |
|       dG_dy6_reg        | Flip-flop |  16   |  Y  | N  | N  | N  | N  | N  | N  |
|       dG_dy5_reg        | Flip-flop |  16   |  Y  | N  | N  | N  | N  | N  | N  |
|       dG_dy4_reg        | Flip-flop |  16   |  Y  | N  | N  | N  | N  | N  | N  |
|       dG_dy3_reg        | Flip-flop |  16   |  Y  | N  | N  | N  | N  | N  | N  |
|       dG_dx6_reg        | Flip-flop |  16   |  Y  | N  | N  | N  | N  | N  | N  |
|       dG_dx5_reg        | Flip-flop |  16   |  Y  | N  | N  | N  | N  | N  | N  |
|       dG_dx4_reg        | Flip-flop |  16   |  Y  | N  | N  | N  | N  | N  | N  |
|       dG_dx3_reg        | Flip-flop |  16   |  Y  | N  | N  | N  | N  | N  | N  |
|      d_y_gdy6_reg       | Flip-flop |  16   |  Y  | N  | N  | N  | N  | N  | N  |
|      d_y_gdy5_reg       | Flip-flop |  16   |  Y  | N  | N  | N  | N  | N  | N  |
|      d_y_gdy4_reg       | Flip-flop |  16   |  Y  | N  | N  | N  | N  | N  | N  |
|      d_y_gdy3_reg       | Flip-flop |  16   |  Y  | N  | N  | N  | N  | N  | N  |
|      d_y_gdy2_reg       | Flip-flop |  16   |  Y  | N  | N  | N  | N  | N  | N  |
|      d_y_gdx6_reg       | Flip-flop |  16   |  Y  | N  | N  | N  | N  | N  | N  |
|      d_y_gdx5_reg       | Flip-flop |  16   |  Y  | N  | N  | N  | N  | N  | N  |
|      d_y_gdx4_reg       | Flip-flop |  16   |  Y  | N  | N  | N  | N  | N  | N  |
|      d_y_gdx3_reg       | Flip-flop |  16   |  Y  | N  | N  | N  | N  | N  | N  |
|      d_y_gdx2_reg       | Flip-flop |  16   |  Y  | N  | N  | N  | N  | N  | N  |
|      d_x_gdx6_reg       | Flip-flop |  16   |  Y  | N  | N  | N  | N  | N  | N  |
|      d_x_gdx5_reg       | Flip-flop |  16   |  Y  | N  | N  | N  | N  | N  | N  |
|      d_x_gdx4_reg       | Flip-flop |  16   |  Y  | N  | N  | N  | N  | N  | N  |
|      d_x_gdx3_reg       | Flip-flop |  16   |  Y  | N  | N  | N  | N  | N  | N  |
|      d_x_gdx2_reg       | Flip-flop |  16   |  Y  | N  | N  | N  | N  | N  | N  |
|      ddely_dy1_reg      | Flip-flop |  16   |  Y  | N  | N  | N  | N  | N  | N  |
|      ddelx_dx1_reg      | Flip-flop |  16   |  Y  | N  | N  | N  | N  | N  | N  |
|        gdy1_reg         | Flip-flop |  16   |  Y  | N  | N  | N  | N  | N  | N  |
|        gdx1_reg         | Flip-flop |  16   |  Y  | N  | N  | N  | N  | N  | N  |
|     dL_ddepth7_reg      | Flip-flop |  16   |  Y  | N  | N  | N  | N  | N  | N  |
|     dL_ddepth6_reg      | Flip-flop |  16   |  Y  | N  | N  | N  | N  | N  | N  |
|     dL_ddepth5_reg      | Flip-flop |  16   |  Y  | N  | N  | N  | N  | N  | N  |
|     dL_ddepth4_reg      | Flip-flop |  16   |  Y  | N  | N  | N  | N  | N  | N  |
|     dL_dcolor7_reg      | Flip-flop |  48   |  Y  | N  | N  | N  | N  | N  | N  |
|     dL_dcolor6_reg      | Flip-flop |  48   |  Y  | N  | N  | N  | N  | N  | N  |
|     dL_dcolor5_reg      | Flip-flop |  48   |  Y  | N  | N  | N  | N  | N  | N  |
|     dL_dcolor4_reg      | Flip-flop |  48   |  Y  | N  | N  | N  | N  | N  | N  |
|   gaussian_depth1_reg   | Flip-flop |  16   |  Y  | N  | N  | N  | N  | N  | N  |
|   gaussian_depth0_reg   | Flip-flop |  16   |  Y  | N  | N  | N  | N  | N  | N  |
|   gaussian_color1_reg   | Flip-flop |  48   |  Y  | N  | N  | N  | N  | N  | N  |
|   gaussian_color0_reg   | Flip-flop |  48   |  Y  | N  | N  | N  | N  | N  | N  |
|   conic_opacity5_reg    | Flip-flop |  16   |  Y  | N  | N  | N  | N  | N  | N  |
|   conic_opacity4_reg    | Flip-flop |  16   |  Y  | N  | N  | N  | N  | N  | N  |
|   conic_opacity3_reg    | Flip-flop |  16   |  Y  | N  | N  | N  | N  | N  | N  |
|   conic_opacity2_reg    | Flip-flop |  16   |  Y  | N  | N  | N  | N  | N  | N  |
|   conic_opacity1_reg    | Flip-flop |  64   |  Y  | N  | N  | N  | N  | N  | N  |
|   conic_opacity0_reg    | Flip-flop |  64   |  Y  | N  | N  | N  | N  | N  | N  |
|         d1_reg          | Flip-flop |  32   |  Y  | N  | N  | N  | N  | N  | N  |
|         d0_reg          | Flip-flop |  32   |  Y  | N  | N  | N  | N  | N  | N  |
|         G4_reg          | Flip-flop |  16   |  Y  | N  | N  | N  | N  | N  | N  |
|         G3_reg          | Flip-flop |  16   |  Y  | N  | N  | N  | N  | N  | N  |
|         G2_reg          | Flip-flop |  16   |  Y  | N  | N  | N  | N  | N  | N  |
|         G1_reg          | Flip-flop |  16   |  Y  | N  | N  | N  | N  | N  | N  |
|         G0_reg          | Flip-flop |  16   |  Y  | N  | N  | N  | N  | N  | N  |
|      i_valid7_reg       | Flip-flop |   1   |  N  | N  | N  | N  | N  | N  | N  |
|      i_valid5_reg       | Flip-flop |   1   |  N  | N  | N  | N  | N  | N  | N  |
|      i_valid4_reg       | Flip-flop |   1   |  N  | N  | N  | N  | N  | N  | N  |
|      i_valid3_reg       | Flip-flop |   1   |  N  | N  | N  | N  | N  | N  | N  |
|      i_valid2_reg       | Flip-flop |   1   |  N  | N  | N  | N  | N  | N  | N  |
|      i_valid1_reg       | Flip-flop |   1   |  N  | N  | N  | N  | N  | N  | N  |
|      i_valid0_reg       | Flip-flop |   1   |  N  | N  | N  | N  | N  | N  | N  |
|         T4_reg          | Flip-flop |  16   |  Y  | N  | N  | N  | N  | N  | N  |
|         T3_reg          | Flip-flop |  16   |  Y  | N  | N  | N  | N  | N  | N  |
|     diff_depth3_reg     | Flip-flop |  16   |  Y  | N  | N  | N  | N  | N  | N  |
|         T2_reg          | Flip-flop |  16   |  Y  | N  | N  | N  | N  | N  | N  |
| gradient_valid_out_reg  | Flip-flop |   1   |  N  | N  | N  | N  | N  | N  | N  |
|       alpha1_reg        | Flip-flop |  16   |  Y  | N  | N  | N  | N  | N  | N  |
|       alpha0_reg        | Flip-flop |  16   |  Y  | N  | N  | N  | N  | N  | N  |
|     diff_color3_reg     | Flip-flop |  48   |  Y  | N  | N  | N  | N  | N  | N  |
|   gaussian_id_out_reg   | Flip-flop |  32   |  Y  | N  | N  | N  | N  | N  | N  |
|       alpha2_reg        | Flip-flop |  16   |  Y  | N  | N  | N  | N  | N  | N  |
|    gaussian_id6_reg     | Flip-flop |  32   |  Y  | N  | N  | N  | N  | N  | N  |
|         T5_reg          | Flip-flop |  16   |  Y  | N  | N  | N  | N  | N  | N  |
|        One0_reg         | Flip-flop |  16   |  Y  | N  | N  | N  | N  | N  | N  |
|        One1_reg         | Flip-flop |  16   |  Y  | N  | N  | N  | N  | N  | N  |
|     last_alpha2_reg     | Flip-flop |  16   |  Y  | N  | N  | N  | N  | N  | N  |
|     last_depth2_reg     | Flip-flop |  16   |  Y  | N  | N  | N  | N  | N  | N  |
|     last_color2_reg     | Flip-flop |  48   |  Y  | N  | N  | N  | N  | N  | N  |
|     accum_rec2_reg      | Flip-flop |  48   |  Y  | N  | N  | N  | N  | N  | N  |
|  accum_rec_depth2_reg   | Flip-flop |  16   |  Y  | N  | N  | N  | N  | N  | N  |
|         G5_reg          | Flip-flop |  16   |  Y  | N  | N  | N  | N  | N  | N  |
|         G6_reg          | Flip-flop |  16   |  Y  | N  | N  | N  | N  | N  | N  |
|         W0_reg          | Flip-flop |  12   |  Y  | N  | N  | N  | N  | N  | N  |
|         H0_reg          | Flip-flop |  12   |  Y  | N  | N  | N  | N  | N  | N  |
|   conic_opacity6_reg    | Flip-flop |  16   |  Y  | N  | N  | N  | N  | N  | N  |
|   gaussian_color2_reg   | Flip-flop |  48   |  Y  | N  | N  | N  | N  | N  | N  |
|   gaussian_depth2_reg   | Flip-flop |  16   |  Y  | N  | N  | N  | N  | N  | N  |
|     dL_dpixel3_reg      | Flip-flop |  48   |  Y  | N  | N  | N  | N  | N  | N  |
|  dL_dpixel_depth3_reg   | Flip-flop |  16   |  Y  | N  | N  | N  | N  | N  | N  |
|  dchannel_dcolor3_reg   | Flip-flop |  16   |  Y  | N  | N  | N  | N  | N  | N  |
|     dL_dalpha6_reg      | Flip-flop |  16   |  Y  | N  | N  | N  | N  | N  | N  |
|      dL_dcolor_reg      | Flip-flop |  48   |  Y  | N  | N  | N  | N  | N  | N  |
|      dL_ddepth_reg      | Flip-flop |  16   |  Y  | N  | N  | N  | N  | N  | N  |
|     dL_dopacity_reg     | Flip-flop |  16   |  Y  | N  | N  | N  | N  | N  | N  |
|      dL_dconic_reg      | Flip-flop |  64   |  Y  | N  | N  | N  | N  | N  | N  |
|     dL_dmean2D_reg      | Flip-flop |  32   |  Y  | N  | N  | N  | N  | N  | N  |
|  One_minus_alpha1_reg   | Flip-flop |  16   |  Y  | N  | N  | N  | N  | N  | N  |
|      ddelx_dx2_reg      | Flip-flop |  16   |  Y  | N  | N  | N  | N  | N  | N  |
|      ddely_dy2_reg      | Flip-flop |  16   |  Y  | N  | N  | N  | N  | N  | N  |
|      dG_ddelx2_reg      | Flip-flop |  16   |  Y  | N  | N  | N  | N  | N  | N  |
|      dG_ddely2_reg      | Flip-flop |  16   |  Y  | N  | N  | N  | N  | N  | N  |
|      d_x_gdx7_reg       | Flip-flop |  16   |  Y  | N  | N  | N  | N  | N  | N  |
|      d_y_gdx7_reg       | Flip-flop |  16   |  Y  | N  | N  | N  | N  | N  | N  |
===================================================================================
Presto compilation completed successfully. (gradient_unit_BLOCK_SIZE16_exponent_bit8_mantissa_bit7_precision16)
1
set_operating_conditions "TT0P9V25C" -library "um28nchslogl30hdh140f_tt0p9v25c" 
Using operating conditions 'TT0P9V25C' found in library 'um28nchslogl30hdh140f_tt0p9v25c'.
1
set_wire_load_selection_group "um28nchslogl30hdh140f" -library "um28nchslogl30hdh140f_tt0p9v25c" 
1
set min_input_delay 0.1
0.1
set max_input_delay 0.5
0.5
set typical_input_transition 0.1
0.1
set min_output_delay 0.1
0.1
set max_output_delay 0.5
0.5
set typical_output_load 0.010 
0.010
# Link the design
link

  Linking design 'Rasterizer_group_unit'
  Using the following designs and libraries:
  --------------------------------------------------------------------------
  * (5 designs)               /home/hyukjun/Projects/MonoGS_HW/SLAM_Rasterizer/src/Rasterizer_group_unit.db, etc
  um28nchslogl30hdh140f_tt0p9v25c (library) /ids/kits/UMC28_Kit/v-logic_um28nchslogl30hdh140f/DesignWare_logic_libs/umc28nllh/30hd/hdh/svt/latest/liberty/ccs/um28nchslogl30hdh140f_tt0p9v25c.db
  dw_foundation.sldb (library) /ids/tools/SYNOPSYS/syn/S-2021.06-SP4/libraries/syn/dw_foundation.sldb

1
# Set maximum fanout of gates
set_max_fanout 16 $top_level 
1
# Configure the clock network
set_fix_hold [all_clocks] 
1
set_dont_touch_network $clk_port 
1
# Set delays and transitions
#set_driving_cell -lib_cell INVD32BWP12T50M1P [all_inputs]
set_input_transition $typical_input_transition [all_inputs]
1
set_input_delay $min_input_delay -min [all_inputs] -clock $clk_name 
1
set_input_delay $max_input_delay -max [all_inputs] -clock $clk_name 
1
remove_input_delay -clock $clk_name [find port $clk_port]
1
set_output_delay $min_output_delay -min [all_outputs] -clock $clk_name 
1
set_output_delay $max_output_delay -max [all_outputs] -clock $clk_name 
1
set_clock_uncertainty $clk_uncertainty [get_clocks $clk_name]
1
#Propagated clock used for gated clocks only
#set_propagated_clock [get_clocks $clk_name]
set_clock_transition $clk_transition [get_clocks $clk_name]
1
# Set max delay for async reset path
#set_max_delay [expr $clk_period/2] -from reset
# Set loading of outputs 
set_load $typical_output_load [all_outputs] 
1
# Verify the design
check_design
 
****************************************
check_design summary:
Version:     S-2021.06-SP4
Date:        Wed Nov 13 21:10:36 2024
****************************************

                   Name                                            Total
--------------------------------------------------------------------------------
Inputs/Outputs                                                      7
    Unconnected ports (LINT-28)                                     7

Cells                                                               5
    Cells do not drive (LINT-1)                                     5

Nets                                                             1304
    Unloaded nets (LINT-2)                                       1296
    Net type is unknown (LINT-38)                                   8
--------------------------------------------------------------------------------

Warning: In design 'fixed_arbiter_N_MASTER4_DATA_SIZE224', cell 'B_12' does not drive any nets. (LINT-1)
Warning: In design 'fixed_arbiter_N_MASTER4_DATA_SIZE224', cell 'B_14' does not drive any nets. (LINT-1)
Warning: In design 'fixed_arbiter_N_MASTER4_DATA_SIZE224', cell 'B_15' does not drive any nets. (LINT-1)
Warning: In design 'fixed_arbiter_N_MASTER4_DATA_SIZE224', cell 'C2802' does not drive any nets. (LINT-1)
Warning: In design 'gradient_unit_BLOCK_SIZE16_exponent_bit8_mantissa_bit7_precision16', cell 'C12644' does not drive any nets. (LINT-1)
Warning: In design 'Rasterizer_group_unit', net 'rasterizer_units[1].rasterizer_inst/early_skip_from_stage1[0]' driven by pin 'rasterizer_units[1].rasterizer_inst/skip_unit_stage1/early_skip[0]' has no loads. (LINT-2)
Warning: In design 'Rasterizer_group_unit', net 'rasterizer_units[1].rasterizer_inst/early_skip_from_stage1[1]' driven by pin 'rasterizer_units[1].rasterizer_inst/skip_unit_stage1/early_skip[1]' has no loads. (LINT-2)
Warning: In design 'Rasterizer_group_unit', net 'rasterizer_units[1].rasterizer_inst/early_skip_from_stage1[2]' driven by pin 'rasterizer_units[1].rasterizer_inst/skip_unit_stage1/early_skip[2]' has no loads. (LINT-2)
Warning: In design 'Rasterizer_group_unit', net 'rasterizer_units[1].rasterizer_inst/early_skip_from_stage1[3]' driven by pin 'rasterizer_units[1].rasterizer_inst/skip_unit_stage1/early_skip[3]' has no loads. (LINT-2)
Warning: In design 'Rasterizer_group_unit', net 'rasterizer_units[2].rasterizer_inst/early_skip_from_stage1[0]' driven by pin 'rasterizer_units[2].rasterizer_inst/skip_unit_stage1/early_skip[0]' has no loads. (LINT-2)
Warning: In design 'Rasterizer_group_unit', net 'rasterizer_units[2].rasterizer_inst/early_skip_from_stage1[1]' driven by pin 'rasterizer_units[2].rasterizer_inst/skip_unit_stage1/early_skip[1]' has no loads. (LINT-2)
Warning: In design 'Rasterizer_group_unit', net 'rasterizer_units[2].rasterizer_inst/early_skip_from_stage1[2]' driven by pin 'rasterizer_units[2].rasterizer_inst/skip_unit_stage1/early_skip[2]' has no loads. (LINT-2)
Warning: In design 'Rasterizer_group_unit', net 'rasterizer_units[2].rasterizer_inst/early_skip_from_stage1[3]' driven by pin 'rasterizer_units[2].rasterizer_inst/skip_unit_stage1/early_skip[3]' has no loads. (LINT-2)
Warning: In design 'Rasterizer_group_unit', net 'rasterizer_units[3].rasterizer_inst/early_skip_from_stage1[0]' driven by pin 'rasterizer_units[3].rasterizer_inst/skip_unit_stage1/early_skip[0]' has no loads. (LINT-2)
Warning: In design 'Rasterizer_group_unit', net 'rasterizer_units[3].rasterizer_inst/early_skip_from_stage1[1]' driven by pin 'rasterizer_units[3].rasterizer_inst/skip_unit_stage1/early_skip[1]' has no loads. (LINT-2)
Warning: In design 'Rasterizer_group_unit', net 'rasterizer_units[3].rasterizer_inst/early_skip_from_stage1[2]' driven by pin 'rasterizer_units[3].rasterizer_inst/skip_unit_stage1/early_skip[2]' has no loads. (LINT-2)
Warning: In design 'Rasterizer_group_unit', net 'rasterizer_units[3].rasterizer_inst/early_skip_from_stage1[3]' driven by pin 'rasterizer_units[3].rasterizer_inst/skip_unit_stage1/early_skip[3]' has no loads. (LINT-2)
Warning: In design 'Rasterizer_group_unit', net 'rasterizer_units[4].rasterizer_inst/early_skip_from_stage1[0]' driven by pin 'rasterizer_units[4].rasterizer_inst/skip_unit_stage1/early_skip[0]' has no loads. (LINT-2)
Warning: In design 'Rasterizer_group_unit', net 'rasterizer_units[4].rasterizer_inst/early_skip_from_stage1[1]' driven by pin 'rasterizer_units[4].rasterizer_inst/skip_unit_stage1/early_skip[1]' has no loads. (LINT-2)
Warning: In design 'Rasterizer_group_unit', net 'rasterizer_units[4].rasterizer_inst/early_skip_from_stage1[2]' driven by pin 'rasterizer_units[4].rasterizer_inst/skip_unit_stage1/early_skip[2]' has no loads. (LINT-2)
Warning: In design 'Rasterizer_group_unit', net 'rasterizer_units[4].rasterizer_inst/early_skip_from_stage1[3]' driven by pin 'rasterizer_units[4].rasterizer_inst/skip_unit_stage1/early_skip[3]' has no loads. (LINT-2)
Warning: In design 'Rasterizer_group_unit', net 'rasterizer_units[5].rasterizer_inst/early_skip_from_stage1[0]' driven by pin 'rasterizer_units[5].rasterizer_inst/skip_unit_stage1/early_skip[0]' has no loads. (LINT-2)
Warning: In design 'Rasterizer_group_unit', net 'rasterizer_units[5].rasterizer_inst/early_skip_from_stage1[1]' driven by pin 'rasterizer_units[5].rasterizer_inst/skip_unit_stage1/early_skip[1]' has no loads. (LINT-2)
Warning: In design 'Rasterizer_group_unit', net 'rasterizer_units[5].rasterizer_inst/early_skip_from_stage1[2]' driven by pin 'rasterizer_units[5].rasterizer_inst/skip_unit_stage1/early_skip[2]' has no loads. (LINT-2)
Warning: In design 'Rasterizer_group_unit', net 'rasterizer_units[5].rasterizer_inst/early_skip_from_stage1[3]' driven by pin 'rasterizer_units[5].rasterizer_inst/skip_unit_stage1/early_skip[3]' has no loads. (LINT-2)
Warning: In design 'Rasterizer_group_unit', net 'rasterizer_units[6].rasterizer_inst/early_skip_from_stage1[0]' driven by pin 'rasterizer_units[6].rasterizer_inst/skip_unit_stage1/early_skip[0]' has no loads. (LINT-2)
Warning: In design 'Rasterizer_group_unit', net 'rasterizer_units[6].rasterizer_inst/early_skip_from_stage1[1]' driven by pin 'rasterizer_units[6].rasterizer_inst/skip_unit_stage1/early_skip[1]' has no loads. (LINT-2)
Warning: In design 'Rasterizer_group_unit', net 'rasterizer_units[6].rasterizer_inst/early_skip_from_stage1[2]' driven by pin 'rasterizer_units[6].rasterizer_inst/skip_unit_stage1/early_skip[2]' has no loads. (LINT-2)
Warning: In design 'Rasterizer_group_unit', net 'rasterizer_units[6].rasterizer_inst/early_skip_from_stage1[3]' driven by pin 'rasterizer_units[6].rasterizer_inst/skip_unit_stage1/early_skip[3]' has no loads. (LINT-2)
Warning: In design 'Rasterizer_group_unit', net 'rasterizer_units[7].rasterizer_inst/early_skip_from_stage1[0]' driven by pin 'rasterizer_units[7].rasterizer_inst/skip_unit_stage1/early_skip[0]' has no loads. (LINT-2)
Warning: In design 'Rasterizer_group_unit', net 'rasterizer_units[7].rasterizer_inst/early_skip_from_stage1[1]' driven by pin 'rasterizer_units[7].rasterizer_inst/skip_unit_stage1/early_skip[1]' has no loads. (LINT-2)
Warning: In design 'Rasterizer_group_unit', net 'rasterizer_units[7].rasterizer_inst/early_skip_from_stage1[2]' driven by pin 'rasterizer_units[7].rasterizer_inst/skip_unit_stage1/early_skip[2]' has no loads. (LINT-2)
Warning: In design 'Rasterizer_group_unit', net 'rasterizer_units[7].rasterizer_inst/early_skip_from_stage1[3]' driven by pin 'rasterizer_units[7].rasterizer_inst/skip_unit_stage1/early_skip[3]' has no loads. (LINT-2)
Warning: In design 'Rasterizer_group_unit', net 'rasterizer_units[0].rasterizer_inst/early_skip_from_stage1[0]' driven by pin 'rasterizer_units[0].rasterizer_inst/skip_unit_stage1/early_skip[0]' has no loads. (LINT-2)
Warning: In design 'Rasterizer_group_unit', net 'rasterizer_units[0].rasterizer_inst/early_skip_from_stage1[1]' driven by pin 'rasterizer_units[0].rasterizer_inst/skip_unit_stage1/early_skip[1]' has no loads. (LINT-2)
Warning: In design 'Rasterizer_group_unit', net 'rasterizer_units[0].rasterizer_inst/early_skip_from_stage1[2]' driven by pin 'rasterizer_units[0].rasterizer_inst/skip_unit_stage1/early_skip[2]' has no loads. (LINT-2)
Warning: In design 'Rasterizer_group_unit', net 'rasterizer_units[0].rasterizer_inst/early_skip_from_stage1[3]' driven by pin 'rasterizer_units[0].rasterizer_inst/skip_unit_stage1/early_skip[3]' has no loads. (LINT-2)
Warning: In design 'Rasterizer_group_unit', net 'rasterizer_units[0].rasterizer_inst/skip_unit_stage1/status_flag_3[0][0]' driven by pin 'rasterizer_units[0].rasterizer_inst/skip_unit_stage1/inputs_dimension[0].alpha_skip_comp_inst_i/status1_0' has no loads. (LINT-2)
Warning: In design 'Rasterizer_group_unit', net 'rasterizer_units[0].rasterizer_inst/skip_unit_stage1/status_flag_3[0][1]' driven by pin 'rasterizer_units[0].rasterizer_inst/skip_unit_stage1/inputs_dimension[0].alpha_skip_comp_inst_i/status1_1' has no loads. (LINT-2)
Warning: In design 'Rasterizer_group_unit', net 'rasterizer_units[0].rasterizer_inst/skip_unit_stage1/status_flag_3[0][2]' driven by pin 'rasterizer_units[0].rasterizer_inst/skip_unit_stage1/inputs_dimension[0].alpha_skip_comp_inst_i/status1_2' has no loads. (LINT-2)
Warning: In design 'Rasterizer_group_unit', net 'rasterizer_units[0].rasterizer_inst/skip_unit_stage1/status_flag_3[0][3]' driven by pin 'rasterizer_units[0].rasterizer_inst/skip_unit_stage1/inputs_dimension[0].alpha_skip_comp_inst_i/status1_3' has no loads. (LINT-2)
Warning: In design 'Rasterizer_group_unit', net 'rasterizer_units[0].rasterizer_inst/skip_unit_stage1/status_flag_3[0][4]' driven by pin 'rasterizer_units[0].rasterizer_inst/skip_unit_stage1/inputs_dimension[0].alpha_skip_comp_inst_i/status1_4' has no loads. (LINT-2)
Warning: In design 'Rasterizer_group_unit', net 'rasterizer_units[0].rasterizer_inst/skip_unit_stage1/status_flag_3[0][5]' driven by pin 'rasterizer_units[0].rasterizer_inst/skip_unit_stage1/inputs_dimension[0].alpha_skip_comp_inst_i/status1_5' has no loads. (LINT-2)
Warning: In design 'Rasterizer_group_unit', net 'rasterizer_units[0].rasterizer_inst/skip_unit_stage1/status_flag_3[0][6]' driven by pin 'rasterizer_units[0].rasterizer_inst/skip_unit_stage1/inputs_dimension[0].alpha_skip_comp_inst_i/status1_6' has no loads. (LINT-2)
Warning: In design 'Rasterizer_group_unit', net 'rasterizer_units[0].rasterizer_inst/skip_unit_stage1/status_flag_3[0][7]' driven by pin 'rasterizer_units[0].rasterizer_inst/skip_unit_stage1/inputs_dimension[0].alpha_skip_comp_inst_i/status1_7' has no loads. (LINT-2)
Warning: In design 'Rasterizer_group_unit', net 'rasterizer_units[0].rasterizer_inst/skip_unit_stage1/status_flag_3[1][0]' driven by pin 'rasterizer_units[0].rasterizer_inst/skip_unit_stage1/inputs_dimension[1].alpha_skip_comp_inst_i/status1_0' has no loads. (LINT-2)
Warning: In design 'Rasterizer_group_unit', net 'rasterizer_units[0].rasterizer_inst/skip_unit_stage1/status_flag_3[1][1]' driven by pin 'rasterizer_units[0].rasterizer_inst/skip_unit_stage1/inputs_dimension[1].alpha_skip_comp_inst_i/status1_1' has no loads. (LINT-2)
Warning: In design 'Rasterizer_group_unit', net 'rasterizer_units[0].rasterizer_inst/skip_unit_stage1/status_flag_3[1][2]' driven by pin 'rasterizer_units[0].rasterizer_inst/skip_unit_stage1/inputs_dimension[1].alpha_skip_comp_inst_i/status1_2' has no loads. (LINT-2)
Warning: In design 'Rasterizer_group_unit', net 'rasterizer_units[0].rasterizer_inst/skip_unit_stage1/status_flag_3[1][3]' driven by pin 'rasterizer_units[0].rasterizer_inst/skip_unit_stage1/inputs_dimension[1].alpha_skip_comp_inst_i/status1_3' has no loads. (LINT-2)
Warning: In design 'Rasterizer_group_unit', net 'rasterizer_units[0].rasterizer_inst/skip_unit_stage1/status_flag_3[1][4]' driven by pin 'rasterizer_units[0].rasterizer_inst/skip_unit_stage1/inputs_dimension[1].alpha_skip_comp_inst_i/status1_4' has no loads. (LINT-2)
Warning: In design 'Rasterizer_group_unit', net 'rasterizer_units[0].rasterizer_inst/skip_unit_stage1/status_flag_3[1][5]' driven by pin 'rasterizer_units[0].rasterizer_inst/skip_unit_stage1/inputs_dimension[1].alpha_skip_comp_inst_i/status1_5' has no loads. (LINT-2)
Warning: In design 'Rasterizer_group_unit', net 'rasterizer_units[0].rasterizer_inst/skip_unit_stage1/status_flag_3[1][6]' driven by pin 'rasterizer_units[0].rasterizer_inst/skip_unit_stage1/inputs_dimension[1].alpha_skip_comp_inst_i/status1_6' has no loads. (LINT-2)
Warning: In design 'Rasterizer_group_unit', net 'rasterizer_units[0].rasterizer_inst/skip_unit_stage1/status_flag_3[1][7]' driven by pin 'rasterizer_units[0].rasterizer_inst/skip_unit_stage1/inputs_dimension[1].alpha_skip_comp_inst_i/status1_7' has no loads. (LINT-2)
Warning: In design 'Rasterizer_group_unit', net 'rasterizer_units[0].rasterizer_inst/skip_unit_stage1/status_flag_3[2][0]' driven by pin 'rasterizer_units[0].rasterizer_inst/skip_unit_stage1/inputs_dimension[2].alpha_skip_comp_inst_i/status1_0' has no loads. (LINT-2)
Warning: In design 'Rasterizer_group_unit', net 'rasterizer_units[0].rasterizer_inst/skip_unit_stage1/status_flag_3[2][1]' driven by pin 'rasterizer_units[0].rasterizer_inst/skip_unit_stage1/inputs_dimension[2].alpha_skip_comp_inst_i/status1_1' has no loads. (LINT-2)
Warning: In design 'Rasterizer_group_unit', net 'rasterizer_units[0].rasterizer_inst/skip_unit_stage1/status_flag_3[2][2]' driven by pin 'rasterizer_units[0].rasterizer_inst/skip_unit_stage1/inputs_dimension[2].alpha_skip_comp_inst_i/status1_2' has no loads. (LINT-2)
Warning: In design 'Rasterizer_group_unit', net 'rasterizer_units[0].rasterizer_inst/skip_unit_stage1/status_flag_3[2][3]' driven by pin 'rasterizer_units[0].rasterizer_inst/skip_unit_stage1/inputs_dimension[2].alpha_skip_comp_inst_i/status1_3' has no loads. (LINT-2)
Warning: In design 'Rasterizer_group_unit', net 'rasterizer_units[0].rasterizer_inst/skip_unit_stage1/status_flag_3[2][4]' driven by pin 'rasterizer_units[0].rasterizer_inst/skip_unit_stage1/inputs_dimension[2].alpha_skip_comp_inst_i/status1_4' has no loads. (LINT-2)
Warning: In design 'Rasterizer_group_unit', net 'rasterizer_units[0].rasterizer_inst/skip_unit_stage1/status_flag_3[2][5]' driven by pin 'rasterizer_units[0].rasterizer_inst/skip_unit_stage1/inputs_dimension[2].alpha_skip_comp_inst_i/status1_5' has no loads. (LINT-2)
Warning: In design 'Rasterizer_group_unit', net 'rasterizer_units[0].rasterizer_inst/skip_unit_stage1/status_flag_3[2][6]' driven by pin 'rasterizer_units[0].rasterizer_inst/skip_unit_stage1/inputs_dimension[2].alpha_skip_comp_inst_i/status1_6' has no loads. (LINT-2)
Warning: In design 'Rasterizer_group_unit', net 'rasterizer_units[0].rasterizer_inst/skip_unit_stage1/status_flag_3[2][7]' driven by pin 'rasterizer_units[0].rasterizer_inst/skip_unit_stage1/inputs_dimension[2].alpha_skip_comp_inst_i/status1_7' has no loads. (LINT-2)
Warning: In design 'Rasterizer_group_unit', net 'rasterizer_units[0].rasterizer_inst/skip_unit_stage1/status_flag_3[3][0]' driven by pin 'rasterizer_units[0].rasterizer_inst/skip_unit_stage1/inputs_dimension[3].alpha_skip_comp_inst_i/status1_0' has no loads. (LINT-2)
Warning: In design 'Rasterizer_group_unit', net 'rasterizer_units[0].rasterizer_inst/skip_unit_stage1/status_flag_3[3][1]' driven by pin 'rasterizer_units[0].rasterizer_inst/skip_unit_stage1/inputs_dimension[3].alpha_skip_comp_inst_i/status1_1' has no loads. (LINT-2)
Warning: In design 'Rasterizer_group_unit', net 'rasterizer_units[0].rasterizer_inst/skip_unit_stage1/status_flag_3[3][2]' driven by pin 'rasterizer_units[0].rasterizer_inst/skip_unit_stage1/inputs_dimension[3].alpha_skip_comp_inst_i/status1_2' has no loads. (LINT-2)
Warning: In design 'Rasterizer_group_unit', net 'rasterizer_units[0].rasterizer_inst/skip_unit_stage1/status_flag_3[3][3]' driven by pin 'rasterizer_units[0].rasterizer_inst/skip_unit_stage1/inputs_dimension[3].alpha_skip_comp_inst_i/status1_3' has no loads. (LINT-2)
Warning: In design 'Rasterizer_group_unit', net 'rasterizer_units[0].rasterizer_inst/skip_unit_stage1/status_flag_3[3][4]' driven by pin 'rasterizer_units[0].rasterizer_inst/skip_unit_stage1/inputs_dimension[3].alpha_skip_comp_inst_i/status1_4' has no loads. (LINT-2)
Warning: In design 'Rasterizer_group_unit', net 'rasterizer_units[0].rasterizer_inst/skip_unit_stage1/status_flag_3[3][5]' driven by pin 'rasterizer_units[0].rasterizer_inst/skip_unit_stage1/inputs_dimension[3].alpha_skip_comp_inst_i/status1_5' has no loads. (LINT-2)
Warning: In design 'Rasterizer_group_unit', net 'rasterizer_units[0].rasterizer_inst/skip_unit_stage1/status_flag_3[3][6]' driven by pin 'rasterizer_units[0].rasterizer_inst/skip_unit_stage1/inputs_dimension[3].alpha_skip_comp_inst_i/status1_6' has no loads. (LINT-2)
Warning: In design 'Rasterizer_group_unit', net 'rasterizer_units[0].rasterizer_inst/skip_unit_stage1/status_flag_3[3][7]' driven by pin 'rasterizer_units[0].rasterizer_inst/skip_unit_stage1/inputs_dimension[3].alpha_skip_comp_inst_i/status1_7' has no loads. (LINT-2)
Warning: In design 'Rasterizer_group_unit', net 'rasterizer_units[0].rasterizer_inst/skip_unit_stage1/status_flag_2[0][0]' driven by pin 'rasterizer_units[0].rasterizer_inst/skip_unit_stage1/inputs_dimension[0].alpha_skip_comp_inst_i/status0_0' has no loads. (LINT-2)
Warning: In design 'Rasterizer_group_unit', net 'rasterizer_units[0].rasterizer_inst/skip_unit_stage1/status_flag_2[0][1]' driven by pin 'rasterizer_units[0].rasterizer_inst/skip_unit_stage1/inputs_dimension[0].alpha_skip_comp_inst_i/status0_1' has no loads. (LINT-2)
Warning: In design 'Rasterizer_group_unit', net 'rasterizer_units[0].rasterizer_inst/skip_unit_stage1/status_flag_2[0][2]' driven by pin 'rasterizer_units[0].rasterizer_inst/skip_unit_stage1/inputs_dimension[0].alpha_skip_comp_inst_i/status0_2' has no loads. (LINT-2)
Warning: In design 'Rasterizer_group_unit', net 'rasterizer_units[0].rasterizer_inst/skip_unit_stage1/status_flag_2[0][3]' driven by pin 'rasterizer_units[0].rasterizer_inst/skip_unit_stage1/inputs_dimension[0].alpha_skip_comp_inst_i/status0_3' has no loads. (LINT-2)
Warning: In design 'Rasterizer_group_unit', net 'rasterizer_units[0].rasterizer_inst/skip_unit_stage1/status_flag_2[0][4]' driven by pin 'rasterizer_units[0].rasterizer_inst/skip_unit_stage1/inputs_dimension[0].alpha_skip_comp_inst_i/status0_4' has no loads. (LINT-2)
Warning: In design 'Rasterizer_group_unit', net 'rasterizer_units[0].rasterizer_inst/skip_unit_stage1/status_flag_2[0][5]' driven by pin 'rasterizer_units[0].rasterizer_inst/skip_unit_stage1/inputs_dimension[0].alpha_skip_comp_inst_i/status0_5' has no loads. (LINT-2)
Warning: In design 'Rasterizer_group_unit', net 'rasterizer_units[0].rasterizer_inst/skip_unit_stage1/status_flag_2[0][6]' driven by pin 'rasterizer_units[0].rasterizer_inst/skip_unit_stage1/inputs_dimension[0].alpha_skip_comp_inst_i/status0_6' has no loads. (LINT-2)
Warning: In design 'Rasterizer_group_unit', net 'rasterizer_units[0].rasterizer_inst/skip_unit_stage1/status_flag_2[0][7]' driven by pin 'rasterizer_units[0].rasterizer_inst/skip_unit_stage1/inputs_dimension[0].alpha_skip_comp_inst_i/status0_7' has no loads. (LINT-2)
Warning: In design 'Rasterizer_group_unit', net 'rasterizer_units[0].rasterizer_inst/skip_unit_stage1/status_flag_2[1][0]' driven by pin 'rasterizer_units[0].rasterizer_inst/skip_unit_stage1/inputs_dimension[1].alpha_skip_comp_inst_i/status0_0' has no loads. (LINT-2)
Warning: In design 'Rasterizer_group_unit', net 'rasterizer_units[0].rasterizer_inst/skip_unit_stage1/status_flag_2[1][1]' driven by pin 'rasterizer_units[0].rasterizer_inst/skip_unit_stage1/inputs_dimension[1].alpha_skip_comp_inst_i/status0_1' has no loads. (LINT-2)
Warning: In design 'Rasterizer_group_unit', net 'rasterizer_units[0].rasterizer_inst/skip_unit_stage1/status_flag_2[1][2]' driven by pin 'rasterizer_units[0].rasterizer_inst/skip_unit_stage1/inputs_dimension[1].alpha_skip_comp_inst_i/status0_2' has no loads. (LINT-2)
Warning: In design 'Rasterizer_group_unit', net 'rasterizer_units[0].rasterizer_inst/skip_unit_stage1/status_flag_2[1][3]' driven by pin 'rasterizer_units[0].rasterizer_inst/skip_unit_stage1/inputs_dimension[1].alpha_skip_comp_inst_i/status0_3' has no loads. (LINT-2)
Warning: In design 'Rasterizer_group_unit', net 'rasterizer_units[0].rasterizer_inst/skip_unit_stage1/status_flag_2[1][4]' driven by pin 'rasterizer_units[0].rasterizer_inst/skip_unit_stage1/inputs_dimension[1].alpha_skip_comp_inst_i/status0_4' has no loads. (LINT-2)
Warning: In design 'Rasterizer_group_unit', net 'rasterizer_units[0].rasterizer_inst/skip_unit_stage1/status_flag_2[1][5]' driven by pin 'rasterizer_units[0].rasterizer_inst/skip_unit_stage1/inputs_dimension[1].alpha_skip_comp_inst_i/status0_5' has no loads. (LINT-2)
Warning: In design 'Rasterizer_group_unit', net 'rasterizer_units[0].rasterizer_inst/skip_unit_stage1/status_flag_2[1][6]' driven by pin 'rasterizer_units[0].rasterizer_inst/skip_unit_stage1/inputs_dimension[1].alpha_skip_comp_inst_i/status0_6' has no loads. (LINT-2)
Warning: In design 'Rasterizer_group_unit', net 'rasterizer_units[0].rasterizer_inst/skip_unit_stage1/status_flag_2[1][7]' driven by pin 'rasterizer_units[0].rasterizer_inst/skip_unit_stage1/inputs_dimension[1].alpha_skip_comp_inst_i/status0_7' has no loads. (LINT-2)
Warning: In design 'Rasterizer_group_unit', net 'rasterizer_units[0].rasterizer_inst/skip_unit_stage1/status_flag_2[2][0]' driven by pin 'rasterizer_units[0].rasterizer_inst/skip_unit_stage1/inputs_dimension[2].alpha_skip_comp_inst_i/status0_0' has no loads. (LINT-2)
Warning: In design 'Rasterizer_group_unit', net 'rasterizer_units[0].rasterizer_inst/skip_unit_stage1/status_flag_2[2][1]' driven by pin 'rasterizer_units[0].rasterizer_inst/skip_unit_stage1/inputs_dimension[2].alpha_skip_comp_inst_i/status0_1' has no loads. (LINT-2)
Warning: In design 'Rasterizer_group_unit', net 'rasterizer_units[0].rasterizer_inst/skip_unit_stage1/status_flag_2[2][2]' driven by pin 'rasterizer_units[0].rasterizer_inst/skip_unit_stage1/inputs_dimension[2].alpha_skip_comp_inst_i/status0_2' has no loads. (LINT-2)
Warning: In design 'Rasterizer_group_unit', net 'rasterizer_units[0].rasterizer_inst/skip_unit_stage1/status_flag_2[2][3]' driven by pin 'rasterizer_units[0].rasterizer_inst/skip_unit_stage1/inputs_dimension[2].alpha_skip_comp_inst_i/status0_3' has no loads. (LINT-2)
Warning: In design 'Rasterizer_group_unit', net 'rasterizer_units[0].rasterizer_inst/skip_unit_stage1/status_flag_2[2][4]' driven by pin 'rasterizer_units[0].rasterizer_inst/skip_unit_stage1/inputs_dimension[2].alpha_skip_comp_inst_i/status0_4' has no loads. (LINT-2)
Warning: In design 'Rasterizer_group_unit', net 'rasterizer_units[0].rasterizer_inst/skip_unit_stage1/status_flag_2[2][5]' driven by pin 'rasterizer_units[0].rasterizer_inst/skip_unit_stage1/inputs_dimension[2].alpha_skip_comp_inst_i/status0_5' has no loads. (LINT-2)
Warning: In design 'Rasterizer_group_unit', net 'rasterizer_units[0].rasterizer_inst/skip_unit_stage1/status_flag_2[2][6]' driven by pin 'rasterizer_units[0].rasterizer_inst/skip_unit_stage1/inputs_dimension[2].alpha_skip_comp_inst_i/status0_6' has no loads. (LINT-2)
Warning: In design 'Rasterizer_group_unit', net 'rasterizer_units[0].rasterizer_inst/skip_unit_stage1/status_flag_2[2][7]' driven by pin 'rasterizer_units[0].rasterizer_inst/skip_unit_stage1/inputs_dimension[2].alpha_skip_comp_inst_i/status0_7' has no loads. (LINT-2)
Warning: In design 'Rasterizer_group_unit', net 'rasterizer_units[0].rasterizer_inst/skip_unit_stage1/status_flag_2[3][0]' driven by pin 'rasterizer_units[0].rasterizer_inst/skip_unit_stage1/inputs_dimension[3].alpha_skip_comp_inst_i/status0_0' has no loads. (LINT-2)
Warning: In design 'Rasterizer_group_unit', net 'rasterizer_units[0].rasterizer_inst/skip_unit_stage1/status_flag_2[3][1]' driven by pin 'rasterizer_units[0].rasterizer_inst/skip_unit_stage1/inputs_dimension[3].alpha_skip_comp_inst_i/status0_1' has no loads. (LINT-2)
Warning: In design 'Rasterizer_group_unit', net 'rasterizer_units[0].rasterizer_inst/skip_unit_stage1/status_flag_2[3][2]' driven by pin 'rasterizer_units[0].rasterizer_inst/skip_unit_stage1/inputs_dimension[3].alpha_skip_comp_inst_i/status0_2' has no loads. (LINT-2)
Warning: In design 'Rasterizer_group_unit', net 'rasterizer_units[0].rasterizer_inst/skip_unit_stage1/status_flag_2[3][3]' driven by pin 'rasterizer_units[0].rasterizer_inst/skip_unit_stage1/inputs_dimension[3].alpha_skip_comp_inst_i/status0_3' has no loads. (LINT-2)
Warning: In design 'Rasterizer_group_unit', net 'rasterizer_units[0].rasterizer_inst/skip_unit_stage1/status_flag_2[3][4]' driven by pin 'rasterizer_units[0].rasterizer_inst/skip_unit_stage1/inputs_dimension[3].alpha_skip_comp_inst_i/status0_4' has no loads. (LINT-2)
Warning: In design 'Rasterizer_group_unit', net 'rasterizer_units[0].rasterizer_inst/skip_unit_stage1/status_flag_2[3][5]' driven by pin 'rasterizer_units[0].rasterizer_inst/skip_unit_stage1/inputs_dimension[3].alpha_skip_comp_inst_i/status0_5' has no loads. (LINT-2)
Warning: In design 'Rasterizer_group_unit', net 'rasterizer_units[0].rasterizer_inst/skip_unit_stage1/status_flag_2[3][6]' driven by pin 'rasterizer_units[0].rasterizer_inst/skip_unit_stage1/inputs_dimension[3].alpha_skip_comp_inst_i/status0_6' has no loads. (LINT-2)
Warning: In design 'Rasterizer_group_unit', net 'rasterizer_units[0].rasterizer_inst/skip_unit_stage1/status_flag_2[3][7]' driven by pin 'rasterizer_units[0].rasterizer_inst/skip_unit_stage1/inputs_dimension[3].alpha_skip_comp_inst_i/status0_7' has no loads. (LINT-2)
Warning: In design 'Rasterizer_group_unit', net 'rasterizer_units[0].rasterizer_inst/skip_unit_stage1/not_used_alpha3[0][0]' driven by pin 'rasterizer_units[0].rasterizer_inst/skip_unit_stage1/inputs_dimension[0].alpha_skip_comp_inst_i/z1_0' has no loads. (LINT-2)
Warning: In design 'Rasterizer_group_unit', net 'rasterizer_units[0].rasterizer_inst/skip_unit_stage1/not_used_alpha3[0][1]' driven by pin 'rasterizer_units[0].rasterizer_inst/skip_unit_stage1/inputs_dimension[0].alpha_skip_comp_inst_i/z1_1' has no loads. (LINT-2)
Warning: In design 'Rasterizer_group_unit', net 'rasterizer_units[0].rasterizer_inst/skip_unit_stage1/not_used_alpha3[0][2]' driven by pin 'rasterizer_units[0].rasterizer_inst/skip_unit_stage1/inputs_dimension[0].alpha_skip_comp_inst_i/z1_2' has no loads. (LINT-2)
Warning: In design 'Rasterizer_group_unit', net 'rasterizer_units[0].rasterizer_inst/skip_unit_stage1/not_used_alpha3[0][3]' driven by pin 'rasterizer_units[0].rasterizer_inst/skip_unit_stage1/inputs_dimension[0].alpha_skip_comp_inst_i/z1_3' has no loads. (LINT-2)
Warning: In design 'Rasterizer_group_unit', net 'rasterizer_units[0].rasterizer_inst/skip_unit_stage1/not_used_alpha3[0][4]' driven by pin 'rasterizer_units[0].rasterizer_inst/skip_unit_stage1/inputs_dimension[0].alpha_skip_comp_inst_i/z1_4' has no loads. (LINT-2)
Warning: In design 'Rasterizer_group_unit', net 'rasterizer_units[0].rasterizer_inst/skip_unit_stage1/not_used_alpha3[0][5]' driven by pin 'rasterizer_units[0].rasterizer_inst/skip_unit_stage1/inputs_dimension[0].alpha_skip_comp_inst_i/z1_5' has no loads. (LINT-2)
Warning: In design 'Rasterizer_group_unit', net 'rasterizer_units[0].rasterizer_inst/skip_unit_stage1/not_used_alpha3[0][6]' driven by pin 'rasterizer_units[0].rasterizer_inst/skip_unit_stage1/inputs_dimension[0].alpha_skip_comp_inst_i/z1_6' has no loads. (LINT-2)
Warning: In design 'Rasterizer_group_unit', net 'rasterizer_units[0].rasterizer_inst/skip_unit_stage1/not_used_alpha3[0][7]' driven by pin 'rasterizer_units[0].rasterizer_inst/skip_unit_stage1/inputs_dimension[0].alpha_skip_comp_inst_i/z1_7' has no loads. (LINT-2)
Warning: In design 'Rasterizer_group_unit', net 'rasterizer_units[0].rasterizer_inst/skip_unit_stage1/not_used_alpha3[0][8]' driven by pin 'rasterizer_units[0].rasterizer_inst/skip_unit_stage1/inputs_dimension[0].alpha_skip_comp_inst_i/z1_8' has no loads. (LINT-2)
Warning: In design 'Rasterizer_group_unit', net 'rasterizer_units[0].rasterizer_inst/skip_unit_stage1/not_used_alpha3[0][9]' driven by pin 'rasterizer_units[0].rasterizer_inst/skip_unit_stage1/inputs_dimension[0].alpha_skip_comp_inst_i/z1_9' has no loads. (LINT-2)
Warning: In design 'Rasterizer_group_unit', net 'rasterizer_units[0].rasterizer_inst/skip_unit_stage1/not_used_alpha3[0][10]' driven by pin 'rasterizer_units[0].rasterizer_inst/skip_unit_stage1/inputs_dimension[0].alpha_skip_comp_inst_i/z1_10' has no loads. (LINT-2)
Warning: In design 'Rasterizer_group_unit', net 'rasterizer_units[0].rasterizer_inst/skip_unit_stage1/not_used_alpha3[0][11]' driven by pin 'rasterizer_units[0].rasterizer_inst/skip_unit_stage1/inputs_dimension[0].alpha_skip_comp_inst_i/z1_11' has no loads. (LINT-2)
Warning: In design 'Rasterizer_group_unit', net 'rasterizer_units[0].rasterizer_inst/skip_unit_stage1/not_used_alpha3[0][12]' driven by pin 'rasterizer_units[0].rasterizer_inst/skip_unit_stage1/inputs_dimension[0].alpha_skip_comp_inst_i/z1_12' has no loads. (LINT-2)
Warning: In design 'Rasterizer_group_unit', net 'rasterizer_units[0].rasterizer_inst/skip_unit_stage1/not_used_alpha3[0][13]' driven by pin 'rasterizer_units[0].rasterizer_inst/skip_unit_stage1/inputs_dimension[0].alpha_skip_comp_inst_i/z1_13' has no loads. (LINT-2)
Warning: In design 'Rasterizer_group_unit', net 'rasterizer_units[0].rasterizer_inst/skip_unit_stage1/not_used_alpha3[0][14]' driven by pin 'rasterizer_units[0].rasterizer_inst/skip_unit_stage1/inputs_dimension[0].alpha_skip_comp_inst_i/z1_14' has no loads. (LINT-2)
Warning: In design 'Rasterizer_group_unit', net 'rasterizer_units[0].rasterizer_inst/skip_unit_stage1/not_used_alpha3[0][15]' driven by pin 'rasterizer_units[0].rasterizer_inst/skip_unit_stage1/inputs_dimension[0].alpha_skip_comp_inst_i/z1_15' has no loads. (LINT-2)
Warning: In design 'Rasterizer_group_unit', net 'rasterizer_units[0].rasterizer_inst/skip_unit_stage1/not_used_alpha3[1][0]' driven by pin 'rasterizer_units[0].rasterizer_inst/skip_unit_stage1/inputs_dimension[1].alpha_skip_comp_inst_i/z1_0' has no loads. (LINT-2)
Warning: In design 'Rasterizer_group_unit', net 'rasterizer_units[0].rasterizer_inst/skip_unit_stage1/not_used_alpha3[1][1]' driven by pin 'rasterizer_units[0].rasterizer_inst/skip_unit_stage1/inputs_dimension[1].alpha_skip_comp_inst_i/z1_1' has no loads. (LINT-2)
Warning: In design 'Rasterizer_group_unit', net 'rasterizer_units[0].rasterizer_inst/skip_unit_stage1/not_used_alpha3[1][2]' driven by pin 'rasterizer_units[0].rasterizer_inst/skip_unit_stage1/inputs_dimension[1].alpha_skip_comp_inst_i/z1_2' has no loads. (LINT-2)
Warning: In design 'Rasterizer_group_unit', net 'rasterizer_units[0].rasterizer_inst/skip_unit_stage1/not_used_alpha3[1][3]' driven by pin 'rasterizer_units[0].rasterizer_inst/skip_unit_stage1/inputs_dimension[1].alpha_skip_comp_inst_i/z1_3' has no loads. (LINT-2)
Warning: In design 'Rasterizer_group_unit', net 'rasterizer_units[0].rasterizer_inst/skip_unit_stage1/not_used_alpha3[1][4]' driven by pin 'rasterizer_units[0].rasterizer_inst/skip_unit_stage1/inputs_dimension[1].alpha_skip_comp_inst_i/z1_4' has no loads. (LINT-2)
Warning: In design 'Rasterizer_group_unit', net 'rasterizer_units[0].rasterizer_inst/skip_unit_stage1/not_used_alpha3[1][5]' driven by pin 'rasterizer_units[0].rasterizer_inst/skip_unit_stage1/inputs_dimension[1].alpha_skip_comp_inst_i/z1_5' has no loads. (LINT-2)
Warning: In design 'Rasterizer_group_unit', net 'rasterizer_units[0].rasterizer_inst/skip_unit_stage1/not_used_alpha3[1][6]' driven by pin 'rasterizer_units[0].rasterizer_inst/skip_unit_stage1/inputs_dimension[1].alpha_skip_comp_inst_i/z1_6' has no loads. (LINT-2)
Warning: In design 'Rasterizer_group_unit', net 'rasterizer_units[0].rasterizer_inst/skip_unit_stage1/not_used_alpha3[1][7]' driven by pin 'rasterizer_units[0].rasterizer_inst/skip_unit_stage1/inputs_dimension[1].alpha_skip_comp_inst_i/z1_7' has no loads. (LINT-2)
Warning: In design 'Rasterizer_group_unit', net 'rasterizer_units[0].rasterizer_inst/skip_unit_stage1/not_used_alpha3[1][8]' driven by pin 'rasterizer_units[0].rasterizer_inst/skip_unit_stage1/inputs_dimension[1].alpha_skip_comp_inst_i/z1_8' has no loads. (LINT-2)
Warning: In design 'Rasterizer_group_unit', net 'rasterizer_units[0].rasterizer_inst/skip_unit_stage1/not_used_alpha3[1][9]' driven by pin 'rasterizer_units[0].rasterizer_inst/skip_unit_stage1/inputs_dimension[1].alpha_skip_comp_inst_i/z1_9' has no loads. (LINT-2)
Warning: In design 'Rasterizer_group_unit', net 'rasterizer_units[0].rasterizer_inst/skip_unit_stage1/not_used_alpha3[1][10]' driven by pin 'rasterizer_units[0].rasterizer_inst/skip_unit_stage1/inputs_dimension[1].alpha_skip_comp_inst_i/z1_10' has no loads. (LINT-2)
Warning: In design 'Rasterizer_group_unit', net 'rasterizer_units[0].rasterizer_inst/skip_unit_stage1/not_used_alpha3[1][11]' driven by pin 'rasterizer_units[0].rasterizer_inst/skip_unit_stage1/inputs_dimension[1].alpha_skip_comp_inst_i/z1_11' has no loads. (LINT-2)
Warning: In design 'Rasterizer_group_unit', net 'rasterizer_units[0].rasterizer_inst/skip_unit_stage1/not_used_alpha3[1][12]' driven by pin 'rasterizer_units[0].rasterizer_inst/skip_unit_stage1/inputs_dimension[1].alpha_skip_comp_inst_i/z1_12' has no loads. (LINT-2)
Warning: In design 'Rasterizer_group_unit', net 'rasterizer_units[0].rasterizer_inst/skip_unit_stage1/not_used_alpha3[1][13]' driven by pin 'rasterizer_units[0].rasterizer_inst/skip_unit_stage1/inputs_dimension[1].alpha_skip_comp_inst_i/z1_13' has no loads. (LINT-2)
Warning: In design 'Rasterizer_group_unit', net 'rasterizer_units[0].rasterizer_inst/skip_unit_stage1/not_used_alpha3[1][14]' driven by pin 'rasterizer_units[0].rasterizer_inst/skip_unit_stage1/inputs_dimension[1].alpha_skip_comp_inst_i/z1_14' has no loads. (LINT-2)
Warning: In design 'Rasterizer_group_unit', net 'rasterizer_units[0].rasterizer_inst/skip_unit_stage1/not_used_alpha3[1][15]' driven by pin 'rasterizer_units[0].rasterizer_inst/skip_unit_stage1/inputs_dimension[1].alpha_skip_comp_inst_i/z1_15' has no loads. (LINT-2)
Warning: In design 'Rasterizer_group_unit', net 'rasterizer_units[0].rasterizer_inst/skip_unit_stage1/not_used_alpha3[2][0]' driven by pin 'rasterizer_units[0].rasterizer_inst/skip_unit_stage1/inputs_dimension[2].alpha_skip_comp_inst_i/z1_0' has no loads. (LINT-2)
Warning: In design 'Rasterizer_group_unit', net 'rasterizer_units[0].rasterizer_inst/skip_unit_stage1/not_used_alpha3[2][1]' driven by pin 'rasterizer_units[0].rasterizer_inst/skip_unit_stage1/inputs_dimension[2].alpha_skip_comp_inst_i/z1_1' has no loads. (LINT-2)
Warning: In design 'Rasterizer_group_unit', net 'rasterizer_units[0].rasterizer_inst/skip_unit_stage1/not_used_alpha3[2][2]' driven by pin 'rasterizer_units[0].rasterizer_inst/skip_unit_stage1/inputs_dimension[2].alpha_skip_comp_inst_i/z1_2' has no loads. (LINT-2)
Warning: In design 'Rasterizer_group_unit', net 'rasterizer_units[0].rasterizer_inst/skip_unit_stage1/not_used_alpha3[2][3]' driven by pin 'rasterizer_units[0].rasterizer_inst/skip_unit_stage1/inputs_dimension[2].alpha_skip_comp_inst_i/z1_3' has no loads. (LINT-2)
Warning: In design 'Rasterizer_group_unit', net 'rasterizer_units[0].rasterizer_inst/skip_unit_stage1/not_used_alpha3[2][4]' driven by pin 'rasterizer_units[0].rasterizer_inst/skip_unit_stage1/inputs_dimension[2].alpha_skip_comp_inst_i/z1_4' has no loads. (LINT-2)
Warning: In design 'Rasterizer_group_unit', net 'rasterizer_units[0].rasterizer_inst/skip_unit_stage1/not_used_alpha3[2][5]' driven by pin 'rasterizer_units[0].rasterizer_inst/skip_unit_stage1/inputs_dimension[2].alpha_skip_comp_inst_i/z1_5' has no loads. (LINT-2)
Warning: In design 'Rasterizer_group_unit', net 'rasterizer_units[0].rasterizer_inst/skip_unit_stage1/not_used_alpha3[2][6]' driven by pin 'rasterizer_units[0].rasterizer_inst/skip_unit_stage1/inputs_dimension[2].alpha_skip_comp_inst_i/z1_6' has no loads. (LINT-2)
Warning: In design 'Rasterizer_group_unit', net 'rasterizer_units[0].rasterizer_inst/skip_unit_stage1/not_used_alpha3[2][7]' driven by pin 'rasterizer_units[0].rasterizer_inst/skip_unit_stage1/inputs_dimension[2].alpha_skip_comp_inst_i/z1_7' has no loads. (LINT-2)
Warning: In design 'Rasterizer_group_unit', net 'rasterizer_units[0].rasterizer_inst/skip_unit_stage1/not_used_alpha3[2][8]' driven by pin 'rasterizer_units[0].rasterizer_inst/skip_unit_stage1/inputs_dimension[2].alpha_skip_comp_inst_i/z1_8' has no loads. (LINT-2)
Warning: In design 'Rasterizer_group_unit', net 'rasterizer_units[0].rasterizer_inst/skip_unit_stage1/not_used_alpha3[2][9]' driven by pin 'rasterizer_units[0].rasterizer_inst/skip_unit_stage1/inputs_dimension[2].alpha_skip_comp_inst_i/z1_9' has no loads. (LINT-2)
Warning: In design 'Rasterizer_group_unit', net 'rasterizer_units[0].rasterizer_inst/skip_unit_stage1/not_used_alpha3[2][10]' driven by pin 'rasterizer_units[0].rasterizer_inst/skip_unit_stage1/inputs_dimension[2].alpha_skip_comp_inst_i/z1_10' has no loads. (LINT-2)
Warning: In design 'Rasterizer_group_unit', net 'rasterizer_units[0].rasterizer_inst/skip_unit_stage1/not_used_alpha3[2][11]' driven by pin 'rasterizer_units[0].rasterizer_inst/skip_unit_stage1/inputs_dimension[2].alpha_skip_comp_inst_i/z1_11' has no loads. (LINT-2)
Warning: In design 'Rasterizer_group_unit', net 'rasterizer_units[0].rasterizer_inst/skip_unit_stage1/not_used_alpha3[2][12]' driven by pin 'rasterizer_units[0].rasterizer_inst/skip_unit_stage1/inputs_dimension[2].alpha_skip_comp_inst_i/z1_12' has no loads. (LINT-2)
Warning: In design 'Rasterizer_group_unit', net 'rasterizer_units[0].rasterizer_inst/skip_unit_stage1/not_used_alpha3[2][13]' driven by pin 'rasterizer_units[0].rasterizer_inst/skip_unit_stage1/inputs_dimension[2].alpha_skip_comp_inst_i/z1_13' has no loads. (LINT-2)
Warning: In design 'Rasterizer_group_unit', net 'rasterizer_units[0].rasterizer_inst/skip_unit_stage1/not_used_alpha3[2][14]' driven by pin 'rasterizer_units[0].rasterizer_inst/skip_unit_stage1/inputs_dimension[2].alpha_skip_comp_inst_i/z1_14' has no loads. (LINT-2)
Warning: In design 'Rasterizer_group_unit', net 'rasterizer_units[0].rasterizer_inst/skip_unit_stage1/not_used_alpha3[2][15]' driven by pin 'rasterizer_units[0].rasterizer_inst/skip_unit_stage1/inputs_dimension[2].alpha_skip_comp_inst_i/z1_15' has no loads. (LINT-2)
Warning: In design 'Rasterizer_group_unit', net 'rasterizer_units[0].rasterizer_inst/skip_unit_stage1/not_used_alpha3[3][0]' driven by pin 'rasterizer_units[0].rasterizer_inst/skip_unit_stage1/inputs_dimension[3].alpha_skip_comp_inst_i/z1_0' has no loads. (LINT-2)
Warning: In design 'Rasterizer_group_unit', net 'rasterizer_units[0].rasterizer_inst/skip_unit_stage1/not_used_alpha3[3][1]' driven by pin 'rasterizer_units[0].rasterizer_inst/skip_unit_stage1/inputs_dimension[3].alpha_skip_comp_inst_i/z1_1' has no loads. (LINT-2)
Warning: In design 'Rasterizer_group_unit', net 'rasterizer_units[0].rasterizer_inst/skip_unit_stage1/not_used_alpha3[3][2]' driven by pin 'rasterizer_units[0].rasterizer_inst/skip_unit_stage1/inputs_dimension[3].alpha_skip_comp_inst_i/z1_2' has no loads. (LINT-2)
Warning: In design 'Rasterizer_group_unit', net 'rasterizer_units[0].rasterizer_inst/skip_unit_stage1/not_used_alpha3[3][3]' driven by pin 'rasterizer_units[0].rasterizer_inst/skip_unit_stage1/inputs_dimension[3].alpha_skip_comp_inst_i/z1_3' has no loads. (LINT-2)
Warning: In design 'Rasterizer_group_unit', net 'rasterizer_units[0].rasterizer_inst/skip_unit_stage1/not_used_alpha3[3][4]' driven by pin 'rasterizer_units[0].rasterizer_inst/skip_unit_stage1/inputs_dimension[3].alpha_skip_comp_inst_i/z1_4' has no loads. (LINT-2)
Warning: In design 'Rasterizer_group_unit', net 'rasterizer_units[0].rasterizer_inst/skip_unit_stage1/not_used_alpha3[3][5]' driven by pin 'rasterizer_units[0].rasterizer_inst/skip_unit_stage1/inputs_dimension[3].alpha_skip_comp_inst_i/z1_5' has no loads. (LINT-2)
Warning: In design 'Rasterizer_group_unit', net 'rasterizer_units[0].rasterizer_inst/skip_unit_stage1/not_used_alpha3[3][6]' driven by pin 'rasterizer_units[0].rasterizer_inst/skip_unit_stage1/inputs_dimension[3].alpha_skip_comp_inst_i/z1_6' has no loads. (LINT-2)
Warning: In design 'Rasterizer_group_unit', net 'rasterizer_units[0].rasterizer_inst/skip_unit_stage1/not_used_alpha3[3][7]' driven by pin 'rasterizer_units[0].rasterizer_inst/skip_unit_stage1/inputs_dimension[3].alpha_skip_comp_inst_i/z1_7' has no loads. (LINT-2)
Warning: In design 'Rasterizer_group_unit', net 'rasterizer_units[0].rasterizer_inst/skip_unit_stage1/not_used_alpha3[3][8]' driven by pin 'rasterizer_units[0].rasterizer_inst/skip_unit_stage1/inputs_dimension[3].alpha_skip_comp_inst_i/z1_8' has no loads. (LINT-2)
Warning: In design 'Rasterizer_group_unit', net 'rasterizer_units[0].rasterizer_inst/skip_unit_stage1/not_used_alpha3[3][9]' driven by pin 'rasterizer_units[0].rasterizer_inst/skip_unit_stage1/inputs_dimension[3].alpha_skip_comp_inst_i/z1_9' has no loads. (LINT-2)
Warning: In design 'Rasterizer_group_unit', net 'rasterizer_units[0].rasterizer_inst/skip_unit_stage1/not_used_alpha3[3][10]' driven by pin 'rasterizer_units[0].rasterizer_inst/skip_unit_stage1/inputs_dimension[3].alpha_skip_comp_inst_i/z1_10' has no loads. (LINT-2)
Warning: In design 'Rasterizer_group_unit', net 'rasterizer_units[0].rasterizer_inst/skip_unit_stage1/not_used_alpha3[3][11]' driven by pin 'rasterizer_units[0].rasterizer_inst/skip_unit_stage1/inputs_dimension[3].alpha_skip_comp_inst_i/z1_11' has no loads. (LINT-2)
Warning: In design 'Rasterizer_group_unit', net 'rasterizer_units[0].rasterizer_inst/skip_unit_stage1/not_used_alpha3[3][12]' driven by pin 'rasterizer_units[0].rasterizer_inst/skip_unit_stage1/inputs_dimension[3].alpha_skip_comp_inst_i/z1_12' has no loads. (LINT-2)
Warning: In design 'Rasterizer_group_unit', net 'rasterizer_units[0].rasterizer_inst/skip_unit_stage1/not_used_alpha3[3][13]' driven by pin 'rasterizer_units[0].rasterizer_inst/skip_unit_stage1/inputs_dimension[3].alpha_skip_comp_inst_i/z1_13' has no loads. (LINT-2)
Warning: In design 'Rasterizer_group_unit', net 'rasterizer_units[0].rasterizer_inst/skip_unit_stage1/not_used_alpha3[3][14]' driven by pin 'rasterizer_units[0].rasterizer_inst/skip_unit_stage1/inputs_dimension[3].alpha_skip_comp_inst_i/z1_14' has no loads. (LINT-2)
Warning: In design 'Rasterizer_group_unit', net 'rasterizer_units[0].rasterizer_inst/skip_unit_stage1/not_used_alpha3[3][15]' driven by pin 'rasterizer_units[0].rasterizer_inst/skip_unit_stage1/inputs_dimension[3].alpha_skip_comp_inst_i/z1_15' has no loads. (LINT-2)
Warning: In design 'Rasterizer_group_unit', net 'rasterizer_units[0].rasterizer_inst/skip_unit_stage1/not_used_alpha2[0][0]' driven by pin 'rasterizer_units[0].rasterizer_inst/skip_unit_stage1/inputs_dimension[0].alpha_skip_comp_inst_i/z0_0' has no loads. (LINT-2)
Warning: In design 'Rasterizer_group_unit', net 'rasterizer_units[0].rasterizer_inst/skip_unit_stage1/not_used_alpha2[0][1]' driven by pin 'rasterizer_units[0].rasterizer_inst/skip_unit_stage1/inputs_dimension[0].alpha_skip_comp_inst_i/z0_1' has no loads. (LINT-2)
Warning: In design 'Rasterizer_group_unit', net 'rasterizer_units[0].rasterizer_inst/skip_unit_stage1/not_used_alpha2[0][2]' driven by pin 'rasterizer_units[0].rasterizer_inst/skip_unit_stage1/inputs_dimension[0].alpha_skip_comp_inst_i/z0_2' has no loads. (LINT-2)
Warning: In design 'Rasterizer_group_unit', net 'rasterizer_units[0].rasterizer_inst/skip_unit_stage1/not_used_alpha2[0][3]' driven by pin 'rasterizer_units[0].rasterizer_inst/skip_unit_stage1/inputs_dimension[0].alpha_skip_comp_inst_i/z0_3' has no loads. (LINT-2)
Warning: In design 'Rasterizer_group_unit', net 'rasterizer_units[0].rasterizer_inst/skip_unit_stage1/not_used_alpha2[0][4]' driven by pin 'rasterizer_units[0].rasterizer_inst/skip_unit_stage1/inputs_dimension[0].alpha_skip_comp_inst_i/z0_4' has no loads. (LINT-2)
Warning: In design 'Rasterizer_group_unit', net 'rasterizer_units[0].rasterizer_inst/skip_unit_stage1/not_used_alpha2[0][5]' driven by pin 'rasterizer_units[0].rasterizer_inst/skip_unit_stage1/inputs_dimension[0].alpha_skip_comp_inst_i/z0_5' has no loads. (LINT-2)
Warning: In design 'Rasterizer_group_unit', net 'rasterizer_units[0].rasterizer_inst/skip_unit_stage1/not_used_alpha2[0][6]' driven by pin 'rasterizer_units[0].rasterizer_inst/skip_unit_stage1/inputs_dimension[0].alpha_skip_comp_inst_i/z0_6' has no loads. (LINT-2)
Warning: In design 'Rasterizer_group_unit', net 'rasterizer_units[0].rasterizer_inst/skip_unit_stage1/not_used_alpha2[0][7]' driven by pin 'rasterizer_units[0].rasterizer_inst/skip_unit_stage1/inputs_dimension[0].alpha_skip_comp_inst_i/z0_7' has no loads. (LINT-2)
Warning: In design 'Rasterizer_group_unit', net 'rasterizer_units[0].rasterizer_inst/skip_unit_stage1/not_used_alpha2[0][8]' driven by pin 'rasterizer_units[0].rasterizer_inst/skip_unit_stage1/inputs_dimension[0].alpha_skip_comp_inst_i/z0_8' has no loads. (LINT-2)
Warning: In design 'Rasterizer_group_unit', net 'rasterizer_units[0].rasterizer_inst/skip_unit_stage1/not_used_alpha2[0][9]' driven by pin 'rasterizer_units[0].rasterizer_inst/skip_unit_stage1/inputs_dimension[0].alpha_skip_comp_inst_i/z0_9' has no loads. (LINT-2)
Warning: In design 'Rasterizer_group_unit', net 'rasterizer_units[0].rasterizer_inst/skip_unit_stage1/not_used_alpha2[0][10]' driven by pin 'rasterizer_units[0].rasterizer_inst/skip_unit_stage1/inputs_dimension[0].alpha_skip_comp_inst_i/z0_10' has no loads. (LINT-2)
Warning: In design 'Rasterizer_group_unit', net 'rasterizer_units[0].rasterizer_inst/skip_unit_stage1/not_used_alpha2[0][11]' driven by pin 'rasterizer_units[0].rasterizer_inst/skip_unit_stage1/inputs_dimension[0].alpha_skip_comp_inst_i/z0_11' has no loads. (LINT-2)
Warning: In design 'Rasterizer_group_unit', net 'rasterizer_units[0].rasterizer_inst/skip_unit_stage1/not_used_alpha2[0][12]' driven by pin 'rasterizer_units[0].rasterizer_inst/skip_unit_stage1/inputs_dimension[0].alpha_skip_comp_inst_i/z0_12' has no loads. (LINT-2)
Warning: In design 'Rasterizer_group_unit', net 'rasterizer_units[0].rasterizer_inst/skip_unit_stage1/not_used_alpha2[0][13]' driven by pin 'rasterizer_units[0].rasterizer_inst/skip_unit_stage1/inputs_dimension[0].alpha_skip_comp_inst_i/z0_13' has no loads. (LINT-2)
Warning: In design 'Rasterizer_group_unit', net 'rasterizer_units[0].rasterizer_inst/skip_unit_stage1/not_used_alpha2[0][14]' driven by pin 'rasterizer_units[0].rasterizer_inst/skip_unit_stage1/inputs_dimension[0].alpha_skip_comp_inst_i/z0_14' has no loads. (LINT-2)
Warning: In design 'Rasterizer_group_unit', net 'rasterizer_units[0].rasterizer_inst/skip_unit_stage1/not_used_alpha2[0][15]' driven by pin 'rasterizer_units[0].rasterizer_inst/skip_unit_stage1/inputs_dimension[0].alpha_skip_comp_inst_i/z0_15' has no loads. (LINT-2)
Warning: In design 'Rasterizer_group_unit', net 'rasterizer_units[0].rasterizer_inst/skip_unit_stage1/not_used_alpha2[1][0]' driven by pin 'rasterizer_units[0].rasterizer_inst/skip_unit_stage1/inputs_dimension[1].alpha_skip_comp_inst_i/z0_0' has no loads. (LINT-2)
Warning: In design 'Rasterizer_group_unit', net 'rasterizer_units[0].rasterizer_inst/skip_unit_stage1/not_used_alpha2[1][1]' driven by pin 'rasterizer_units[0].rasterizer_inst/skip_unit_stage1/inputs_dimension[1].alpha_skip_comp_inst_i/z0_1' has no loads. (LINT-2)
Warning: In design 'Rasterizer_group_unit', net 'rasterizer_units[0].rasterizer_inst/skip_unit_stage1/not_used_alpha2[1][2]' driven by pin 'rasterizer_units[0].rasterizer_inst/skip_unit_stage1/inputs_dimension[1].alpha_skip_comp_inst_i/z0_2' has no loads. (LINT-2)
Warning: In design 'Rasterizer_group_unit', net 'rasterizer_units[0].rasterizer_inst/skip_unit_stage1/not_used_alpha2[1][3]' driven by pin 'rasterizer_units[0].rasterizer_inst/skip_unit_stage1/inputs_dimension[1].alpha_skip_comp_inst_i/z0_3' has no loads. (LINT-2)
Warning: In design 'Rasterizer_group_unit', net 'rasterizer_units[0].rasterizer_inst/skip_unit_stage1/not_used_alpha2[1][4]' driven by pin 'rasterizer_units[0].rasterizer_inst/skip_unit_stage1/inputs_dimension[1].alpha_skip_comp_inst_i/z0_4' has no loads. (LINT-2)
Warning: In design 'Rasterizer_group_unit', net 'rasterizer_units[0].rasterizer_inst/skip_unit_stage1/not_used_alpha2[1][5]' driven by pin 'rasterizer_units[0].rasterizer_inst/skip_unit_stage1/inputs_dimension[1].alpha_skip_comp_inst_i/z0_5' has no loads. (LINT-2)
Warning: In design 'Rasterizer_group_unit', net 'rasterizer_units[0].rasterizer_inst/skip_unit_stage1/not_used_alpha2[1][6]' driven by pin 'rasterizer_units[0].rasterizer_inst/skip_unit_stage1/inputs_dimension[1].alpha_skip_comp_inst_i/z0_6' has no loads. (LINT-2)
Warning: In design 'Rasterizer_group_unit', net 'rasterizer_units[0].rasterizer_inst/skip_unit_stage1/not_used_alpha2[1][7]' driven by pin 'rasterizer_units[0].rasterizer_inst/skip_unit_stage1/inputs_dimension[1].alpha_skip_comp_inst_i/z0_7' has no loads. (LINT-2)
Warning: In design 'Rasterizer_group_unit', net 'rasterizer_units[0].rasterizer_inst/skip_unit_stage1/not_used_alpha2[1][8]' driven by pin 'rasterizer_units[0].rasterizer_inst/skip_unit_stage1/inputs_dimension[1].alpha_skip_comp_inst_i/z0_8' has no loads. (LINT-2)
Warning: In design 'Rasterizer_group_unit', net 'rasterizer_units[0].rasterizer_inst/skip_unit_stage1/not_used_alpha2[1][9]' driven by pin 'rasterizer_units[0].rasterizer_inst/skip_unit_stage1/inputs_dimension[1].alpha_skip_comp_inst_i/z0_9' has no loads. (LINT-2)
Warning: In design 'Rasterizer_group_unit', net 'rasterizer_units[0].rasterizer_inst/skip_unit_stage1/not_used_alpha2[1][10]' driven by pin 'rasterizer_units[0].rasterizer_inst/skip_unit_stage1/inputs_dimension[1].alpha_skip_comp_inst_i/z0_10' has no loads. (LINT-2)
Warning: In design 'Rasterizer_group_unit', net 'rasterizer_units[0].rasterizer_inst/skip_unit_stage1/not_used_alpha2[1][11]' driven by pin 'rasterizer_units[0].rasterizer_inst/skip_unit_stage1/inputs_dimension[1].alpha_skip_comp_inst_i/z0_11' has no loads. (LINT-2)
Warning: In design 'Rasterizer_group_unit', net 'rasterizer_units[0].rasterizer_inst/skip_unit_stage1/not_used_alpha2[1][12]' driven by pin 'rasterizer_units[0].rasterizer_inst/skip_unit_stage1/inputs_dimension[1].alpha_skip_comp_inst_i/z0_12' has no loads. (LINT-2)
Warning: In design 'Rasterizer_group_unit', net 'rasterizer_units[0].rasterizer_inst/skip_unit_stage1/not_used_alpha2[1][13]' driven by pin 'rasterizer_units[0].rasterizer_inst/skip_unit_stage1/inputs_dimension[1].alpha_skip_comp_inst_i/z0_13' has no loads. (LINT-2)
Warning: In design 'Rasterizer_group_unit', net 'rasterizer_units[0].rasterizer_inst/skip_unit_stage1/not_used_alpha2[1][14]' driven by pin 'rasterizer_units[0].rasterizer_inst/skip_unit_stage1/inputs_dimension[1].alpha_skip_comp_inst_i/z0_14' has no loads. (LINT-2)
Warning: In design 'Rasterizer_group_unit', net 'rasterizer_units[0].rasterizer_inst/skip_unit_stage1/not_used_alpha2[1][15]' driven by pin 'rasterizer_units[0].rasterizer_inst/skip_unit_stage1/inputs_dimension[1].alpha_skip_comp_inst_i/z0_15' has no loads. (LINT-2)
Warning: In design 'Rasterizer_group_unit', net 'rasterizer_units[0].rasterizer_inst/skip_unit_stage1/not_used_alpha2[2][0]' driven by pin 'rasterizer_units[0].rasterizer_inst/skip_unit_stage1/inputs_dimension[2].alpha_skip_comp_inst_i/z0_0' has no loads. (LINT-2)
Warning: In design 'Rasterizer_group_unit', net 'rasterizer_units[0].rasterizer_inst/skip_unit_stage1/not_used_alpha2[2][1]' driven by pin 'rasterizer_units[0].rasterizer_inst/skip_unit_stage1/inputs_dimension[2].alpha_skip_comp_inst_i/z0_1' has no loads. (LINT-2)
Warning: In design 'Rasterizer_group_unit', net 'rasterizer_units[0].rasterizer_inst/skip_unit_stage1/not_used_alpha2[2][2]' driven by pin 'rasterizer_units[0].rasterizer_inst/skip_unit_stage1/inputs_dimension[2].alpha_skip_comp_inst_i/z0_2' has no loads. (LINT-2)
Warning: In design 'Rasterizer_group_unit', net 'rasterizer_units[0].rasterizer_inst/skip_unit_stage1/not_used_alpha2[2][3]' driven by pin 'rasterizer_units[0].rasterizer_inst/skip_unit_stage1/inputs_dimension[2].alpha_skip_comp_inst_i/z0_3' has no loads. (LINT-2)
Warning: In design 'Rasterizer_group_unit', net 'rasterizer_units[0].rasterizer_inst/skip_unit_stage1/not_used_alpha2[2][4]' driven by pin 'rasterizer_units[0].rasterizer_inst/skip_unit_stage1/inputs_dimension[2].alpha_skip_comp_inst_i/z0_4' has no loads. (LINT-2)
Warning: In design 'Rasterizer_group_unit', net 'rasterizer_units[0].rasterizer_inst/skip_unit_stage1/not_used_alpha2[2][5]' driven by pin 'rasterizer_units[0].rasterizer_inst/skip_unit_stage1/inputs_dimension[2].alpha_skip_comp_inst_i/z0_5' has no loads. (LINT-2)
Warning: In design 'Rasterizer_group_unit', net 'rasterizer_units[0].rasterizer_inst/skip_unit_stage1/not_used_alpha2[2][6]' driven by pin 'rasterizer_units[0].rasterizer_inst/skip_unit_stage1/inputs_dimension[2].alpha_skip_comp_inst_i/z0_6' has no loads. (LINT-2)
Warning: In design 'Rasterizer_group_unit', net 'rasterizer_units[0].rasterizer_inst/skip_unit_stage1/not_used_alpha2[2][7]' driven by pin 'rasterizer_units[0].rasterizer_inst/skip_unit_stage1/inputs_dimension[2].alpha_skip_comp_inst_i/z0_7' has no loads. (LINT-2)
Warning: In design 'Rasterizer_group_unit', net 'rasterizer_units[0].rasterizer_inst/skip_unit_stage1/not_used_alpha2[2][8]' driven by pin 'rasterizer_units[0].rasterizer_inst/skip_unit_stage1/inputs_dimension[2].alpha_skip_comp_inst_i/z0_8' has no loads. (LINT-2)
Warning: In design 'Rasterizer_group_unit', net 'rasterizer_units[0].rasterizer_inst/skip_unit_stage1/not_used_alpha2[2][9]' driven by pin 'rasterizer_units[0].rasterizer_inst/skip_unit_stage1/inputs_dimension[2].alpha_skip_comp_inst_i/z0_9' has no loads. (LINT-2)
Warning: In design 'Rasterizer_group_unit', net 'rasterizer_units[0].rasterizer_inst/skip_unit_stage1/not_used_alpha2[2][10]' driven by pin 'rasterizer_units[0].rasterizer_inst/skip_unit_stage1/inputs_dimension[2].alpha_skip_comp_inst_i/z0_10' has no loads. (LINT-2)
Warning: In design 'Rasterizer_group_unit', net 'rasterizer_units[0].rasterizer_inst/skip_unit_stage1/not_used_alpha2[2][11]' driven by pin 'rasterizer_units[0].rasterizer_inst/skip_unit_stage1/inputs_dimension[2].alpha_skip_comp_inst_i/z0_11' has no loads. (LINT-2)
Warning: In design 'Rasterizer_group_unit', net 'rasterizer_units[0].rasterizer_inst/skip_unit_stage1/not_used_alpha2[2][12]' driven by pin 'rasterizer_units[0].rasterizer_inst/skip_unit_stage1/inputs_dimension[2].alpha_skip_comp_inst_i/z0_12' has no loads. (LINT-2)
Warning: In design 'Rasterizer_group_unit', net 'rasterizer_units[0].rasterizer_inst/skip_unit_stage1/not_used_alpha2[2][13]' driven by pin 'rasterizer_units[0].rasterizer_inst/skip_unit_stage1/inputs_dimension[2].alpha_skip_comp_inst_i/z0_13' has no loads. (LINT-2)
Warning: In design 'Rasterizer_group_unit', net 'rasterizer_units[0].rasterizer_inst/skip_unit_stage1/not_used_alpha2[2][14]' driven by pin 'rasterizer_units[0].rasterizer_inst/skip_unit_stage1/inputs_dimension[2].alpha_skip_comp_inst_i/z0_14' has no loads. (LINT-2)
Warning: In design 'Rasterizer_group_unit', net 'rasterizer_units[0].rasterizer_inst/skip_unit_stage1/not_used_alpha2[2][15]' driven by pin 'rasterizer_units[0].rasterizer_inst/skip_unit_stage1/inputs_dimension[2].alpha_skip_comp_inst_i/z0_15' has no loads. (LINT-2)
Warning: In design 'Rasterizer_group_unit', net 'rasterizer_units[0].rasterizer_inst/skip_unit_stage1/not_used_alpha2[3][0]' driven by pin 'rasterizer_units[0].rasterizer_inst/skip_unit_stage1/inputs_dimension[3].alpha_skip_comp_inst_i/z0_0' has no loads. (LINT-2)
Warning: In design 'Rasterizer_group_unit', net 'rasterizer_units[0].rasterizer_inst/skip_unit_stage1/not_used_alpha2[3][1]' driven by pin 'rasterizer_units[0].rasterizer_inst/skip_unit_stage1/inputs_dimension[3].alpha_skip_comp_inst_i/z0_1' has no loads. (LINT-2)
Warning: In design 'Rasterizer_group_unit', net 'rasterizer_units[0].rasterizer_inst/skip_unit_stage1/not_used_alpha2[3][2]' driven by pin 'rasterizer_units[0].rasterizer_inst/skip_unit_stage1/inputs_dimension[3].alpha_skip_comp_inst_i/z0_2' has no loads. (LINT-2)
Warning: In design 'Rasterizer_group_unit', net 'rasterizer_units[0].rasterizer_inst/skip_unit_stage1/not_used_alpha2[3][3]' driven by pin 'rasterizer_units[0].rasterizer_inst/skip_unit_stage1/inputs_dimension[3].alpha_skip_comp_inst_i/z0_3' has no loads. (LINT-2)
Warning: In design 'Rasterizer_group_unit', net 'rasterizer_units[0].rasterizer_inst/skip_unit_stage1/not_used_alpha2[3][4]' driven by pin 'rasterizer_units[0].rasterizer_inst/skip_unit_stage1/inputs_dimension[3].alpha_skip_comp_inst_i/z0_4' has no loads. (LINT-2)
Warning: In design 'Rasterizer_group_unit', net 'rasterizer_units[0].rasterizer_inst/skip_unit_stage1/not_used_alpha2[3][5]' driven by pin 'rasterizer_units[0].rasterizer_inst/skip_unit_stage1/inputs_dimension[3].alpha_skip_comp_inst_i/z0_5' has no loads. (LINT-2)
Warning: In design 'Rasterizer_group_unit', net 'rasterizer_units[0].rasterizer_inst/skip_unit_stage1/not_used_alpha2[3][6]' driven by pin 'rasterizer_units[0].rasterizer_inst/skip_unit_stage1/inputs_dimension[3].alpha_skip_comp_inst_i/z0_6' has no loads. (LINT-2)
Warning: In design 'Rasterizer_group_unit', net 'rasterizer_units[0].rasterizer_inst/skip_unit_stage1/not_used_alpha2[3][7]' driven by pin 'rasterizer_units[0].rasterizer_inst/skip_unit_stage1/inputs_dimension[3].alpha_skip_comp_inst_i/z0_7' has no loads. (LINT-2)
Warning: In design 'Rasterizer_group_unit', net 'rasterizer_units[0].rasterizer_inst/skip_unit_stage1/not_used_alpha2[3][8]' driven by pin 'rasterizer_units[0].rasterizer_inst/skip_unit_stage1/inputs_dimension[3].alpha_skip_comp_inst_i/z0_8' has no loads. (LINT-2)
Warning: In design 'Rasterizer_group_unit', net 'rasterizer_units[0].rasterizer_inst/skip_unit_stage1/not_used_alpha2[3][9]' driven by pin 'rasterizer_units[0].rasterizer_inst/skip_unit_stage1/inputs_dimension[3].alpha_skip_comp_inst_i/z0_9' has no loads. (LINT-2)
Warning: In design 'Rasterizer_group_unit', net 'rasterizer_units[0].rasterizer_inst/skip_unit_stage1/not_used_alpha2[3][10]' driven by pin 'rasterizer_units[0].rasterizer_inst/skip_unit_stage1/inputs_dimension[3].alpha_skip_comp_inst_i/z0_10' has no loads. (LINT-2)
Warning: In design 'Rasterizer_group_unit', net 'rasterizer_units[0].rasterizer_inst/skip_unit_stage1/not_used_alpha2[3][11]' driven by pin 'rasterizer_units[0].rasterizer_inst/skip_unit_stage1/inputs_dimension[3].alpha_skip_comp_inst_i/z0_11' has no loads. (LINT-2)
Warning: In design 'Rasterizer_group_unit', net 'rasterizer_units[0].rasterizer_inst/skip_unit_stage1/not_used_alpha2[3][12]' driven by pin 'rasterizer_units[0].rasterizer_inst/skip_unit_stage1/inputs_dimension[3].alpha_skip_comp_inst_i/z0_12' has no loads. (LINT-2)
Warning: In design 'Rasterizer_group_unit', net 'rasterizer_units[0].rasterizer_inst/skip_unit_stage1/not_used_alpha2[3][13]' driven by pin 'rasterizer_units[0].rasterizer_inst/skip_unit_stage1/inputs_dimension[3].alpha_skip_comp_inst_i/z0_13' has no loads. (LINT-2)
Warning: In design 'Rasterizer_group_unit', net 'rasterizer_units[0].rasterizer_inst/skip_unit_stage1/not_used_alpha2[3][14]' driven by pin 'rasterizer_units[0].rasterizer_inst/skip_unit_stage1/inputs_dimension[3].alpha_skip_comp_inst_i/z0_14' has no loads. (LINT-2)
Warning: In design 'Rasterizer_group_unit', net 'rasterizer_units[0].rasterizer_inst/skip_unit_stage1/not_used_alpha2[3][15]' driven by pin 'rasterizer_units[0].rasterizer_inst/skip_unit_stage1/inputs_dimension[3].alpha_skip_comp_inst_i/z0_15' has no loads. (LINT-2)
Warning: In design 'Rasterizer_group_unit', net 'rasterizer_units[0].rasterizer_inst/skip_unit_stage1/unordered_inst2[0]' driven by pin 'rasterizer_units[0].rasterizer_inst/skip_unit_stage1/inputs_dimension[0].alpha_skip_comp_inst_i/unordered' has no loads. (LINT-2)
Warning: In design 'Rasterizer_group_unit', net 'rasterizer_units[0].rasterizer_inst/skip_unit_stage1/unordered_inst2[1]' driven by pin 'rasterizer_units[0].rasterizer_inst/skip_unit_stage1/inputs_dimension[1].alpha_skip_comp_inst_i/unordered' has no loads. (LINT-2)
Warning: In design 'Rasterizer_group_unit', net 'rasterizer_units[0].rasterizer_inst/skip_unit_stage1/unordered_inst2[2]' driven by pin 'rasterizer_units[0].rasterizer_inst/skip_unit_stage1/inputs_dimension[2].alpha_skip_comp_inst_i/unordered' has no loads. (LINT-2)
Warning: In design 'Rasterizer_group_unit', net 'rasterizer_units[0].rasterizer_inst/skip_unit_stage1/unordered_inst2[3]' driven by pin 'rasterizer_units[0].rasterizer_inst/skip_unit_stage1/inputs_dimension[3].alpha_skip_comp_inst_i/unordered' has no loads. (LINT-2)
Warning: In design 'Rasterizer_group_unit', net 'rasterizer_units[0].rasterizer_inst/skip_unit_stage1/agtb_inst2[0]' driven by pin 'rasterizer_units[0].rasterizer_inst/skip_unit_stage1/inputs_dimension[0].alpha_skip_comp_inst_i/agtb' has no loads. (LINT-2)
Warning: In design 'Rasterizer_group_unit', net 'rasterizer_units[0].rasterizer_inst/skip_unit_stage1/agtb_inst2[1]' driven by pin 'rasterizer_units[0].rasterizer_inst/skip_unit_stage1/inputs_dimension[1].alpha_skip_comp_inst_i/agtb' has no loads. (LINT-2)
Warning: In design 'Rasterizer_group_unit', net 'rasterizer_units[0].rasterizer_inst/skip_unit_stage1/agtb_inst2[2]' driven by pin 'rasterizer_units[0].rasterizer_inst/skip_unit_stage1/inputs_dimension[2].alpha_skip_comp_inst_i/agtb' has no loads. (LINT-2)
Warning: In design 'Rasterizer_group_unit', net 'rasterizer_units[0].rasterizer_inst/skip_unit_stage1/agtb_inst2[3]' driven by pin 'rasterizer_units[0].rasterizer_inst/skip_unit_stage1/inputs_dimension[3].alpha_skip_comp_inst_i/agtb' has no loads. (LINT-2)
Warning: In design 'Rasterizer_group_unit', net 'rasterizer_units[0].rasterizer_inst/skip_unit_stage1/aeqb_inst2[0]' driven by pin 'rasterizer_units[0].rasterizer_inst/skip_unit_stage1/inputs_dimension[0].alpha_skip_comp_inst_i/aeqb' has no loads. (LINT-2)
Warning: In design 'Rasterizer_group_unit', net 'rasterizer_units[0].rasterizer_inst/skip_unit_stage1/aeqb_inst2[1]' driven by pin 'rasterizer_units[0].rasterizer_inst/skip_unit_stage1/inputs_dimension[1].alpha_skip_comp_inst_i/aeqb' has no loads. (LINT-2)
Warning: In design 'Rasterizer_group_unit', net 'rasterizer_units[0].rasterizer_inst/skip_unit_stage1/aeqb_inst2[2]' driven by pin 'rasterizer_units[0].rasterizer_inst/skip_unit_stage1/inputs_dimension[2].alpha_skip_comp_inst_i/aeqb' has no loads. (LINT-2)
Warning: In design 'Rasterizer_group_unit', net 'rasterizer_units[0].rasterizer_inst/skip_unit_stage1/aeqb_inst2[3]' driven by pin 'rasterizer_units[0].rasterizer_inst/skip_unit_stage1/inputs_dimension[3].alpha_skip_comp_inst_i/aeqb' has no loads. (LINT-2)
Warning: In design 'Rasterizer_group_unit', net 'rasterizer_units[0].rasterizer_inst/skip_unit_stage1/status_flag_1[0][0]' driven by pin 'rasterizer_units[0].rasterizer_inst/skip_unit_stage1/inputs_dimension[0].alpha_comp_inst_i/status1_0' has no loads. (LINT-2)
Warning: In design 'Rasterizer_group_unit', net 'rasterizer_units[0].rasterizer_inst/skip_unit_stage1/status_flag_1[0][1]' driven by pin 'rasterizer_units[0].rasterizer_inst/skip_unit_stage1/inputs_dimension[0].alpha_comp_inst_i/status1_1' has no loads. (LINT-2)
Warning: In design 'Rasterizer_group_unit', net 'rasterizer_units[0].rasterizer_inst/skip_unit_stage1/status_flag_1[0][2]' driven by pin 'rasterizer_units[0].rasterizer_inst/skip_unit_stage1/inputs_dimension[0].alpha_comp_inst_i/status1_2' has no loads. (LINT-2)
Warning: In design 'Rasterizer_group_unit', net 'rasterizer_units[0].rasterizer_inst/skip_unit_stage1/status_flag_1[0][3]' driven by pin 'rasterizer_units[0].rasterizer_inst/skip_unit_stage1/inputs_dimension[0].alpha_comp_inst_i/status1_3' has no loads. (LINT-2)
Warning: In design 'Rasterizer_group_unit', net 'rasterizer_units[0].rasterizer_inst/skip_unit_stage1/status_flag_1[0][4]' driven by pin 'rasterizer_units[0].rasterizer_inst/skip_unit_stage1/inputs_dimension[0].alpha_comp_inst_i/status1_4' has no loads. (LINT-2)
Warning: In design 'Rasterizer_group_unit', net 'rasterizer_units[0].rasterizer_inst/skip_unit_stage1/status_flag_1[0][5]' driven by pin 'rasterizer_units[0].rasterizer_inst/skip_unit_stage1/inputs_dimension[0].alpha_comp_inst_i/status1_5' has no loads. (LINT-2)
Warning: In design 'Rasterizer_group_unit', net 'rasterizer_units[0].rasterizer_inst/skip_unit_stage1/status_flag_1[0][6]' driven by pin 'rasterizer_units[0].rasterizer_inst/skip_unit_stage1/inputs_dimension[0].alpha_comp_inst_i/status1_6' has no loads. (LINT-2)
Warning: In design 'Rasterizer_group_unit', net 'rasterizer_units[0].rasterizer_inst/skip_unit_stage1/status_flag_1[0][7]' driven by pin 'rasterizer_units[0].rasterizer_inst/skip_unit_stage1/inputs_dimension[0].alpha_comp_inst_i/status1_7' has no loads. (LINT-2)
Warning: In design 'Rasterizer_group_unit', net 'rasterizer_units[0].rasterizer_inst/skip_unit_stage1/status_flag_1[1][0]' driven by pin 'rasterizer_units[0].rasterizer_inst/skip_unit_stage1/inputs_dimension[1].alpha_comp_inst_i/status1_0' has no loads. (LINT-2)
Warning: In design 'Rasterizer_group_unit', net 'rasterizer_units[0].rasterizer_inst/skip_unit_stage1/status_flag_1[1][1]' driven by pin 'rasterizer_units[0].rasterizer_inst/skip_unit_stage1/inputs_dimension[1].alpha_comp_inst_i/status1_1' has no loads. (LINT-2)
Warning: In design 'Rasterizer_group_unit', net 'rasterizer_units[0].rasterizer_inst/skip_unit_stage1/status_flag_1[1][2]' driven by pin 'rasterizer_units[0].rasterizer_inst/skip_unit_stage1/inputs_dimension[1].alpha_comp_inst_i/status1_2' has no loads. (LINT-2)
Warning: In design 'Rasterizer_group_unit', net 'rasterizer_units[0].rasterizer_inst/skip_unit_stage1/status_flag_1[1][3]' driven by pin 'rasterizer_units[0].rasterizer_inst/skip_unit_stage1/inputs_dimension[1].alpha_comp_inst_i/status1_3' has no loads. (LINT-2)
Warning: In design 'Rasterizer_group_unit', net 'rasterizer_units[0].rasterizer_inst/skip_unit_stage1/status_flag_1[1][4]' driven by pin 'rasterizer_units[0].rasterizer_inst/skip_unit_stage1/inputs_dimension[1].alpha_comp_inst_i/status1_4' has no loads. (LINT-2)
Warning: In design 'Rasterizer_group_unit', net 'rasterizer_units[0].rasterizer_inst/skip_unit_stage1/status_flag_1[1][5]' driven by pin 'rasterizer_units[0].rasterizer_inst/skip_unit_stage1/inputs_dimension[1].alpha_comp_inst_i/status1_5' has no loads. (LINT-2)
Warning: In design 'Rasterizer_group_unit', net 'rasterizer_units[0].rasterizer_inst/skip_unit_stage1/status_flag_1[1][6]' driven by pin 'rasterizer_units[0].rasterizer_inst/skip_unit_stage1/inputs_dimension[1].alpha_comp_inst_i/status1_6' has no loads. (LINT-2)
Warning: In design 'Rasterizer_group_unit', net 'rasterizer_units[0].rasterizer_inst/skip_unit_stage1/status_flag_1[1][7]' driven by pin 'rasterizer_units[0].rasterizer_inst/skip_unit_stage1/inputs_dimension[1].alpha_comp_inst_i/status1_7' has no loads. (LINT-2)
Warning: In design 'Rasterizer_group_unit', net 'rasterizer_units[0].rasterizer_inst/skip_unit_stage1/status_flag_1[2][0]' driven by pin 'rasterizer_units[0].rasterizer_inst/skip_unit_stage1/inputs_dimension[2].alpha_comp_inst_i/status1_0' has no loads. (LINT-2)
Warning: In design 'Rasterizer_group_unit', net 'rasterizer_units[0].rasterizer_inst/skip_unit_stage1/status_flag_1[2][1]' driven by pin 'rasterizer_units[0].rasterizer_inst/skip_unit_stage1/inputs_dimension[2].alpha_comp_inst_i/status1_1' has no loads. (LINT-2)
Warning: In design 'Rasterizer_group_unit', net 'rasterizer_units[0].rasterizer_inst/skip_unit_stage1/status_flag_1[2][2]' driven by pin 'rasterizer_units[0].rasterizer_inst/skip_unit_stage1/inputs_dimension[2].alpha_comp_inst_i/status1_2' has no loads. (LINT-2)
Warning: In design 'Rasterizer_group_unit', net 'rasterizer_units[0].rasterizer_inst/skip_unit_stage1/status_flag_1[2][3]' driven by pin 'rasterizer_units[0].rasterizer_inst/skip_unit_stage1/inputs_dimension[2].alpha_comp_inst_i/status1_3' has no loads. (LINT-2)
Warning: In design 'Rasterizer_group_unit', net 'rasterizer_units[0].rasterizer_inst/skip_unit_stage1/status_flag_1[2][4]' driven by pin 'rasterizer_units[0].rasterizer_inst/skip_unit_stage1/inputs_dimension[2].alpha_comp_inst_i/status1_4' has no loads. (LINT-2)
Warning: In design 'Rasterizer_group_unit', net 'rasterizer_units[0].rasterizer_inst/skip_unit_stage1/status_flag_1[2][5]' driven by pin 'rasterizer_units[0].rasterizer_inst/skip_unit_stage1/inputs_dimension[2].alpha_comp_inst_i/status1_5' has no loads. (LINT-2)
Warning: In design 'Rasterizer_group_unit', net 'rasterizer_units[0].rasterizer_inst/skip_unit_stage1/status_flag_1[2][6]' driven by pin 'rasterizer_units[0].rasterizer_inst/skip_unit_stage1/inputs_dimension[2].alpha_comp_inst_i/status1_6' has no loads. (LINT-2)
Warning: In design 'Rasterizer_group_unit', net 'rasterizer_units[0].rasterizer_inst/skip_unit_stage1/status_flag_1[2][7]' driven by pin 'rasterizer_units[0].rasterizer_inst/skip_unit_stage1/inputs_dimension[2].alpha_comp_inst_i/status1_7' has no loads. (LINT-2)
Warning: In design 'Rasterizer_group_unit', net 'rasterizer_units[0].rasterizer_inst/skip_unit_stage1/status_flag_1[3][0]' driven by pin 'rasterizer_units[0].rasterizer_inst/skip_unit_stage1/inputs_dimension[3].alpha_comp_inst_i/status1_0' has no loads. (LINT-2)
Warning: In design 'Rasterizer_group_unit', net 'rasterizer_units[0].rasterizer_inst/skip_unit_stage1/status_flag_1[3][1]' driven by pin 'rasterizer_units[0].rasterizer_inst/skip_unit_stage1/inputs_dimension[3].alpha_comp_inst_i/status1_1' has no loads. (LINT-2)
Warning: In design 'Rasterizer_group_unit', net 'rasterizer_units[0].rasterizer_inst/skip_unit_stage1/status_flag_1[3][2]' driven by pin 'rasterizer_units[0].rasterizer_inst/skip_unit_stage1/inputs_dimension[3].alpha_comp_inst_i/status1_2' has no loads. (LINT-2)
Warning: In design 'Rasterizer_group_unit', net 'rasterizer_units[0].rasterizer_inst/skip_unit_stage1/status_flag_1[3][3]' driven by pin 'rasterizer_units[0].rasterizer_inst/skip_unit_stage1/inputs_dimension[3].alpha_comp_inst_i/status1_3' has no loads. (LINT-2)
Warning: In design 'Rasterizer_group_unit', net 'rasterizer_units[0].rasterizer_inst/skip_unit_stage1/status_flag_1[3][4]' driven by pin 'rasterizer_units[0].rasterizer_inst/skip_unit_stage1/inputs_dimension[3].alpha_comp_inst_i/status1_4' has no loads. (LINT-2)
Warning: In design 'Rasterizer_group_unit', net 'rasterizer_units[0].rasterizer_inst/skip_unit_stage1/status_flag_1[3][5]' driven by pin 'rasterizer_units[0].rasterizer_inst/skip_unit_stage1/inputs_dimension[3].alpha_comp_inst_i/status1_5' has no loads. (LINT-2)
Warning: In design 'Rasterizer_group_unit', net 'rasterizer_units[0].rasterizer_inst/skip_unit_stage1/status_flag_1[3][6]' driven by pin 'rasterizer_units[0].rasterizer_inst/skip_unit_stage1/inputs_dimension[3].alpha_comp_inst_i/status1_6' has no loads. (LINT-2)
Warning: In design 'Rasterizer_group_unit', net 'rasterizer_units[0].rasterizer_inst/skip_unit_stage1/status_flag_1[3][7]' driven by pin 'rasterizer_units[0].rasterizer_inst/skip_unit_stage1/inputs_dimension[3].alpha_comp_inst_i/status1_7' has no loads. (LINT-2)
Warning: In design 'Rasterizer_group_unit', net 'rasterizer_units[0].rasterizer_inst/skip_unit_stage1/status_flag_0[0][0]' driven by pin 'rasterizer_units[0].rasterizer_inst/skip_unit_stage1/inputs_dimension[0].alpha_comp_inst_i/status0_0' has no loads. (LINT-2)
Warning: In design 'Rasterizer_group_unit', net 'rasterizer_units[0].rasterizer_inst/skip_unit_stage1/status_flag_0[0][1]' driven by pin 'rasterizer_units[0].rasterizer_inst/skip_unit_stage1/inputs_dimension[0].alpha_comp_inst_i/status0_1' has no loads. (LINT-2)
Warning: In design 'Rasterizer_group_unit', net 'rasterizer_units[0].rasterizer_inst/skip_unit_stage1/status_flag_0[0][2]' driven by pin 'rasterizer_units[0].rasterizer_inst/skip_unit_stage1/inputs_dimension[0].alpha_comp_inst_i/status0_2' has no loads. (LINT-2)
Warning: In design 'Rasterizer_group_unit', net 'rasterizer_units[0].rasterizer_inst/skip_unit_stage1/status_flag_0[0][3]' driven by pin 'rasterizer_units[0].rasterizer_inst/skip_unit_stage1/inputs_dimension[0].alpha_comp_inst_i/status0_3' has no loads. (LINT-2)
Warning: In design 'Rasterizer_group_unit', net 'rasterizer_units[0].rasterizer_inst/skip_unit_stage1/status_flag_0[0][4]' driven by pin 'rasterizer_units[0].rasterizer_inst/skip_unit_stage1/inputs_dimension[0].alpha_comp_inst_i/status0_4' has no loads. (LINT-2)
Warning: In design 'Rasterizer_group_unit', net 'rasterizer_units[0].rasterizer_inst/skip_unit_stage1/status_flag_0[0][5]' driven by pin 'rasterizer_units[0].rasterizer_inst/skip_unit_stage1/inputs_dimension[0].alpha_comp_inst_i/status0_5' has no loads. (LINT-2)
Warning: In design 'Rasterizer_group_unit', net 'rasterizer_units[0].rasterizer_inst/skip_unit_stage1/status_flag_0[0][6]' driven by pin 'rasterizer_units[0].rasterizer_inst/skip_unit_stage1/inputs_dimension[0].alpha_comp_inst_i/status0_6' has no loads. (LINT-2)
Warning: In design 'Rasterizer_group_unit', net 'rasterizer_units[0].rasterizer_inst/skip_unit_stage1/status_flag_0[0][7]' driven by pin 'rasterizer_units[0].rasterizer_inst/skip_unit_stage1/inputs_dimension[0].alpha_comp_inst_i/status0_7' has no loads. (LINT-2)
Warning: In design 'Rasterizer_group_unit', net 'rasterizer_units[0].rasterizer_inst/skip_unit_stage1/status_flag_0[1][0]' driven by pin 'rasterizer_units[0].rasterizer_inst/skip_unit_stage1/inputs_dimension[1].alpha_comp_inst_i/status0_0' has no loads. (LINT-2)
Warning: In design 'Rasterizer_group_unit', net 'rasterizer_units[0].rasterizer_inst/skip_unit_stage1/status_flag_0[1][1]' driven by pin 'rasterizer_units[0].rasterizer_inst/skip_unit_stage1/inputs_dimension[1].alpha_comp_inst_i/status0_1' has no loads. (LINT-2)
Warning: In design 'Rasterizer_group_unit', net 'rasterizer_units[0].rasterizer_inst/skip_unit_stage1/status_flag_0[1][2]' driven by pin 'rasterizer_units[0].rasterizer_inst/skip_unit_stage1/inputs_dimension[1].alpha_comp_inst_i/status0_2' has no loads. (LINT-2)
Warning: In design 'Rasterizer_group_unit', net 'rasterizer_units[0].rasterizer_inst/skip_unit_stage1/status_flag_0[1][3]' driven by pin 'rasterizer_units[0].rasterizer_inst/skip_unit_stage1/inputs_dimension[1].alpha_comp_inst_i/status0_3' has no loads. (LINT-2)
Warning: In design 'Rasterizer_group_unit', net 'rasterizer_units[0].rasterizer_inst/skip_unit_stage1/status_flag_0[1][4]' driven by pin 'rasterizer_units[0].rasterizer_inst/skip_unit_stage1/inputs_dimension[1].alpha_comp_inst_i/status0_4' has no loads. (LINT-2)
Warning: In design 'Rasterizer_group_unit', net 'rasterizer_units[0].rasterizer_inst/skip_unit_stage1/status_flag_0[1][5]' driven by pin 'rasterizer_units[0].rasterizer_inst/skip_unit_stage1/inputs_dimension[1].alpha_comp_inst_i/status0_5' has no loads. (LINT-2)
Warning: In design 'Rasterizer_group_unit', net 'rasterizer_units[0].rasterizer_inst/skip_unit_stage1/status_flag_0[1][6]' driven by pin 'rasterizer_units[0].rasterizer_inst/skip_unit_stage1/inputs_dimension[1].alpha_comp_inst_i/status0_6' has no loads. (LINT-2)
Warning: In design 'Rasterizer_group_unit', net 'rasterizer_units[0].rasterizer_inst/skip_unit_stage1/status_flag_0[1][7]' driven by pin 'rasterizer_units[0].rasterizer_inst/skip_unit_stage1/inputs_dimension[1].alpha_comp_inst_i/status0_7' has no loads. (LINT-2)
Warning: In design 'Rasterizer_group_unit', net 'rasterizer_units[0].rasterizer_inst/skip_unit_stage1/status_flag_0[2][0]' driven by pin 'rasterizer_units[0].rasterizer_inst/skip_unit_stage1/inputs_dimension[2].alpha_comp_inst_i/status0_0' has no loads. (LINT-2)
Warning: In design 'Rasterizer_group_unit', net 'rasterizer_units[0].rasterizer_inst/skip_unit_stage1/status_flag_0[2][1]' driven by pin 'rasterizer_units[0].rasterizer_inst/skip_unit_stage1/inputs_dimension[2].alpha_comp_inst_i/status0_1' has no loads. (LINT-2)
Warning: In design 'Rasterizer_group_unit', net 'rasterizer_units[0].rasterizer_inst/skip_unit_stage1/status_flag_0[2][2]' driven by pin 'rasterizer_units[0].rasterizer_inst/skip_unit_stage1/inputs_dimension[2].alpha_comp_inst_i/status0_2' has no loads. (LINT-2)
Warning: In design 'Rasterizer_group_unit', net 'rasterizer_units[0].rasterizer_inst/skip_unit_stage1/status_flag_0[2][3]' driven by pin 'rasterizer_units[0].rasterizer_inst/skip_unit_stage1/inputs_dimension[2].alpha_comp_inst_i/status0_3' has no loads. (LINT-2)
Warning: In design 'Rasterizer_group_unit', net 'rasterizer_units[0].rasterizer_inst/skip_unit_stage1/status_flag_0[2][4]' driven by pin 'rasterizer_units[0].rasterizer_inst/skip_unit_stage1/inputs_dimension[2].alpha_comp_inst_i/status0_4' has no loads. (LINT-2)
Warning: In design 'Rasterizer_group_unit', net 'rasterizer_units[0].rasterizer_inst/skip_unit_stage1/status_flag_0[2][5]' driven by pin 'rasterizer_units[0].rasterizer_inst/skip_unit_stage1/inputs_dimension[2].alpha_comp_inst_i/status0_5' has no loads. (LINT-2)
Warning: In design 'Rasterizer_group_unit', net 'rasterizer_units[0].rasterizer_inst/skip_unit_stage1/status_flag_0[2][6]' driven by pin 'rasterizer_units[0].rasterizer_inst/skip_unit_stage1/inputs_dimension[2].alpha_comp_inst_i/status0_6' has no loads. (LINT-2)
Warning: In design 'Rasterizer_group_unit', net 'rasterizer_units[0].rasterizer_inst/skip_unit_stage1/status_flag_0[2][7]' driven by pin 'rasterizer_units[0].rasterizer_inst/skip_unit_stage1/inputs_dimension[2].alpha_comp_inst_i/status0_7' has no loads. (LINT-2)
Warning: In design 'Rasterizer_group_unit', net 'rasterizer_units[0].rasterizer_inst/skip_unit_stage1/status_flag_0[3][0]' driven by pin 'rasterizer_units[0].rasterizer_inst/skip_unit_stage1/inputs_dimension[3].alpha_comp_inst_i/status0_0' has no loads. (LINT-2)
Warning: In design 'Rasterizer_group_unit', net 'rasterizer_units[0].rasterizer_inst/skip_unit_stage1/status_flag_0[3][1]' driven by pin 'rasterizer_units[0].rasterizer_inst/skip_unit_stage1/inputs_dimension[3].alpha_comp_inst_i/status0_1' has no loads. (LINT-2)
Warning: In design 'Rasterizer_group_unit', net 'rasterizer_units[0].rasterizer_inst/skip_unit_stage1/status_flag_0[3][2]' driven by pin 'rasterizer_units[0].rasterizer_inst/skip_unit_stage1/inputs_dimension[3].alpha_comp_inst_i/status0_2' has no loads. (LINT-2)
Warning: In design 'Rasterizer_group_unit', net 'rasterizer_units[0].rasterizer_inst/skip_unit_stage1/status_flag_0[3][3]' driven by pin 'rasterizer_units[0].rasterizer_inst/skip_unit_stage1/inputs_dimension[3].alpha_comp_inst_i/status0_3' has no loads. (LINT-2)
Warning: In design 'Rasterizer_group_unit', net 'rasterizer_units[0].rasterizer_inst/skip_unit_stage1/status_flag_0[3][4]' driven by pin 'rasterizer_units[0].rasterizer_inst/skip_unit_stage1/inputs_dimension[3].alpha_comp_inst_i/status0_4' has no loads. (LINT-2)
Warning: In design 'Rasterizer_group_unit', net 'rasterizer_units[0].rasterizer_inst/skip_unit_stage1/status_flag_0[3][5]' driven by pin 'rasterizer_units[0].rasterizer_inst/skip_unit_stage1/inputs_dimension[3].alpha_comp_inst_i/status0_5' has no loads. (LINT-2)
Warning: In design 'Rasterizer_group_unit', net 'rasterizer_units[0].rasterizer_inst/skip_unit_stage1/status_flag_0[3][6]' driven by pin 'rasterizer_units[0].rasterizer_inst/skip_unit_stage1/inputs_dimension[3].alpha_comp_inst_i/status0_6' has no loads. (LINT-2)
Warning: In design 'Rasterizer_group_unit', net 'rasterizer_units[0].rasterizer_inst/skip_unit_stage1/status_flag_0[3][7]' driven by pin 'rasterizer_units[0].rasterizer_inst/skip_unit_stage1/inputs_dimension[3].alpha_comp_inst_i/status0_7' has no loads. (LINT-2)
Warning: In design 'Rasterizer_group_unit', net 'rasterizer_units[0].rasterizer_inst/skip_unit_stage1/not_used_alpha1[0][0]' driven by pin 'rasterizer_units[0].rasterizer_inst/skip_unit_stage1/inputs_dimension[0].alpha_comp_inst_i/z1_0' has no loads. (LINT-2)
Warning: In design 'Rasterizer_group_unit', net 'rasterizer_units[0].rasterizer_inst/skip_unit_stage1/not_used_alpha1[0][1]' driven by pin 'rasterizer_units[0].rasterizer_inst/skip_unit_stage1/inputs_dimension[0].alpha_comp_inst_i/z1_1' has no loads. (LINT-2)
Warning: In design 'Rasterizer_group_unit', net 'rasterizer_units[0].rasterizer_inst/skip_unit_stage1/not_used_alpha1[0][2]' driven by pin 'rasterizer_units[0].rasterizer_inst/skip_unit_stage1/inputs_dimension[0].alpha_comp_inst_i/z1_2' has no loads. (LINT-2)
Warning: In design 'Rasterizer_group_unit', net 'rasterizer_units[0].rasterizer_inst/skip_unit_stage1/not_used_alpha1[0][3]' driven by pin 'rasterizer_units[0].rasterizer_inst/skip_unit_stage1/inputs_dimension[0].alpha_comp_inst_i/z1_3' has no loads. (LINT-2)
Warning: In design 'Rasterizer_group_unit', net 'rasterizer_units[0].rasterizer_inst/skip_unit_stage1/not_used_alpha1[0][4]' driven by pin 'rasterizer_units[0].rasterizer_inst/skip_unit_stage1/inputs_dimension[0].alpha_comp_inst_i/z1_4' has no loads. (LINT-2)
Warning: In design 'Rasterizer_group_unit', net 'rasterizer_units[0].rasterizer_inst/skip_unit_stage1/not_used_alpha1[0][5]' driven by pin 'rasterizer_units[0].rasterizer_inst/skip_unit_stage1/inputs_dimension[0].alpha_comp_inst_i/z1_5' has no loads. (LINT-2)
Warning: In design 'Rasterizer_group_unit', net 'rasterizer_units[0].rasterizer_inst/skip_unit_stage1/not_used_alpha1[0][6]' driven by pin 'rasterizer_units[0].rasterizer_inst/skip_unit_stage1/inputs_dimension[0].alpha_comp_inst_i/z1_6' has no loads. (LINT-2)
Warning: In design 'Rasterizer_group_unit', net 'rasterizer_units[0].rasterizer_inst/skip_unit_stage1/not_used_alpha1[0][7]' driven by pin 'rasterizer_units[0].rasterizer_inst/skip_unit_stage1/inputs_dimension[0].alpha_comp_inst_i/z1_7' has no loads. (LINT-2)
Warning: In design 'Rasterizer_group_unit', net 'rasterizer_units[0].rasterizer_inst/skip_unit_stage1/not_used_alpha1[0][8]' driven by pin 'rasterizer_units[0].rasterizer_inst/skip_unit_stage1/inputs_dimension[0].alpha_comp_inst_i/z1_8' has no loads. (LINT-2)
Warning: In design 'Rasterizer_group_unit', net 'rasterizer_units[0].rasterizer_inst/skip_unit_stage1/not_used_alpha1[0][9]' driven by pin 'rasterizer_units[0].rasterizer_inst/skip_unit_stage1/inputs_dimension[0].alpha_comp_inst_i/z1_9' has no loads. (LINT-2)
Warning: In design 'Rasterizer_group_unit', net 'rasterizer_units[0].rasterizer_inst/skip_unit_stage1/not_used_alpha1[0][10]' driven by pin 'rasterizer_units[0].rasterizer_inst/skip_unit_stage1/inputs_dimension[0].alpha_comp_inst_i/z1_10' has no loads. (LINT-2)
Warning: In design 'Rasterizer_group_unit', net 'rasterizer_units[0].rasterizer_inst/skip_unit_stage1/not_used_alpha1[0][11]' driven by pin 'rasterizer_units[0].rasterizer_inst/skip_unit_stage1/inputs_dimension[0].alpha_comp_inst_i/z1_11' has no loads. (LINT-2)
Warning: In design 'Rasterizer_group_unit', net 'rasterizer_units[0].rasterizer_inst/skip_unit_stage1/not_used_alpha1[0][12]' driven by pin 'rasterizer_units[0].rasterizer_inst/skip_unit_stage1/inputs_dimension[0].alpha_comp_inst_i/z1_12' has no loads. (LINT-2)
Warning: In design 'Rasterizer_group_unit', net 'rasterizer_units[0].rasterizer_inst/skip_unit_stage1/not_used_alpha1[0][13]' driven by pin 'rasterizer_units[0].rasterizer_inst/skip_unit_stage1/inputs_dimension[0].alpha_comp_inst_i/z1_13' has no loads. (LINT-2)
Warning: In design 'Rasterizer_group_unit', net 'rasterizer_units[0].rasterizer_inst/skip_unit_stage1/not_used_alpha1[0][14]' driven by pin 'rasterizer_units[0].rasterizer_inst/skip_unit_stage1/inputs_dimension[0].alpha_comp_inst_i/z1_14' has no loads. (LINT-2)
Warning: In design 'Rasterizer_group_unit', net 'rasterizer_units[0].rasterizer_inst/skip_unit_stage1/not_used_alpha1[0][15]' driven by pin 'rasterizer_units[0].rasterizer_inst/skip_unit_stage1/inputs_dimension[0].alpha_comp_inst_i/z1_15' has no loads. (LINT-2)
Warning: In design 'Rasterizer_group_unit', net 'rasterizer_units[0].rasterizer_inst/skip_unit_stage1/not_used_alpha1[1][0]' driven by pin 'rasterizer_units[0].rasterizer_inst/skip_unit_stage1/inputs_dimension[1].alpha_comp_inst_i/z1_0' has no loads. (LINT-2)
Warning: In design 'Rasterizer_group_unit', net 'rasterizer_units[0].rasterizer_inst/skip_unit_stage1/not_used_alpha1[1][1]' driven by pin 'rasterizer_units[0].rasterizer_inst/skip_unit_stage1/inputs_dimension[1].alpha_comp_inst_i/z1_1' has no loads. (LINT-2)
Warning: In design 'Rasterizer_group_unit', net 'rasterizer_units[0].rasterizer_inst/skip_unit_stage1/not_used_alpha1[1][2]' driven by pin 'rasterizer_units[0].rasterizer_inst/skip_unit_stage1/inputs_dimension[1].alpha_comp_inst_i/z1_2' has no loads. (LINT-2)
Warning: In design 'Rasterizer_group_unit', net 'rasterizer_units[0].rasterizer_inst/skip_unit_stage1/not_used_alpha1[1][3]' driven by pin 'rasterizer_units[0].rasterizer_inst/skip_unit_stage1/inputs_dimension[1].alpha_comp_inst_i/z1_3' has no loads. (LINT-2)
Warning: In design 'Rasterizer_group_unit', net 'rasterizer_units[0].rasterizer_inst/skip_unit_stage1/not_used_alpha1[1][4]' driven by pin 'rasterizer_units[0].rasterizer_inst/skip_unit_stage1/inputs_dimension[1].alpha_comp_inst_i/z1_4' has no loads. (LINT-2)
Warning: In design 'Rasterizer_group_unit', net 'rasterizer_units[0].rasterizer_inst/skip_unit_stage1/not_used_alpha1[1][5]' driven by pin 'rasterizer_units[0].rasterizer_inst/skip_unit_stage1/inputs_dimension[1].alpha_comp_inst_i/z1_5' has no loads. (LINT-2)
Warning: In design 'Rasterizer_group_unit', net 'rasterizer_units[0].rasterizer_inst/skip_unit_stage1/not_used_alpha1[1][6]' driven by pin 'rasterizer_units[0].rasterizer_inst/skip_unit_stage1/inputs_dimension[1].alpha_comp_inst_i/z1_6' has no loads. (LINT-2)
Warning: In design 'Rasterizer_group_unit', net 'rasterizer_units[0].rasterizer_inst/skip_unit_stage1/not_used_alpha1[1][7]' driven by pin 'rasterizer_units[0].rasterizer_inst/skip_unit_stage1/inputs_dimension[1].alpha_comp_inst_i/z1_7' has no loads. (LINT-2)
Warning: In design 'Rasterizer_group_unit', net 'rasterizer_units[0].rasterizer_inst/skip_unit_stage1/not_used_alpha1[1][8]' driven by pin 'rasterizer_units[0].rasterizer_inst/skip_unit_stage1/inputs_dimension[1].alpha_comp_inst_i/z1_8' has no loads. (LINT-2)
Warning: In design 'Rasterizer_group_unit', net 'rasterizer_units[0].rasterizer_inst/skip_unit_stage1/not_used_alpha1[1][9]' driven by pin 'rasterizer_units[0].rasterizer_inst/skip_unit_stage1/inputs_dimension[1].alpha_comp_inst_i/z1_9' has no loads. (LINT-2)
Warning: In design 'Rasterizer_group_unit', net 'rasterizer_units[0].rasterizer_inst/skip_unit_stage1/not_used_alpha1[1][10]' driven by pin 'rasterizer_units[0].rasterizer_inst/skip_unit_stage1/inputs_dimension[1].alpha_comp_inst_i/z1_10' has no loads. (LINT-2)
Warning: In design 'Rasterizer_group_unit', net 'rasterizer_units[0].rasterizer_inst/skip_unit_stage1/not_used_alpha1[1][11]' driven by pin 'rasterizer_units[0].rasterizer_inst/skip_unit_stage1/inputs_dimension[1].alpha_comp_inst_i/z1_11' has no loads. (LINT-2)
Warning: In design 'Rasterizer_group_unit', net 'rasterizer_units[0].rasterizer_inst/skip_unit_stage1/not_used_alpha1[1][12]' driven by pin 'rasterizer_units[0].rasterizer_inst/skip_unit_stage1/inputs_dimension[1].alpha_comp_inst_i/z1_12' has no loads. (LINT-2)
Warning: In design 'Rasterizer_group_unit', net 'rasterizer_units[0].rasterizer_inst/skip_unit_stage1/not_used_alpha1[1][13]' driven by pin 'rasterizer_units[0].rasterizer_inst/skip_unit_stage1/inputs_dimension[1].alpha_comp_inst_i/z1_13' has no loads. (LINT-2)
Warning: In design 'Rasterizer_group_unit', net 'rasterizer_units[0].rasterizer_inst/skip_unit_stage1/not_used_alpha1[1][14]' driven by pin 'rasterizer_units[0].rasterizer_inst/skip_unit_stage1/inputs_dimension[1].alpha_comp_inst_i/z1_14' has no loads. (LINT-2)
Warning: In design 'Rasterizer_group_unit', net 'rasterizer_units[0].rasterizer_inst/skip_unit_stage1/not_used_alpha1[1][15]' driven by pin 'rasterizer_units[0].rasterizer_inst/skip_unit_stage1/inputs_dimension[1].alpha_comp_inst_i/z1_15' has no loads. (LINT-2)
Warning: In design 'Rasterizer_group_unit', net 'rasterizer_units[0].rasterizer_inst/skip_unit_stage1/not_used_alpha1[2][0]' driven by pin 'rasterizer_units[0].rasterizer_inst/skip_unit_stage1/inputs_dimension[2].alpha_comp_inst_i/z1_0' has no loads. (LINT-2)
Warning: In design 'Rasterizer_group_unit', net 'rasterizer_units[0].rasterizer_inst/skip_unit_stage1/not_used_alpha1[2][1]' driven by pin 'rasterizer_units[0].rasterizer_inst/skip_unit_stage1/inputs_dimension[2].alpha_comp_inst_i/z1_1' has no loads. (LINT-2)
Warning: In design 'Rasterizer_group_unit', net 'rasterizer_units[0].rasterizer_inst/skip_unit_stage1/not_used_alpha1[2][2]' driven by pin 'rasterizer_units[0].rasterizer_inst/skip_unit_stage1/inputs_dimension[2].alpha_comp_inst_i/z1_2' has no loads. (LINT-2)
Warning: In design 'Rasterizer_group_unit', net 'rasterizer_units[0].rasterizer_inst/skip_unit_stage1/not_used_alpha1[2][3]' driven by pin 'rasterizer_units[0].rasterizer_inst/skip_unit_stage1/inputs_dimension[2].alpha_comp_inst_i/z1_3' has no loads. (LINT-2)
Warning: In design 'Rasterizer_group_unit', net 'rasterizer_units[0].rasterizer_inst/skip_unit_stage1/not_used_alpha1[2][4]' driven by pin 'rasterizer_units[0].rasterizer_inst/skip_unit_stage1/inputs_dimension[2].alpha_comp_inst_i/z1_4' has no loads. (LINT-2)
Warning: In design 'Rasterizer_group_unit', net 'rasterizer_units[0].rasterizer_inst/skip_unit_stage1/not_used_alpha1[2][5]' driven by pin 'rasterizer_units[0].rasterizer_inst/skip_unit_stage1/inputs_dimension[2].alpha_comp_inst_i/z1_5' has no loads. (LINT-2)
Warning: In design 'Rasterizer_group_unit', net 'rasterizer_units[0].rasterizer_inst/skip_unit_stage1/not_used_alpha1[2][6]' driven by pin 'rasterizer_units[0].rasterizer_inst/skip_unit_stage1/inputs_dimension[2].alpha_comp_inst_i/z1_6' has no loads. (LINT-2)
Warning: In design 'Rasterizer_group_unit', net 'rasterizer_units[0].rasterizer_inst/skip_unit_stage1/not_used_alpha1[2][7]' driven by pin 'rasterizer_units[0].rasterizer_inst/skip_unit_stage1/inputs_dimension[2].alpha_comp_inst_i/z1_7' has no loads. (LINT-2)
Warning: In design 'Rasterizer_group_unit', net 'rasterizer_units[0].rasterizer_inst/skip_unit_stage1/not_used_alpha1[2][8]' driven by pin 'rasterizer_units[0].rasterizer_inst/skip_unit_stage1/inputs_dimension[2].alpha_comp_inst_i/z1_8' has no loads. (LINT-2)
Warning: In design 'Rasterizer_group_unit', net 'rasterizer_units[0].rasterizer_inst/skip_unit_stage1/not_used_alpha1[2][9]' driven by pin 'rasterizer_units[0].rasterizer_inst/skip_unit_stage1/inputs_dimension[2].alpha_comp_inst_i/z1_9' has no loads. (LINT-2)
Warning: In design 'Rasterizer_group_unit', net 'rasterizer_units[0].rasterizer_inst/skip_unit_stage1/not_used_alpha1[2][10]' driven by pin 'rasterizer_units[0].rasterizer_inst/skip_unit_stage1/inputs_dimension[2].alpha_comp_inst_i/z1_10' has no loads. (LINT-2)
Warning: In design 'Rasterizer_group_unit', net 'rasterizer_units[0].rasterizer_inst/skip_unit_stage1/not_used_alpha1[2][11]' driven by pin 'rasterizer_units[0].rasterizer_inst/skip_unit_stage1/inputs_dimension[2].alpha_comp_inst_i/z1_11' has no loads. (LINT-2)
Warning: In design 'Rasterizer_group_unit', net 'rasterizer_units[0].rasterizer_inst/skip_unit_stage1/not_used_alpha1[2][12]' driven by pin 'rasterizer_units[0].rasterizer_inst/skip_unit_stage1/inputs_dimension[2].alpha_comp_inst_i/z1_12' has no loads. (LINT-2)
Warning: In design 'Rasterizer_group_unit', net 'rasterizer_units[0].rasterizer_inst/skip_unit_stage1/not_used_alpha1[2][13]' driven by pin 'rasterizer_units[0].rasterizer_inst/skip_unit_stage1/inputs_dimension[2].alpha_comp_inst_i/z1_13' has no loads. (LINT-2)
Warning: In design 'Rasterizer_group_unit', net 'rasterizer_units[0].rasterizer_inst/skip_unit_stage1/not_used_alpha1[2][14]' driven by pin 'rasterizer_units[0].rasterizer_inst/skip_unit_stage1/inputs_dimension[2].alpha_comp_inst_i/z1_14' has no loads. (LINT-2)
Warning: In design 'Rasterizer_group_unit', net 'rasterizer_units[0].rasterizer_inst/skip_unit_stage1/not_used_alpha1[2][15]' driven by pin 'rasterizer_units[0].rasterizer_inst/skip_unit_stage1/inputs_dimension[2].alpha_comp_inst_i/z1_15' has no loads. (LINT-2)
Warning: In design 'Rasterizer_group_unit', net 'rasterizer_units[0].rasterizer_inst/skip_unit_stage1/not_used_alpha1[3][0]' driven by pin 'rasterizer_units[0].rasterizer_inst/skip_unit_stage1/inputs_dimension[3].alpha_comp_inst_i/z1_0' has no loads. (LINT-2)
Warning: In design 'Rasterizer_group_unit', net 'rasterizer_units[0].rasterizer_inst/skip_unit_stage1/not_used_alpha1[3][1]' driven by pin 'rasterizer_units[0].rasterizer_inst/skip_unit_stage1/inputs_dimension[3].alpha_comp_inst_i/z1_1' has no loads. (LINT-2)
Warning: In design 'Rasterizer_group_unit', net 'rasterizer_units[0].rasterizer_inst/skip_unit_stage1/not_used_alpha1[3][2]' driven by pin 'rasterizer_units[0].rasterizer_inst/skip_unit_stage1/inputs_dimension[3].alpha_comp_inst_i/z1_2' has no loads. (LINT-2)
Warning: In design 'Rasterizer_group_unit', net 'rasterizer_units[0].rasterizer_inst/skip_unit_stage1/not_used_alpha1[3][3]' driven by pin 'rasterizer_units[0].rasterizer_inst/skip_unit_stage1/inputs_dimension[3].alpha_comp_inst_i/z1_3' has no loads. (LINT-2)
Warning: In design 'Rasterizer_group_unit', net 'rasterizer_units[0].rasterizer_inst/skip_unit_stage1/not_used_alpha1[3][4]' driven by pin 'rasterizer_units[0].rasterizer_inst/skip_unit_stage1/inputs_dimension[3].alpha_comp_inst_i/z1_4' has no loads. (LINT-2)
Warning: In design 'Rasterizer_group_unit', net 'rasterizer_units[0].rasterizer_inst/skip_unit_stage1/not_used_alpha1[3][5]' driven by pin 'rasterizer_units[0].rasterizer_inst/skip_unit_stage1/inputs_dimension[3].alpha_comp_inst_i/z1_5' has no loads. (LINT-2)
Warning: In design 'Rasterizer_group_unit', net 'rasterizer_units[0].rasterizer_inst/skip_unit_stage1/not_used_alpha1[3][6]' driven by pin 'rasterizer_units[0].rasterizer_inst/skip_unit_stage1/inputs_dimension[3].alpha_comp_inst_i/z1_6' has no loads. (LINT-2)
Warning: In design 'Rasterizer_group_unit', net 'rasterizer_units[0].rasterizer_inst/skip_unit_stage1/not_used_alpha1[3][7]' driven by pin 'rasterizer_units[0].rasterizer_inst/skip_unit_stage1/inputs_dimension[3].alpha_comp_inst_i/z1_7' has no loads. (LINT-2)
Warning: In design 'Rasterizer_group_unit', net 'rasterizer_units[0].rasterizer_inst/skip_unit_stage1/not_used_alpha1[3][8]' driven by pin 'rasterizer_units[0].rasterizer_inst/skip_unit_stage1/inputs_dimension[3].alpha_comp_inst_i/z1_8' has no loads. (LINT-2)
Warning: In design 'Rasterizer_group_unit', net 'rasterizer_units[0].rasterizer_inst/skip_unit_stage1/not_used_alpha1[3][9]' driven by pin 'rasterizer_units[0].rasterizer_inst/skip_unit_stage1/inputs_dimension[3].alpha_comp_inst_i/z1_9' has no loads. (LINT-2)
Warning: In design 'Rasterizer_group_unit', net 'rasterizer_units[0].rasterizer_inst/skip_unit_stage1/not_used_alpha1[3][10]' driven by pin 'rasterizer_units[0].rasterizer_inst/skip_unit_stage1/inputs_dimension[3].alpha_comp_inst_i/z1_10' has no loads. (LINT-2)
Warning: In design 'Rasterizer_group_unit', net 'rasterizer_units[0].rasterizer_inst/skip_unit_stage1/not_used_alpha1[3][11]' driven by pin 'rasterizer_units[0].rasterizer_inst/skip_unit_stage1/inputs_dimension[3].alpha_comp_inst_i/z1_11' has no loads. (LINT-2)
Warning: In design 'Rasterizer_group_unit', net 'rasterizer_units[0].rasterizer_inst/skip_unit_stage1/not_used_alpha1[3][12]' driven by pin 'rasterizer_units[0].rasterizer_inst/skip_unit_stage1/inputs_dimension[3].alpha_comp_inst_i/z1_12' has no loads. (LINT-2)
Warning: In design 'Rasterizer_group_unit', net 'rasterizer_units[0].rasterizer_inst/skip_unit_stage1/not_used_alpha1[3][13]' driven by pin 'rasterizer_units[0].rasterizer_inst/skip_unit_stage1/inputs_dimension[3].alpha_comp_inst_i/z1_13' has no loads. (LINT-2)
Warning: In design 'Rasterizer_group_unit', net 'rasterizer_units[0].rasterizer_inst/skip_unit_stage1/not_used_alpha1[3][14]' driven by pin 'rasterizer_units[0].rasterizer_inst/skip_unit_stage1/inputs_dimension[3].alpha_comp_inst_i/z1_14' has no loads. (LINT-2)
Warning: In design 'Rasterizer_group_unit', net 'rasterizer_units[0].rasterizer_inst/skip_unit_stage1/not_used_alpha1[3][15]' driven by pin 'rasterizer_units[0].rasterizer_inst/skip_unit_stage1/inputs_dimension[3].alpha_comp_inst_i/z1_15' has no loads. (LINT-2)
Warning: In design 'Rasterizer_group_unit', net 'rasterizer_units[0].rasterizer_inst/skip_unit_stage1/unordered_inst1[0]' driven by pin 'rasterizer_units[0].rasterizer_inst/skip_unit_stage1/inputs_dimension[0].alpha_comp_inst_i/unordered' has no loads. (LINT-2)
Warning: In design 'Rasterizer_group_unit', net 'rasterizer_units[0].rasterizer_inst/skip_unit_stage1/unordered_inst1[1]' driven by pin 'rasterizer_units[0].rasterizer_inst/skip_unit_stage1/inputs_dimension[1].alpha_comp_inst_i/unordered' has no loads. (LINT-2)
Warning: In design 'Rasterizer_group_unit', net 'rasterizer_units[0].rasterizer_inst/skip_unit_stage1/unordered_inst1[2]' driven by pin 'rasterizer_units[0].rasterizer_inst/skip_unit_stage1/inputs_dimension[2].alpha_comp_inst_i/unordered' has no loads. (LINT-2)
Warning: In design 'Rasterizer_group_unit', net 'rasterizer_units[0].rasterizer_inst/skip_unit_stage1/unordered_inst1[3]' driven by pin 'rasterizer_units[0].rasterizer_inst/skip_unit_stage1/inputs_dimension[3].alpha_comp_inst_i/unordered' has no loads. (LINT-2)
Warning: In design 'Rasterizer_group_unit', net 'rasterizer_units[0].rasterizer_inst/skip_unit_stage1/agtb_inst1[0]' driven by pin 'rasterizer_units[0].rasterizer_inst/skip_unit_stage1/inputs_dimension[0].alpha_comp_inst_i/agtb' has no loads. (LINT-2)
Warning: In design 'Rasterizer_group_unit', net 'rasterizer_units[0].rasterizer_inst/skip_unit_stage1/agtb_inst1[1]' driven by pin 'rasterizer_units[0].rasterizer_inst/skip_unit_stage1/inputs_dimension[1].alpha_comp_inst_i/agtb' has no loads. (LINT-2)
Warning: In design 'Rasterizer_group_unit', net 'rasterizer_units[0].rasterizer_inst/skip_unit_stage1/agtb_inst1[2]' driven by pin 'rasterizer_units[0].rasterizer_inst/skip_unit_stage1/inputs_dimension[2].alpha_comp_inst_i/agtb' has no loads. (LINT-2)
Warning: In design 'Rasterizer_group_unit', net 'rasterizer_units[0].rasterizer_inst/skip_unit_stage1/agtb_inst1[3]' driven by pin 'rasterizer_units[0].rasterizer_inst/skip_unit_stage1/inputs_dimension[3].alpha_comp_inst_i/agtb' has no loads. (LINT-2)
Warning: In design 'Rasterizer_group_unit', net 'rasterizer_units[0].rasterizer_inst/skip_unit_stage1/altb_inst[0]' driven by pin 'rasterizer_units[0].rasterizer_inst/skip_unit_stage1/inputs_dimension[0].alpha_comp_inst_i/altb' has no loads. (LINT-2)
Warning: In design 'Rasterizer_group_unit', net 'rasterizer_units[0].rasterizer_inst/skip_unit_stage1/altb_inst[1]' driven by pin 'rasterizer_units[0].rasterizer_inst/skip_unit_stage1/inputs_dimension[1].alpha_comp_inst_i/altb' has no loads. (LINT-2)
Warning: In design 'Rasterizer_group_unit', net 'rasterizer_units[0].rasterizer_inst/skip_unit_stage1/altb_inst[2]' driven by pin 'rasterizer_units[0].rasterizer_inst/skip_unit_stage1/inputs_dimension[2].alpha_comp_inst_i/altb' has no loads. (LINT-2)
Warning: In design 'Rasterizer_group_unit', net 'rasterizer_units[0].rasterizer_inst/skip_unit_stage1/altb_inst[3]' driven by pin 'rasterizer_units[0].rasterizer_inst/skip_unit_stage1/inputs_dimension[3].alpha_comp_inst_i/altb' has no loads. (LINT-2)
Warning: In design 'Rasterizer_group_unit', net 'rasterizer_units[0].rasterizer_inst/skip_unit_stage1/aeqb_inst1[0]' driven by pin 'rasterizer_units[0].rasterizer_inst/skip_unit_stage1/inputs_dimension[0].alpha_comp_inst_i/aeqb' has no loads. (LINT-2)
Warning: In design 'Rasterizer_group_unit', net 'rasterizer_units[0].rasterizer_inst/skip_unit_stage1/aeqb_inst1[1]' driven by pin 'rasterizer_units[0].rasterizer_inst/skip_unit_stage1/inputs_dimension[1].alpha_comp_inst_i/aeqb' has no loads. (LINT-2)
Warning: In design 'Rasterizer_group_unit', net 'rasterizer_units[0].rasterizer_inst/skip_unit_stage1/aeqb_inst1[2]' driven by pin 'rasterizer_units[0].rasterizer_inst/skip_unit_stage1/inputs_dimension[2].alpha_comp_inst_i/aeqb' has no loads. (LINT-2)
Warning: In design 'Rasterizer_group_unit', net 'rasterizer_units[0].rasterizer_inst/skip_unit_stage1/aeqb_inst1[3]' driven by pin 'rasterizer_units[0].rasterizer_inst/skip_unit_stage1/inputs_dimension[3].alpha_comp_inst_i/aeqb' has no loads. (LINT-2)
Warning: In design 'Rasterizer_group_unit', net 'rasterizer_units[0].rasterizer_inst/skip_unit_stage1/status_flag_5[0][0]' driven by pin 'rasterizer_units[0].rasterizer_inst/skip_unit_stage1/inputs_dimension[0].early_skip_maker_inst_i/status1_0' has no loads. (LINT-2)
Warning: In design 'Rasterizer_group_unit', net 'rasterizer_units[0].rasterizer_inst/skip_unit_stage1/status_flag_5[0][1]' driven by pin 'rasterizer_units[0].rasterizer_inst/skip_unit_stage1/inputs_dimension[0].early_skip_maker_inst_i/status1_1' has no loads. (LINT-2)
Warning: In design 'Rasterizer_group_unit', net 'rasterizer_units[0].rasterizer_inst/skip_unit_stage1/status_flag_5[0][2]' driven by pin 'rasterizer_units[0].rasterizer_inst/skip_unit_stage1/inputs_dimension[0].early_skip_maker_inst_i/status1_2' has no loads. (LINT-2)
Warning: In design 'Rasterizer_group_unit', net 'rasterizer_units[0].rasterizer_inst/skip_unit_stage1/status_flag_5[0][3]' driven by pin 'rasterizer_units[0].rasterizer_inst/skip_unit_stage1/inputs_dimension[0].early_skip_maker_inst_i/status1_3' has no loads. (LINT-2)
Warning: In design 'Rasterizer_group_unit', net 'rasterizer_units[0].rasterizer_inst/skip_unit_stage1/status_flag_5[0][4]' driven by pin 'rasterizer_units[0].rasterizer_inst/skip_unit_stage1/inputs_dimension[0].early_skip_maker_inst_i/status1_4' has no loads. (LINT-2)
Warning: In design 'Rasterizer_group_unit', net 'rasterizer_units[0].rasterizer_inst/skip_unit_stage1/status_flag_5[0][5]' driven by pin 'rasterizer_units[0].rasterizer_inst/skip_unit_stage1/inputs_dimension[0].early_skip_maker_inst_i/status1_5' has no loads. (LINT-2)
Warning: In design 'Rasterizer_group_unit', net 'rasterizer_units[0].rasterizer_inst/skip_unit_stage1/status_flag_5[0][6]' driven by pin 'rasterizer_units[0].rasterizer_inst/skip_unit_stage1/inputs_dimension[0].early_skip_maker_inst_i/status1_6' has no loads. (LINT-2)
Warning: In design 'Rasterizer_group_unit', net 'rasterizer_units[0].rasterizer_inst/skip_unit_stage1/status_flag_5[0][7]' driven by pin 'rasterizer_units[0].rasterizer_inst/skip_unit_stage1/inputs_dimension[0].early_skip_maker_inst_i/status1_7' has no loads. (LINT-2)
Warning: In design 'Rasterizer_group_unit', net 'rasterizer_units[0].rasterizer_inst/skip_unit_stage1/status_flag_5[1][0]' driven by pin 'rasterizer_units[0].rasterizer_inst/skip_unit_stage1/inputs_dimension[1].early_skip_maker_inst_i/status1_0' has no loads. (LINT-2)
Warning: In design 'Rasterizer_group_unit', net 'rasterizer_units[0].rasterizer_inst/skip_unit_stage1/status_flag_5[1][1]' driven by pin 'rasterizer_units[0].rasterizer_inst/skip_unit_stage1/inputs_dimension[1].early_skip_maker_inst_i/status1_1' has no loads. (LINT-2)
Warning: In design 'Rasterizer_group_unit', net 'rasterizer_units[0].rasterizer_inst/skip_unit_stage1/status_flag_5[1][2]' driven by pin 'rasterizer_units[0].rasterizer_inst/skip_unit_stage1/inputs_dimension[1].early_skip_maker_inst_i/status1_2' has no loads. (LINT-2)
Warning: In design 'Rasterizer_group_unit', net 'rasterizer_units[0].rasterizer_inst/skip_unit_stage1/status_flag_5[1][3]' driven by pin 'rasterizer_units[0].rasterizer_inst/skip_unit_stage1/inputs_dimension[1].early_skip_maker_inst_i/status1_3' has no loads. (LINT-2)
Warning: In design 'Rasterizer_group_unit', net 'rasterizer_units[0].rasterizer_inst/skip_unit_stage1/status_flag_5[1][4]' driven by pin 'rasterizer_units[0].rasterizer_inst/skip_unit_stage1/inputs_dimension[1].early_skip_maker_inst_i/status1_4' has no loads. (LINT-2)
Warning: In design 'Rasterizer_group_unit', net 'rasterizer_units[0].rasterizer_inst/skip_unit_stage1/status_flag_5[1][5]' driven by pin 'rasterizer_units[0].rasterizer_inst/skip_unit_stage1/inputs_dimension[1].early_skip_maker_inst_i/status1_5' has no loads. (LINT-2)
Warning: In design 'Rasterizer_group_unit', net 'rasterizer_units[0].rasterizer_inst/skip_unit_stage1/status_flag_5[1][6]' driven by pin 'rasterizer_units[0].rasterizer_inst/skip_unit_stage1/inputs_dimension[1].early_skip_maker_inst_i/status1_6' has no loads. (LINT-2)
Warning: In design 'Rasterizer_group_unit', net 'rasterizer_units[0].rasterizer_inst/skip_unit_stage1/status_flag_5[1][7]' driven by pin 'rasterizer_units[0].rasterizer_inst/skip_unit_stage1/inputs_dimension[1].early_skip_maker_inst_i/status1_7' has no loads. (LINT-2)
Warning: In design 'Rasterizer_group_unit', net 'rasterizer_units[0].rasterizer_inst/skip_unit_stage1/status_flag_5[2][0]' driven by pin 'rasterizer_units[0].rasterizer_inst/skip_unit_stage1/inputs_dimension[2].early_skip_maker_inst_i/status1_0' has no loads. (LINT-2)
Warning: In design 'Rasterizer_group_unit', net 'rasterizer_units[0].rasterizer_inst/skip_unit_stage1/status_flag_5[2][1]' driven by pin 'rasterizer_units[0].rasterizer_inst/skip_unit_stage1/inputs_dimension[2].early_skip_maker_inst_i/status1_1' has no loads. (LINT-2)
Warning: In design 'Rasterizer_group_unit', net 'rasterizer_units[0].rasterizer_inst/skip_unit_stage1/status_flag_5[2][2]' driven by pin 'rasterizer_units[0].rasterizer_inst/skip_unit_stage1/inputs_dimension[2].early_skip_maker_inst_i/status1_2' has no loads. (LINT-2)
Warning: In design 'Rasterizer_group_unit', net 'rasterizer_units[0].rasterizer_inst/skip_unit_stage1/status_flag_5[2][3]' driven by pin 'rasterizer_units[0].rasterizer_inst/skip_unit_stage1/inputs_dimension[2].early_skip_maker_inst_i/status1_3' has no loads. (LINT-2)
Warning: In design 'Rasterizer_group_unit', net 'rasterizer_units[0].rasterizer_inst/skip_unit_stage1/status_flag_5[2][4]' driven by pin 'rasterizer_units[0].rasterizer_inst/skip_unit_stage1/inputs_dimension[2].early_skip_maker_inst_i/status1_4' has no loads. (LINT-2)
Warning: In design 'Rasterizer_group_unit', net 'rasterizer_units[0].rasterizer_inst/skip_unit_stage1/status_flag_5[2][5]' driven by pin 'rasterizer_units[0].rasterizer_inst/skip_unit_stage1/inputs_dimension[2].early_skip_maker_inst_i/status1_5' has no loads. (LINT-2)
Warning: In design 'Rasterizer_group_unit', net 'rasterizer_units[0].rasterizer_inst/skip_unit_stage1/status_flag_5[2][6]' driven by pin 'rasterizer_units[0].rasterizer_inst/skip_unit_stage1/inputs_dimension[2].early_skip_maker_inst_i/status1_6' has no loads. (LINT-2)
Warning: In design 'Rasterizer_group_unit', net 'rasterizer_units[0].rasterizer_inst/skip_unit_stage1/status_flag_5[2][7]' driven by pin 'rasterizer_units[0].rasterizer_inst/skip_unit_stage1/inputs_dimension[2].early_skip_maker_inst_i/status1_7' has no loads. (LINT-2)
Warning: In design 'Rasterizer_group_unit', net 'rasterizer_units[0].rasterizer_inst/skip_unit_stage1/status_flag_5[3][0]' driven by pin 'rasterizer_units[0].rasterizer_inst/skip_unit_stage1/inputs_dimension[3].early_skip_maker_inst_i/status1_0' has no loads. (LINT-2)
Warning: In design 'Rasterizer_group_unit', net 'rasterizer_units[0].rasterizer_inst/skip_unit_stage1/status_flag_5[3][1]' driven by pin 'rasterizer_units[0].rasterizer_inst/skip_unit_stage1/inputs_dimension[3].early_skip_maker_inst_i/status1_1' has no loads. (LINT-2)
Warning: In design 'Rasterizer_group_unit', net 'rasterizer_units[0].rasterizer_inst/skip_unit_stage1/status_flag_5[3][2]' driven by pin 'rasterizer_units[0].rasterizer_inst/skip_unit_stage1/inputs_dimension[3].early_skip_maker_inst_i/status1_2' has no loads. (LINT-2)
Warning: In design 'Rasterizer_group_unit', net 'rasterizer_units[0].rasterizer_inst/skip_unit_stage1/status_flag_5[3][3]' driven by pin 'rasterizer_units[0].rasterizer_inst/skip_unit_stage1/inputs_dimension[3].early_skip_maker_inst_i/status1_3' has no loads. (LINT-2)
Warning: In design 'Rasterizer_group_unit', net 'rasterizer_units[0].rasterizer_inst/skip_unit_stage1/status_flag_5[3][4]' driven by pin 'rasterizer_units[0].rasterizer_inst/skip_unit_stage1/inputs_dimension[3].early_skip_maker_inst_i/status1_4' has no loads. (LINT-2)
Warning: In design 'Rasterizer_group_unit', net 'rasterizer_units[0].rasterizer_inst/skip_unit_stage1/status_flag_5[3][5]' driven by pin 'rasterizer_units[0].rasterizer_inst/skip_unit_stage1/inputs_dimension[3].early_skip_maker_inst_i/status1_5' has no loads. (LINT-2)
Warning: In design 'Rasterizer_group_unit', net 'rasterizer_units[0].rasterizer_inst/skip_unit_stage1/status_flag_5[3][6]' driven by pin 'rasterizer_units[0].rasterizer_inst/skip_unit_stage1/inputs_dimension[3].early_skip_maker_inst_i/status1_6' has no loads. (LINT-2)
Warning: In design 'Rasterizer_group_unit', net 'rasterizer_units[0].rasterizer_inst/skip_unit_stage1/status_flag_5[3][7]' driven by pin 'rasterizer_units[0].rasterizer_inst/skip_unit_stage1/inputs_dimension[3].early_skip_maker_inst_i/status1_7' has no loads. (LINT-2)
Warning: In design 'Rasterizer_group_unit', net 'rasterizer_units[0].rasterizer_inst/skip_unit_stage1/status_flag_4[0][0]' driven by pin 'rasterizer_units[0].rasterizer_inst/skip_unit_stage1/inputs_dimension[0].early_skip_maker_inst_i/status0_0' has no loads. (LINT-2)
Warning: In design 'Rasterizer_group_unit', net 'rasterizer_units[0].rasterizer_inst/skip_unit_stage1/status_flag_4[0][1]' driven by pin 'rasterizer_units[0].rasterizer_inst/skip_unit_stage1/inputs_dimension[0].early_skip_maker_inst_i/status0_1' has no loads. (LINT-2)
Warning: In design 'Rasterizer_group_unit', net 'rasterizer_units[0].rasterizer_inst/skip_unit_stage1/status_flag_4[0][2]' driven by pin 'rasterizer_units[0].rasterizer_inst/skip_unit_stage1/inputs_dimension[0].early_skip_maker_inst_i/status0_2' has no loads. (LINT-2)
Warning: In design 'Rasterizer_group_unit', net 'rasterizer_units[0].rasterizer_inst/skip_unit_stage1/status_flag_4[0][3]' driven by pin 'rasterizer_units[0].rasterizer_inst/skip_unit_stage1/inputs_dimension[0].early_skip_maker_inst_i/status0_3' has no loads. (LINT-2)
Warning: In design 'Rasterizer_group_unit', net 'rasterizer_units[0].rasterizer_inst/skip_unit_stage1/status_flag_4[0][4]' driven by pin 'rasterizer_units[0].rasterizer_inst/skip_unit_stage1/inputs_dimension[0].early_skip_maker_inst_i/status0_4' has no loads. (LINT-2)
Warning: In design 'Rasterizer_group_unit', net 'rasterizer_units[0].rasterizer_inst/skip_unit_stage1/status_flag_4[0][5]' driven by pin 'rasterizer_units[0].rasterizer_inst/skip_unit_stage1/inputs_dimension[0].early_skip_maker_inst_i/status0_5' has no loads. (LINT-2)
Warning: In design 'Rasterizer_group_unit', net 'rasterizer_units[0].rasterizer_inst/skip_unit_stage1/status_flag_4[0][6]' driven by pin 'rasterizer_units[0].rasterizer_inst/skip_unit_stage1/inputs_dimension[0].early_skip_maker_inst_i/status0_6' has no loads. (LINT-2)
Warning: In design 'Rasterizer_group_unit', net 'rasterizer_units[0].rasterizer_inst/skip_unit_stage1/status_flag_4[0][7]' driven by pin 'rasterizer_units[0].rasterizer_inst/skip_unit_stage1/inputs_dimension[0].early_skip_maker_inst_i/status0_7' has no loads. (LINT-2)
Warning: In design 'Rasterizer_group_unit', net 'rasterizer_units[0].rasterizer_inst/skip_unit_stage1/status_flag_4[1][0]' driven by pin 'rasterizer_units[0].rasterizer_inst/skip_unit_stage1/inputs_dimension[1].early_skip_maker_inst_i/status0_0' has no loads. (LINT-2)
Warning: In design 'Rasterizer_group_unit', net 'rasterizer_units[0].rasterizer_inst/skip_unit_stage1/status_flag_4[1][1]' driven by pin 'rasterizer_units[0].rasterizer_inst/skip_unit_stage1/inputs_dimension[1].early_skip_maker_inst_i/status0_1' has no loads. (LINT-2)
Warning: In design 'Rasterizer_group_unit', net 'rasterizer_units[0].rasterizer_inst/skip_unit_stage1/status_flag_4[1][2]' driven by pin 'rasterizer_units[0].rasterizer_inst/skip_unit_stage1/inputs_dimension[1].early_skip_maker_inst_i/status0_2' has no loads. (LINT-2)
Warning: In design 'Rasterizer_group_unit', net 'rasterizer_units[0].rasterizer_inst/skip_unit_stage1/status_flag_4[1][3]' driven by pin 'rasterizer_units[0].rasterizer_inst/skip_unit_stage1/inputs_dimension[1].early_skip_maker_inst_i/status0_3' has no loads. (LINT-2)
Warning: In design 'Rasterizer_group_unit', net 'rasterizer_units[0].rasterizer_inst/skip_unit_stage1/status_flag_4[1][4]' driven by pin 'rasterizer_units[0].rasterizer_inst/skip_unit_stage1/inputs_dimension[1].early_skip_maker_inst_i/status0_4' has no loads. (LINT-2)
Warning: In design 'Rasterizer_group_unit', net 'rasterizer_units[0].rasterizer_inst/skip_unit_stage1/status_flag_4[1][5]' driven by pin 'rasterizer_units[0].rasterizer_inst/skip_unit_stage1/inputs_dimension[1].early_skip_maker_inst_i/status0_5' has no loads. (LINT-2)
Warning: In design 'Rasterizer_group_unit', net 'rasterizer_units[0].rasterizer_inst/skip_unit_stage1/status_flag_4[1][6]' driven by pin 'rasterizer_units[0].rasterizer_inst/skip_unit_stage1/inputs_dimension[1].early_skip_maker_inst_i/status0_6' has no loads. (LINT-2)
Warning: In design 'Rasterizer_group_unit', net 'rasterizer_units[0].rasterizer_inst/skip_unit_stage1/status_flag_4[1][7]' driven by pin 'rasterizer_units[0].rasterizer_inst/skip_unit_stage1/inputs_dimension[1].early_skip_maker_inst_i/status0_7' has no loads. (LINT-2)
Warning: In design 'Rasterizer_group_unit', net 'rasterizer_units[0].rasterizer_inst/skip_unit_stage1/status_flag_4[2][0]' driven by pin 'rasterizer_units[0].rasterizer_inst/skip_unit_stage1/inputs_dimension[2].early_skip_maker_inst_i/status0_0' has no loads. (LINT-2)
Warning: In design 'Rasterizer_group_unit', net 'rasterizer_units[0].rasterizer_inst/skip_unit_stage1/status_flag_4[2][1]' driven by pin 'rasterizer_units[0].rasterizer_inst/skip_unit_stage1/inputs_dimension[2].early_skip_maker_inst_i/status0_1' has no loads. (LINT-2)
Warning: In design 'Rasterizer_group_unit', net 'rasterizer_units[0].rasterizer_inst/skip_unit_stage1/status_flag_4[2][2]' driven by pin 'rasterizer_units[0].rasterizer_inst/skip_unit_stage1/inputs_dimension[2].early_skip_maker_inst_i/status0_2' has no loads. (LINT-2)
Warning: In design 'Rasterizer_group_unit', net 'rasterizer_units[0].rasterizer_inst/skip_unit_stage1/status_flag_4[2][3]' driven by pin 'rasterizer_units[0].rasterizer_inst/skip_unit_stage1/inputs_dimension[2].early_skip_maker_inst_i/status0_3' has no loads. (LINT-2)
Warning: In design 'Rasterizer_group_unit', net 'rasterizer_units[0].rasterizer_inst/skip_unit_stage1/status_flag_4[2][4]' driven by pin 'rasterizer_units[0].rasterizer_inst/skip_unit_stage1/inputs_dimension[2].early_skip_maker_inst_i/status0_4' has no loads. (LINT-2)
Warning: In design 'Rasterizer_group_unit', net 'rasterizer_units[0].rasterizer_inst/skip_unit_stage1/status_flag_4[2][5]' driven by pin 'rasterizer_units[0].rasterizer_inst/skip_unit_stage1/inputs_dimension[2].early_skip_maker_inst_i/status0_5' has no loads. (LINT-2)
Warning: In design 'Rasterizer_group_unit', net 'rasterizer_units[0].rasterizer_inst/skip_unit_stage1/status_flag_4[2][6]' driven by pin 'rasterizer_units[0].rasterizer_inst/skip_unit_stage1/inputs_dimension[2].early_skip_maker_inst_i/status0_6' has no loads. (LINT-2)
Warning: In design 'Rasterizer_group_unit', net 'rasterizer_units[0].rasterizer_inst/skip_unit_stage1/status_flag_4[2][7]' driven by pin 'rasterizer_units[0].rasterizer_inst/skip_unit_stage1/inputs_dimension[2].early_skip_maker_inst_i/status0_7' has no loads. (LINT-2)
Warning: In design 'Rasterizer_group_unit', net 'rasterizer_units[0].rasterizer_inst/skip_unit_stage1/status_flag_4[3][0]' driven by pin 'rasterizer_units[0].rasterizer_inst/skip_unit_stage1/inputs_dimension[3].early_skip_maker_inst_i/status0_0' has no loads. (LINT-2)
Warning: In design 'Rasterizer_group_unit', net 'rasterizer_units[0].rasterizer_inst/skip_unit_stage1/status_flag_4[3][1]' driven by pin 'rasterizer_units[0].rasterizer_inst/skip_unit_stage1/inputs_dimension[3].early_skip_maker_inst_i/status0_1' has no loads. (LINT-2)
Warning: In design 'Rasterizer_group_unit', net 'rasterizer_units[0].rasterizer_inst/skip_unit_stage1/status_flag_4[3][2]' driven by pin 'rasterizer_units[0].rasterizer_inst/skip_unit_stage1/inputs_dimension[3].early_skip_maker_inst_i/status0_2' has no loads. (LINT-2)
Warning: In design 'Rasterizer_group_unit', net 'rasterizer_units[0].rasterizer_inst/skip_unit_stage1/status_flag_4[3][3]' driven by pin 'rasterizer_units[0].rasterizer_inst/skip_unit_stage1/inputs_dimension[3].early_skip_maker_inst_i/status0_3' has no loads. (LINT-2)
Warning: In design 'Rasterizer_group_unit', net 'rasterizer_units[0].rasterizer_inst/skip_unit_stage1/status_flag_4[3][4]' driven by pin 'rasterizer_units[0].rasterizer_inst/skip_unit_stage1/inputs_dimension[3].early_skip_maker_inst_i/status0_4' has no loads. (LINT-2)
Warning: In design 'Rasterizer_group_unit', net 'rasterizer_units[0].rasterizer_inst/skip_unit_stage1/status_flag_4[3][5]' driven by pin 'rasterizer_units[0].rasterizer_inst/skip_unit_stage1/inputs_dimension[3].early_skip_maker_inst_i/status0_5' has no loads. (LINT-2)
Warning: In design 'Rasterizer_group_unit', net 'rasterizer_units[0].rasterizer_inst/skip_unit_stage1/status_flag_4[3][6]' driven by pin 'rasterizer_units[0].rasterizer_inst/skip_unit_stage1/inputs_dimension[3].early_skip_maker_inst_i/status0_6' has no loads. (LINT-2)
Warning: In design 'Rasterizer_group_unit', net 'rasterizer_units[0].rasterizer_inst/skip_unit_stage1/status_flag_4[3][7]' driven by pin 'rasterizer_units[0].rasterizer_inst/skip_unit_stage1/inputs_dimension[3].early_skip_maker_inst_i/status0_7' has no loads. (LINT-2)
Warning: In design 'Rasterizer_group_unit', net 'rasterizer_units[0].rasterizer_inst/skip_unit_stage1/not_used_power2[0][0]' driven by pin 'rasterizer_units[0].rasterizer_inst/skip_unit_stage1/inputs_dimension[0].early_skip_maker_inst_i/z1_0' has no loads. (LINT-2)
Warning: In design 'Rasterizer_group_unit', net 'rasterizer_units[0].rasterizer_inst/skip_unit_stage1/not_used_power2[0][1]' driven by pin 'rasterizer_units[0].rasterizer_inst/skip_unit_stage1/inputs_dimension[0].early_skip_maker_inst_i/z1_1' has no loads. (LINT-2)
Warning: In design 'Rasterizer_group_unit', net 'rasterizer_units[0].rasterizer_inst/skip_unit_stage1/not_used_power2[0][2]' driven by pin 'rasterizer_units[0].rasterizer_inst/skip_unit_stage1/inputs_dimension[0].early_skip_maker_inst_i/z1_2' has no loads. (LINT-2)
Warning: In design 'Rasterizer_group_unit', net 'rasterizer_units[0].rasterizer_inst/skip_unit_stage1/not_used_power2[0][3]' driven by pin 'rasterizer_units[0].rasterizer_inst/skip_unit_stage1/inputs_dimension[0].early_skip_maker_inst_i/z1_3' has no loads. (LINT-2)
Warning: In design 'Rasterizer_group_unit', net 'rasterizer_units[0].rasterizer_inst/skip_unit_stage1/not_used_power2[0][4]' driven by pin 'rasterizer_units[0].rasterizer_inst/skip_unit_stage1/inputs_dimension[0].early_skip_maker_inst_i/z1_4' has no loads. (LINT-2)
Warning: In design 'Rasterizer_group_unit', net 'rasterizer_units[0].rasterizer_inst/skip_unit_stage1/not_used_power2[0][5]' driven by pin 'rasterizer_units[0].rasterizer_inst/skip_unit_stage1/inputs_dimension[0].early_skip_maker_inst_i/z1_5' has no loads. (LINT-2)
Warning: In design 'Rasterizer_group_unit', net 'rasterizer_units[0].rasterizer_inst/skip_unit_stage1/not_used_power2[0][6]' driven by pin 'rasterizer_units[0].rasterizer_inst/skip_unit_stage1/inputs_dimension[0].early_skip_maker_inst_i/z1_6' has no loads. (LINT-2)
Warning: In design 'Rasterizer_group_unit', net 'rasterizer_units[0].rasterizer_inst/skip_unit_stage1/not_used_power2[0][7]' driven by pin 'rasterizer_units[0].rasterizer_inst/skip_unit_stage1/inputs_dimension[0].early_skip_maker_inst_i/z1_7' has no loads. (LINT-2)
Warning: In design 'Rasterizer_group_unit', net 'rasterizer_units[0].rasterizer_inst/skip_unit_stage1/not_used_power2[0][8]' driven by pin 'rasterizer_units[0].rasterizer_inst/skip_unit_stage1/inputs_dimension[0].early_skip_maker_inst_i/z1_8' has no loads. (LINT-2)
Warning: In design 'Rasterizer_group_unit', net 'rasterizer_units[0].rasterizer_inst/skip_unit_stage1/not_used_power2[0][9]' driven by pin 'rasterizer_units[0].rasterizer_inst/skip_unit_stage1/inputs_dimension[0].early_skip_maker_inst_i/z1_9' has no loads. (LINT-2)
Warning: In design 'Rasterizer_group_unit', net 'rasterizer_units[0].rasterizer_inst/skip_unit_stage1/not_used_power2[0][10]' driven by pin 'rasterizer_units[0].rasterizer_inst/skip_unit_stage1/inputs_dimension[0].early_skip_maker_inst_i/z1_10' has no loads. (LINT-2)
Warning: In design 'Rasterizer_group_unit', net 'rasterizer_units[0].rasterizer_inst/skip_unit_stage1/not_used_power2[0][11]' driven by pin 'rasterizer_units[0].rasterizer_inst/skip_unit_stage1/inputs_dimension[0].early_skip_maker_inst_i/z1_11' has no loads. (LINT-2)
Warning: In design 'Rasterizer_group_unit', net 'rasterizer_units[0].rasterizer_inst/skip_unit_stage1/not_used_power2[0][12]' driven by pin 'rasterizer_units[0].rasterizer_inst/skip_unit_stage1/inputs_dimension[0].early_skip_maker_inst_i/z1_12' has no loads. (LINT-2)
Warning: In design 'Rasterizer_group_unit', net 'rasterizer_units[0].rasterizer_inst/skip_unit_stage1/not_used_power2[0][13]' driven by pin 'rasterizer_units[0].rasterizer_inst/skip_unit_stage1/inputs_dimension[0].early_skip_maker_inst_i/z1_13' has no loads. (LINT-2)
Warning: In design 'Rasterizer_group_unit', net 'rasterizer_units[0].rasterizer_inst/skip_unit_stage1/not_used_power2[0][14]' driven by pin 'rasterizer_units[0].rasterizer_inst/skip_unit_stage1/inputs_dimension[0].early_skip_maker_inst_i/z1_14' has no loads. (LINT-2)
Warning: In design 'Rasterizer_group_unit', net 'rasterizer_units[0].rasterizer_inst/skip_unit_stage1/not_used_power2[0][15]' driven by pin 'rasterizer_units[0].rasterizer_inst/skip_unit_stage1/inputs_dimension[0].early_skip_maker_inst_i/z1_15' has no loads. (LINT-2)
Warning: In design 'Rasterizer_group_unit', net 'rasterizer_units[0].rasterizer_inst/skip_unit_stage1/not_used_power2[1][0]' driven by pin 'rasterizer_units[0].rasterizer_inst/skip_unit_stage1/inputs_dimension[1].early_skip_maker_inst_i/z1_0' has no loads. (LINT-2)
Warning: In design 'Rasterizer_group_unit', net 'rasterizer_units[0].rasterizer_inst/skip_unit_stage1/not_used_power2[1][1]' driven by pin 'rasterizer_units[0].rasterizer_inst/skip_unit_stage1/inputs_dimension[1].early_skip_maker_inst_i/z1_1' has no loads. (LINT-2)
Warning: In design 'Rasterizer_group_unit', net 'rasterizer_units[0].rasterizer_inst/skip_unit_stage1/not_used_power2[1][2]' driven by pin 'rasterizer_units[0].rasterizer_inst/skip_unit_stage1/inputs_dimension[1].early_skip_maker_inst_i/z1_2' has no loads. (LINT-2)
Warning: In design 'Rasterizer_group_unit', net 'rasterizer_units[0].rasterizer_inst/skip_unit_stage1/not_used_power2[1][3]' driven by pin 'rasterizer_units[0].rasterizer_inst/skip_unit_stage1/inputs_dimension[1].early_skip_maker_inst_i/z1_3' has no loads. (LINT-2)
Warning: In design 'Rasterizer_group_unit', net 'rasterizer_units[0].rasterizer_inst/skip_unit_stage1/not_used_power2[1][4]' driven by pin 'rasterizer_units[0].rasterizer_inst/skip_unit_stage1/inputs_dimension[1].early_skip_maker_inst_i/z1_4' has no loads. (LINT-2)
Warning: In design 'Rasterizer_group_unit', net 'rasterizer_units[0].rasterizer_inst/skip_unit_stage1/not_used_power2[1][5]' driven by pin 'rasterizer_units[0].rasterizer_inst/skip_unit_stage1/inputs_dimension[1].early_skip_maker_inst_i/z1_5' has no loads. (LINT-2)
Warning: In design 'Rasterizer_group_unit', net 'rasterizer_units[0].rasterizer_inst/skip_unit_stage1/not_used_power2[1][6]' driven by pin 'rasterizer_units[0].rasterizer_inst/skip_unit_stage1/inputs_dimension[1].early_skip_maker_inst_i/z1_6' has no loads. (LINT-2)
Warning: In design 'Rasterizer_group_unit', net 'rasterizer_units[0].rasterizer_inst/skip_unit_stage1/not_used_power2[1][7]' driven by pin 'rasterizer_units[0].rasterizer_inst/skip_unit_stage1/inputs_dimension[1].early_skip_maker_inst_i/z1_7' has no loads. (LINT-2)
Warning: In design 'Rasterizer_group_unit', net 'rasterizer_units[0].rasterizer_inst/skip_unit_stage1/not_used_power2[1][8]' driven by pin 'rasterizer_units[0].rasterizer_inst/skip_unit_stage1/inputs_dimension[1].early_skip_maker_inst_i/z1_8' has no loads. (LINT-2)
Warning: In design 'Rasterizer_group_unit', net 'rasterizer_units[0].rasterizer_inst/skip_unit_stage1/not_used_power2[1][9]' driven by pin 'rasterizer_units[0].rasterizer_inst/skip_unit_stage1/inputs_dimension[1].early_skip_maker_inst_i/z1_9' has no loads. (LINT-2)
Warning: In design 'Rasterizer_group_unit', net 'rasterizer_units[0].rasterizer_inst/skip_unit_stage1/not_used_power2[1][10]' driven by pin 'rasterizer_units[0].rasterizer_inst/skip_unit_stage1/inputs_dimension[1].early_skip_maker_inst_i/z1_10' has no loads. (LINT-2)
Warning: In design 'Rasterizer_group_unit', net 'rasterizer_units[0].rasterizer_inst/skip_unit_stage1/not_used_power2[1][11]' driven by pin 'rasterizer_units[0].rasterizer_inst/skip_unit_stage1/inputs_dimension[1].early_skip_maker_inst_i/z1_11' has no loads. (LINT-2)
Warning: In design 'Rasterizer_group_unit', net 'rasterizer_units[0].rasterizer_inst/skip_unit_stage1/not_used_power2[1][12]' driven by pin 'rasterizer_units[0].rasterizer_inst/skip_unit_stage1/inputs_dimension[1].early_skip_maker_inst_i/z1_12' has no loads. (LINT-2)
Warning: In design 'Rasterizer_group_unit', net 'rasterizer_units[0].rasterizer_inst/skip_unit_stage1/not_used_power2[1][13]' driven by pin 'rasterizer_units[0].rasterizer_inst/skip_unit_stage1/inputs_dimension[1].early_skip_maker_inst_i/z1_13' has no loads. (LINT-2)
Warning: In design 'Rasterizer_group_unit', net 'rasterizer_units[0].rasterizer_inst/skip_unit_stage1/not_used_power2[1][14]' driven by pin 'rasterizer_units[0].rasterizer_inst/skip_unit_stage1/inputs_dimension[1].early_skip_maker_inst_i/z1_14' has no loads. (LINT-2)
Warning: In design 'Rasterizer_group_unit', net 'rasterizer_units[0].rasterizer_inst/skip_unit_stage1/not_used_power2[1][15]' driven by pin 'rasterizer_units[0].rasterizer_inst/skip_unit_stage1/inputs_dimension[1].early_skip_maker_inst_i/z1_15' has no loads. (LINT-2)
Warning: In design 'Rasterizer_group_unit', net 'rasterizer_units[0].rasterizer_inst/skip_unit_stage1/not_used_power2[2][0]' driven by pin 'rasterizer_units[0].rasterizer_inst/skip_unit_stage1/inputs_dimension[2].early_skip_maker_inst_i/z1_0' has no loads. (LINT-2)
Warning: In design 'Rasterizer_group_unit', net 'rasterizer_units[0].rasterizer_inst/skip_unit_stage1/not_used_power2[2][1]' driven by pin 'rasterizer_units[0].rasterizer_inst/skip_unit_stage1/inputs_dimension[2].early_skip_maker_inst_i/z1_1' has no loads. (LINT-2)
Warning: In design 'Rasterizer_group_unit', net 'rasterizer_units[0].rasterizer_inst/skip_unit_stage1/not_used_power2[2][2]' driven by pin 'rasterizer_units[0].rasterizer_inst/skip_unit_stage1/inputs_dimension[2].early_skip_maker_inst_i/z1_2' has no loads. (LINT-2)
Warning: In design 'Rasterizer_group_unit', net 'rasterizer_units[0].rasterizer_inst/skip_unit_stage1/not_used_power2[2][3]' driven by pin 'rasterizer_units[0].rasterizer_inst/skip_unit_stage1/inputs_dimension[2].early_skip_maker_inst_i/z1_3' has no loads. (LINT-2)
Warning: In design 'Rasterizer_group_unit', net 'rasterizer_units[0].rasterizer_inst/skip_unit_stage1/not_used_power2[2][4]' driven by pin 'rasterizer_units[0].rasterizer_inst/skip_unit_stage1/inputs_dimension[2].early_skip_maker_inst_i/z1_4' has no loads. (LINT-2)
Warning: In design 'Rasterizer_group_unit', net 'rasterizer_units[0].rasterizer_inst/skip_unit_stage1/not_used_power2[2][5]' driven by pin 'rasterizer_units[0].rasterizer_inst/skip_unit_stage1/inputs_dimension[2].early_skip_maker_inst_i/z1_5' has no loads. (LINT-2)
Warning: In design 'Rasterizer_group_unit', net 'rasterizer_units[0].rasterizer_inst/skip_unit_stage1/not_used_power2[2][6]' driven by pin 'rasterizer_units[0].rasterizer_inst/skip_unit_stage1/inputs_dimension[2].early_skip_maker_inst_i/z1_6' has no loads. (LINT-2)
Warning: In design 'Rasterizer_group_unit', net 'rasterizer_units[0].rasterizer_inst/skip_unit_stage1/not_used_power2[2][7]' driven by pin 'rasterizer_units[0].rasterizer_inst/skip_unit_stage1/inputs_dimension[2].early_skip_maker_inst_i/z1_7' has no loads. (LINT-2)
Warning: In design 'Rasterizer_group_unit', net 'rasterizer_units[0].rasterizer_inst/skip_unit_stage1/not_used_power2[2][8]' driven by pin 'rasterizer_units[0].rasterizer_inst/skip_unit_stage1/inputs_dimension[2].early_skip_maker_inst_i/z1_8' has no loads. (LINT-2)
Warning: In design 'Rasterizer_group_unit', net 'rasterizer_units[0].rasterizer_inst/skip_unit_stage1/not_used_power2[2][9]' driven by pin 'rasterizer_units[0].rasterizer_inst/skip_unit_stage1/inputs_dimension[2].early_skip_maker_inst_i/z1_9' has no loads. (LINT-2)
Warning: In design 'Rasterizer_group_unit', net 'rasterizer_units[0].rasterizer_inst/skip_unit_stage1/not_used_power2[2][10]' driven by pin 'rasterizer_units[0].rasterizer_inst/skip_unit_stage1/inputs_dimension[2].early_skip_maker_inst_i/z1_10' has no loads. (LINT-2)
Warning: In design 'Rasterizer_group_unit', net 'rasterizer_units[0].rasterizer_inst/skip_unit_stage1/not_used_power2[2][11]' driven by pin 'rasterizer_units[0].rasterizer_inst/skip_unit_stage1/inputs_dimension[2].early_skip_maker_inst_i/z1_11' has no loads. (LINT-2)
Warning: In design 'Rasterizer_group_unit', net 'rasterizer_units[0].rasterizer_inst/skip_unit_stage1/not_used_power2[2][12]' driven by pin 'rasterizer_units[0].rasterizer_inst/skip_unit_stage1/inputs_dimension[2].early_skip_maker_inst_i/z1_12' has no loads. (LINT-2)
Warning: In design 'Rasterizer_group_unit', net 'rasterizer_units[0].rasterizer_inst/skip_unit_stage1/not_used_power2[2][13]' driven by pin 'rasterizer_units[0].rasterizer_inst/skip_unit_stage1/inputs_dimension[2].early_skip_maker_inst_i/z1_13' has no loads. (LINT-2)
Warning: In design 'Rasterizer_group_unit', net 'rasterizer_units[0].rasterizer_inst/skip_unit_stage1/not_used_power2[2][14]' driven by pin 'rasterizer_units[0].rasterizer_inst/skip_unit_stage1/inputs_dimension[2].early_skip_maker_inst_i/z1_14' has no loads. (LINT-2)
Warning: In design 'Rasterizer_group_unit', net 'rasterizer_units[0].rasterizer_inst/skip_unit_stage1/not_used_power2[2][15]' driven by pin 'rasterizer_units[0].rasterizer_inst/skip_unit_stage1/inputs_dimension[2].early_skip_maker_inst_i/z1_15' has no loads. (LINT-2)
Warning: In design 'Rasterizer_group_unit', net 'rasterizer_units[0].rasterizer_inst/skip_unit_stage1/not_used_power2[3][0]' driven by pin 'rasterizer_units[0].rasterizer_inst/skip_unit_stage1/inputs_dimension[3].early_skip_maker_inst_i/z1_0' has no loads. (LINT-2)
Warning: In design 'Rasterizer_group_unit', net 'rasterizer_units[0].rasterizer_inst/skip_unit_stage1/not_used_power2[3][1]' driven by pin 'rasterizer_units[0].rasterizer_inst/skip_unit_stage1/inputs_dimension[3].early_skip_maker_inst_i/z1_1' has no loads. (LINT-2)
Warning: In design 'Rasterizer_group_unit', net 'rasterizer_units[0].rasterizer_inst/skip_unit_stage1/not_used_power2[3][2]' driven by pin 'rasterizer_units[0].rasterizer_inst/skip_unit_stage1/inputs_dimension[3].early_skip_maker_inst_i/z1_2' has no loads. (LINT-2)
Warning: In design 'Rasterizer_group_unit', net 'rasterizer_units[0].rasterizer_inst/skip_unit_stage1/not_used_power2[3][3]' driven by pin 'rasterizer_units[0].rasterizer_inst/skip_unit_stage1/inputs_dimension[3].early_skip_maker_inst_i/z1_3' has no loads. (LINT-2)
Warning: In design 'Rasterizer_group_unit', net 'rasterizer_units[0].rasterizer_inst/skip_unit_stage1/not_used_power2[3][4]' driven by pin 'rasterizer_units[0].rasterizer_inst/skip_unit_stage1/inputs_dimension[3].early_skip_maker_inst_i/z1_4' has no loads. (LINT-2)
Warning: In design 'Rasterizer_group_unit', net 'rasterizer_units[0].rasterizer_inst/skip_unit_stage1/not_used_power2[3][5]' driven by pin 'rasterizer_units[0].rasterizer_inst/skip_unit_stage1/inputs_dimension[3].early_skip_maker_inst_i/z1_5' has no loads. (LINT-2)
Warning: In design 'Rasterizer_group_unit', net 'rasterizer_units[0].rasterizer_inst/skip_unit_stage1/not_used_power2[3][6]' driven by pin 'rasterizer_units[0].rasterizer_inst/skip_unit_stage1/inputs_dimension[3].early_skip_maker_inst_i/z1_6' has no loads. (LINT-2)
Warning: In design 'Rasterizer_group_unit', net 'rasterizer_units[0].rasterizer_inst/skip_unit_stage1/not_used_power2[3][7]' driven by pin 'rasterizer_units[0].rasterizer_inst/skip_unit_stage1/inputs_dimension[3].early_skip_maker_inst_i/z1_7' has no loads. (LINT-2)
Warning: In design 'Rasterizer_group_unit', net 'rasterizer_units[0].rasterizer_inst/skip_unit_stage1/not_used_power2[3][8]' driven by pin 'rasterizer_units[0].rasterizer_inst/skip_unit_stage1/inputs_dimension[3].early_skip_maker_inst_i/z1_8' has no loads. (LINT-2)
Warning: In design 'Rasterizer_group_unit', net 'rasterizer_units[0].rasterizer_inst/skip_unit_stage1/not_used_power2[3][9]' driven by pin 'rasterizer_units[0].rasterizer_inst/skip_unit_stage1/inputs_dimension[3].early_skip_maker_inst_i/z1_9' has no loads. (LINT-2)
Warning: In design 'Rasterizer_group_unit', net 'rasterizer_units[0].rasterizer_inst/skip_unit_stage1/not_used_power2[3][10]' driven by pin 'rasterizer_units[0].rasterizer_inst/skip_unit_stage1/inputs_dimension[3].early_skip_maker_inst_i/z1_10' has no loads. (LINT-2)
Warning: In design 'Rasterizer_group_unit', net 'rasterizer_units[0].rasterizer_inst/skip_unit_stage1/not_used_power2[3][11]' driven by pin 'rasterizer_units[0].rasterizer_inst/skip_unit_stage1/inputs_dimension[3].early_skip_maker_inst_i/z1_11' has no loads. (LINT-2)
Warning: In design 'Rasterizer_group_unit', net 'rasterizer_units[0].rasterizer_inst/skip_unit_stage1/not_used_power2[3][12]' driven by pin 'rasterizer_units[0].rasterizer_inst/skip_unit_stage1/inputs_dimension[3].early_skip_maker_inst_i/z1_12' has no loads. (LINT-2)
Warning: In design 'Rasterizer_group_unit', net 'rasterizer_units[0].rasterizer_inst/skip_unit_stage1/not_used_power2[3][13]' driven by pin 'rasterizer_units[0].rasterizer_inst/skip_unit_stage1/inputs_dimension[3].early_skip_maker_inst_i/z1_13' has no loads. (LINT-2)
Warning: In design 'Rasterizer_group_unit', net 'rasterizer_units[0].rasterizer_inst/skip_unit_stage1/not_used_power2[3][14]' driven by pin 'rasterizer_units[0].rasterizer_inst/skip_unit_stage1/inputs_dimension[3].early_skip_maker_inst_i/z1_14' has no loads. (LINT-2)
Warning: In design 'Rasterizer_group_unit', net 'rasterizer_units[0].rasterizer_inst/skip_unit_stage1/not_used_power2[3][15]' driven by pin 'rasterizer_units[0].rasterizer_inst/skip_unit_stage1/inputs_dimension[3].early_skip_maker_inst_i/z1_15' has no loads. (LINT-2)
Warning: In design 'Rasterizer_group_unit', net 'rasterizer_units[0].rasterizer_inst/skip_unit_stage1/not_used_power1[0][0]' driven by pin 'rasterizer_units[0].rasterizer_inst/skip_unit_stage1/inputs_dimension[0].early_skip_maker_inst_i/z0_0' has no loads. (LINT-2)
Warning: In design 'Rasterizer_group_unit', net 'rasterizer_units[0].rasterizer_inst/skip_unit_stage1/not_used_power1[0][1]' driven by pin 'rasterizer_units[0].rasterizer_inst/skip_unit_stage1/inputs_dimension[0].early_skip_maker_inst_i/z0_1' has no loads. (LINT-2)
Warning: In design 'Rasterizer_group_unit', net 'rasterizer_units[0].rasterizer_inst/skip_unit_stage1/not_used_power1[0][2]' driven by pin 'rasterizer_units[0].rasterizer_inst/skip_unit_stage1/inputs_dimension[0].early_skip_maker_inst_i/z0_2' has no loads. (LINT-2)
Warning: In design 'Rasterizer_group_unit', net 'rasterizer_units[0].rasterizer_inst/skip_unit_stage1/not_used_power1[0][3]' driven by pin 'rasterizer_units[0].rasterizer_inst/skip_unit_stage1/inputs_dimension[0].early_skip_maker_inst_i/z0_3' has no loads. (LINT-2)
Warning: In design 'Rasterizer_group_unit', net 'rasterizer_units[0].rasterizer_inst/skip_unit_stage1/not_used_power1[0][4]' driven by pin 'rasterizer_units[0].rasterizer_inst/skip_unit_stage1/inputs_dimension[0].early_skip_maker_inst_i/z0_4' has no loads. (LINT-2)
Warning: In design 'Rasterizer_group_unit', net 'rasterizer_units[0].rasterizer_inst/skip_unit_stage1/not_used_power1[0][5]' driven by pin 'rasterizer_units[0].rasterizer_inst/skip_unit_stage1/inputs_dimension[0].early_skip_maker_inst_i/z0_5' has no loads. (LINT-2)
Warning: In design 'Rasterizer_group_unit', net 'rasterizer_units[0].rasterizer_inst/skip_unit_stage1/not_used_power1[0][6]' driven by pin 'rasterizer_units[0].rasterizer_inst/skip_unit_stage1/inputs_dimension[0].early_skip_maker_inst_i/z0_6' has no loads. (LINT-2)
Warning: In design 'Rasterizer_group_unit', net 'rasterizer_units[0].rasterizer_inst/skip_unit_stage1/not_used_power1[0][7]' driven by pin 'rasterizer_units[0].rasterizer_inst/skip_unit_stage1/inputs_dimension[0].early_skip_maker_inst_i/z0_7' has no loads. (LINT-2)
Warning: In design 'Rasterizer_group_unit', net 'rasterizer_units[0].rasterizer_inst/skip_unit_stage1/not_used_power1[0][8]' driven by pin 'rasterizer_units[0].rasterizer_inst/skip_unit_stage1/inputs_dimension[0].early_skip_maker_inst_i/z0_8' has no loads. (LINT-2)
Warning: In design 'Rasterizer_group_unit', net 'rasterizer_units[0].rasterizer_inst/skip_unit_stage1/not_used_power1[0][9]' driven by pin 'rasterizer_units[0].rasterizer_inst/skip_unit_stage1/inputs_dimension[0].early_skip_maker_inst_i/z0_9' has no loads. (LINT-2)
Warning: In design 'Rasterizer_group_unit', net 'rasterizer_units[0].rasterizer_inst/skip_unit_stage1/not_used_power1[0][10]' driven by pin 'rasterizer_units[0].rasterizer_inst/skip_unit_stage1/inputs_dimension[0].early_skip_maker_inst_i/z0_10' has no loads. (LINT-2)
Warning: In design 'Rasterizer_group_unit', net 'rasterizer_units[0].rasterizer_inst/skip_unit_stage1/not_used_power1[0][11]' driven by pin 'rasterizer_units[0].rasterizer_inst/skip_unit_stage1/inputs_dimension[0].early_skip_maker_inst_i/z0_11' has no loads. (LINT-2)
Warning: In design 'Rasterizer_group_unit', net 'rasterizer_units[0].rasterizer_inst/skip_unit_stage1/not_used_power1[0][12]' driven by pin 'rasterizer_units[0].rasterizer_inst/skip_unit_stage1/inputs_dimension[0].early_skip_maker_inst_i/z0_12' has no loads. (LINT-2)
Warning: In design 'Rasterizer_group_unit', net 'rasterizer_units[0].rasterizer_inst/skip_unit_stage1/not_used_power1[0][13]' driven by pin 'rasterizer_units[0].rasterizer_inst/skip_unit_stage1/inputs_dimension[0].early_skip_maker_inst_i/z0_13' has no loads. (LINT-2)
Warning: In design 'Rasterizer_group_unit', net 'rasterizer_units[0].rasterizer_inst/skip_unit_stage1/not_used_power1[0][14]' driven by pin 'rasterizer_units[0].rasterizer_inst/skip_unit_stage1/inputs_dimension[0].early_skip_maker_inst_i/z0_14' has no loads. (LINT-2)
Warning: In design 'Rasterizer_group_unit', net 'rasterizer_units[0].rasterizer_inst/skip_unit_stage1/not_used_power1[0][15]' driven by pin 'rasterizer_units[0].rasterizer_inst/skip_unit_stage1/inputs_dimension[0].early_skip_maker_inst_i/z0_15' has no loads. (LINT-2)
Warning: In design 'Rasterizer_group_unit', net 'rasterizer_units[0].rasterizer_inst/skip_unit_stage1/not_used_power1[1][0]' driven by pin 'rasterizer_units[0].rasterizer_inst/skip_unit_stage1/inputs_dimension[1].early_skip_maker_inst_i/z0_0' has no loads. (LINT-2)
Warning: In design 'Rasterizer_group_unit', net 'rasterizer_units[0].rasterizer_inst/skip_unit_stage1/not_used_power1[1][1]' driven by pin 'rasterizer_units[0].rasterizer_inst/skip_unit_stage1/inputs_dimension[1].early_skip_maker_inst_i/z0_1' has no loads. (LINT-2)
Warning: In design 'Rasterizer_group_unit', net 'rasterizer_units[0].rasterizer_inst/skip_unit_stage1/not_used_power1[1][2]' driven by pin 'rasterizer_units[0].rasterizer_inst/skip_unit_stage1/inputs_dimension[1].early_skip_maker_inst_i/z0_2' has no loads. (LINT-2)
Warning: In design 'Rasterizer_group_unit', net 'rasterizer_units[0].rasterizer_inst/skip_unit_stage1/not_used_power1[1][3]' driven by pin 'rasterizer_units[0].rasterizer_inst/skip_unit_stage1/inputs_dimension[1].early_skip_maker_inst_i/z0_3' has no loads. (LINT-2)
Warning: In design 'Rasterizer_group_unit', net 'rasterizer_units[0].rasterizer_inst/skip_unit_stage1/not_used_power1[1][4]' driven by pin 'rasterizer_units[0].rasterizer_inst/skip_unit_stage1/inputs_dimension[1].early_skip_maker_inst_i/z0_4' has no loads. (LINT-2)
Warning: In design 'Rasterizer_group_unit', net 'rasterizer_units[0].rasterizer_inst/skip_unit_stage1/not_used_power1[1][5]' driven by pin 'rasterizer_units[0].rasterizer_inst/skip_unit_stage1/inputs_dimension[1].early_skip_maker_inst_i/z0_5' has no loads. (LINT-2)
Warning: In design 'Rasterizer_group_unit', net 'rasterizer_units[0].rasterizer_inst/skip_unit_stage1/not_used_power1[1][6]' driven by pin 'rasterizer_units[0].rasterizer_inst/skip_unit_stage1/inputs_dimension[1].early_skip_maker_inst_i/z0_6' has no loads. (LINT-2)
Warning: In design 'Rasterizer_group_unit', net 'rasterizer_units[0].rasterizer_inst/skip_unit_stage1/not_used_power1[1][7]' driven by pin 'rasterizer_units[0].rasterizer_inst/skip_unit_stage1/inputs_dimension[1].early_skip_maker_inst_i/z0_7' has no loads. (LINT-2)
Warning: In design 'Rasterizer_group_unit', net 'rasterizer_units[0].rasterizer_inst/skip_unit_stage1/not_used_power1[1][8]' driven by pin 'rasterizer_units[0].rasterizer_inst/skip_unit_stage1/inputs_dimension[1].early_skip_maker_inst_i/z0_8' has no loads. (LINT-2)
Warning: In design 'Rasterizer_group_unit', net 'rasterizer_units[0].rasterizer_inst/skip_unit_stage1/not_used_power1[1][9]' driven by pin 'rasterizer_units[0].rasterizer_inst/skip_unit_stage1/inputs_dimension[1].early_skip_maker_inst_i/z0_9' has no loads. (LINT-2)
Warning: In design 'Rasterizer_group_unit', net 'rasterizer_units[0].rasterizer_inst/skip_unit_stage1/not_used_power1[1][10]' driven by pin 'rasterizer_units[0].rasterizer_inst/skip_unit_stage1/inputs_dimension[1].early_skip_maker_inst_i/z0_10' has no loads. (LINT-2)
Warning: In design 'Rasterizer_group_unit', net 'rasterizer_units[0].rasterizer_inst/skip_unit_stage1/not_used_power1[1][11]' driven by pin 'rasterizer_units[0].rasterizer_inst/skip_unit_stage1/inputs_dimension[1].early_skip_maker_inst_i/z0_11' has no loads. (LINT-2)
Warning: In design 'Rasterizer_group_unit', net 'rasterizer_units[0].rasterizer_inst/skip_unit_stage1/not_used_power1[1][12]' driven by pin 'rasterizer_units[0].rasterizer_inst/skip_unit_stage1/inputs_dimension[1].early_skip_maker_inst_i/z0_12' has no loads. (LINT-2)
Warning: In design 'Rasterizer_group_unit', net 'rasterizer_units[0].rasterizer_inst/skip_unit_stage1/not_used_power1[1][13]' driven by pin 'rasterizer_units[0].rasterizer_inst/skip_unit_stage1/inputs_dimension[1].early_skip_maker_inst_i/z0_13' has no loads. (LINT-2)
Warning: In design 'Rasterizer_group_unit', net 'rasterizer_units[0].rasterizer_inst/skip_unit_stage1/not_used_power1[1][14]' driven by pin 'rasterizer_units[0].rasterizer_inst/skip_unit_stage1/inputs_dimension[1].early_skip_maker_inst_i/z0_14' has no loads. (LINT-2)
Warning: In design 'Rasterizer_group_unit', net 'rasterizer_units[0].rasterizer_inst/skip_unit_stage1/not_used_power1[1][15]' driven by pin 'rasterizer_units[0].rasterizer_inst/skip_unit_stage1/inputs_dimension[1].early_skip_maker_inst_i/z0_15' has no loads. (LINT-2)
Warning: In design 'Rasterizer_group_unit', net 'rasterizer_units[0].rasterizer_inst/skip_unit_stage1/not_used_power1[2][0]' driven by pin 'rasterizer_units[0].rasterizer_inst/skip_unit_stage1/inputs_dimension[2].early_skip_maker_inst_i/z0_0' has no loads. (LINT-2)
Warning: In design 'Rasterizer_group_unit', net 'rasterizer_units[0].rasterizer_inst/skip_unit_stage1/not_used_power1[2][1]' driven by pin 'rasterizer_units[0].rasterizer_inst/skip_unit_stage1/inputs_dimension[2].early_skip_maker_inst_i/z0_1' has no loads. (LINT-2)
Warning: In design 'Rasterizer_group_unit', net 'rasterizer_units[0].rasterizer_inst/skip_unit_stage1/not_used_power1[2][2]' driven by pin 'rasterizer_units[0].rasterizer_inst/skip_unit_stage1/inputs_dimension[2].early_skip_maker_inst_i/z0_2' has no loads. (LINT-2)
Warning: In design 'Rasterizer_group_unit', net 'rasterizer_units[0].rasterizer_inst/skip_unit_stage1/not_used_power1[2][3]' driven by pin 'rasterizer_units[0].rasterizer_inst/skip_unit_stage1/inputs_dimension[2].early_skip_maker_inst_i/z0_3' has no loads. (LINT-2)
Warning: In design 'Rasterizer_group_unit', net 'rasterizer_units[0].rasterizer_inst/skip_unit_stage1/not_used_power1[2][4]' driven by pin 'rasterizer_units[0].rasterizer_inst/skip_unit_stage1/inputs_dimension[2].early_skip_maker_inst_i/z0_4' has no loads. (LINT-2)
Warning: In design 'Rasterizer_group_unit', net 'rasterizer_units[0].rasterizer_inst/skip_unit_stage1/not_used_power1[2][5]' driven by pin 'rasterizer_units[0].rasterizer_inst/skip_unit_stage1/inputs_dimension[2].early_skip_maker_inst_i/z0_5' has no loads. (LINT-2)
Warning: In design 'Rasterizer_group_unit', net 'rasterizer_units[0].rasterizer_inst/skip_unit_stage1/not_used_power1[2][6]' driven by pin 'rasterizer_units[0].rasterizer_inst/skip_unit_stage1/inputs_dimension[2].early_skip_maker_inst_i/z0_6' has no loads. (LINT-2)
Warning: In design 'Rasterizer_group_unit', net 'rasterizer_units[0].rasterizer_inst/skip_unit_stage1/not_used_power1[2][7]' driven by pin 'rasterizer_units[0].rasterizer_inst/skip_unit_stage1/inputs_dimension[2].early_skip_maker_inst_i/z0_7' has no loads. (LINT-2)
Warning: In design 'Rasterizer_group_unit', net 'rasterizer_units[0].rasterizer_inst/skip_unit_stage1/not_used_power1[2][8]' driven by pin 'rasterizer_units[0].rasterizer_inst/skip_unit_stage1/inputs_dimension[2].early_skip_maker_inst_i/z0_8' has no loads. (LINT-2)
Warning: In design 'Rasterizer_group_unit', net 'rasterizer_units[0].rasterizer_inst/skip_unit_stage1/not_used_power1[2][9]' driven by pin 'rasterizer_units[0].rasterizer_inst/skip_unit_stage1/inputs_dimension[2].early_skip_maker_inst_i/z0_9' has no loads. (LINT-2)
Warning: In design 'Rasterizer_group_unit', net 'rasterizer_units[0].rasterizer_inst/skip_unit_stage1/not_used_power1[2][10]' driven by pin 'rasterizer_units[0].rasterizer_inst/skip_unit_stage1/inputs_dimension[2].early_skip_maker_inst_i/z0_10' has no loads. (LINT-2)
Warning: In design 'Rasterizer_group_unit', net 'rasterizer_units[0].rasterizer_inst/skip_unit_stage1/not_used_power1[2][11]' driven by pin 'rasterizer_units[0].rasterizer_inst/skip_unit_stage1/inputs_dimension[2].early_skip_maker_inst_i/z0_11' has no loads. (LINT-2)
Warning: In design 'Rasterizer_group_unit', net 'rasterizer_units[0].rasterizer_inst/skip_unit_stage1/not_used_power1[2][12]' driven by pin 'rasterizer_units[0].rasterizer_inst/skip_unit_stage1/inputs_dimension[2].early_skip_maker_inst_i/z0_12' has no loads. (LINT-2)
Warning: In design 'Rasterizer_group_unit', net 'rasterizer_units[0].rasterizer_inst/skip_unit_stage1/not_used_power1[2][13]' driven by pin 'rasterizer_units[0].rasterizer_inst/skip_unit_stage1/inputs_dimension[2].early_skip_maker_inst_i/z0_13' has no loads. (LINT-2)
Warning: In design 'Rasterizer_group_unit', net 'rasterizer_units[0].rasterizer_inst/skip_unit_stage1/not_used_power1[2][14]' driven by pin 'rasterizer_units[0].rasterizer_inst/skip_unit_stage1/inputs_dimension[2].early_skip_maker_inst_i/z0_14' has no loads. (LINT-2)
Warning: In design 'Rasterizer_group_unit', net 'rasterizer_units[0].rasterizer_inst/skip_unit_stage1/not_used_power1[2][15]' driven by pin 'rasterizer_units[0].rasterizer_inst/skip_unit_stage1/inputs_dimension[2].early_skip_maker_inst_i/z0_15' has no loads. (LINT-2)
Warning: In design 'Rasterizer_group_unit', net 'rasterizer_units[0].rasterizer_inst/skip_unit_stage1/not_used_power1[3][0]' driven by pin 'rasterizer_units[0].rasterizer_inst/skip_unit_stage1/inputs_dimension[3].early_skip_maker_inst_i/z0_0' has no loads. (LINT-2)
Warning: In design 'Rasterizer_group_unit', net 'rasterizer_units[0].rasterizer_inst/skip_unit_stage1/not_used_power1[3][1]' driven by pin 'rasterizer_units[0].rasterizer_inst/skip_unit_stage1/inputs_dimension[3].early_skip_maker_inst_i/z0_1' has no loads. (LINT-2)
Warning: In design 'Rasterizer_group_unit', net 'rasterizer_units[0].rasterizer_inst/skip_unit_stage1/not_used_power1[3][2]' driven by pin 'rasterizer_units[0].rasterizer_inst/skip_unit_stage1/inputs_dimension[3].early_skip_maker_inst_i/z0_2' has no loads. (LINT-2)
Warning: In design 'Rasterizer_group_unit', net 'rasterizer_units[0].rasterizer_inst/skip_unit_stage1/not_used_power1[3][3]' driven by pin 'rasterizer_units[0].rasterizer_inst/skip_unit_stage1/inputs_dimension[3].early_skip_maker_inst_i/z0_3' has no loads. (LINT-2)
Warning: In design 'Rasterizer_group_unit', net 'rasterizer_units[0].rasterizer_inst/skip_unit_stage1/not_used_power1[3][4]' driven by pin 'rasterizer_units[0].rasterizer_inst/skip_unit_stage1/inputs_dimension[3].early_skip_maker_inst_i/z0_4' has no loads. (LINT-2)
Warning: In design 'Rasterizer_group_unit', net 'rasterizer_units[0].rasterizer_inst/skip_unit_stage1/not_used_power1[3][5]' driven by pin 'rasterizer_units[0].rasterizer_inst/skip_unit_stage1/inputs_dimension[3].early_skip_maker_inst_i/z0_5' has no loads. (LINT-2)
Warning: In design 'Rasterizer_group_unit', net 'rasterizer_units[0].rasterizer_inst/skip_unit_stage1/not_used_power1[3][6]' driven by pin 'rasterizer_units[0].rasterizer_inst/skip_unit_stage1/inputs_dimension[3].early_skip_maker_inst_i/z0_6' has no loads. (LINT-2)
Warning: In design 'Rasterizer_group_unit', net 'rasterizer_units[0].rasterizer_inst/skip_unit_stage1/not_used_power1[3][7]' driven by pin 'rasterizer_units[0].rasterizer_inst/skip_unit_stage1/inputs_dimension[3].early_skip_maker_inst_i/z0_7' has no loads. (LINT-2)
Warning: In design 'Rasterizer_group_unit', net 'rasterizer_units[0].rasterizer_inst/skip_unit_stage1/not_used_power1[3][8]' driven by pin 'rasterizer_units[0].rasterizer_inst/skip_unit_stage1/inputs_dimension[3].early_skip_maker_inst_i/z0_8' has no loads. (LINT-2)
Warning: In design 'Rasterizer_group_unit', net 'rasterizer_units[0].rasterizer_inst/skip_unit_stage1/not_used_power1[3][9]' driven by pin 'rasterizer_units[0].rasterizer_inst/skip_unit_stage1/inputs_dimension[3].early_skip_maker_inst_i/z0_9' has no loads. (LINT-2)
Warning: In design 'Rasterizer_group_unit', net 'rasterizer_units[0].rasterizer_inst/skip_unit_stage1/not_used_power1[3][10]' driven by pin 'rasterizer_units[0].rasterizer_inst/skip_unit_stage1/inputs_dimension[3].early_skip_maker_inst_i/z0_10' has no loads. (LINT-2)
Warning: In design 'Rasterizer_group_unit', net 'rasterizer_units[0].rasterizer_inst/skip_unit_stage1/not_used_power1[3][11]' driven by pin 'rasterizer_units[0].rasterizer_inst/skip_unit_stage1/inputs_dimension[3].early_skip_maker_inst_i/z0_11' has no loads. (LINT-2)
Warning: In design 'Rasterizer_group_unit', net 'rasterizer_units[0].rasterizer_inst/skip_unit_stage1/not_used_power1[3][12]' driven by pin 'rasterizer_units[0].rasterizer_inst/skip_unit_stage1/inputs_dimension[3].early_skip_maker_inst_i/z0_12' has no loads. (LINT-2)
Warning: In design 'Rasterizer_group_unit', net 'rasterizer_units[0].rasterizer_inst/skip_unit_stage1/not_used_power1[3][13]' driven by pin 'rasterizer_units[0].rasterizer_inst/skip_unit_stage1/inputs_dimension[3].early_skip_maker_inst_i/z0_13' has no loads. (LINT-2)
Warning: In design 'Rasterizer_group_unit', net 'rasterizer_units[0].rasterizer_inst/skip_unit_stage1/not_used_power1[3][14]' driven by pin 'rasterizer_units[0].rasterizer_inst/skip_unit_stage1/inputs_dimension[3].early_skip_maker_inst_i/z0_14' has no loads. (LINT-2)
Warning: In design 'Rasterizer_group_unit', net 'rasterizer_units[0].rasterizer_inst/skip_unit_stage1/not_used_power1[3][15]' driven by pin 'rasterizer_units[0].rasterizer_inst/skip_unit_stage1/inputs_dimension[3].early_skip_maker_inst_i/z0_15' has no loads. (LINT-2)
Warning: In design 'Rasterizer_group_unit', net 'rasterizer_units[0].rasterizer_inst/skip_unit_stage1/unordered_inst3[0]' driven by pin 'rasterizer_units[0].rasterizer_inst/skip_unit_stage1/inputs_dimension[0].early_skip_maker_inst_i/unordered' has no loads. (LINT-2)
Warning: In design 'Rasterizer_group_unit', net 'rasterizer_units[0].rasterizer_inst/skip_unit_stage1/unordered_inst3[1]' driven by pin 'rasterizer_units[0].rasterizer_inst/skip_unit_stage1/inputs_dimension[1].early_skip_maker_inst_i/unordered' has no loads. (LINT-2)
Warning: In design 'Rasterizer_group_unit', net 'rasterizer_units[0].rasterizer_inst/skip_unit_stage1/unordered_inst3[2]' driven by pin 'rasterizer_units[0].rasterizer_inst/skip_unit_stage1/inputs_dimension[2].early_skip_maker_inst_i/unordered' has no loads. (LINT-2)
Warning: In design 'Rasterizer_group_unit', net 'rasterizer_units[0].rasterizer_inst/skip_unit_stage1/unordered_inst3[3]' driven by pin 'rasterizer_units[0].rasterizer_inst/skip_unit_stage1/inputs_dimension[3].early_skip_maker_inst_i/unordered' has no loads. (LINT-2)
Warning: In design 'Rasterizer_group_unit', net 'rasterizer_units[0].rasterizer_inst/skip_unit_stage1/agtb_inst3[0]' driven by pin 'rasterizer_units[0].rasterizer_inst/skip_unit_stage1/inputs_dimension[0].early_skip_maker_inst_i/agtb' has no loads. (LINT-2)
Warning: In design 'Rasterizer_group_unit', net 'rasterizer_units[0].rasterizer_inst/skip_unit_stage1/agtb_inst3[1]' driven by pin 'rasterizer_units[0].rasterizer_inst/skip_unit_stage1/inputs_dimension[1].early_skip_maker_inst_i/agtb' has no loads. (LINT-2)
Warning: In design 'Rasterizer_group_unit', net 'rasterizer_units[0].rasterizer_inst/skip_unit_stage1/agtb_inst3[2]' driven by pin 'rasterizer_units[0].rasterizer_inst/skip_unit_stage1/inputs_dimension[2].early_skip_maker_inst_i/agtb' has no loads. (LINT-2)
Warning: In design 'Rasterizer_group_unit', net 'rasterizer_units[0].rasterizer_inst/skip_unit_stage1/agtb_inst3[3]' driven by pin 'rasterizer_units[0].rasterizer_inst/skip_unit_stage1/inputs_dimension[3].early_skip_maker_inst_i/agtb' has no loads. (LINT-2)
Warning: In design 'Rasterizer_group_unit', net 'rasterizer_units[0].rasterizer_inst/skip_unit_stage1/aeqb_inst3[0]' driven by pin 'rasterizer_units[0].rasterizer_inst/skip_unit_stage1/inputs_dimension[0].early_skip_maker_inst_i/aeqb' has no loads. (LINT-2)
Warning: In design 'Rasterizer_group_unit', net 'rasterizer_units[0].rasterizer_inst/skip_unit_stage1/aeqb_inst3[1]' driven by pin 'rasterizer_units[0].rasterizer_inst/skip_unit_stage1/inputs_dimension[1].early_skip_maker_inst_i/aeqb' has no loads. (LINT-2)
Warning: In design 'Rasterizer_group_unit', net 'rasterizer_units[0].rasterizer_inst/skip_unit_stage1/aeqb_inst3[2]' driven by pin 'rasterizer_units[0].rasterizer_inst/skip_unit_stage1/inputs_dimension[2].early_skip_maker_inst_i/aeqb' has no loads. (LINT-2)
Warning: In design 'Rasterizer_group_unit', net 'rasterizer_units[0].rasterizer_inst/skip_unit_stage1/aeqb_inst3[3]' driven by pin 'rasterizer_units[0].rasterizer_inst/skip_unit_stage1/inputs_dimension[3].early_skip_maker_inst_i/aeqb' has no loads. (LINT-2)
Warning: In design 'Rasterizer_group_unit', net 'rasterizer_units[0].rasterizer_inst/skip_unit_stage1/status_inst[0][13][0]' driven by pin 'rasterizer_units[0].rasterizer_inst/skip_unit_stage1/inputs_dimension[0].alpha_temp_maker_inst_i/status_0' has no loads. (LINT-2)
Warning: In design 'Rasterizer_group_unit', net 'rasterizer_units[0].rasterizer_inst/skip_unit_stage1/status_inst[0][13][1]' driven by pin 'rasterizer_units[0].rasterizer_inst/skip_unit_stage1/inputs_dimension[0].alpha_temp_maker_inst_i/status_1' has no loads. (LINT-2)
Warning: In design 'Rasterizer_group_unit', net 'rasterizer_units[0].rasterizer_inst/skip_unit_stage1/status_inst[0][13][2]' driven by pin 'rasterizer_units[0].rasterizer_inst/skip_unit_stage1/inputs_dimension[0].alpha_temp_maker_inst_i/status_2' has no loads. (LINT-2)
Warning: In design 'Rasterizer_group_unit', net 'rasterizer_units[0].rasterizer_inst/skip_unit_stage1/status_inst[0][13][3]' driven by pin 'rasterizer_units[0].rasterizer_inst/skip_unit_stage1/inputs_dimension[0].alpha_temp_maker_inst_i/status_3' has no loads. (LINT-2)
Warning: In design 'Rasterizer_group_unit', net 'rasterizer_units[0].rasterizer_inst/skip_unit_stage1/status_inst[0][13][4]' driven by pin 'rasterizer_units[0].rasterizer_inst/skip_unit_stage1/inputs_dimension[0].alpha_temp_maker_inst_i/status_4' has no loads. (LINT-2)
Warning: In design 'Rasterizer_group_unit', net 'rasterizer_units[0].rasterizer_inst/skip_unit_stage1/status_inst[0][13][5]' driven by pin 'rasterizer_units[0].rasterizer_inst/skip_unit_stage1/inputs_dimension[0].alpha_temp_maker_inst_i/status_5' has no loads. (LINT-2)
Warning: In design 'Rasterizer_group_unit', net 'rasterizer_units[0].rasterizer_inst/skip_unit_stage1/status_inst[0][13][6]' driven by pin 'rasterizer_units[0].rasterizer_inst/skip_unit_stage1/inputs_dimension[0].alpha_temp_maker_inst_i/status_6' has no loads. (LINT-2)
Warning: In design 'Rasterizer_group_unit', net 'rasterizer_units[0].rasterizer_inst/skip_unit_stage1/status_inst[0][13][7]' driven by pin 'rasterizer_units[0].rasterizer_inst/skip_unit_stage1/inputs_dimension[0].alpha_temp_maker_inst_i/status_7' has no loads. (LINT-2)
Warning: In design 'Rasterizer_group_unit', net 'rasterizer_units[0].rasterizer_inst/skip_unit_stage1/status_inst[0][12][0]' driven by pin 'rasterizer_units[0].rasterizer_inst/skip_unit_stage1/inputs_dimension[0].exponent_power_inst_i/status_0' has no loads. (LINT-2)
Warning: In design 'Rasterizer_group_unit', net 'rasterizer_units[0].rasterizer_inst/skip_unit_stage1/status_inst[0][12][1]' driven by pin 'rasterizer_units[0].rasterizer_inst/skip_unit_stage1/inputs_dimension[0].exponent_power_inst_i/status_1' has no loads. (LINT-2)
Warning: In design 'Rasterizer_group_unit', net 'rasterizer_units[0].rasterizer_inst/skip_unit_stage1/status_inst[0][12][2]' driven by pin 'rasterizer_units[0].rasterizer_inst/skip_unit_stage1/inputs_dimension[0].exponent_power_inst_i/status_2' has no loads. (LINT-2)
Warning: In design 'Rasterizer_group_unit', net 'rasterizer_units[0].rasterizer_inst/skip_unit_stage1/status_inst[0][12][3]' driven by pin 'rasterizer_units[0].rasterizer_inst/skip_unit_stage1/inputs_dimension[0].exponent_power_inst_i/status_3' has no loads. (LINT-2)
Warning: In design 'Rasterizer_group_unit', net 'rasterizer_units[0].rasterizer_inst/skip_unit_stage1/status_inst[0][12][4]' driven by pin 'rasterizer_units[0].rasterizer_inst/skip_unit_stage1/inputs_dimension[0].exponent_power_inst_i/status_4' has no loads. (LINT-2)
Warning: In design 'Rasterizer_group_unit', net 'rasterizer_units[0].rasterizer_inst/skip_unit_stage1/status_inst[0][12][5]' driven by pin 'rasterizer_units[0].rasterizer_inst/skip_unit_stage1/inputs_dimension[0].exponent_power_inst_i/status_5' has no loads. (LINT-2)
Warning: In design 'Rasterizer_group_unit', net 'rasterizer_units[0].rasterizer_inst/skip_unit_stage1/status_inst[0][12][6]' driven by pin 'rasterizer_units[0].rasterizer_inst/skip_unit_stage1/inputs_dimension[0].exponent_power_inst_i/status_6' has no loads. (LINT-2)
Warning: In design 'Rasterizer_group_unit', net 'rasterizer_units[0].rasterizer_inst/skip_unit_stage1/status_inst[0][12][7]' driven by pin 'rasterizer_units[0].rasterizer_inst/skip_unit_stage1/inputs_dimension[0].exponent_power_inst_i/status_7' has no loads. (LINT-2)
Warning: In design 'Rasterizer_group_unit', net 'rasterizer_units[0].rasterizer_inst/skip_unit_stage1/status_inst[0][11][0]' driven by pin 'rasterizer_units[0].rasterizer_inst/skip_unit_stage1/inputs_dimension[0].power_maker_inst_i/status_0' has no loads. (LINT-2)
Warning: In design 'Rasterizer_group_unit', net 'rasterizer_units[0].rasterizer_inst/skip_unit_stage1/status_inst[0][11][1]' driven by pin 'rasterizer_units[0].rasterizer_inst/skip_unit_stage1/inputs_dimension[0].power_maker_inst_i/status_1' has no loads. (LINT-2)
Warning: In design 'Rasterizer_group_unit', net 'rasterizer_units[0].rasterizer_inst/skip_unit_stage1/status_inst[0][11][2]' driven by pin 'rasterizer_units[0].rasterizer_inst/skip_unit_stage1/inputs_dimension[0].power_maker_inst_i/status_2' has no loads. (LINT-2)
Warning: In design 'Rasterizer_group_unit', net 'rasterizer_units[0].rasterizer_inst/skip_unit_stage1/status_inst[0][11][3]' driven by pin 'rasterizer_units[0].rasterizer_inst/skip_unit_stage1/inputs_dimension[0].power_maker_inst_i/status_3' has no loads. (LINT-2)
Warning: In design 'Rasterizer_group_unit', net 'rasterizer_units[0].rasterizer_inst/skip_unit_stage1/status_inst[0][11][4]' driven by pin 'rasterizer_units[0].rasterizer_inst/skip_unit_stage1/inputs_dimension[0].power_maker_inst_i/status_4' has no loads. (LINT-2)
Warning: In design 'Rasterizer_group_unit', net 'rasterizer_units[0].rasterizer_inst/skip_unit_stage1/status_inst[0][11][5]' driven by pin 'rasterizer_units[0].rasterizer_inst/skip_unit_stage1/inputs_dimension[0].power_maker_inst_i/status_5' has no loads. (LINT-2)
Warning: In design 'Rasterizer_group_unit', net 'rasterizer_units[0].rasterizer_inst/skip_unit_stage1/status_inst[0][11][6]' driven by pin 'rasterizer_units[0].rasterizer_inst/skip_unit_stage1/inputs_dimension[0].power_maker_inst_i/status_6' has no loads. (LINT-2)
Warning: In design 'Rasterizer_group_unit', net 'rasterizer_units[0].rasterizer_inst/skip_unit_stage1/status_inst[0][11][7]' driven by pin 'rasterizer_units[0].rasterizer_inst/skip_unit_stage1/inputs_dimension[0].power_maker_inst_i/status_7' has no loads. (LINT-2)
Warning: In design 'Rasterizer_group_unit', net 'rasterizer_units[0].rasterizer_inst/skip_unit_stage1/status_inst[0][10][0]' driven by pin 'rasterizer_units[0].rasterizer_inst/skip_unit_stage1/inputs_dimension[0].t3_inst_i/status_0' has no loads. (LINT-2)
Warning: In design 'Rasterizer_group_unit', net 'rasterizer_units[0].rasterizer_inst/skip_unit_stage1/status_inst[0][10][1]' driven by pin 'rasterizer_units[0].rasterizer_inst/skip_unit_stage1/inputs_dimension[0].t3_inst_i/status_1' has no loads. (LINT-2)
Warning: In design 'Rasterizer_group_unit', net 'rasterizer_units[0].rasterizer_inst/skip_unit_stage1/status_inst[0][10][2]' driven by pin 'rasterizer_units[0].rasterizer_inst/skip_unit_stage1/inputs_dimension[0].t3_inst_i/status_2' has no loads. (LINT-2)
Warning: In design 'Rasterizer_group_unit', net 'rasterizer_units[0].rasterizer_inst/skip_unit_stage1/status_inst[0][10][3]' driven by pin 'rasterizer_units[0].rasterizer_inst/skip_unit_stage1/inputs_dimension[0].t3_inst_i/status_3' has no loads. (LINT-2)
Warning: In design 'Rasterizer_group_unit', net 'rasterizer_units[0].rasterizer_inst/skip_unit_stage1/status_inst[0][10][4]' driven by pin 'rasterizer_units[0].rasterizer_inst/skip_unit_stage1/inputs_dimension[0].t3_inst_i/status_4' has no loads. (LINT-2)
Warning: In design 'Rasterizer_group_unit', net 'rasterizer_units[0].rasterizer_inst/skip_unit_stage1/status_inst[0][10][5]' driven by pin 'rasterizer_units[0].rasterizer_inst/skip_unit_stage1/inputs_dimension[0].t3_inst_i/status_5' has no loads. (LINT-2)
Warning: In design 'Rasterizer_group_unit', net 'rasterizer_units[0].rasterizer_inst/skip_unit_stage1/status_inst[0][10][6]' driven by pin 'rasterizer_units[0].rasterizer_inst/skip_unit_stage1/inputs_dimension[0].t3_inst_i/status_6' has no loads. (LINT-2)
Warning: In design 'Rasterizer_group_unit', net 'rasterizer_units[0].rasterizer_inst/skip_unit_stage1/status_inst[0][10][7]' driven by pin 'rasterizer_units[0].rasterizer_inst/skip_unit_stage1/inputs_dimension[0].t3_inst_i/status_7' has no loads. (LINT-2)
Warning: In design 'Rasterizer_group_unit', net 'rasterizer_units[0].rasterizer_inst/skip_unit_stage1/status_inst[0][9][0]' driven by pin 'rasterizer_units[0].rasterizer_inst/skip_unit_stage1/inputs_dimension[0].t2_inst_i/status_0' has no loads. (LINT-2)
Warning: In design 'Rasterizer_group_unit', net 'rasterizer_units[0].rasterizer_inst/skip_unit_stage1/status_inst[0][9][1]' driven by pin 'rasterizer_units[0].rasterizer_inst/skip_unit_stage1/inputs_dimension[0].t2_inst_i/status_1' has no loads. (LINT-2)
Warning: In design 'Rasterizer_group_unit', net 'rasterizer_units[0].rasterizer_inst/skip_unit_stage1/status_inst[0][9][2]' driven by pin 'rasterizer_units[0].rasterizer_inst/skip_unit_stage1/inputs_dimension[0].t2_inst_i/status_2' has no loads. (LINT-2)
Warning: In design 'Rasterizer_group_unit', net 'rasterizer_units[0].rasterizer_inst/skip_unit_stage1/status_inst[0][9][3]' driven by pin 'rasterizer_units[0].rasterizer_inst/skip_unit_stage1/inputs_dimension[0].t2_inst_i/status_3' has no loads. (LINT-2)
Warning: In design 'Rasterizer_group_unit', net 'rasterizer_units[0].rasterizer_inst/skip_unit_stage1/status_inst[0][9][4]' driven by pin 'rasterizer_units[0].rasterizer_inst/skip_unit_stage1/inputs_dimension[0].t2_inst_i/status_4' has no loads. (LINT-2)
Warning: In design 'Rasterizer_group_unit', net 'rasterizer_units[0].rasterizer_inst/skip_unit_stage1/status_inst[0][9][5]' driven by pin 'rasterizer_units[0].rasterizer_inst/skip_unit_stage1/inputs_dimension[0].t2_inst_i/status_5' has no loads. (LINT-2)
Warning: In design 'Rasterizer_group_unit', net 'rasterizer_units[0].rasterizer_inst/skip_unit_stage1/status_inst[0][9][6]' driven by pin 'rasterizer_units[0].rasterizer_inst/skip_unit_stage1/inputs_dimension[0].t2_inst_i/status_6' has no loads. (LINT-2)
Warning: In design 'Rasterizer_group_unit', net 'rasterizer_units[0].rasterizer_inst/skip_unit_stage1/status_inst[0][9][7]' driven by pin 'rasterizer_units[0].rasterizer_inst/skip_unit_stage1/inputs_dimension[0].t2_inst_i/status_7' has no loads. (LINT-2)
Warning: In design 'Rasterizer_group_unit', net 'rasterizer_units[0].rasterizer_inst/skip_unit_stage1/status_inst[0][8][0]' driven by pin 'rasterizer_units[0].rasterizer_inst/skip_unit_stage1/inputs_dimension[0].t1_inst_i/status_0' has no loads. (LINT-2)
Warning: In design 'Rasterizer_group_unit', net 'rasterizer_units[0].rasterizer_inst/skip_unit_stage1/status_inst[0][8][1]' driven by pin 'rasterizer_units[0].rasterizer_inst/skip_unit_stage1/inputs_dimension[0].t1_inst_i/status_1' has no loads. (LINT-2)
Warning: In design 'Rasterizer_group_unit', net 'rasterizer_units[0].rasterizer_inst/skip_unit_stage1/status_inst[0][8][2]' driven by pin 'rasterizer_units[0].rasterizer_inst/skip_unit_stage1/inputs_dimension[0].t1_inst_i/status_2' has no loads. (LINT-2)
Warning: In design 'Rasterizer_group_unit', net 'rasterizer_units[0].rasterizer_inst/skip_unit_stage1/status_inst[0][8][3]' driven by pin 'rasterizer_units[0].rasterizer_inst/skip_unit_stage1/inputs_dimension[0].t1_inst_i/status_3' has no loads. (LINT-2)
Warning: In design 'Rasterizer_group_unit', net 'rasterizer_units[0].rasterizer_inst/skip_unit_stage1/status_inst[0][8][4]' driven by pin 'rasterizer_units[0].rasterizer_inst/skip_unit_stage1/inputs_dimension[0].t1_inst_i/status_4' has no loads. (LINT-2)
Warning: In design 'Rasterizer_group_unit', net 'rasterizer_units[0].rasterizer_inst/skip_unit_stage1/status_inst[0][8][5]' driven by pin 'rasterizer_units[0].rasterizer_inst/skip_unit_stage1/inputs_dimension[0].t1_inst_i/status_5' has no loads. (LINT-2)
Warning: In design 'Rasterizer_group_unit', net 'rasterizer_units[0].rasterizer_inst/skip_unit_stage1/status_inst[0][8][6]' driven by pin 'rasterizer_units[0].rasterizer_inst/skip_unit_stage1/inputs_dimension[0].t1_inst_i/status_6' has no loads. (LINT-2)
Warning: In design 'Rasterizer_group_unit', net 'rasterizer_units[0].rasterizer_inst/skip_unit_stage1/status_inst[0][8][7]' driven by pin 'rasterizer_units[0].rasterizer_inst/skip_unit_stage1/inputs_dimension[0].t1_inst_i/status_7' has no loads. (LINT-2)
Warning: In design 'Rasterizer_group_unit', net 'rasterizer_units[0].rasterizer_inst/skip_unit_stage1/status_inst[0][7][0]' driven by pin 'rasterizer_units[0].rasterizer_inst/skip_unit_stage1/inputs_dimension[0].dxy_inst_i/status_0' has no loads. (LINT-2)
Warning: In design 'Rasterizer_group_unit', net 'rasterizer_units[0].rasterizer_inst/skip_unit_stage1/status_inst[0][7][1]' driven by pin 'rasterizer_units[0].rasterizer_inst/skip_unit_stage1/inputs_dimension[0].dxy_inst_i/status_1' has no loads. (LINT-2)
Warning: In design 'Rasterizer_group_unit', net 'rasterizer_units[0].rasterizer_inst/skip_unit_stage1/status_inst[0][7][2]' driven by pin 'rasterizer_units[0].rasterizer_inst/skip_unit_stage1/inputs_dimension[0].dxy_inst_i/status_2' has no loads. (LINT-2)
Warning: In design 'Rasterizer_group_unit', net 'rasterizer_units[0].rasterizer_inst/skip_unit_stage1/status_inst[0][7][3]' driven by pin 'rasterizer_units[0].rasterizer_inst/skip_unit_stage1/inputs_dimension[0].dxy_inst_i/status_3' has no loads. (LINT-2)
Warning: In design 'Rasterizer_group_unit', net 'rasterizer_units[0].rasterizer_inst/skip_unit_stage1/status_inst[0][7][4]' driven by pin 'rasterizer_units[0].rasterizer_inst/skip_unit_stage1/inputs_dimension[0].dxy_inst_i/status_4' has no loads. (LINT-2)
Warning: In design 'Rasterizer_group_unit', net 'rasterizer_units[0].rasterizer_inst/skip_unit_stage1/status_inst[0][7][5]' driven by pin 'rasterizer_units[0].rasterizer_inst/skip_unit_stage1/inputs_dimension[0].dxy_inst_i/status_5' has no loads. (LINT-2)
Warning: In design 'Rasterizer_group_unit', net 'rasterizer_units[0].rasterizer_inst/skip_unit_stage1/status_inst[0][7][6]' driven by pin 'rasterizer_units[0].rasterizer_inst/skip_unit_stage1/inputs_dimension[0].dxy_inst_i/status_6' has no loads. (LINT-2)
Warning: In design 'Rasterizer_group_unit', net 'rasterizer_units[0].rasterizer_inst/skip_unit_stage1/status_inst[0][7][7]' driven by pin 'rasterizer_units[0].rasterizer_inst/skip_unit_stage1/inputs_dimension[0].dxy_inst_i/status_7' has no loads. (LINT-2)
Warning: In design 'Rasterizer_group_unit', net 'rasterizer_units[0].rasterizer_inst/skip_unit_stage1/status_inst[0][6][0]' driven by pin 'rasterizer_units[0].rasterizer_inst/skip_unit_stage1/inputs_dimension[0].dyy_inst_i/status_0' has no loads. (LINT-2)
Warning: In design 'Rasterizer_group_unit', net 'rasterizer_units[0].rasterizer_inst/skip_unit_stage1/status_inst[0][6][1]' driven by pin 'rasterizer_units[0].rasterizer_inst/skip_unit_stage1/inputs_dimension[0].dyy_inst_i/status_1' has no loads. (LINT-2)
Warning: In design 'Rasterizer_group_unit', net 'rasterizer_units[0].rasterizer_inst/skip_unit_stage1/status_inst[0][6][2]' driven by pin 'rasterizer_units[0].rasterizer_inst/skip_unit_stage1/inputs_dimension[0].dyy_inst_i/status_2' has no loads. (LINT-2)
Warning: In design 'Rasterizer_group_unit', net 'rasterizer_units[0].rasterizer_inst/skip_unit_stage1/status_inst[0][6][3]' driven by pin 'rasterizer_units[0].rasterizer_inst/skip_unit_stage1/inputs_dimension[0].dyy_inst_i/status_3' has no loads. (LINT-2)
Warning: In design 'Rasterizer_group_unit', net 'rasterizer_units[0].rasterizer_inst/skip_unit_stage1/status_inst[0][6][4]' driven by pin 'rasterizer_units[0].rasterizer_inst/skip_unit_stage1/inputs_dimension[0].dyy_inst_i/status_4' has no loads. (LINT-2)
Warning: In design 'Rasterizer_group_unit', net 'rasterizer_units[0].rasterizer_inst/skip_unit_stage1/status_inst[0][6][5]' driven by pin 'rasterizer_units[0].rasterizer_inst/skip_unit_stage1/inputs_dimension[0].dyy_inst_i/status_5' has no loads. (LINT-2)
Warning: In design 'Rasterizer_group_unit', net 'rasterizer_units[0].rasterizer_inst/skip_unit_stage1/status_inst[0][6][6]' driven by pin 'rasterizer_units[0].rasterizer_inst/skip_unit_stage1/inputs_dimension[0].dyy_inst_i/status_6' has no loads. (LINT-2)
Warning: In design 'Rasterizer_group_unit', net 'rasterizer_units[0].rasterizer_inst/skip_unit_stage1/status_inst[0][6][7]' driven by pin 'rasterizer_units[0].rasterizer_inst/skip_unit_stage1/inputs_dimension[0].dyy_inst_i/status_7' has no loads. (LINT-2)
Warning: In design 'Rasterizer_group_unit', net 'rasterizer_units[0].rasterizer_inst/skip_unit_stage1/status_inst[0][5][0]' driven by pin 'rasterizer_units[0].rasterizer_inst/skip_unit_stage1/inputs_dimension[0].dxx_inst_i/status_0' has no loads. (LINT-2)
Warning: In design 'Rasterizer_group_unit', net 'rasterizer_units[0].rasterizer_inst/skip_unit_stage1/status_inst[0][5][1]' driven by pin 'rasterizer_units[0].rasterizer_inst/skip_unit_stage1/inputs_dimension[0].dxx_inst_i/status_1' has no loads. (LINT-2)
Warning: In design 'Rasterizer_group_unit', net 'rasterizer_units[0].rasterizer_inst/skip_unit_stage1/status_inst[0][5][2]' driven by pin 'rasterizer_units[0].rasterizer_inst/skip_unit_stage1/inputs_dimension[0].dxx_inst_i/status_2' has no loads. (LINT-2)
Warning: In design 'Rasterizer_group_unit', net 'rasterizer_units[0].rasterizer_inst/skip_unit_stage1/status_inst[0][5][3]' driven by pin 'rasterizer_units[0].rasterizer_inst/skip_unit_stage1/inputs_dimension[0].dxx_inst_i/status_3' has no loads. (LINT-2)
Warning: In design 'Rasterizer_group_unit', net 'rasterizer_units[0].rasterizer_inst/skip_unit_stage1/status_inst[0][5][4]' driven by pin 'rasterizer_units[0].rasterizer_inst/skip_unit_stage1/inputs_dimension[0].dxx_inst_i/status_4' has no loads. (LINT-2)
Warning: In design 'Rasterizer_group_unit', net 'rasterizer_units[0].rasterizer_inst/skip_unit_stage1/status_inst[0][5][5]' driven by pin 'rasterizer_units[0].rasterizer_inst/skip_unit_stage1/inputs_dimension[0].dxx_inst_i/status_5' has no loads. (LINT-2)
Warning: In design 'Rasterizer_group_unit', net 'rasterizer_units[0].rasterizer_inst/skip_unit_stage1/status_inst[0][5][6]' driven by pin 'rasterizer_units[0].rasterizer_inst/skip_unit_stage1/inputs_dimension[0].dxx_inst_i/status_6' has no loads. (LINT-2)
Warning: In design 'Rasterizer_group_unit', net 'rasterizer_units[0].rasterizer_inst/skip_unit_stage1/status_inst[0][5][7]' driven by pin 'rasterizer_units[0].rasterizer_inst/skip_unit_stage1/inputs_dimension[0].dxx_inst_i/status_7' has no loads. (LINT-2)
Warning: In design 'Rasterizer_group_unit', net 'rasterizer_units[0].rasterizer_inst/skip_unit_stage1/status_inst[0][4][0]' driven by pin 'rasterizer_units[0].rasterizer_inst/skip_unit_stage1/inputs_dimension[0].d_y_inst_i/status_0' has no loads. (LINT-2)
Warning: In design 'Rasterizer_group_unit', net 'rasterizer_units[0].rasterizer_inst/skip_unit_stage1/status_inst[0][4][1]' driven by pin 'rasterizer_units[0].rasterizer_inst/skip_unit_stage1/inputs_dimension[0].d_y_inst_i/status_1' has no loads. (LINT-2)
Warning: In design 'Rasterizer_group_unit', net 'rasterizer_units[0].rasterizer_inst/skip_unit_stage1/status_inst[0][4][2]' driven by pin 'rasterizer_units[0].rasterizer_inst/skip_unit_stage1/inputs_dimension[0].d_y_inst_i/status_2' has no loads. (LINT-2)
Warning: In design 'Rasterizer_group_unit', net 'rasterizer_units[0].rasterizer_inst/skip_unit_stage1/status_inst[0][4][3]' driven by pin 'rasterizer_units[0].rasterizer_inst/skip_unit_stage1/inputs_dimension[0].d_y_inst_i/status_3' has no loads. (LINT-2)
Warning: In design 'Rasterizer_group_unit', net 'rasterizer_units[0].rasterizer_inst/skip_unit_stage1/status_inst[0][4][4]' driven by pin 'rasterizer_units[0].rasterizer_inst/skip_unit_stage1/inputs_dimension[0].d_y_inst_i/status_4' has no loads. (LINT-2)
Warning: In design 'Rasterizer_group_unit', net 'rasterizer_units[0].rasterizer_inst/skip_unit_stage1/status_inst[0][4][5]' driven by pin 'rasterizer_units[0].rasterizer_inst/skip_unit_stage1/inputs_dimension[0].d_y_inst_i/status_5' has no loads. (LINT-2)
Warning: In design 'Rasterizer_group_unit', net 'rasterizer_units[0].rasterizer_inst/skip_unit_stage1/status_inst[0][4][6]' driven by pin 'rasterizer_units[0].rasterizer_inst/skip_unit_stage1/inputs_dimension[0].d_y_inst_i/status_6' has no loads. (LINT-2)
Warning: In design 'Rasterizer_group_unit', net 'rasterizer_units[0].rasterizer_inst/skip_unit_stage1/status_inst[0][4][7]' driven by pin 'rasterizer_units[0].rasterizer_inst/skip_unit_stage1/inputs_dimension[0].d_y_inst_i/status_7' has no loads. (LINT-2)
Warning: In design 'Rasterizer_group_unit', net 'rasterizer_units[0].rasterizer_inst/skip_unit_stage1/status_inst[0][3][0]' driven by pin 'rasterizer_units[0].rasterizer_inst/skip_unit_stage1/inputs_dimension[0].d_x_inst_i/status_0' has no loads. (LINT-2)
Warning: In design 'Rasterizer_group_unit', net 'rasterizer_units[0].rasterizer_inst/skip_unit_stage1/status_inst[0][3][1]' driven by pin 'rasterizer_units[0].rasterizer_inst/skip_unit_stage1/inputs_dimension[0].d_x_inst_i/status_1' has no loads. (LINT-2)
Warning: In design 'Rasterizer_group_unit', net 'rasterizer_units[0].rasterizer_inst/skip_unit_stage1/status_inst[0][3][2]' driven by pin 'rasterizer_units[0].rasterizer_inst/skip_unit_stage1/inputs_dimension[0].d_x_inst_i/status_2' has no loads. (LINT-2)
Warning: In design 'Rasterizer_group_unit', net 'rasterizer_units[0].rasterizer_inst/skip_unit_stage1/status_inst[0][3][3]' driven by pin 'rasterizer_units[0].rasterizer_inst/skip_unit_stage1/inputs_dimension[0].d_x_inst_i/status_3' has no loads. (LINT-2)
Warning: In design 'Rasterizer_group_unit', net 'rasterizer_units[0].rasterizer_inst/skip_unit_stage1/status_inst[0][3][4]' driven by pin 'rasterizer_units[0].rasterizer_inst/skip_unit_stage1/inputs_dimension[0].d_x_inst_i/status_4' has no loads. (LINT-2)
Warning: In design 'Rasterizer_group_unit', net 'rasterizer_units[0].rasterizer_inst/skip_unit_stage1/status_inst[0][3][5]' driven by pin 'rasterizer_units[0].rasterizer_inst/skip_unit_stage1/inputs_dimension[0].d_x_inst_i/status_5' has no loads. (LINT-2)
Warning: In design 'Rasterizer_group_unit', net 'rasterizer_units[0].rasterizer_inst/skip_unit_stage1/status_inst[0][3][6]' driven by pin 'rasterizer_units[0].rasterizer_inst/skip_unit_stage1/inputs_dimension[0].d_x_inst_i/status_6' has no loads. (LINT-2)
Warning: In design 'Rasterizer_group_unit', net 'rasterizer_units[0].rasterizer_inst/skip_unit_stage1/status_inst[0][3][7]' driven by pin 'rasterizer_units[0].rasterizer_inst/skip_unit_stage1/inputs_dimension[0].d_x_inst_i/status_7' has no loads. (LINT-2)
Warning: In design 'Rasterizer_group_unit', net 'rasterizer_units[0].rasterizer_inst/skip_unit_stage1/status_inst[0][2][0]' driven by pin 'rasterizer_units[0].rasterizer_inst/skip_unit_stage1/inputs_dimension[0].fp_pixel_y_inst_i/status_0' has no loads. (LINT-2)
Warning: In design 'Rasterizer_group_unit', net 'rasterizer_units[0].rasterizer_inst/skip_unit_stage1/status_inst[0][2][1]' driven by pin 'rasterizer_units[0].rasterizer_inst/skip_unit_stage1/inputs_dimension[0].fp_pixel_y_inst_i/status_1' has no loads. (LINT-2)
Warning: In design 'Rasterizer_group_unit', net 'rasterizer_units[0].rasterizer_inst/skip_unit_stage1/status_inst[0][2][2]' driven by pin 'rasterizer_units[0].rasterizer_inst/skip_unit_stage1/inputs_dimension[0].fp_pixel_y_inst_i/status_2' has no loads. (LINT-2)
Warning: In design 'Rasterizer_group_unit', net 'rasterizer_units[0].rasterizer_inst/skip_unit_stage1/status_inst[0][2][3]' driven by pin 'rasterizer_units[0].rasterizer_inst/skip_unit_stage1/inputs_dimension[0].fp_pixel_y_inst_i/status_3' has no loads. (LINT-2)
Warning: In design 'Rasterizer_group_unit', net 'rasterizer_units[0].rasterizer_inst/skip_unit_stage1/status_inst[0][2][4]' driven by pin 'rasterizer_units[0].rasterizer_inst/skip_unit_stage1/inputs_dimension[0].fp_pixel_y_inst_i/status_4' has no loads. (LINT-2)
Warning: In design 'Rasterizer_group_unit', net 'rasterizer_units[0].rasterizer_inst/skip_unit_stage1/status_inst[0][2][5]' driven by pin 'rasterizer_units[0].rasterizer_inst/skip_unit_stage1/inputs_dimension[0].fp_pixel_y_inst_i/status_5' has no loads. (LINT-2)
Warning: In design 'Rasterizer_group_unit', net 'rasterizer_units[0].rasterizer_inst/skip_unit_stage1/status_inst[0][2][6]' driven by pin 'rasterizer_units[0].rasterizer_inst/skip_unit_stage1/inputs_dimension[0].fp_pixel_y_inst_i/status_6' has no loads. (LINT-2)
Warning: In design 'Rasterizer_group_unit', net 'rasterizer_units[0].rasterizer_inst/skip_unit_stage1/status_inst[0][2][7]' driven by pin 'rasterizer_units[0].rasterizer_inst/skip_unit_stage1/inputs_dimension[0].fp_pixel_y_inst_i/status_7' has no loads. (LINT-2)
Warning: In design 'Rasterizer_group_unit', net 'rasterizer_units[0].rasterizer_inst/skip_unit_stage1/status_inst[0][1][0]' driven by pin 'rasterizer_units[0].rasterizer_inst/skip_unit_stage1/inputs_dimension[0].fp_pixel_x_inst_i/status_0' has no loads. (LINT-2)
Warning: In design 'Rasterizer_group_unit', net 'rasterizer_units[0].rasterizer_inst/skip_unit_stage1/status_inst[0][1][1]' driven by pin 'rasterizer_units[0].rasterizer_inst/skip_unit_stage1/inputs_dimension[0].fp_pixel_x_inst_i/status_1' has no loads. (LINT-2)
Warning: In design 'Rasterizer_group_unit', net 'rasterizer_units[0].rasterizer_inst/skip_unit_stage1/status_inst[0][1][2]' driven by pin 'rasterizer_units[0].rasterizer_inst/skip_unit_stage1/inputs_dimension[0].fp_pixel_x_inst_i/status_2' has no loads. (LINT-2)
Warning: In design 'Rasterizer_group_unit', net 'rasterizer_units[0].rasterizer_inst/skip_unit_stage1/status_inst[0][1][3]' driven by pin 'rasterizer_units[0].rasterizer_inst/skip_unit_stage1/inputs_dimension[0].fp_pixel_x_inst_i/status_3' has no loads. (LINT-2)
Warning: In design 'Rasterizer_group_unit', net 'rasterizer_units[0].rasterizer_inst/skip_unit_stage1/status_inst[0][1][4]' driven by pin 'rasterizer_units[0].rasterizer_inst/skip_unit_stage1/inputs_dimension[0].fp_pixel_x_inst_i/status_4' has no loads. (LINT-2)
Warning: In design 'Rasterizer_group_unit', net 'rasterizer_units[0].rasterizer_inst/skip_unit_stage1/status_inst[0][1][5]' driven by pin 'rasterizer_units[0].rasterizer_inst/skip_unit_stage1/inputs_dimension[0].fp_pixel_x_inst_i/status_5' has no loads. (LINT-2)
Warning: In design 'Rasterizer_group_unit', net 'rasterizer_units[0].rasterizer_inst/skip_unit_stage1/status_inst[0][1][6]' driven by pin 'rasterizer_units[0].rasterizer_inst/skip_unit_stage1/inputs_dimension[0].fp_pixel_x_inst_i/status_6' has no loads. (LINT-2)
Warning: In design 'Rasterizer_group_unit', net 'rasterizer_units[0].rasterizer_inst/skip_unit_stage1/status_inst[0][1][7]' driven by pin 'rasterizer_units[0].rasterizer_inst/skip_unit_stage1/inputs_dimension[0].fp_pixel_x_inst_i/status_7' has no loads. (LINT-2)
Warning: In design 'Rasterizer_group_unit', net 'rasterizer_units[0].rasterizer_inst/skip_unit_stage1/status_inst[1][13][0]' driven by pin 'rasterizer_units[0].rasterizer_inst/skip_unit_stage1/inputs_dimension[1].alpha_temp_maker_inst_i/status_0' has no loads. (LINT-2)
Warning: In design 'Rasterizer_group_unit', net 'rasterizer_units[0].rasterizer_inst/skip_unit_stage1/status_inst[1][13][1]' driven by pin 'rasterizer_units[0].rasterizer_inst/skip_unit_stage1/inputs_dimension[1].alpha_temp_maker_inst_i/status_1' has no loads. (LINT-2)
Warning: In design 'Rasterizer_group_unit', net 'rasterizer_units[0].rasterizer_inst/skip_unit_stage1/status_inst[1][13][2]' driven by pin 'rasterizer_units[0].rasterizer_inst/skip_unit_stage1/inputs_dimension[1].alpha_temp_maker_inst_i/status_2' has no loads. (LINT-2)
Warning: In design 'Rasterizer_group_unit', net 'rasterizer_units[0].rasterizer_inst/skip_unit_stage1/status_inst[1][13][3]' driven by pin 'rasterizer_units[0].rasterizer_inst/skip_unit_stage1/inputs_dimension[1].alpha_temp_maker_inst_i/status_3' has no loads. (LINT-2)
Warning: In design 'Rasterizer_group_unit', net 'rasterizer_units[0].rasterizer_inst/skip_unit_stage1/status_inst[1][13][4]' driven by pin 'rasterizer_units[0].rasterizer_inst/skip_unit_stage1/inputs_dimension[1].alpha_temp_maker_inst_i/status_4' has no loads. (LINT-2)
Warning: In design 'Rasterizer_group_unit', net 'rasterizer_units[0].rasterizer_inst/skip_unit_stage1/status_inst[1][13][5]' driven by pin 'rasterizer_units[0].rasterizer_inst/skip_unit_stage1/inputs_dimension[1].alpha_temp_maker_inst_i/status_5' has no loads. (LINT-2)
Warning: In design 'Rasterizer_group_unit', net 'rasterizer_units[0].rasterizer_inst/skip_unit_stage1/status_inst[1][13][6]' driven by pin 'rasterizer_units[0].rasterizer_inst/skip_unit_stage1/inputs_dimension[1].alpha_temp_maker_inst_i/status_6' has no loads. (LINT-2)
Warning: In design 'Rasterizer_group_unit', net 'rasterizer_units[0].rasterizer_inst/skip_unit_stage1/status_inst[1][13][7]' driven by pin 'rasterizer_units[0].rasterizer_inst/skip_unit_stage1/inputs_dimension[1].alpha_temp_maker_inst_i/status_7' has no loads. (LINT-2)
Warning: In design 'Rasterizer_group_unit', net 'rasterizer_units[0].rasterizer_inst/skip_unit_stage1/status_inst[1][12][0]' driven by pin 'rasterizer_units[0].rasterizer_inst/skip_unit_stage1/inputs_dimension[1].exponent_power_inst_i/status_0' has no loads. (LINT-2)
Warning: In design 'Rasterizer_group_unit', net 'rasterizer_units[0].rasterizer_inst/skip_unit_stage1/status_inst[1][12][1]' driven by pin 'rasterizer_units[0].rasterizer_inst/skip_unit_stage1/inputs_dimension[1].exponent_power_inst_i/status_1' has no loads. (LINT-2)
Warning: In design 'Rasterizer_group_unit', net 'rasterizer_units[0].rasterizer_inst/skip_unit_stage1/status_inst[1][12][2]' driven by pin 'rasterizer_units[0].rasterizer_inst/skip_unit_stage1/inputs_dimension[1].exponent_power_inst_i/status_2' has no loads. (LINT-2)
Warning: In design 'Rasterizer_group_unit', net 'rasterizer_units[0].rasterizer_inst/skip_unit_stage1/status_inst[1][12][3]' driven by pin 'rasterizer_units[0].rasterizer_inst/skip_unit_stage1/inputs_dimension[1].exponent_power_inst_i/status_3' has no loads. (LINT-2)
Warning: In design 'Rasterizer_group_unit', net 'rasterizer_units[0].rasterizer_inst/skip_unit_stage1/status_inst[1][12][4]' driven by pin 'rasterizer_units[0].rasterizer_inst/skip_unit_stage1/inputs_dimension[1].exponent_power_inst_i/status_4' has no loads. (LINT-2)
Warning: In design 'Rasterizer_group_unit', net 'rasterizer_units[0].rasterizer_inst/skip_unit_stage1/status_inst[1][12][5]' driven by pin 'rasterizer_units[0].rasterizer_inst/skip_unit_stage1/inputs_dimension[1].exponent_power_inst_i/status_5' has no loads. (LINT-2)
Warning: In design 'Rasterizer_group_unit', net 'rasterizer_units[0].rasterizer_inst/skip_unit_stage1/status_inst[1][12][6]' driven by pin 'rasterizer_units[0].rasterizer_inst/skip_unit_stage1/inputs_dimension[1].exponent_power_inst_i/status_6' has no loads. (LINT-2)
Warning: In design 'Rasterizer_group_unit', net 'rasterizer_units[0].rasterizer_inst/skip_unit_stage1/status_inst[1][12][7]' driven by pin 'rasterizer_units[0].rasterizer_inst/skip_unit_stage1/inputs_dimension[1].exponent_power_inst_i/status_7' has no loads. (LINT-2)
Warning: In design 'Rasterizer_group_unit', net 'rasterizer_units[0].rasterizer_inst/skip_unit_stage1/status_inst[1][11][0]' driven by pin 'rasterizer_units[0].rasterizer_inst/skip_unit_stage1/inputs_dimension[1].power_maker_inst_i/status_0' has no loads. (LINT-2)
Warning: In design 'Rasterizer_group_unit', net 'rasterizer_units[0].rasterizer_inst/skip_unit_stage1/status_inst[1][11][1]' driven by pin 'rasterizer_units[0].rasterizer_inst/skip_unit_stage1/inputs_dimension[1].power_maker_inst_i/status_1' has no loads. (LINT-2)
Warning: In design 'Rasterizer_group_unit', net 'rasterizer_units[0].rasterizer_inst/skip_unit_stage1/status_inst[1][11][2]' driven by pin 'rasterizer_units[0].rasterizer_inst/skip_unit_stage1/inputs_dimension[1].power_maker_inst_i/status_2' has no loads. (LINT-2)
Warning: In design 'Rasterizer_group_unit', net 'rasterizer_units[0].rasterizer_inst/skip_unit_stage1/status_inst[1][11][3]' driven by pin 'rasterizer_units[0].rasterizer_inst/skip_unit_stage1/inputs_dimension[1].power_maker_inst_i/status_3' has no loads. (LINT-2)
Warning: In design 'Rasterizer_group_unit', net 'rasterizer_units[0].rasterizer_inst/skip_unit_stage1/status_inst[1][11][4]' driven by pin 'rasterizer_units[0].rasterizer_inst/skip_unit_stage1/inputs_dimension[1].power_maker_inst_i/status_4' has no loads. (LINT-2)
Warning: In design 'Rasterizer_group_unit', net 'rasterizer_units[0].rasterizer_inst/skip_unit_stage1/status_inst[1][11][5]' driven by pin 'rasterizer_units[0].rasterizer_inst/skip_unit_stage1/inputs_dimension[1].power_maker_inst_i/status_5' has no loads. (LINT-2)
Warning: In design 'Rasterizer_group_unit', net 'rasterizer_units[0].rasterizer_inst/skip_unit_stage1/status_inst[1][11][6]' driven by pin 'rasterizer_units[0].rasterizer_inst/skip_unit_stage1/inputs_dimension[1].power_maker_inst_i/status_6' has no loads. (LINT-2)
Warning: In design 'Rasterizer_group_unit', net 'rasterizer_units[0].rasterizer_inst/skip_unit_stage1/status_inst[1][11][7]' driven by pin 'rasterizer_units[0].rasterizer_inst/skip_unit_stage1/inputs_dimension[1].power_maker_inst_i/status_7' has no loads. (LINT-2)
Warning: In design 'Rasterizer_group_unit', net 'rasterizer_units[0].rasterizer_inst/skip_unit_stage1/status_inst[1][10][0]' driven by pin 'rasterizer_units[0].rasterizer_inst/skip_unit_stage1/inputs_dimension[1].t3_inst_i/status_0' has no loads. (LINT-2)
Warning: In design 'Rasterizer_group_unit', net 'rasterizer_units[0].rasterizer_inst/skip_unit_stage1/status_inst[1][10][1]' driven by pin 'rasterizer_units[0].rasterizer_inst/skip_unit_stage1/inputs_dimension[1].t3_inst_i/status_1' has no loads. (LINT-2)
Warning: In design 'Rasterizer_group_unit', net 'rasterizer_units[0].rasterizer_inst/skip_unit_stage1/status_inst[1][10][2]' driven by pin 'rasterizer_units[0].rasterizer_inst/skip_unit_stage1/inputs_dimension[1].t3_inst_i/status_2' has no loads. (LINT-2)
Warning: In design 'Rasterizer_group_unit', net 'rasterizer_units[0].rasterizer_inst/skip_unit_stage1/status_inst[1][10][3]' driven by pin 'rasterizer_units[0].rasterizer_inst/skip_unit_stage1/inputs_dimension[1].t3_inst_i/status_3' has no loads. (LINT-2)
Warning: In design 'Rasterizer_group_unit', net 'rasterizer_units[0].rasterizer_inst/skip_unit_stage1/status_inst[1][10][4]' driven by pin 'rasterizer_units[0].rasterizer_inst/skip_unit_stage1/inputs_dimension[1].t3_inst_i/status_4' has no loads. (LINT-2)
Warning: In design 'Rasterizer_group_unit', net 'rasterizer_units[0].rasterizer_inst/skip_unit_stage1/status_inst[1][10][5]' driven by pin 'rasterizer_units[0].rasterizer_inst/skip_unit_stage1/inputs_dimension[1].t3_inst_i/status_5' has no loads. (LINT-2)
Warning: In design 'Rasterizer_group_unit', net 'rasterizer_units[0].rasterizer_inst/skip_unit_stage1/status_inst[1][10][6]' driven by pin 'rasterizer_units[0].rasterizer_inst/skip_unit_stage1/inputs_dimension[1].t3_inst_i/status_6' has no loads. (LINT-2)
Warning: In design 'Rasterizer_group_unit', net 'rasterizer_units[0].rasterizer_inst/skip_unit_stage1/status_inst[1][10][7]' driven by pin 'rasterizer_units[0].rasterizer_inst/skip_unit_stage1/inputs_dimension[1].t3_inst_i/status_7' has no loads. (LINT-2)
Warning: In design 'Rasterizer_group_unit', net 'rasterizer_units[0].rasterizer_inst/skip_unit_stage1/status_inst[1][9][0]' driven by pin 'rasterizer_units[0].rasterizer_inst/skip_unit_stage1/inputs_dimension[1].t2_inst_i/status_0' has no loads. (LINT-2)
Warning: In design 'Rasterizer_group_unit', net 'rasterizer_units[0].rasterizer_inst/skip_unit_stage1/status_inst[1][9][1]' driven by pin 'rasterizer_units[0].rasterizer_inst/skip_unit_stage1/inputs_dimension[1].t2_inst_i/status_1' has no loads. (LINT-2)
Warning: In design 'Rasterizer_group_unit', net 'rasterizer_units[0].rasterizer_inst/skip_unit_stage1/status_inst[1][9][2]' driven by pin 'rasterizer_units[0].rasterizer_inst/skip_unit_stage1/inputs_dimension[1].t2_inst_i/status_2' has no loads. (LINT-2)
Warning: In design 'Rasterizer_group_unit', net 'rasterizer_units[0].rasterizer_inst/skip_unit_stage1/status_inst[1][9][3]' driven by pin 'rasterizer_units[0].rasterizer_inst/skip_unit_stage1/inputs_dimension[1].t2_inst_i/status_3' has no loads. (LINT-2)
Warning: In design 'Rasterizer_group_unit', net 'rasterizer_units[0].rasterizer_inst/skip_unit_stage1/status_inst[1][9][4]' driven by pin 'rasterizer_units[0].rasterizer_inst/skip_unit_stage1/inputs_dimension[1].t2_inst_i/status_4' has no loads. (LINT-2)
Warning: In design 'Rasterizer_group_unit', net 'rasterizer_units[0].rasterizer_inst/skip_unit_stage1/status_inst[1][9][5]' driven by pin 'rasterizer_units[0].rasterizer_inst/skip_unit_stage1/inputs_dimension[1].t2_inst_i/status_5' has no loads. (LINT-2)
Warning: In design 'Rasterizer_group_unit', net 'rasterizer_units[0].rasterizer_inst/skip_unit_stage1/status_inst[1][9][6]' driven by pin 'rasterizer_units[0].rasterizer_inst/skip_unit_stage1/inputs_dimension[1].t2_inst_i/status_6' has no loads. (LINT-2)
Warning: In design 'Rasterizer_group_unit', net 'rasterizer_units[0].rasterizer_inst/skip_unit_stage1/status_inst[1][9][7]' driven by pin 'rasterizer_units[0].rasterizer_inst/skip_unit_stage1/inputs_dimension[1].t2_inst_i/status_7' has no loads. (LINT-2)
Warning: In design 'Rasterizer_group_unit', net 'rasterizer_units[0].rasterizer_inst/skip_unit_stage1/status_inst[1][8][0]' driven by pin 'rasterizer_units[0].rasterizer_inst/skip_unit_stage1/inputs_dimension[1].t1_inst_i/status_0' has no loads. (LINT-2)
Warning: In design 'Rasterizer_group_unit', net 'rasterizer_units[0].rasterizer_inst/skip_unit_stage1/status_inst[1][8][1]' driven by pin 'rasterizer_units[0].rasterizer_inst/skip_unit_stage1/inputs_dimension[1].t1_inst_i/status_1' has no loads. (LINT-2)
Warning: In design 'Rasterizer_group_unit', net 'rasterizer_units[0].rasterizer_inst/skip_unit_stage1/status_inst[1][8][2]' driven by pin 'rasterizer_units[0].rasterizer_inst/skip_unit_stage1/inputs_dimension[1].t1_inst_i/status_2' has no loads. (LINT-2)
Warning: In design 'Rasterizer_group_unit', net 'rasterizer_units[0].rasterizer_inst/skip_unit_stage1/status_inst[1][8][3]' driven by pin 'rasterizer_units[0].rasterizer_inst/skip_unit_stage1/inputs_dimension[1].t1_inst_i/status_3' has no loads. (LINT-2)
Warning: In design 'Rasterizer_group_unit', net 'rasterizer_units[0].rasterizer_inst/skip_unit_stage1/status_inst[1][8][4]' driven by pin 'rasterizer_units[0].rasterizer_inst/skip_unit_stage1/inputs_dimension[1].t1_inst_i/status_4' has no loads. (LINT-2)
Warning: In design 'Rasterizer_group_unit', net 'rasterizer_units[0].rasterizer_inst/skip_unit_stage1/status_inst[1][8][5]' driven by pin 'rasterizer_units[0].rasterizer_inst/skip_unit_stage1/inputs_dimension[1].t1_inst_i/status_5' has no loads. (LINT-2)
Warning: In design 'Rasterizer_group_unit', net 'rasterizer_units[0].rasterizer_inst/skip_unit_stage1/status_inst[1][8][6]' driven by pin 'rasterizer_units[0].rasterizer_inst/skip_unit_stage1/inputs_dimension[1].t1_inst_i/status_6' has no loads. (LINT-2)
Warning: In design 'Rasterizer_group_unit', net 'rasterizer_units[0].rasterizer_inst/skip_unit_stage1/status_inst[1][8][7]' driven by pin 'rasterizer_units[0].rasterizer_inst/skip_unit_stage1/inputs_dimension[1].t1_inst_i/status_7' has no loads. (LINT-2)
Warning: In design 'Rasterizer_group_unit', net 'rasterizer_units[0].rasterizer_inst/skip_unit_stage1/status_inst[1][7][0]' driven by pin 'rasterizer_units[0].rasterizer_inst/skip_unit_stage1/inputs_dimension[1].dxy_inst_i/status_0' has no loads. (LINT-2)
Warning: In design 'Rasterizer_group_unit', net 'rasterizer_units[0].rasterizer_inst/skip_unit_stage1/status_inst[1][7][1]' driven by pin 'rasterizer_units[0].rasterizer_inst/skip_unit_stage1/inputs_dimension[1].dxy_inst_i/status_1' has no loads. (LINT-2)
Warning: In design 'Rasterizer_group_unit', net 'rasterizer_units[0].rasterizer_inst/skip_unit_stage1/status_inst[1][7][2]' driven by pin 'rasterizer_units[0].rasterizer_inst/skip_unit_stage1/inputs_dimension[1].dxy_inst_i/status_2' has no loads. (LINT-2)
Warning: In design 'Rasterizer_group_unit', net 'rasterizer_units[0].rasterizer_inst/skip_unit_stage1/status_inst[1][7][3]' driven by pin 'rasterizer_units[0].rasterizer_inst/skip_unit_stage1/inputs_dimension[1].dxy_inst_i/status_3' has no loads. (LINT-2)
Warning: In design 'Rasterizer_group_unit', net 'rasterizer_units[0].rasterizer_inst/skip_unit_stage1/status_inst[1][7][4]' driven by pin 'rasterizer_units[0].rasterizer_inst/skip_unit_stage1/inputs_dimension[1].dxy_inst_i/status_4' has no loads. (LINT-2)
Warning: In design 'Rasterizer_group_unit', net 'rasterizer_units[0].rasterizer_inst/skip_unit_stage1/status_inst[1][7][5]' driven by pin 'rasterizer_units[0].rasterizer_inst/skip_unit_stage1/inputs_dimension[1].dxy_inst_i/status_5' has no loads. (LINT-2)
Warning: In design 'Rasterizer_group_unit', net 'rasterizer_units[0].rasterizer_inst/skip_unit_stage1/status_inst[1][7][6]' driven by pin 'rasterizer_units[0].rasterizer_inst/skip_unit_stage1/inputs_dimension[1].dxy_inst_i/status_6' has no loads. (LINT-2)
Warning: In design 'Rasterizer_group_unit', net 'rasterizer_units[0].rasterizer_inst/skip_unit_stage1/status_inst[1][7][7]' driven by pin 'rasterizer_units[0].rasterizer_inst/skip_unit_stage1/inputs_dimension[1].dxy_inst_i/status_7' has no loads. (LINT-2)
Warning: In design 'Rasterizer_group_unit', net 'rasterizer_units[0].rasterizer_inst/skip_unit_stage1/status_inst[1][6][0]' driven by pin 'rasterizer_units[0].rasterizer_inst/skip_unit_stage1/inputs_dimension[1].dyy_inst_i/status_0' has no loads. (LINT-2)
Warning: In design 'Rasterizer_group_unit', net 'rasterizer_units[0].rasterizer_inst/skip_unit_stage1/status_inst[1][6][1]' driven by pin 'rasterizer_units[0].rasterizer_inst/skip_unit_stage1/inputs_dimension[1].dyy_inst_i/status_1' has no loads. (LINT-2)
Warning: In design 'Rasterizer_group_unit', net 'rasterizer_units[0].rasterizer_inst/skip_unit_stage1/status_inst[1][6][2]' driven by pin 'rasterizer_units[0].rasterizer_inst/skip_unit_stage1/inputs_dimension[1].dyy_inst_i/status_2' has no loads. (LINT-2)
Warning: In design 'Rasterizer_group_unit', net 'rasterizer_units[0].rasterizer_inst/skip_unit_stage1/status_inst[1][6][3]' driven by pin 'rasterizer_units[0].rasterizer_inst/skip_unit_stage1/inputs_dimension[1].dyy_inst_i/status_3' has no loads. (LINT-2)
Warning: In design 'Rasterizer_group_unit', net 'rasterizer_units[0].rasterizer_inst/skip_unit_stage1/status_inst[1][6][4]' driven by pin 'rasterizer_units[0].rasterizer_inst/skip_unit_stage1/inputs_dimension[1].dyy_inst_i/status_4' has no loads. (LINT-2)
Warning: In design 'Rasterizer_group_unit', net 'rasterizer_units[0].rasterizer_inst/skip_unit_stage1/status_inst[1][6][5]' driven by pin 'rasterizer_units[0].rasterizer_inst/skip_unit_stage1/inputs_dimension[1].dyy_inst_i/status_5' has no loads. (LINT-2)
Warning: In design 'Rasterizer_group_unit', net 'rasterizer_units[0].rasterizer_inst/skip_unit_stage1/status_inst[1][6][6]' driven by pin 'rasterizer_units[0].rasterizer_inst/skip_unit_stage1/inputs_dimension[1].dyy_inst_i/status_6' has no loads. (LINT-2)
Warning: In design 'Rasterizer_group_unit', net 'rasterizer_units[0].rasterizer_inst/skip_unit_stage1/status_inst[1][6][7]' driven by pin 'rasterizer_units[0].rasterizer_inst/skip_unit_stage1/inputs_dimension[1].dyy_inst_i/status_7' has no loads. (LINT-2)
Warning: In design 'Rasterizer_group_unit', net 'rasterizer_units[0].rasterizer_inst/skip_unit_stage1/status_inst[1][5][0]' driven by pin 'rasterizer_units[0].rasterizer_inst/skip_unit_stage1/inputs_dimension[1].dxx_inst_i/status_0' has no loads. (LINT-2)
Warning: In design 'Rasterizer_group_unit', net 'rasterizer_units[0].rasterizer_inst/skip_unit_stage1/status_inst[1][5][1]' driven by pin 'rasterizer_units[0].rasterizer_inst/skip_unit_stage1/inputs_dimension[1].dxx_inst_i/status_1' has no loads. (LINT-2)
Warning: In design 'Rasterizer_group_unit', net 'rasterizer_units[0].rasterizer_inst/skip_unit_stage1/status_inst[1][5][2]' driven by pin 'rasterizer_units[0].rasterizer_inst/skip_unit_stage1/inputs_dimension[1].dxx_inst_i/status_2' has no loads. (LINT-2)
Warning: In design 'Rasterizer_group_unit', net 'rasterizer_units[0].rasterizer_inst/skip_unit_stage1/status_inst[1][5][3]' driven by pin 'rasterizer_units[0].rasterizer_inst/skip_unit_stage1/inputs_dimension[1].dxx_inst_i/status_3' has no loads. (LINT-2)
Warning: In design 'Rasterizer_group_unit', net 'rasterizer_units[0].rasterizer_inst/skip_unit_stage1/status_inst[1][5][4]' driven by pin 'rasterizer_units[0].rasterizer_inst/skip_unit_stage1/inputs_dimension[1].dxx_inst_i/status_4' has no loads. (LINT-2)
Warning: In design 'Rasterizer_group_unit', net 'rasterizer_units[0].rasterizer_inst/skip_unit_stage1/status_inst[1][5][5]' driven by pin 'rasterizer_units[0].rasterizer_inst/skip_unit_stage1/inputs_dimension[1].dxx_inst_i/status_5' has no loads. (LINT-2)
Warning: In design 'Rasterizer_group_unit', net 'rasterizer_units[0].rasterizer_inst/skip_unit_stage1/status_inst[1][5][6]' driven by pin 'rasterizer_units[0].rasterizer_inst/skip_unit_stage1/inputs_dimension[1].dxx_inst_i/status_6' has no loads. (LINT-2)
Warning: In design 'Rasterizer_group_unit', net 'rasterizer_units[0].rasterizer_inst/skip_unit_stage1/status_inst[1][5][7]' driven by pin 'rasterizer_units[0].rasterizer_inst/skip_unit_stage1/inputs_dimension[1].dxx_inst_i/status_7' has no loads. (LINT-2)
Warning: In design 'Rasterizer_group_unit', net 'rasterizer_units[0].rasterizer_inst/skip_unit_stage1/status_inst[1][4][0]' driven by pin 'rasterizer_units[0].rasterizer_inst/skip_unit_stage1/inputs_dimension[1].d_y_inst_i/status_0' has no loads. (LINT-2)
Warning: In design 'Rasterizer_group_unit', net 'rasterizer_units[0].rasterizer_inst/skip_unit_stage1/status_inst[1][4][1]' driven by pin 'rasterizer_units[0].rasterizer_inst/skip_unit_stage1/inputs_dimension[1].d_y_inst_i/status_1' has no loads. (LINT-2)
Warning: In design 'Rasterizer_group_unit', net 'rasterizer_units[0].rasterizer_inst/skip_unit_stage1/status_inst[1][4][2]' driven by pin 'rasterizer_units[0].rasterizer_inst/skip_unit_stage1/inputs_dimension[1].d_y_inst_i/status_2' has no loads. (LINT-2)
Warning: In design 'Rasterizer_group_unit', net 'rasterizer_units[0].rasterizer_inst/skip_unit_stage1/status_inst[1][4][3]' driven by pin 'rasterizer_units[0].rasterizer_inst/skip_unit_stage1/inputs_dimension[1].d_y_inst_i/status_3' has no loads. (LINT-2)
Warning: In design 'Rasterizer_group_unit', net 'rasterizer_units[0].rasterizer_inst/skip_unit_stage1/status_inst[1][4][4]' driven by pin 'rasterizer_units[0].rasterizer_inst/skip_unit_stage1/inputs_dimension[1].d_y_inst_i/status_4' has no loads. (LINT-2)
Warning: In design 'Rasterizer_group_unit', net 'rasterizer_units[0].rasterizer_inst/skip_unit_stage1/status_inst[1][4][5]' driven by pin 'rasterizer_units[0].rasterizer_inst/skip_unit_stage1/inputs_dimension[1].d_y_inst_i/status_5' has no loads. (LINT-2)
Warning: In design 'Rasterizer_group_unit', net 'rasterizer_units[0].rasterizer_inst/skip_unit_stage1/status_inst[1][4][6]' driven by pin 'rasterizer_units[0].rasterizer_inst/skip_unit_stage1/inputs_dimension[1].d_y_inst_i/status_6' has no loads. (LINT-2)
Warning: In design 'Rasterizer_group_unit', net 'rasterizer_units[0].rasterizer_inst/skip_unit_stage1/status_inst[1][4][7]' driven by pin 'rasterizer_units[0].rasterizer_inst/skip_unit_stage1/inputs_dimension[1].d_y_inst_i/status_7' has no loads. (LINT-2)
Warning: In design 'Rasterizer_group_unit', net 'rasterizer_units[0].rasterizer_inst/skip_unit_stage1/status_inst[1][3][0]' driven by pin 'rasterizer_units[0].rasterizer_inst/skip_unit_stage1/inputs_dimension[1].d_x_inst_i/status_0' has no loads. (LINT-2)
Warning: In design 'Rasterizer_group_unit', net 'rasterizer_units[0].rasterizer_inst/skip_unit_stage1/status_inst[1][3][1]' driven by pin 'rasterizer_units[0].rasterizer_inst/skip_unit_stage1/inputs_dimension[1].d_x_inst_i/status_1' has no loads. (LINT-2)
Warning: In design 'Rasterizer_group_unit', net 'rasterizer_units[0].rasterizer_inst/skip_unit_stage1/status_inst[1][3][2]' driven by pin 'rasterizer_units[0].rasterizer_inst/skip_unit_stage1/inputs_dimension[1].d_x_inst_i/status_2' has no loads. (LINT-2)
Warning: In design 'Rasterizer_group_unit', net 'rasterizer_units[0].rasterizer_inst/skip_unit_stage1/status_inst[1][3][3]' driven by pin 'rasterizer_units[0].rasterizer_inst/skip_unit_stage1/inputs_dimension[1].d_x_inst_i/status_3' has no loads. (LINT-2)
Warning: In design 'Rasterizer_group_unit', net 'rasterizer_units[0].rasterizer_inst/skip_unit_stage1/status_inst[1][3][4]' driven by pin 'rasterizer_units[0].rasterizer_inst/skip_unit_stage1/inputs_dimension[1].d_x_inst_i/status_4' has no loads. (LINT-2)
Warning: In design 'Rasterizer_group_unit', net 'rasterizer_units[0].rasterizer_inst/skip_unit_stage1/status_inst[1][3][5]' driven by pin 'rasterizer_units[0].rasterizer_inst/skip_unit_stage1/inputs_dimension[1].d_x_inst_i/status_5' has no loads. (LINT-2)
Warning: In design 'Rasterizer_group_unit', net 'rasterizer_units[0].rasterizer_inst/skip_unit_stage1/status_inst[1][3][6]' driven by pin 'rasterizer_units[0].rasterizer_inst/skip_unit_stage1/inputs_dimension[1].d_x_inst_i/status_6' has no loads. (LINT-2)
Warning: In design 'Rasterizer_group_unit', net 'rasterizer_units[0].rasterizer_inst/skip_unit_stage1/status_inst[1][3][7]' driven by pin 'rasterizer_units[0].rasterizer_inst/skip_unit_stage1/inputs_dimension[1].d_x_inst_i/status_7' has no loads. (LINT-2)
Warning: In design 'Rasterizer_group_unit', net 'rasterizer_units[0].rasterizer_inst/skip_unit_stage1/status_inst[1][2][0]' driven by pin 'rasterizer_units[0].rasterizer_inst/skip_unit_stage1/inputs_dimension[1].fp_pixel_y_inst_i/status_0' has no loads. (LINT-2)
Warning: In design 'Rasterizer_group_unit', net 'rasterizer_units[0].rasterizer_inst/skip_unit_stage1/status_inst[1][2][1]' driven by pin 'rasterizer_units[0].rasterizer_inst/skip_unit_stage1/inputs_dimension[1].fp_pixel_y_inst_i/status_1' has no loads. (LINT-2)
Warning: In design 'Rasterizer_group_unit', net 'rasterizer_units[0].rasterizer_inst/skip_unit_stage1/status_inst[1][2][2]' driven by pin 'rasterizer_units[0].rasterizer_inst/skip_unit_stage1/inputs_dimension[1].fp_pixel_y_inst_i/status_2' has no loads. (LINT-2)
Warning: In design 'Rasterizer_group_unit', net 'rasterizer_units[0].rasterizer_inst/skip_unit_stage1/status_inst[1][2][3]' driven by pin 'rasterizer_units[0].rasterizer_inst/skip_unit_stage1/inputs_dimension[1].fp_pixel_y_inst_i/status_3' has no loads. (LINT-2)
Warning: In design 'Rasterizer_group_unit', net 'rasterizer_units[0].rasterizer_inst/skip_unit_stage1/status_inst[1][2][4]' driven by pin 'rasterizer_units[0].rasterizer_inst/skip_unit_stage1/inputs_dimension[1].fp_pixel_y_inst_i/status_4' has no loads. (LINT-2)
Warning: In design 'Rasterizer_group_unit', net 'rasterizer_units[0].rasterizer_inst/skip_unit_stage1/status_inst[1][2][5]' driven by pin 'rasterizer_units[0].rasterizer_inst/skip_unit_stage1/inputs_dimension[1].fp_pixel_y_inst_i/status_5' has no loads. (LINT-2)
Warning: In design 'Rasterizer_group_unit', net 'rasterizer_units[0].rasterizer_inst/skip_unit_stage1/status_inst[1][2][6]' driven by pin 'rasterizer_units[0].rasterizer_inst/skip_unit_stage1/inputs_dimension[1].fp_pixel_y_inst_i/status_6' has no loads. (LINT-2)
Warning: In design 'Rasterizer_group_unit', net 'rasterizer_units[0].rasterizer_inst/skip_unit_stage1/status_inst[1][2][7]' driven by pin 'rasterizer_units[0].rasterizer_inst/skip_unit_stage1/inputs_dimension[1].fp_pixel_y_inst_i/status_7' has no loads. (LINT-2)
Warning: In design 'Rasterizer_group_unit', net 'rasterizer_units[0].rasterizer_inst/skip_unit_stage1/status_inst[1][1][0]' driven by pin 'rasterizer_units[0].rasterizer_inst/skip_unit_stage1/inputs_dimension[1].fp_pixel_x_inst_i/status_0' has no loads. (LINT-2)
Warning: In design 'Rasterizer_group_unit', net 'rasterizer_units[0].rasterizer_inst/skip_unit_stage1/status_inst[1][1][1]' driven by pin 'rasterizer_units[0].rasterizer_inst/skip_unit_stage1/inputs_dimension[1].fp_pixel_x_inst_i/status_1' has no loads. (LINT-2)
Warning: In design 'Rasterizer_group_unit', net 'rasterizer_units[0].rasterizer_inst/skip_unit_stage1/status_inst[1][1][2]' driven by pin 'rasterizer_units[0].rasterizer_inst/skip_unit_stage1/inputs_dimension[1].fp_pixel_x_inst_i/status_2' has no loads. (LINT-2)
Warning: In design 'Rasterizer_group_unit', net 'rasterizer_units[0].rasterizer_inst/skip_unit_stage1/status_inst[1][1][3]' driven by pin 'rasterizer_units[0].rasterizer_inst/skip_unit_stage1/inputs_dimension[1].fp_pixel_x_inst_i/status_3' has no loads. (LINT-2)
Warning: In design 'Rasterizer_group_unit', net 'rasterizer_units[0].rasterizer_inst/skip_unit_stage1/status_inst[1][1][4]' driven by pin 'rasterizer_units[0].rasterizer_inst/skip_unit_stage1/inputs_dimension[1].fp_pixel_x_inst_i/status_4' has no loads. (LINT-2)
Warning: In design 'Rasterizer_group_unit', net 'rasterizer_units[0].rasterizer_inst/skip_unit_stage1/status_inst[1][1][5]' driven by pin 'rasterizer_units[0].rasterizer_inst/skip_unit_stage1/inputs_dimension[1].fp_pixel_x_inst_i/status_5' has no loads. (LINT-2)
Warning: In design 'Rasterizer_group_unit', net 'rasterizer_units[0].rasterizer_inst/skip_unit_stage1/status_inst[1][1][6]' driven by pin 'rasterizer_units[0].rasterizer_inst/skip_unit_stage1/inputs_dimension[1].fp_pixel_x_inst_i/status_6' has no loads. (LINT-2)
Warning: In design 'Rasterizer_group_unit', net 'rasterizer_units[0].rasterizer_inst/skip_unit_stage1/status_inst[1][1][7]' driven by pin 'rasterizer_units[0].rasterizer_inst/skip_unit_stage1/inputs_dimension[1].fp_pixel_x_inst_i/status_7' has no loads. (LINT-2)
Warning: In design 'Rasterizer_group_unit', net 'rasterizer_units[0].rasterizer_inst/skip_unit_stage1/status_inst[2][13][0]' driven by pin 'rasterizer_units[0].rasterizer_inst/skip_unit_stage1/inputs_dimension[2].alpha_temp_maker_inst_i/status_0' has no loads. (LINT-2)
Warning: In design 'Rasterizer_group_unit', net 'rasterizer_units[0].rasterizer_inst/skip_unit_stage1/status_inst[2][13][1]' driven by pin 'rasterizer_units[0].rasterizer_inst/skip_unit_stage1/inputs_dimension[2].alpha_temp_maker_inst_i/status_1' has no loads. (LINT-2)
Warning: In design 'Rasterizer_group_unit', net 'rasterizer_units[0].rasterizer_inst/skip_unit_stage1/status_inst[2][13][2]' driven by pin 'rasterizer_units[0].rasterizer_inst/skip_unit_stage1/inputs_dimension[2].alpha_temp_maker_inst_i/status_2' has no loads. (LINT-2)
Warning: In design 'Rasterizer_group_unit', net 'rasterizer_units[0].rasterizer_inst/skip_unit_stage1/status_inst[2][13][3]' driven by pin 'rasterizer_units[0].rasterizer_inst/skip_unit_stage1/inputs_dimension[2].alpha_temp_maker_inst_i/status_3' has no loads. (LINT-2)
Warning: In design 'Rasterizer_group_unit', net 'rasterizer_units[0].rasterizer_inst/skip_unit_stage1/status_inst[2][13][4]' driven by pin 'rasterizer_units[0].rasterizer_inst/skip_unit_stage1/inputs_dimension[2].alpha_temp_maker_inst_i/status_4' has no loads. (LINT-2)
Warning: In design 'Rasterizer_group_unit', net 'rasterizer_units[0].rasterizer_inst/skip_unit_stage1/status_inst[2][13][5]' driven by pin 'rasterizer_units[0].rasterizer_inst/skip_unit_stage1/inputs_dimension[2].alpha_temp_maker_inst_i/status_5' has no loads. (LINT-2)
Warning: In design 'Rasterizer_group_unit', net 'rasterizer_units[0].rasterizer_inst/skip_unit_stage1/status_inst[2][13][6]' driven by pin 'rasterizer_units[0].rasterizer_inst/skip_unit_stage1/inputs_dimension[2].alpha_temp_maker_inst_i/status_6' has no loads. (LINT-2)
Warning: In design 'Rasterizer_group_unit', net 'rasterizer_units[0].rasterizer_inst/skip_unit_stage1/status_inst[2][13][7]' driven by pin 'rasterizer_units[0].rasterizer_inst/skip_unit_stage1/inputs_dimension[2].alpha_temp_maker_inst_i/status_7' has no loads. (LINT-2)
Warning: In design 'Rasterizer_group_unit', net 'rasterizer_units[0].rasterizer_inst/skip_unit_stage1/status_inst[2][12][0]' driven by pin 'rasterizer_units[0].rasterizer_inst/skip_unit_stage1/inputs_dimension[2].exponent_power_inst_i/status_0' has no loads. (LINT-2)
Warning: In design 'Rasterizer_group_unit', net 'rasterizer_units[0].rasterizer_inst/skip_unit_stage1/status_inst[2][12][1]' driven by pin 'rasterizer_units[0].rasterizer_inst/skip_unit_stage1/inputs_dimension[2].exponent_power_inst_i/status_1' has no loads. (LINT-2)
Warning: In design 'Rasterizer_group_unit', net 'rasterizer_units[0].rasterizer_inst/skip_unit_stage1/status_inst[2][12][2]' driven by pin 'rasterizer_units[0].rasterizer_inst/skip_unit_stage1/inputs_dimension[2].exponent_power_inst_i/status_2' has no loads. (LINT-2)
Warning: In design 'Rasterizer_group_unit', net 'rasterizer_units[0].rasterizer_inst/skip_unit_stage1/status_inst[2][12][3]' driven by pin 'rasterizer_units[0].rasterizer_inst/skip_unit_stage1/inputs_dimension[2].exponent_power_inst_i/status_3' has no loads. (LINT-2)
Warning: In design 'Rasterizer_group_unit', net 'rasterizer_units[0].rasterizer_inst/skip_unit_stage1/status_inst[2][12][4]' driven by pin 'rasterizer_units[0].rasterizer_inst/skip_unit_stage1/inputs_dimension[2].exponent_power_inst_i/status_4' has no loads. (LINT-2)
Warning: In design 'Rasterizer_group_unit', net 'rasterizer_units[0].rasterizer_inst/skip_unit_stage1/status_inst[2][12][5]' driven by pin 'rasterizer_units[0].rasterizer_inst/skip_unit_stage1/inputs_dimension[2].exponent_power_inst_i/status_5' has no loads. (LINT-2)
Warning: In design 'Rasterizer_group_unit', net 'rasterizer_units[0].rasterizer_inst/skip_unit_stage1/status_inst[2][12][6]' driven by pin 'rasterizer_units[0].rasterizer_inst/skip_unit_stage1/inputs_dimension[2].exponent_power_inst_i/status_6' has no loads. (LINT-2)
Warning: In design 'Rasterizer_group_unit', net 'rasterizer_units[0].rasterizer_inst/skip_unit_stage1/status_inst[2][12][7]' driven by pin 'rasterizer_units[0].rasterizer_inst/skip_unit_stage1/inputs_dimension[2].exponent_power_inst_i/status_7' has no loads. (LINT-2)
Warning: In design 'Rasterizer_group_unit', net 'rasterizer_units[0].rasterizer_inst/skip_unit_stage1/status_inst[2][11][0]' driven by pin 'rasterizer_units[0].rasterizer_inst/skip_unit_stage1/inputs_dimension[2].power_maker_inst_i/status_0' has no loads. (LINT-2)
Warning: In design 'Rasterizer_group_unit', net 'rasterizer_units[0].rasterizer_inst/skip_unit_stage1/status_inst[2][11][1]' driven by pin 'rasterizer_units[0].rasterizer_inst/skip_unit_stage1/inputs_dimension[2].power_maker_inst_i/status_1' has no loads. (LINT-2)
Warning: In design 'Rasterizer_group_unit', net 'rasterizer_units[0].rasterizer_inst/skip_unit_stage1/status_inst[2][11][2]' driven by pin 'rasterizer_units[0].rasterizer_inst/skip_unit_stage1/inputs_dimension[2].power_maker_inst_i/status_2' has no loads. (LINT-2)
Warning: In design 'Rasterizer_group_unit', net 'rasterizer_units[0].rasterizer_inst/skip_unit_stage1/status_inst[2][11][3]' driven by pin 'rasterizer_units[0].rasterizer_inst/skip_unit_stage1/inputs_dimension[2].power_maker_inst_i/status_3' has no loads. (LINT-2)
Warning: In design 'Rasterizer_group_unit', net 'rasterizer_units[0].rasterizer_inst/skip_unit_stage1/status_inst[2][11][4]' driven by pin 'rasterizer_units[0].rasterizer_inst/skip_unit_stage1/inputs_dimension[2].power_maker_inst_i/status_4' has no loads. (LINT-2)
Warning: In design 'Rasterizer_group_unit', net 'rasterizer_units[0].rasterizer_inst/skip_unit_stage1/status_inst[2][11][5]' driven by pin 'rasterizer_units[0].rasterizer_inst/skip_unit_stage1/inputs_dimension[2].power_maker_inst_i/status_5' has no loads. (LINT-2)
Warning: In design 'Rasterizer_group_unit', net 'rasterizer_units[0].rasterizer_inst/skip_unit_stage1/status_inst[2][11][6]' driven by pin 'rasterizer_units[0].rasterizer_inst/skip_unit_stage1/inputs_dimension[2].power_maker_inst_i/status_6' has no loads. (LINT-2)
Warning: In design 'Rasterizer_group_unit', net 'rasterizer_units[0].rasterizer_inst/skip_unit_stage1/status_inst[2][11][7]' driven by pin 'rasterizer_units[0].rasterizer_inst/skip_unit_stage1/inputs_dimension[2].power_maker_inst_i/status_7' has no loads. (LINT-2)
Warning: In design 'Rasterizer_group_unit', net 'rasterizer_units[0].rasterizer_inst/skip_unit_stage1/status_inst[2][10][0]' driven by pin 'rasterizer_units[0].rasterizer_inst/skip_unit_stage1/inputs_dimension[2].t3_inst_i/status_0' has no loads. (LINT-2)
Warning: In design 'Rasterizer_group_unit', net 'rasterizer_units[0].rasterizer_inst/skip_unit_stage1/status_inst[2][10][1]' driven by pin 'rasterizer_units[0].rasterizer_inst/skip_unit_stage1/inputs_dimension[2].t3_inst_i/status_1' has no loads. (LINT-2)
Warning: In design 'Rasterizer_group_unit', net 'rasterizer_units[0].rasterizer_inst/skip_unit_stage1/status_inst[2][10][2]' driven by pin 'rasterizer_units[0].rasterizer_inst/skip_unit_stage1/inputs_dimension[2].t3_inst_i/status_2' has no loads. (LINT-2)
Warning: In design 'Rasterizer_group_unit', net 'rasterizer_units[0].rasterizer_inst/skip_unit_stage1/status_inst[2][10][3]' driven by pin 'rasterizer_units[0].rasterizer_inst/skip_unit_stage1/inputs_dimension[2].t3_inst_i/status_3' has no loads. (LINT-2)
Warning: In design 'Rasterizer_group_unit', net 'rasterizer_units[0].rasterizer_inst/skip_unit_stage1/status_inst[2][10][4]' driven by pin 'rasterizer_units[0].rasterizer_inst/skip_unit_stage1/inputs_dimension[2].t3_inst_i/status_4' has no loads. (LINT-2)
Warning: In design 'Rasterizer_group_unit', net 'rasterizer_units[0].rasterizer_inst/skip_unit_stage1/status_inst[2][10][5]' driven by pin 'rasterizer_units[0].rasterizer_inst/skip_unit_stage1/inputs_dimension[2].t3_inst_i/status_5' has no loads. (LINT-2)
Warning: In design 'Rasterizer_group_unit', net 'rasterizer_units[0].rasterizer_inst/skip_unit_stage1/status_inst[2][10][6]' driven by pin 'rasterizer_units[0].rasterizer_inst/skip_unit_stage1/inputs_dimension[2].t3_inst_i/status_6' has no loads. (LINT-2)
Warning: In design 'Rasterizer_group_unit', net 'rasterizer_units[0].rasterizer_inst/skip_unit_stage1/status_inst[2][10][7]' driven by pin 'rasterizer_units[0].rasterizer_inst/skip_unit_stage1/inputs_dimension[2].t3_inst_i/status_7' has no loads. (LINT-2)
Warning: In design 'Rasterizer_group_unit', net 'rasterizer_units[0].rasterizer_inst/skip_unit_stage1/status_inst[2][9][0]' driven by pin 'rasterizer_units[0].rasterizer_inst/skip_unit_stage1/inputs_dimension[2].t2_inst_i/status_0' has no loads. (LINT-2)
Warning: In design 'Rasterizer_group_unit', net 'rasterizer_units[0].rasterizer_inst/skip_unit_stage1/status_inst[2][9][1]' driven by pin 'rasterizer_units[0].rasterizer_inst/skip_unit_stage1/inputs_dimension[2].t2_inst_i/status_1' has no loads. (LINT-2)
Warning: In design 'Rasterizer_group_unit', net 'rasterizer_units[0].rasterizer_inst/skip_unit_stage1/status_inst[2][9][2]' driven by pin 'rasterizer_units[0].rasterizer_inst/skip_unit_stage1/inputs_dimension[2].t2_inst_i/status_2' has no loads. (LINT-2)
Warning: In design 'Rasterizer_group_unit', net 'rasterizer_units[0].rasterizer_inst/skip_unit_stage1/status_inst[2][9][3]' driven by pin 'rasterizer_units[0].rasterizer_inst/skip_unit_stage1/inputs_dimension[2].t2_inst_i/status_3' has no loads. (LINT-2)
Warning: In design 'Rasterizer_group_unit', net 'rasterizer_units[0].rasterizer_inst/skip_unit_stage1/status_inst[2][9][4]' driven by pin 'rasterizer_units[0].rasterizer_inst/skip_unit_stage1/inputs_dimension[2].t2_inst_i/status_4' has no loads. (LINT-2)
Warning: In design 'Rasterizer_group_unit', net 'rasterizer_units[0].rasterizer_inst/skip_unit_stage1/status_inst[2][9][5]' driven by pin 'rasterizer_units[0].rasterizer_inst/skip_unit_stage1/inputs_dimension[2].t2_inst_i/status_5' has no loads. (LINT-2)
Warning: In design 'Rasterizer_group_unit', net 'rasterizer_units[0].rasterizer_inst/skip_unit_stage1/status_inst[2][9][6]' driven by pin 'rasterizer_units[0].rasterizer_inst/skip_unit_stage1/inputs_dimension[2].t2_inst_i/status_6' has no loads. (LINT-2)
Warning: In design 'Rasterizer_group_unit', net 'rasterizer_units[0].rasterizer_inst/skip_unit_stage1/status_inst[2][9][7]' driven by pin 'rasterizer_units[0].rasterizer_inst/skip_unit_stage1/inputs_dimension[2].t2_inst_i/status_7' has no loads. (LINT-2)
Warning: In design 'Rasterizer_group_unit', net 'rasterizer_units[0].rasterizer_inst/skip_unit_stage1/status_inst[2][8][0]' driven by pin 'rasterizer_units[0].rasterizer_inst/skip_unit_stage1/inputs_dimension[2].t1_inst_i/status_0' has no loads. (LINT-2)
Warning: In design 'Rasterizer_group_unit', net 'rasterizer_units[0].rasterizer_inst/skip_unit_stage1/status_inst[2][8][1]' driven by pin 'rasterizer_units[0].rasterizer_inst/skip_unit_stage1/inputs_dimension[2].t1_inst_i/status_1' has no loads. (LINT-2)
Warning: In design 'Rasterizer_group_unit', net 'rasterizer_units[0].rasterizer_inst/skip_unit_stage1/status_inst[2][8][2]' driven by pin 'rasterizer_units[0].rasterizer_inst/skip_unit_stage1/inputs_dimension[2].t1_inst_i/status_2' has no loads. (LINT-2)
Warning: In design 'Rasterizer_group_unit', net 'rasterizer_units[0].rasterizer_inst/skip_unit_stage1/status_inst[2][8][3]' driven by pin 'rasterizer_units[0].rasterizer_inst/skip_unit_stage1/inputs_dimension[2].t1_inst_i/status_3' has no loads. (LINT-2)
Warning: In design 'Rasterizer_group_unit', net 'rasterizer_units[0].rasterizer_inst/skip_unit_stage1/status_inst[2][8][4]' driven by pin 'rasterizer_units[0].rasterizer_inst/skip_unit_stage1/inputs_dimension[2].t1_inst_i/status_4' has no loads. (LINT-2)
Warning: In design 'Rasterizer_group_unit', net 'rasterizer_units[0].rasterizer_inst/skip_unit_stage1/status_inst[2][8][5]' driven by pin 'rasterizer_units[0].rasterizer_inst/skip_unit_stage1/inputs_dimension[2].t1_inst_i/status_5' has no loads. (LINT-2)
Warning: In design 'Rasterizer_group_unit', net 'rasterizer_units[0].rasterizer_inst/skip_unit_stage1/status_inst[2][8][6]' driven by pin 'rasterizer_units[0].rasterizer_inst/skip_unit_stage1/inputs_dimension[2].t1_inst_i/status_6' has no loads. (LINT-2)
Warning: In design 'Rasterizer_group_unit', net 'rasterizer_units[0].rasterizer_inst/skip_unit_stage1/status_inst[2][8][7]' driven by pin 'rasterizer_units[0].rasterizer_inst/skip_unit_stage1/inputs_dimension[2].t1_inst_i/status_7' has no loads. (LINT-2)
Warning: In design 'Rasterizer_group_unit', net 'rasterizer_units[0].rasterizer_inst/skip_unit_stage1/status_inst[2][7][0]' driven by pin 'rasterizer_units[0].rasterizer_inst/skip_unit_stage1/inputs_dimension[2].dxy_inst_i/status_0' has no loads. (LINT-2)
Warning: In design 'Rasterizer_group_unit', net 'rasterizer_units[0].rasterizer_inst/skip_unit_stage1/status_inst[2][7][1]' driven by pin 'rasterizer_units[0].rasterizer_inst/skip_unit_stage1/inputs_dimension[2].dxy_inst_i/status_1' has no loads. (LINT-2)
Warning: In design 'Rasterizer_group_unit', net 'rasterizer_units[0].rasterizer_inst/skip_unit_stage1/status_inst[2][7][2]' driven by pin 'rasterizer_units[0].rasterizer_inst/skip_unit_stage1/inputs_dimension[2].dxy_inst_i/status_2' has no loads. (LINT-2)
Warning: In design 'Rasterizer_group_unit', net 'rasterizer_units[0].rasterizer_inst/skip_unit_stage1/status_inst[2][7][3]' driven by pin 'rasterizer_units[0].rasterizer_inst/skip_unit_stage1/inputs_dimension[2].dxy_inst_i/status_3' has no loads. (LINT-2)
Warning: In design 'Rasterizer_group_unit', net 'rasterizer_units[0].rasterizer_inst/skip_unit_stage1/status_inst[2][7][4]' driven by pin 'rasterizer_units[0].rasterizer_inst/skip_unit_stage1/inputs_dimension[2].dxy_inst_i/status_4' has no loads. (LINT-2)
Warning: In design 'Rasterizer_group_unit', net 'rasterizer_units[0].rasterizer_inst/skip_unit_stage1/status_inst[2][7][5]' driven by pin 'rasterizer_units[0].rasterizer_inst/skip_unit_stage1/inputs_dimension[2].dxy_inst_i/status_5' has no loads. (LINT-2)
Warning: In design 'Rasterizer_group_unit', net 'rasterizer_units[0].rasterizer_inst/skip_unit_stage1/status_inst[2][7][6]' driven by pin 'rasterizer_units[0].rasterizer_inst/skip_unit_stage1/inputs_dimension[2].dxy_inst_i/status_6' has no loads. (LINT-2)
Warning: In design 'Rasterizer_group_unit', net 'rasterizer_units[0].rasterizer_inst/skip_unit_stage1/status_inst[2][7][7]' driven by pin 'rasterizer_units[0].rasterizer_inst/skip_unit_stage1/inputs_dimension[2].dxy_inst_i/status_7' has no loads. (LINT-2)
Warning: In design 'Rasterizer_group_unit', net 'rasterizer_units[0].rasterizer_inst/skip_unit_stage1/status_inst[2][6][0]' driven by pin 'rasterizer_units[0].rasterizer_inst/skip_unit_stage1/inputs_dimension[2].dyy_inst_i/status_0' has no loads. (LINT-2)
Warning: In design 'Rasterizer_group_unit', net 'rasterizer_units[0].rasterizer_inst/skip_unit_stage1/status_inst[2][6][1]' driven by pin 'rasterizer_units[0].rasterizer_inst/skip_unit_stage1/inputs_dimension[2].dyy_inst_i/status_1' has no loads. (LINT-2)
Warning: In design 'Rasterizer_group_unit', net 'rasterizer_units[0].rasterizer_inst/skip_unit_stage1/status_inst[2][6][2]' driven by pin 'rasterizer_units[0].rasterizer_inst/skip_unit_stage1/inputs_dimension[2].dyy_inst_i/status_2' has no loads. (LINT-2)
Warning: In design 'Rasterizer_group_unit', net 'rasterizer_units[0].rasterizer_inst/skip_unit_stage1/status_inst[2][6][3]' driven by pin 'rasterizer_units[0].rasterizer_inst/skip_unit_stage1/inputs_dimension[2].dyy_inst_i/status_3' has no loads. (LINT-2)
Warning: In design 'Rasterizer_group_unit', net 'rasterizer_units[0].rasterizer_inst/skip_unit_stage1/status_inst[2][6][4]' driven by pin 'rasterizer_units[0].rasterizer_inst/skip_unit_stage1/inputs_dimension[2].dyy_inst_i/status_4' has no loads. (LINT-2)
Warning: In design 'Rasterizer_group_unit', net 'rasterizer_units[0].rasterizer_inst/skip_unit_stage1/status_inst[2][6][5]' driven by pin 'rasterizer_units[0].rasterizer_inst/skip_unit_stage1/inputs_dimension[2].dyy_inst_i/status_5' has no loads. (LINT-2)
Warning: In design 'Rasterizer_group_unit', net 'rasterizer_units[0].rasterizer_inst/skip_unit_stage1/status_inst[2][6][6]' driven by pin 'rasterizer_units[0].rasterizer_inst/skip_unit_stage1/inputs_dimension[2].dyy_inst_i/status_6' has no loads. (LINT-2)
Warning: In design 'Rasterizer_group_unit', net 'rasterizer_units[0].rasterizer_inst/skip_unit_stage1/status_inst[2][6][7]' driven by pin 'rasterizer_units[0].rasterizer_inst/skip_unit_stage1/inputs_dimension[2].dyy_inst_i/status_7' has no loads. (LINT-2)
Warning: In design 'Rasterizer_group_unit', net 'rasterizer_units[0].rasterizer_inst/skip_unit_stage1/status_inst[2][5][0]' driven by pin 'rasterizer_units[0].rasterizer_inst/skip_unit_stage1/inputs_dimension[2].dxx_inst_i/status_0' has no loads. (LINT-2)
Warning: In design 'Rasterizer_group_unit', net 'rasterizer_units[0].rasterizer_inst/skip_unit_stage1/status_inst[2][5][1]' driven by pin 'rasterizer_units[0].rasterizer_inst/skip_unit_stage1/inputs_dimension[2].dxx_inst_i/status_1' has no loads. (LINT-2)
Warning: In design 'Rasterizer_group_unit', net 'rasterizer_units[0].rasterizer_inst/skip_unit_stage1/status_inst[2][5][2]' driven by pin 'rasterizer_units[0].rasterizer_inst/skip_unit_stage1/inputs_dimension[2].dxx_inst_i/status_2' has no loads. (LINT-2)
Warning: In design 'Rasterizer_group_unit', net 'rasterizer_units[0].rasterizer_inst/skip_unit_stage1/status_inst[2][5][3]' driven by pin 'rasterizer_units[0].rasterizer_inst/skip_unit_stage1/inputs_dimension[2].dxx_inst_i/status_3' has no loads. (LINT-2)
Warning: In design 'Rasterizer_group_unit', net 'rasterizer_units[0].rasterizer_inst/skip_unit_stage1/status_inst[2][5][4]' driven by pin 'rasterizer_units[0].rasterizer_inst/skip_unit_stage1/inputs_dimension[2].dxx_inst_i/status_4' has no loads. (LINT-2)
Warning: In design 'Rasterizer_group_unit', net 'rasterizer_units[0].rasterizer_inst/skip_unit_stage1/status_inst[2][5][5]' driven by pin 'rasterizer_units[0].rasterizer_inst/skip_unit_stage1/inputs_dimension[2].dxx_inst_i/status_5' has no loads. (LINT-2)
Warning: In design 'Rasterizer_group_unit', net 'rasterizer_units[0].rasterizer_inst/skip_unit_stage1/status_inst[2][5][6]' driven by pin 'rasterizer_units[0].rasterizer_inst/skip_unit_stage1/inputs_dimension[2].dxx_inst_i/status_6' has no loads. (LINT-2)
Warning: In design 'Rasterizer_group_unit', net 'rasterizer_units[0].rasterizer_inst/skip_unit_stage1/status_inst[2][5][7]' driven by pin 'rasterizer_units[0].rasterizer_inst/skip_unit_stage1/inputs_dimension[2].dxx_inst_i/status_7' has no loads. (LINT-2)
Warning: In design 'Rasterizer_group_unit', net 'rasterizer_units[0].rasterizer_inst/skip_unit_stage1/status_inst[2][4][0]' driven by pin 'rasterizer_units[0].rasterizer_inst/skip_unit_stage1/inputs_dimension[2].d_y_inst_i/status_0' has no loads. (LINT-2)
Warning: In design 'Rasterizer_group_unit', net 'rasterizer_units[0].rasterizer_inst/skip_unit_stage1/status_inst[2][4][1]' driven by pin 'rasterizer_units[0].rasterizer_inst/skip_unit_stage1/inputs_dimension[2].d_y_inst_i/status_1' has no loads. (LINT-2)
Warning: In design 'Rasterizer_group_unit', net 'rasterizer_units[0].rasterizer_inst/skip_unit_stage1/status_inst[2][4][2]' driven by pin 'rasterizer_units[0].rasterizer_inst/skip_unit_stage1/inputs_dimension[2].d_y_inst_i/status_2' has no loads. (LINT-2)
Warning: In design 'Rasterizer_group_unit', net 'rasterizer_units[0].rasterizer_inst/skip_unit_stage1/status_inst[2][4][3]' driven by pin 'rasterizer_units[0].rasterizer_inst/skip_unit_stage1/inputs_dimension[2].d_y_inst_i/status_3' has no loads. (LINT-2)
Warning: In design 'Rasterizer_group_unit', net 'rasterizer_units[0].rasterizer_inst/skip_unit_stage1/status_inst[2][4][4]' driven by pin 'rasterizer_units[0].rasterizer_inst/skip_unit_stage1/inputs_dimension[2].d_y_inst_i/status_4' has no loads. (LINT-2)
Warning: In design 'Rasterizer_group_unit', net 'rasterizer_units[0].rasterizer_inst/skip_unit_stage1/status_inst[2][4][5]' driven by pin 'rasterizer_units[0].rasterizer_inst/skip_unit_stage1/inputs_dimension[2].d_y_inst_i/status_5' has no loads. (LINT-2)
Warning: In design 'Rasterizer_group_unit', net 'rasterizer_units[0].rasterizer_inst/skip_unit_stage1/status_inst[2][4][6]' driven by pin 'rasterizer_units[0].rasterizer_inst/skip_unit_stage1/inputs_dimension[2].d_y_inst_i/status_6' has no loads. (LINT-2)
Warning: In design 'Rasterizer_group_unit', net 'rasterizer_units[0].rasterizer_inst/skip_unit_stage1/status_inst[2][4][7]' driven by pin 'rasterizer_units[0].rasterizer_inst/skip_unit_stage1/inputs_dimension[2].d_y_inst_i/status_7' has no loads. (LINT-2)
Warning: In design 'Rasterizer_group_unit', net 'rasterizer_units[0].rasterizer_inst/skip_unit_stage1/status_inst[2][3][0]' driven by pin 'rasterizer_units[0].rasterizer_inst/skip_unit_stage1/inputs_dimension[2].d_x_inst_i/status_0' has no loads. (LINT-2)
Warning: In design 'Rasterizer_group_unit', net 'rasterizer_units[0].rasterizer_inst/skip_unit_stage1/status_inst[2][3][1]' driven by pin 'rasterizer_units[0].rasterizer_inst/skip_unit_stage1/inputs_dimension[2].d_x_inst_i/status_1' has no loads. (LINT-2)
Warning: In design 'Rasterizer_group_unit', net 'rasterizer_units[0].rasterizer_inst/skip_unit_stage1/status_inst[2][3][2]' driven by pin 'rasterizer_units[0].rasterizer_inst/skip_unit_stage1/inputs_dimension[2].d_x_inst_i/status_2' has no loads. (LINT-2)
Warning: In design 'Rasterizer_group_unit', net 'rasterizer_units[0].rasterizer_inst/skip_unit_stage1/status_inst[2][3][3]' driven by pin 'rasterizer_units[0].rasterizer_inst/skip_unit_stage1/inputs_dimension[2].d_x_inst_i/status_3' has no loads. (LINT-2)
Warning: In design 'Rasterizer_group_unit', net 'rasterizer_units[0].rasterizer_inst/skip_unit_stage1/status_inst[2][3][4]' driven by pin 'rasterizer_units[0].rasterizer_inst/skip_unit_stage1/inputs_dimension[2].d_x_inst_i/status_4' has no loads. (LINT-2)
Warning: In design 'Rasterizer_group_unit', net 'rasterizer_units[0].rasterizer_inst/skip_unit_stage1/status_inst[2][3][5]' driven by pin 'rasterizer_units[0].rasterizer_inst/skip_unit_stage1/inputs_dimension[2].d_x_inst_i/status_5' has no loads. (LINT-2)
Warning: In design 'Rasterizer_group_unit', net 'rasterizer_units[0].rasterizer_inst/skip_unit_stage1/status_inst[2][3][6]' driven by pin 'rasterizer_units[0].rasterizer_inst/skip_unit_stage1/inputs_dimension[2].d_x_inst_i/status_6' has no loads. (LINT-2)
Warning: In design 'Rasterizer_group_unit', net 'rasterizer_units[0].rasterizer_inst/skip_unit_stage1/status_inst[2][3][7]' driven by pin 'rasterizer_units[0].rasterizer_inst/skip_unit_stage1/inputs_dimension[2].d_x_inst_i/status_7' has no loads. (LINT-2)
Warning: In design 'Rasterizer_group_unit', net 'rasterizer_units[0].rasterizer_inst/skip_unit_stage1/status_inst[2][2][0]' driven by pin 'rasterizer_units[0].rasterizer_inst/skip_unit_stage1/inputs_dimension[2].fp_pixel_y_inst_i/status_0' has no loads. (LINT-2)
Warning: In design 'Rasterizer_group_unit', net 'rasterizer_units[0].rasterizer_inst/skip_unit_stage1/status_inst[2][2][1]' driven by pin 'rasterizer_units[0].rasterizer_inst/skip_unit_stage1/inputs_dimension[2].fp_pixel_y_inst_i/status_1' has no loads. (LINT-2)
Warning: In design 'Rasterizer_group_unit', net 'rasterizer_units[0].rasterizer_inst/skip_unit_stage1/status_inst[2][2][2]' driven by pin 'rasterizer_units[0].rasterizer_inst/skip_unit_stage1/inputs_dimension[2].fp_pixel_y_inst_i/status_2' has no loads. (LINT-2)
Warning: In design 'Rasterizer_group_unit', net 'rasterizer_units[0].rasterizer_inst/skip_unit_stage1/status_inst[2][2][3]' driven by pin 'rasterizer_units[0].rasterizer_inst/skip_unit_stage1/inputs_dimension[2].fp_pixel_y_inst_i/status_3' has no loads. (LINT-2)
Warning: In design 'Rasterizer_group_unit', net 'rasterizer_units[0].rasterizer_inst/skip_unit_stage1/status_inst[2][2][4]' driven by pin 'rasterizer_units[0].rasterizer_inst/skip_unit_stage1/inputs_dimension[2].fp_pixel_y_inst_i/status_4' has no loads. (LINT-2)
Warning: In design 'Rasterizer_group_unit', net 'rasterizer_units[0].rasterizer_inst/skip_unit_stage1/status_inst[2][2][5]' driven by pin 'rasterizer_units[0].rasterizer_inst/skip_unit_stage1/inputs_dimension[2].fp_pixel_y_inst_i/status_5' has no loads. (LINT-2)
Warning: In design 'Rasterizer_group_unit', net 'rasterizer_units[0].rasterizer_inst/skip_unit_stage1/status_inst[2][2][6]' driven by pin 'rasterizer_units[0].rasterizer_inst/skip_unit_stage1/inputs_dimension[2].fp_pixel_y_inst_i/status_6' has no loads. (LINT-2)
Warning: In design 'Rasterizer_group_unit', net 'rasterizer_units[0].rasterizer_inst/skip_unit_stage1/status_inst[2][2][7]' driven by pin 'rasterizer_units[0].rasterizer_inst/skip_unit_stage1/inputs_dimension[2].fp_pixel_y_inst_i/status_7' has no loads. (LINT-2)
Warning: In design 'Rasterizer_group_unit', net 'rasterizer_units[0].rasterizer_inst/skip_unit_stage1/status_inst[2][1][0]' driven by pin 'rasterizer_units[0].rasterizer_inst/skip_unit_stage1/inputs_dimension[2].fp_pixel_x_inst_i/status_0' has no loads. (LINT-2)
Warning: In design 'Rasterizer_group_unit', net 'rasterizer_units[0].rasterizer_inst/skip_unit_stage1/status_inst[2][1][1]' driven by pin 'rasterizer_units[0].rasterizer_inst/skip_unit_stage1/inputs_dimension[2].fp_pixel_x_inst_i/status_1' has no loads. (LINT-2)
Warning: In design 'Rasterizer_group_unit', net 'rasterizer_units[0].rasterizer_inst/skip_unit_stage1/status_inst[2][1][2]' driven by pin 'rasterizer_units[0].rasterizer_inst/skip_unit_stage1/inputs_dimension[2].fp_pixel_x_inst_i/status_2' has no loads. (LINT-2)
Warning: In design 'Rasterizer_group_unit', net 'rasterizer_units[0].rasterizer_inst/skip_unit_stage1/status_inst[2][1][3]' driven by pin 'rasterizer_units[0].rasterizer_inst/skip_unit_stage1/inputs_dimension[2].fp_pixel_x_inst_i/status_3' has no loads. (LINT-2)
Warning: In design 'Rasterizer_group_unit', net 'rasterizer_units[0].rasterizer_inst/skip_unit_stage1/status_inst[2][1][4]' driven by pin 'rasterizer_units[0].rasterizer_inst/skip_unit_stage1/inputs_dimension[2].fp_pixel_x_inst_i/status_4' has no loads. (LINT-2)
Warning: In design 'Rasterizer_group_unit', net 'rasterizer_units[0].rasterizer_inst/skip_unit_stage1/status_inst[2][1][5]' driven by pin 'rasterizer_units[0].rasterizer_inst/skip_unit_stage1/inputs_dimension[2].fp_pixel_x_inst_i/status_5' has no loads. (LINT-2)
Warning: In design 'Rasterizer_group_unit', net 'rasterizer_units[0].rasterizer_inst/skip_unit_stage1/status_inst[2][1][6]' driven by pin 'rasterizer_units[0].rasterizer_inst/skip_unit_stage1/inputs_dimension[2].fp_pixel_x_inst_i/status_6' has no loads. (LINT-2)
Warning: In design 'Rasterizer_group_unit', net 'rasterizer_units[0].rasterizer_inst/skip_unit_stage1/status_inst[2][1][7]' driven by pin 'rasterizer_units[0].rasterizer_inst/skip_unit_stage1/inputs_dimension[2].fp_pixel_x_inst_i/status_7' has no loads. (LINT-2)
Warning: In design 'Rasterizer_group_unit', net 'rasterizer_units[0].rasterizer_inst/skip_unit_stage1/status_inst[3][13][0]' driven by pin 'rasterizer_units[0].rasterizer_inst/skip_unit_stage1/inputs_dimension[3].alpha_temp_maker_inst_i/status_0' has no loads. (LINT-2)
Warning: In design 'Rasterizer_group_unit', net 'rasterizer_units[0].rasterizer_inst/skip_unit_stage1/status_inst[3][13][1]' driven by pin 'rasterizer_units[0].rasterizer_inst/skip_unit_stage1/inputs_dimension[3].alpha_temp_maker_inst_i/status_1' has no loads. (LINT-2)
Warning: In design 'Rasterizer_group_unit', net 'rasterizer_units[0].rasterizer_inst/skip_unit_stage1/status_inst[3][13][2]' driven by pin 'rasterizer_units[0].rasterizer_inst/skip_unit_stage1/inputs_dimension[3].alpha_temp_maker_inst_i/status_2' has no loads. (LINT-2)
Warning: In design 'Rasterizer_group_unit', net 'rasterizer_units[0].rasterizer_inst/skip_unit_stage1/status_inst[3][13][3]' driven by pin 'rasterizer_units[0].rasterizer_inst/skip_unit_stage1/inputs_dimension[3].alpha_temp_maker_inst_i/status_3' has no loads. (LINT-2)
Warning: In design 'Rasterizer_group_unit', net 'rasterizer_units[0].rasterizer_inst/skip_unit_stage1/status_inst[3][13][4]' driven by pin 'rasterizer_units[0].rasterizer_inst/skip_unit_stage1/inputs_dimension[3].alpha_temp_maker_inst_i/status_4' has no loads. (LINT-2)
Warning: In design 'Rasterizer_group_unit', net 'rasterizer_units[0].rasterizer_inst/skip_unit_stage1/status_inst[3][13][5]' driven by pin 'rasterizer_units[0].rasterizer_inst/skip_unit_stage1/inputs_dimension[3].alpha_temp_maker_inst_i/status_5' has no loads. (LINT-2)
Warning: In design 'Rasterizer_group_unit', net 'rasterizer_units[0].rasterizer_inst/skip_unit_stage1/status_inst[3][13][6]' driven by pin 'rasterizer_units[0].rasterizer_inst/skip_unit_stage1/inputs_dimension[3].alpha_temp_maker_inst_i/status_6' has no loads. (LINT-2)
Warning: In design 'Rasterizer_group_unit', net 'rasterizer_units[0].rasterizer_inst/skip_unit_stage1/status_inst[3][13][7]' driven by pin 'rasterizer_units[0].rasterizer_inst/skip_unit_stage1/inputs_dimension[3].alpha_temp_maker_inst_i/status_7' has no loads. (LINT-2)
Warning: In design 'Rasterizer_group_unit', net 'rasterizer_units[0].rasterizer_inst/skip_unit_stage1/status_inst[3][12][0]' driven by pin 'rasterizer_units[0].rasterizer_inst/skip_unit_stage1/inputs_dimension[3].exponent_power_inst_i/status_0' has no loads. (LINT-2)
Warning: In design 'Rasterizer_group_unit', net 'rasterizer_units[0].rasterizer_inst/skip_unit_stage1/status_inst[3][12][1]' driven by pin 'rasterizer_units[0].rasterizer_inst/skip_unit_stage1/inputs_dimension[3].exponent_power_inst_i/status_1' has no loads. (LINT-2)
Warning: In design 'Rasterizer_group_unit', net 'rasterizer_units[0].rasterizer_inst/skip_unit_stage1/status_inst[3][12][2]' driven by pin 'rasterizer_units[0].rasterizer_inst/skip_unit_stage1/inputs_dimension[3].exponent_power_inst_i/status_2' has no loads. (LINT-2)
Warning: In design 'Rasterizer_group_unit', net 'rasterizer_units[0].rasterizer_inst/skip_unit_stage1/status_inst[3][12][3]' driven by pin 'rasterizer_units[0].rasterizer_inst/skip_unit_stage1/inputs_dimension[3].exponent_power_inst_i/status_3' has no loads. (LINT-2)
Warning: In design 'Rasterizer_group_unit', net 'rasterizer_units[0].rasterizer_inst/skip_unit_stage1/status_inst[3][12][4]' driven by pin 'rasterizer_units[0].rasterizer_inst/skip_unit_stage1/inputs_dimension[3].exponent_power_inst_i/status_4' has no loads. (LINT-2)
Warning: In design 'Rasterizer_group_unit', net 'rasterizer_units[0].rasterizer_inst/skip_unit_stage1/status_inst[3][12][5]' driven by pin 'rasterizer_units[0].rasterizer_inst/skip_unit_stage1/inputs_dimension[3].exponent_power_inst_i/status_5' has no loads. (LINT-2)
Warning: In design 'Rasterizer_group_unit', net 'rasterizer_units[0].rasterizer_inst/skip_unit_stage1/status_inst[3][12][6]' driven by pin 'rasterizer_units[0].rasterizer_inst/skip_unit_stage1/inputs_dimension[3].exponent_power_inst_i/status_6' has no loads. (LINT-2)
Warning: In design 'Rasterizer_group_unit', net 'rasterizer_units[0].rasterizer_inst/skip_unit_stage1/status_inst[3][12][7]' driven by pin 'rasterizer_units[0].rasterizer_inst/skip_unit_stage1/inputs_dimension[3].exponent_power_inst_i/status_7' has no loads. (LINT-2)
Warning: In design 'Rasterizer_group_unit', net 'rasterizer_units[0].rasterizer_inst/skip_unit_stage1/status_inst[3][11][0]' driven by pin 'rasterizer_units[0].rasterizer_inst/skip_unit_stage1/inputs_dimension[3].power_maker_inst_i/status_0' has no loads. (LINT-2)
Warning: In design 'Rasterizer_group_unit', net 'rasterizer_units[0].rasterizer_inst/skip_unit_stage1/status_inst[3][11][1]' driven by pin 'rasterizer_units[0].rasterizer_inst/skip_unit_stage1/inputs_dimension[3].power_maker_inst_i/status_1' has no loads. (LINT-2)
Warning: In design 'Rasterizer_group_unit', net 'rasterizer_units[0].rasterizer_inst/skip_unit_stage1/status_inst[3][11][2]' driven by pin 'rasterizer_units[0].rasterizer_inst/skip_unit_stage1/inputs_dimension[3].power_maker_inst_i/status_2' has no loads. (LINT-2)
Warning: In design 'Rasterizer_group_unit', net 'rasterizer_units[0].rasterizer_inst/skip_unit_stage1/status_inst[3][11][3]' driven by pin 'rasterizer_units[0].rasterizer_inst/skip_unit_stage1/inputs_dimension[3].power_maker_inst_i/status_3' has no loads. (LINT-2)
Warning: In design 'Rasterizer_group_unit', net 'rasterizer_units[0].rasterizer_inst/skip_unit_stage1/status_inst[3][11][4]' driven by pin 'rasterizer_units[0].rasterizer_inst/skip_unit_stage1/inputs_dimension[3].power_maker_inst_i/status_4' has no loads. (LINT-2)
Warning: In design 'Rasterizer_group_unit', net 'rasterizer_units[0].rasterizer_inst/skip_unit_stage1/status_inst[3][11][5]' driven by pin 'rasterizer_units[0].rasterizer_inst/skip_unit_stage1/inputs_dimension[3].power_maker_inst_i/status_5' has no loads. (LINT-2)
Warning: In design 'Rasterizer_group_unit', net 'rasterizer_units[0].rasterizer_inst/skip_unit_stage1/status_inst[3][11][6]' driven by pin 'rasterizer_units[0].rasterizer_inst/skip_unit_stage1/inputs_dimension[3].power_maker_inst_i/status_6' has no loads. (LINT-2)
Warning: In design 'Rasterizer_group_unit', net 'rasterizer_units[0].rasterizer_inst/skip_unit_stage1/status_inst[3][11][7]' driven by pin 'rasterizer_units[0].rasterizer_inst/skip_unit_stage1/inputs_dimension[3].power_maker_inst_i/status_7' has no loads. (LINT-2)
Warning: In design 'Rasterizer_group_unit', net 'rasterizer_units[0].rasterizer_inst/skip_unit_stage1/status_inst[3][10][0]' driven by pin 'rasterizer_units[0].rasterizer_inst/skip_unit_stage1/inputs_dimension[3].t3_inst_i/status_0' has no loads. (LINT-2)
Warning: In design 'Rasterizer_group_unit', net 'rasterizer_units[0].rasterizer_inst/skip_unit_stage1/status_inst[3][10][1]' driven by pin 'rasterizer_units[0].rasterizer_inst/skip_unit_stage1/inputs_dimension[3].t3_inst_i/status_1' has no loads. (LINT-2)
Warning: In design 'Rasterizer_group_unit', net 'rasterizer_units[0].rasterizer_inst/skip_unit_stage1/status_inst[3][10][2]' driven by pin 'rasterizer_units[0].rasterizer_inst/skip_unit_stage1/inputs_dimension[3].t3_inst_i/status_2' has no loads. (LINT-2)
Warning: In design 'Rasterizer_group_unit', net 'rasterizer_units[0].rasterizer_inst/skip_unit_stage1/status_inst[3][10][3]' driven by pin 'rasterizer_units[0].rasterizer_inst/skip_unit_stage1/inputs_dimension[3].t3_inst_i/status_3' has no loads. (LINT-2)
Warning: In design 'Rasterizer_group_unit', net 'rasterizer_units[0].rasterizer_inst/skip_unit_stage1/status_inst[3][10][4]' driven by pin 'rasterizer_units[0].rasterizer_inst/skip_unit_stage1/inputs_dimension[3].t3_inst_i/status_4' has no loads. (LINT-2)
Warning: In design 'Rasterizer_group_unit', net 'rasterizer_units[0].rasterizer_inst/skip_unit_stage1/status_inst[3][10][5]' driven by pin 'rasterizer_units[0].rasterizer_inst/skip_unit_stage1/inputs_dimension[3].t3_inst_i/status_5' has no loads. (LINT-2)
Warning: In design 'Rasterizer_group_unit', net 'rasterizer_units[0].rasterizer_inst/skip_unit_stage1/status_inst[3][10][6]' driven by pin 'rasterizer_units[0].rasterizer_inst/skip_unit_stage1/inputs_dimension[3].t3_inst_i/status_6' has no loads. (LINT-2)
Warning: In design 'Rasterizer_group_unit', net 'rasterizer_units[0].rasterizer_inst/skip_unit_stage1/status_inst[3][10][7]' driven by pin 'rasterizer_units[0].rasterizer_inst/skip_unit_stage1/inputs_dimension[3].t3_inst_i/status_7' has no loads. (LINT-2)
Warning: In design 'Rasterizer_group_unit', net 'rasterizer_units[0].rasterizer_inst/skip_unit_stage1/status_inst[3][9][0]' driven by pin 'rasterizer_units[0].rasterizer_inst/skip_unit_stage1/inputs_dimension[3].t2_inst_i/status_0' has no loads. (LINT-2)
Warning: In design 'Rasterizer_group_unit', net 'rasterizer_units[0].rasterizer_inst/skip_unit_stage1/status_inst[3][9][1]' driven by pin 'rasterizer_units[0].rasterizer_inst/skip_unit_stage1/inputs_dimension[3].t2_inst_i/status_1' has no loads. (LINT-2)
Warning: In design 'Rasterizer_group_unit', net 'rasterizer_units[0].rasterizer_inst/skip_unit_stage1/status_inst[3][9][2]' driven by pin 'rasterizer_units[0].rasterizer_inst/skip_unit_stage1/inputs_dimension[3].t2_inst_i/status_2' has no loads. (LINT-2)
Warning: In design 'Rasterizer_group_unit', net 'rasterizer_units[0].rasterizer_inst/skip_unit_stage1/status_inst[3][9][3]' driven by pin 'rasterizer_units[0].rasterizer_inst/skip_unit_stage1/inputs_dimension[3].t2_inst_i/status_3' has no loads. (LINT-2)
Warning: In design 'Rasterizer_group_unit', net 'rasterizer_units[0].rasterizer_inst/skip_unit_stage1/status_inst[3][9][4]' driven by pin 'rasterizer_units[0].rasterizer_inst/skip_unit_stage1/inputs_dimension[3].t2_inst_i/status_4' has no loads. (LINT-2)
Warning: In design 'Rasterizer_group_unit', net 'rasterizer_units[0].rasterizer_inst/skip_unit_stage1/status_inst[3][9][5]' driven by pin 'rasterizer_units[0].rasterizer_inst/skip_unit_stage1/inputs_dimension[3].t2_inst_i/status_5' has no loads. (LINT-2)
Warning: In design 'Rasterizer_group_unit', net 'rasterizer_units[0].rasterizer_inst/skip_unit_stage1/status_inst[3][9][6]' driven by pin 'rasterizer_units[0].rasterizer_inst/skip_unit_stage1/inputs_dimension[3].t2_inst_i/status_6' has no loads. (LINT-2)
Warning: In design 'Rasterizer_group_unit', net 'rasterizer_units[0].rasterizer_inst/skip_unit_stage1/status_inst[3][9][7]' driven by pin 'rasterizer_units[0].rasterizer_inst/skip_unit_stage1/inputs_dimension[3].t2_inst_i/status_7' has no loads. (LINT-2)
Warning: In design 'Rasterizer_group_unit', net 'rasterizer_units[0].rasterizer_inst/skip_unit_stage1/status_inst[3][8][0]' driven by pin 'rasterizer_units[0].rasterizer_inst/skip_unit_stage1/inputs_dimension[3].t1_inst_i/status_0' has no loads. (LINT-2)
Warning: In design 'Rasterizer_group_unit', net 'rasterizer_units[0].rasterizer_inst/skip_unit_stage1/status_inst[3][8][1]' driven by pin 'rasterizer_units[0].rasterizer_inst/skip_unit_stage1/inputs_dimension[3].t1_inst_i/status_1' has no loads. (LINT-2)
Warning: In design 'Rasterizer_group_unit', net 'rasterizer_units[0].rasterizer_inst/skip_unit_stage1/status_inst[3][8][2]' driven by pin 'rasterizer_units[0].rasterizer_inst/skip_unit_stage1/inputs_dimension[3].t1_inst_i/status_2' has no loads. (LINT-2)
Warning: In design 'Rasterizer_group_unit', net 'rasterizer_units[0].rasterizer_inst/skip_unit_stage1/status_inst[3][8][3]' driven by pin 'rasterizer_units[0].rasterizer_inst/skip_unit_stage1/inputs_dimension[3].t1_inst_i/status_3' has no loads. (LINT-2)
Warning: In design 'Rasterizer_group_unit', net 'rasterizer_units[0].rasterizer_inst/skip_unit_stage1/status_inst[3][8][4]' driven by pin 'rasterizer_units[0].rasterizer_inst/skip_unit_stage1/inputs_dimension[3].t1_inst_i/status_4' has no loads. (LINT-2)
Warning: In design 'Rasterizer_group_unit', net 'rasterizer_units[0].rasterizer_inst/skip_unit_stage1/status_inst[3][8][5]' driven by pin 'rasterizer_units[0].rasterizer_inst/skip_unit_stage1/inputs_dimension[3].t1_inst_i/status_5' has no loads. (LINT-2)
Warning: In design 'Rasterizer_group_unit', net 'rasterizer_units[0].rasterizer_inst/skip_unit_stage1/status_inst[3][8][6]' driven by pin 'rasterizer_units[0].rasterizer_inst/skip_unit_stage1/inputs_dimension[3].t1_inst_i/status_6' has no loads. (LINT-2)
Warning: In design 'Rasterizer_group_unit', net 'rasterizer_units[0].rasterizer_inst/skip_unit_stage1/status_inst[3][8][7]' driven by pin 'rasterizer_units[0].rasterizer_inst/skip_unit_stage1/inputs_dimension[3].t1_inst_i/status_7' has no loads. (LINT-2)
Warning: In design 'Rasterizer_group_unit', net 'rasterizer_units[0].rasterizer_inst/skip_unit_stage1/status_inst[3][7][0]' driven by pin 'rasterizer_units[0].rasterizer_inst/skip_unit_stage1/inputs_dimension[3].dxy_inst_i/status_0' has no loads. (LINT-2)
Warning: In design 'Rasterizer_group_unit', net 'rasterizer_units[0].rasterizer_inst/skip_unit_stage1/status_inst[3][7][1]' driven by pin 'rasterizer_units[0].rasterizer_inst/skip_unit_stage1/inputs_dimension[3].dxy_inst_i/status_1' has no loads. (LINT-2)
Warning: In design 'Rasterizer_group_unit', net 'rasterizer_units[0].rasterizer_inst/skip_unit_stage1/status_inst[3][7][2]' driven by pin 'rasterizer_units[0].rasterizer_inst/skip_unit_stage1/inputs_dimension[3].dxy_inst_i/status_2' has no loads. (LINT-2)
Warning: In design 'Rasterizer_group_unit', net 'rasterizer_units[0].rasterizer_inst/skip_unit_stage1/status_inst[3][7][3]' driven by pin 'rasterizer_units[0].rasterizer_inst/skip_unit_stage1/inputs_dimension[3].dxy_inst_i/status_3' has no loads. (LINT-2)
Warning: In design 'Rasterizer_group_unit', net 'rasterizer_units[0].rasterizer_inst/skip_unit_stage1/status_inst[3][7][4]' driven by pin 'rasterizer_units[0].rasterizer_inst/skip_unit_stage1/inputs_dimension[3].dxy_inst_i/status_4' has no loads. (LINT-2)
Warning: In design 'Rasterizer_group_unit', net 'rasterizer_units[0].rasterizer_inst/skip_unit_stage1/status_inst[3][7][5]' driven by pin 'rasterizer_units[0].rasterizer_inst/skip_unit_stage1/inputs_dimension[3].dxy_inst_i/status_5' has no loads. (LINT-2)
Warning: In design 'Rasterizer_group_unit', net 'rasterizer_units[0].rasterizer_inst/skip_unit_stage1/status_inst[3][7][6]' driven by pin 'rasterizer_units[0].rasterizer_inst/skip_unit_stage1/inputs_dimension[3].dxy_inst_i/status_6' has no loads. (LINT-2)
Warning: In design 'Rasterizer_group_unit', net 'rasterizer_units[0].rasterizer_inst/skip_unit_stage1/status_inst[3][7][7]' driven by pin 'rasterizer_units[0].rasterizer_inst/skip_unit_stage1/inputs_dimension[3].dxy_inst_i/status_7' has no loads. (LINT-2)
Warning: In design 'Rasterizer_group_unit', net 'rasterizer_units[0].rasterizer_inst/skip_unit_stage1/status_inst[3][6][0]' driven by pin 'rasterizer_units[0].rasterizer_inst/skip_unit_stage1/inputs_dimension[3].dyy_inst_i/status_0' has no loads. (LINT-2)
Warning: In design 'Rasterizer_group_unit', net 'rasterizer_units[0].rasterizer_inst/skip_unit_stage1/status_inst[3][6][1]' driven by pin 'rasterizer_units[0].rasterizer_inst/skip_unit_stage1/inputs_dimension[3].dyy_inst_i/status_1' has no loads. (LINT-2)
Warning: In design 'Rasterizer_group_unit', net 'rasterizer_units[0].rasterizer_inst/skip_unit_stage1/status_inst[3][6][2]' driven by pin 'rasterizer_units[0].rasterizer_inst/skip_unit_stage1/inputs_dimension[3].dyy_inst_i/status_2' has no loads. (LINT-2)
Warning: In design 'Rasterizer_group_unit', net 'rasterizer_units[0].rasterizer_inst/skip_unit_stage1/status_inst[3][6][3]' driven by pin 'rasterizer_units[0].rasterizer_inst/skip_unit_stage1/inputs_dimension[3].dyy_inst_i/status_3' has no loads. (LINT-2)
Warning: In design 'Rasterizer_group_unit', net 'rasterizer_units[0].rasterizer_inst/skip_unit_stage1/status_inst[3][6][4]' driven by pin 'rasterizer_units[0].rasterizer_inst/skip_unit_stage1/inputs_dimension[3].dyy_inst_i/status_4' has no loads. (LINT-2)
Warning: In design 'Rasterizer_group_unit', net 'rasterizer_units[0].rasterizer_inst/skip_unit_stage1/status_inst[3][6][5]' driven by pin 'rasterizer_units[0].rasterizer_inst/skip_unit_stage1/inputs_dimension[3].dyy_inst_i/status_5' has no loads. (LINT-2)
Warning: In design 'Rasterizer_group_unit', net 'rasterizer_units[0].rasterizer_inst/skip_unit_stage1/status_inst[3][6][6]' driven by pin 'rasterizer_units[0].rasterizer_inst/skip_unit_stage1/inputs_dimension[3].dyy_inst_i/status_6' has no loads. (LINT-2)
Warning: In design 'Rasterizer_group_unit', net 'rasterizer_units[0].rasterizer_inst/skip_unit_stage1/status_inst[3][6][7]' driven by pin 'rasterizer_units[0].rasterizer_inst/skip_unit_stage1/inputs_dimension[3].dyy_inst_i/status_7' has no loads. (LINT-2)
Warning: In design 'Rasterizer_group_unit', net 'rasterizer_units[0].rasterizer_inst/skip_unit_stage1/status_inst[3][5][0]' driven by pin 'rasterizer_units[0].rasterizer_inst/skip_unit_stage1/inputs_dimension[3].dxx_inst_i/status_0' has no loads. (LINT-2)
Warning: In design 'Rasterizer_group_unit', net 'rasterizer_units[0].rasterizer_inst/skip_unit_stage1/status_inst[3][5][1]' driven by pin 'rasterizer_units[0].rasterizer_inst/skip_unit_stage1/inputs_dimension[3].dxx_inst_i/status_1' has no loads. (LINT-2)
Warning: In design 'Rasterizer_group_unit', net 'rasterizer_units[0].rasterizer_inst/skip_unit_stage1/status_inst[3][5][2]' driven by pin 'rasterizer_units[0].rasterizer_inst/skip_unit_stage1/inputs_dimension[3].dxx_inst_i/status_2' has no loads. (LINT-2)
Warning: In design 'Rasterizer_group_unit', net 'rasterizer_units[0].rasterizer_inst/skip_unit_stage1/status_inst[3][5][3]' driven by pin 'rasterizer_units[0].rasterizer_inst/skip_unit_stage1/inputs_dimension[3].dxx_inst_i/status_3' has no loads. (LINT-2)
Warning: In design 'Rasterizer_group_unit', net 'rasterizer_units[0].rasterizer_inst/skip_unit_stage1/status_inst[3][5][4]' driven by pin 'rasterizer_units[0].rasterizer_inst/skip_unit_stage1/inputs_dimension[3].dxx_inst_i/status_4' has no loads. (LINT-2)
Warning: In design 'Rasterizer_group_unit', net 'rasterizer_units[0].rasterizer_inst/skip_unit_stage1/status_inst[3][5][5]' driven by pin 'rasterizer_units[0].rasterizer_inst/skip_unit_stage1/inputs_dimension[3].dxx_inst_i/status_5' has no loads. (LINT-2)
Warning: In design 'Rasterizer_group_unit', net 'rasterizer_units[0].rasterizer_inst/skip_unit_stage1/status_inst[3][5][6]' driven by pin 'rasterizer_units[0].rasterizer_inst/skip_unit_stage1/inputs_dimension[3].dxx_inst_i/status_6' has no loads. (LINT-2)
Warning: In design 'Rasterizer_group_unit', net 'rasterizer_units[0].rasterizer_inst/skip_unit_stage1/status_inst[3][5][7]' driven by pin 'rasterizer_units[0].rasterizer_inst/skip_unit_stage1/inputs_dimension[3].dxx_inst_i/status_7' has no loads. (LINT-2)
Warning: In design 'Rasterizer_group_unit', net 'rasterizer_units[0].rasterizer_inst/skip_unit_stage1/status_inst[3][4][0]' driven by pin 'rasterizer_units[0].rasterizer_inst/skip_unit_stage1/inputs_dimension[3].d_y_inst_i/status_0' has no loads. (LINT-2)
Warning: In design 'Rasterizer_group_unit', net 'rasterizer_units[0].rasterizer_inst/skip_unit_stage1/status_inst[3][4][1]' driven by pin 'rasterizer_units[0].rasterizer_inst/skip_unit_stage1/inputs_dimension[3].d_y_inst_i/status_1' has no loads. (LINT-2)
Warning: In design 'Rasterizer_group_unit', net 'rasterizer_units[0].rasterizer_inst/skip_unit_stage1/status_inst[3][4][2]' driven by pin 'rasterizer_units[0].rasterizer_inst/skip_unit_stage1/inputs_dimension[3].d_y_inst_i/status_2' has no loads. (LINT-2)
Warning: In design 'Rasterizer_group_unit', net 'rasterizer_units[0].rasterizer_inst/skip_unit_stage1/status_inst[3][4][3]' driven by pin 'rasterizer_units[0].rasterizer_inst/skip_unit_stage1/inputs_dimension[3].d_y_inst_i/status_3' has no loads. (LINT-2)
Warning: In design 'Rasterizer_group_unit', net 'rasterizer_units[0].rasterizer_inst/skip_unit_stage1/status_inst[3][4][4]' driven by pin 'rasterizer_units[0].rasterizer_inst/skip_unit_stage1/inputs_dimension[3].d_y_inst_i/status_4' has no loads. (LINT-2)
Warning: In design 'Rasterizer_group_unit', net 'rasterizer_units[0].rasterizer_inst/skip_unit_stage1/status_inst[3][4][5]' driven by pin 'rasterizer_units[0].rasterizer_inst/skip_unit_stage1/inputs_dimension[3].d_y_inst_i/status_5' has no loads. (LINT-2)
Warning: In design 'Rasterizer_group_unit', net 'rasterizer_units[0].rasterizer_inst/skip_unit_stage1/status_inst[3][4][6]' driven by pin 'rasterizer_units[0].rasterizer_inst/skip_unit_stage1/inputs_dimension[3].d_y_inst_i/status_6' has no loads. (LINT-2)
Warning: In design 'Rasterizer_group_unit', net 'rasterizer_units[0].rasterizer_inst/skip_unit_stage1/status_inst[3][4][7]' driven by pin 'rasterizer_units[0].rasterizer_inst/skip_unit_stage1/inputs_dimension[3].d_y_inst_i/status_7' has no loads. (LINT-2)
Warning: In design 'Rasterizer_group_unit', net 'rasterizer_units[0].rasterizer_inst/skip_unit_stage1/status_inst[3][3][0]' driven by pin 'rasterizer_units[0].rasterizer_inst/skip_unit_stage1/inputs_dimension[3].d_x_inst_i/status_0' has no loads. (LINT-2)
Warning: In design 'Rasterizer_group_unit', net 'rasterizer_units[0].rasterizer_inst/skip_unit_stage1/status_inst[3][3][1]' driven by pin 'rasterizer_units[0].rasterizer_inst/skip_unit_stage1/inputs_dimension[3].d_x_inst_i/status_1' has no loads. (LINT-2)
Warning: In design 'Rasterizer_group_unit', net 'rasterizer_units[0].rasterizer_inst/skip_unit_stage1/status_inst[3][3][2]' driven by pin 'rasterizer_units[0].rasterizer_inst/skip_unit_stage1/inputs_dimension[3].d_x_inst_i/status_2' has no loads. (LINT-2)
Warning: In design 'Rasterizer_group_unit', net 'rasterizer_units[0].rasterizer_inst/skip_unit_stage1/status_inst[3][3][3]' driven by pin 'rasterizer_units[0].rasterizer_inst/skip_unit_stage1/inputs_dimension[3].d_x_inst_i/status_3' has no loads. (LINT-2)
Warning: In design 'Rasterizer_group_unit', net 'rasterizer_units[0].rasterizer_inst/skip_unit_stage1/status_inst[3][3][4]' driven by pin 'rasterizer_units[0].rasterizer_inst/skip_unit_stage1/inputs_dimension[3].d_x_inst_i/status_4' has no loads. (LINT-2)
Warning: In design 'Rasterizer_group_unit', net 'rasterizer_units[0].rasterizer_inst/skip_unit_stage1/status_inst[3][3][5]' driven by pin 'rasterizer_units[0].rasterizer_inst/skip_unit_stage1/inputs_dimension[3].d_x_inst_i/status_5' has no loads. (LINT-2)
Warning: In design 'Rasterizer_group_unit', net 'rasterizer_units[0].rasterizer_inst/skip_unit_stage1/status_inst[3][3][6]' driven by pin 'rasterizer_units[0].rasterizer_inst/skip_unit_stage1/inputs_dimension[3].d_x_inst_i/status_6' has no loads. (LINT-2)
Warning: In design 'Rasterizer_group_unit', net 'rasterizer_units[0].rasterizer_inst/skip_unit_stage1/status_inst[3][3][7]' driven by pin 'rasterizer_units[0].rasterizer_inst/skip_unit_stage1/inputs_dimension[3].d_x_inst_i/status_7' has no loads. (LINT-2)
Warning: In design 'Rasterizer_group_unit', net 'rasterizer_units[0].rasterizer_inst/skip_unit_stage1/status_inst[3][2][0]' driven by pin 'rasterizer_units[0].rasterizer_inst/skip_unit_stage1/inputs_dimension[3].fp_pixel_y_inst_i/status_0' has no loads. (LINT-2)
Warning: In design 'Rasterizer_group_unit', net 'rasterizer_units[0].rasterizer_inst/skip_unit_stage1/status_inst[3][2][1]' driven by pin 'rasterizer_units[0].rasterizer_inst/skip_unit_stage1/inputs_dimension[3].fp_pixel_y_inst_i/status_1' has no loads. (LINT-2)
Warning: In design 'Rasterizer_group_unit', net 'rasterizer_units[0].rasterizer_inst/skip_unit_stage1/status_inst[3][2][2]' driven by pin 'rasterizer_units[0].rasterizer_inst/skip_unit_stage1/inputs_dimension[3].fp_pixel_y_inst_i/status_2' has no loads. (LINT-2)
Warning: In design 'Rasterizer_group_unit', net 'rasterizer_units[0].rasterizer_inst/skip_unit_stage1/status_inst[3][2][3]' driven by pin 'rasterizer_units[0].rasterizer_inst/skip_unit_stage1/inputs_dimension[3].fp_pixel_y_inst_i/status_3' has no loads. (LINT-2)
Warning: In design 'Rasterizer_group_unit', net 'rasterizer_units[0].rasterizer_inst/skip_unit_stage1/status_inst[3][2][4]' driven by pin 'rasterizer_units[0].rasterizer_inst/skip_unit_stage1/inputs_dimension[3].fp_pixel_y_inst_i/status_4' has no loads. (LINT-2)
Warning: In design 'Rasterizer_group_unit', net 'rasterizer_units[0].rasterizer_inst/skip_unit_stage1/status_inst[3][2][5]' driven by pin 'rasterizer_units[0].rasterizer_inst/skip_unit_stage1/inputs_dimension[3].fp_pixel_y_inst_i/status_5' has no loads. (LINT-2)
Warning: In design 'Rasterizer_group_unit', net 'rasterizer_units[0].rasterizer_inst/skip_unit_stage1/status_inst[3][2][6]' driven by pin 'rasterizer_units[0].rasterizer_inst/skip_unit_stage1/inputs_dimension[3].fp_pixel_y_inst_i/status_6' has no loads. (LINT-2)
Warning: In design 'Rasterizer_group_unit', net 'rasterizer_units[0].rasterizer_inst/skip_unit_stage1/status_inst[3][2][7]' driven by pin 'rasterizer_units[0].rasterizer_inst/skip_unit_stage1/inputs_dimension[3].fp_pixel_y_inst_i/status_7' has no loads. (LINT-2)
Warning: In design 'Rasterizer_group_unit', net 'rasterizer_units[0].rasterizer_inst/skip_unit_stage1/status_inst[3][1][0]' driven by pin 'rasterizer_units[0].rasterizer_inst/skip_unit_stage1/inputs_dimension[3].fp_pixel_x_inst_i/status_0' has no loads. (LINT-2)
Warning: In design 'Rasterizer_group_unit', net 'rasterizer_units[0].rasterizer_inst/skip_unit_stage1/status_inst[3][1][1]' driven by pin 'rasterizer_units[0].rasterizer_inst/skip_unit_stage1/inputs_dimension[3].fp_pixel_x_inst_i/status_1' has no loads. (LINT-2)
Warning: In design 'Rasterizer_group_unit', net 'rasterizer_units[0].rasterizer_inst/skip_unit_stage1/status_inst[3][1][2]' driven by pin 'rasterizer_units[0].rasterizer_inst/skip_unit_stage1/inputs_dimension[3].fp_pixel_x_inst_i/status_2' has no loads. (LINT-2)
Warning: In design 'Rasterizer_group_unit', net 'rasterizer_units[0].rasterizer_inst/skip_unit_stage1/status_inst[3][1][3]' driven by pin 'rasterizer_units[0].rasterizer_inst/skip_unit_stage1/inputs_dimension[3].fp_pixel_x_inst_i/status_3' has no loads. (LINT-2)
Warning: In design 'Rasterizer_group_unit', net 'rasterizer_units[0].rasterizer_inst/skip_unit_stage1/status_inst[3][1][4]' driven by pin 'rasterizer_units[0].rasterizer_inst/skip_unit_stage1/inputs_dimension[3].fp_pixel_x_inst_i/status_4' has no loads. (LINT-2)
Warning: In design 'Rasterizer_group_unit', net 'rasterizer_units[0].rasterizer_inst/skip_unit_stage1/status_inst[3][1][5]' driven by pin 'rasterizer_units[0].rasterizer_inst/skip_unit_stage1/inputs_dimension[3].fp_pixel_x_inst_i/status_5' has no loads. (LINT-2)
Warning: In design 'Rasterizer_group_unit', net 'rasterizer_units[0].rasterizer_inst/skip_unit_stage1/status_inst[3][1][6]' driven by pin 'rasterizer_units[0].rasterizer_inst/skip_unit_stage1/inputs_dimension[3].fp_pixel_x_inst_i/status_6' has no loads. (LINT-2)
Warning: In design 'Rasterizer_group_unit', net 'rasterizer_units[0].rasterizer_inst/skip_unit_stage1/status_inst[3][1][7]' driven by pin 'rasterizer_units[0].rasterizer_inst/skip_unit_stage1/inputs_dimension[3].fp_pixel_x_inst_i/status_7' has no loads. (LINT-2)
Warning: In design 'Rasterizer_group_unit', net 'rasterizer_units[0].rasterizer_inst/gradient_unit_stage3/status_inst[37][0]' driven by pin 'rasterizer_units[0].rasterizer_inst/gradient_unit_stage3/dL_dalpha_adder/status_0' has no loads. (LINT-2)
Warning: In design 'Rasterizer_group_unit', net 'rasterizer_units[0].rasterizer_inst/gradient_unit_stage3/status_inst[37][1]' driven by pin 'rasterizer_units[0].rasterizer_inst/gradient_unit_stage3/dL_dalpha_adder/status_1' has no loads. (LINT-2)
Warning: In design 'Rasterizer_group_unit', net 'rasterizer_units[0].rasterizer_inst/gradient_unit_stage3/status_inst[37][2]' driven by pin 'rasterizer_units[0].rasterizer_inst/gradient_unit_stage3/dL_dalpha_adder/status_2' has no loads. (LINT-2)
Warning: In design 'Rasterizer_group_unit', net 'rasterizer_units[0].rasterizer_inst/gradient_unit_stage3/status_inst[37][3]' driven by pin 'rasterizer_units[0].rasterizer_inst/gradient_unit_stage3/dL_dalpha_adder/status_3' has no loads. (LINT-2)
Warning: In design 'Rasterizer_group_unit', net 'rasterizer_units[0].rasterizer_inst/gradient_unit_stage3/status_inst[37][4]' driven by pin 'rasterizer_units[0].rasterizer_inst/gradient_unit_stage3/dL_dalpha_adder/status_4' has no loads. (LINT-2)
Warning: In design 'Rasterizer_group_unit', net 'rasterizer_units[0].rasterizer_inst/gradient_unit_stage3/status_inst[37][5]' driven by pin 'rasterizer_units[0].rasterizer_inst/gradient_unit_stage3/dL_dalpha_adder/status_5' has no loads. (LINT-2)
Warning: In design 'Rasterizer_group_unit', net 'rasterizer_units[0].rasterizer_inst/gradient_unit_stage3/status_inst[37][6]' driven by pin 'rasterizer_units[0].rasterizer_inst/gradient_unit_stage3/dL_dalpha_adder/status_6' has no loads. (LINT-2)
Warning: In design 'Rasterizer_group_unit', net 'rasterizer_units[0].rasterizer_inst/gradient_unit_stage3/status_inst[37][7]' driven by pin 'rasterizer_units[0].rasterizer_inst/gradient_unit_stage3/dL_dalpha_adder/status_7' has no loads. (LINT-2)
Warning: In design 'Rasterizer_group_unit', net 'rasterizer_units[0].rasterizer_inst/gradient_unit_stage3/status_inst[36][0]' driven by pin 'rasterizer_units[0].rasterizer_inst/gradient_unit_stage3/dL_dalpha_maker2/status_0' has no loads. (LINT-2)
Warning: In design 'Rasterizer_group_unit', net 'rasterizer_units[0].rasterizer_inst/gradient_unit_stage3/status_inst[36][1]' driven by pin 'rasterizer_units[0].rasterizer_inst/gradient_unit_stage3/dL_dalpha_maker2/status_1' has no loads. (LINT-2)
Warning: In design 'Rasterizer_group_unit', net 'rasterizer_units[0].rasterizer_inst/gradient_unit_stage3/status_inst[36][2]' driven by pin 'rasterizer_units[0].rasterizer_inst/gradient_unit_stage3/dL_dalpha_maker2/status_2' has no loads. (LINT-2)
Warning: In design 'Rasterizer_group_unit', net 'rasterizer_units[0].rasterizer_inst/gradient_unit_stage3/status_inst[36][3]' driven by pin 'rasterizer_units[0].rasterizer_inst/gradient_unit_stage3/dL_dalpha_maker2/status_3' has no loads. (LINT-2)
Warning: In design 'Rasterizer_group_unit', net 'rasterizer_units[0].rasterizer_inst/gradient_unit_stage3/status_inst[36][4]' driven by pin 'rasterizer_units[0].rasterizer_inst/gradient_unit_stage3/dL_dalpha_maker2/status_4' has no loads. (LINT-2)
Warning: In design 'Rasterizer_group_unit', net 'rasterizer_units[0].rasterizer_inst/gradient_unit_stage3/status_inst[36][5]' driven by pin 'rasterizer_units[0].rasterizer_inst/gradient_unit_stage3/dL_dalpha_maker2/status_5' has no loads. (LINT-2)
Warning: In design 'Rasterizer_group_unit', net 'rasterizer_units[0].rasterizer_inst/gradient_unit_stage3/status_inst[36][6]' driven by pin 'rasterizer_units[0].rasterizer_inst/gradient_unit_stage3/dL_dalpha_maker2/status_6' has no loads. (LINT-2)
Warning: In design 'Rasterizer_group_unit', net 'rasterizer_units[0].rasterizer_inst/gradient_unit_stage3/status_inst[36][7]' driven by pin 'rasterizer_units[0].rasterizer_inst/gradient_unit_stage3/dL_dalpha_maker2/status_7' has no loads. (LINT-2)
Warning: In design 'Rasterizer_group_unit', net 'rasterizer_units[0].rasterizer_inst/gradient_unit_stage3/status_inst[35][0]' driven by pin 'rasterizer_units[0].rasterizer_inst/gradient_unit_stage3/dL_dconic_w_maker/status_0' has no loads. (LINT-2)
Warning: In design 'Rasterizer_group_unit', net 'rasterizer_units[0].rasterizer_inst/gradient_unit_stage3/status_inst[35][1]' driven by pin 'rasterizer_units[0].rasterizer_inst/gradient_unit_stage3/dL_dconic_w_maker/status_1' has no loads. (LINT-2)
Warning: In design 'Rasterizer_group_unit', net 'rasterizer_units[0].rasterizer_inst/gradient_unit_stage3/status_inst[35][2]' driven by pin 'rasterizer_units[0].rasterizer_inst/gradient_unit_stage3/dL_dconic_w_maker/status_2' has no loads. (LINT-2)
Warning: In design 'Rasterizer_group_unit', net 'rasterizer_units[0].rasterizer_inst/gradient_unit_stage3/status_inst[35][3]' driven by pin 'rasterizer_units[0].rasterizer_inst/gradient_unit_stage3/dL_dconic_w_maker/status_3' has no loads. (LINT-2)
Warning: In design 'Rasterizer_group_unit', net 'rasterizer_units[0].rasterizer_inst/gradient_unit_stage3/status_inst[35][4]' driven by pin 'rasterizer_units[0].rasterizer_inst/gradient_unit_stage3/dL_dconic_w_maker/status_4' has no loads. (LINT-2)
Warning: In design 'Rasterizer_group_unit', net 'rasterizer_units[0].rasterizer_inst/gradient_unit_stage3/status_inst[35][5]' driven by pin 'rasterizer_units[0].rasterizer_inst/gradient_unit_stage3/dL_dconic_w_maker/status_5' has no loads. (LINT-2)
Warning: In design 'Rasterizer_group_unit', net 'rasterizer_units[0].rasterizer_inst/gradient_unit_stage3/status_inst[35][6]' driven by pin 'rasterizer_units[0].rasterizer_inst/gradient_unit_stage3/dL_dconic_w_maker/status_6' has no loads. (LINT-2)
Warning: In design 'Rasterizer_group_unit', net 'rasterizer_units[0].rasterizer_inst/gradient_unit_stage3/status_inst[35][7]' driven by pin 'rasterizer_units[0].rasterizer_inst/gradient_unit_stage3/dL_dconic_w_maker/status_7' has no loads. (LINT-2)
Warning: In design 'Rasterizer_group_unit', net 'rasterizer_units[0].rasterizer_inst/gradient_unit_stage3/status_inst[34][0]' driven by pin 'rasterizer_units[0].rasterizer_inst/gradient_unit_stage3/dL_dconic_y_maker/status_0' has no loads. (LINT-2)
Warning: In design 'Rasterizer_group_unit', net 'rasterizer_units[0].rasterizer_inst/gradient_unit_stage3/status_inst[34][1]' driven by pin 'rasterizer_units[0].rasterizer_inst/gradient_unit_stage3/dL_dconic_y_maker/status_1' has no loads. (LINT-2)
Warning: In design 'Rasterizer_group_unit', net 'rasterizer_units[0].rasterizer_inst/gradient_unit_stage3/status_inst[34][2]' driven by pin 'rasterizer_units[0].rasterizer_inst/gradient_unit_stage3/dL_dconic_y_maker/status_2' has no loads. (LINT-2)
Warning: In design 'Rasterizer_group_unit', net 'rasterizer_units[0].rasterizer_inst/gradient_unit_stage3/status_inst[34][3]' driven by pin 'rasterizer_units[0].rasterizer_inst/gradient_unit_stage3/dL_dconic_y_maker/status_3' has no loads. (LINT-2)
Warning: In design 'Rasterizer_group_unit', net 'rasterizer_units[0].rasterizer_inst/gradient_unit_stage3/status_inst[34][4]' driven by pin 'rasterizer_units[0].rasterizer_inst/gradient_unit_stage3/dL_dconic_y_maker/status_4' has no loads. (LINT-2)
Warning: In design 'Rasterizer_group_unit', net 'rasterizer_units[0].rasterizer_inst/gradient_unit_stage3/status_inst[34][5]' driven by pin 'rasterizer_units[0].rasterizer_inst/gradient_unit_stage3/dL_dconic_y_maker/status_5' has no loads. (LINT-2)
Warning: In design 'Rasterizer_group_unit', net 'rasterizer_units[0].rasterizer_inst/gradient_unit_stage3/status_inst[34][6]' driven by pin 'rasterizer_units[0].rasterizer_inst/gradient_unit_stage3/dL_dconic_y_maker/status_6' has no loads. (LINT-2)
Warning: In design 'Rasterizer_group_unit', net 'rasterizer_units[0].rasterizer_inst/gradient_unit_stage3/status_inst[34][7]' driven by pin 'rasterizer_units[0].rasterizer_inst/gradient_unit_stage3/dL_dconic_y_maker/status_7' has no loads. (LINT-2)
Warning: In design 'Rasterizer_group_unit', net 'rasterizer_units[0].rasterizer_inst/gradient_unit_stage3/status_inst[33][0]' driven by pin 'rasterizer_units[0].rasterizer_inst/gradient_unit_stage3/dL_dconic_x_maker/status_0' has no loads. (LINT-2)
Warning: In design 'Rasterizer_group_unit', net 'rasterizer_units[0].rasterizer_inst/gradient_unit_stage3/status_inst[33][1]' driven by pin 'rasterizer_units[0].rasterizer_inst/gradient_unit_stage3/dL_dconic_x_maker/status_1' has no loads. (LINT-2)
Warning: In design 'Rasterizer_group_unit', net 'rasterizer_units[0].rasterizer_inst/gradient_unit_stage3/status_inst[33][2]' driven by pin 'rasterizer_units[0].rasterizer_inst/gradient_unit_stage3/dL_dconic_x_maker/status_2' has no loads. (LINT-2)
Warning: In design 'Rasterizer_group_unit', net 'rasterizer_units[0].rasterizer_inst/gradient_unit_stage3/status_inst[33][3]' driven by pin 'rasterizer_units[0].rasterizer_inst/gradient_unit_stage3/dL_dconic_x_maker/status_3' has no loads. (LINT-2)
Warning: In design 'Rasterizer_group_unit', net 'rasterizer_units[0].rasterizer_inst/gradient_unit_stage3/status_inst[33][4]' driven by pin 'rasterizer_units[0].rasterizer_inst/gradient_unit_stage3/dL_dconic_x_maker/status_4' has no loads. (LINT-2)
Warning: In design 'Rasterizer_group_unit', net 'rasterizer_units[0].rasterizer_inst/gradient_unit_stage3/status_inst[33][5]' driven by pin 'rasterizer_units[0].rasterizer_inst/gradient_unit_stage3/dL_dconic_x_maker/status_5' has no loads. (LINT-2)
Warning: In design 'Rasterizer_group_unit', net 'rasterizer_units[0].rasterizer_inst/gradient_unit_stage3/status_inst[33][6]' driven by pin 'rasterizer_units[0].rasterizer_inst/gradient_unit_stage3/dL_dconic_x_maker/status_6' has no loads. (LINT-2)
Warning: In design 'Rasterizer_group_unit', net 'rasterizer_units[0].rasterizer_inst/gradient_unit_stage3/status_inst[33][7]' driven by pin 'rasterizer_units[0].rasterizer_inst/gradient_unit_stage3/dL_dconic_x_maker/status_7' has no loads. (LINT-2)
Warning: In design 'Rasterizer_group_unit', net 'rasterizer_units[0].rasterizer_inst/gradient_unit_stage3/status_inst[32][0]' driven by pin 'rasterizer_units[0].rasterizer_inst/gradient_unit_stage3/dL_dmean2D_y_maker/status_0' has no loads. (LINT-2)
Warning: In design 'Rasterizer_group_unit', net 'rasterizer_units[0].rasterizer_inst/gradient_unit_stage3/status_inst[32][1]' driven by pin 'rasterizer_units[0].rasterizer_inst/gradient_unit_stage3/dL_dmean2D_y_maker/status_1' has no loads. (LINT-2)
Warning: In design 'Rasterizer_group_unit', net 'rasterizer_units[0].rasterizer_inst/gradient_unit_stage3/status_inst[32][2]' driven by pin 'rasterizer_units[0].rasterizer_inst/gradient_unit_stage3/dL_dmean2D_y_maker/status_2' has no loads. (LINT-2)
Warning: In design 'Rasterizer_group_unit', net 'rasterizer_units[0].rasterizer_inst/gradient_unit_stage3/status_inst[32][3]' driven by pin 'rasterizer_units[0].rasterizer_inst/gradient_unit_stage3/dL_dmean2D_y_maker/status_3' has no loads. (LINT-2)
Warning: In design 'Rasterizer_group_unit', net 'rasterizer_units[0].rasterizer_inst/gradient_unit_stage3/status_inst[32][4]' driven by pin 'rasterizer_units[0].rasterizer_inst/gradient_unit_stage3/dL_dmean2D_y_maker/status_4' has no loads. (LINT-2)
Warning: In design 'Rasterizer_group_unit', net 'rasterizer_units[0].rasterizer_inst/gradient_unit_stage3/status_inst[32][5]' driven by pin 'rasterizer_units[0].rasterizer_inst/gradient_unit_stage3/dL_dmean2D_y_maker/status_5' has no loads. (LINT-2)
Warning: In design 'Rasterizer_group_unit', net 'rasterizer_units[0].rasterizer_inst/gradient_unit_stage3/status_inst[32][6]' driven by pin 'rasterizer_units[0].rasterizer_inst/gradient_unit_stage3/dL_dmean2D_y_maker/status_6' has no loads. (LINT-2)
Warning: In design 'Rasterizer_group_unit', net 'rasterizer_units[0].rasterizer_inst/gradient_unit_stage3/status_inst[32][7]' driven by pin 'rasterizer_units[0].rasterizer_inst/gradient_unit_stage3/dL_dmean2D_y_maker/status_7' has no loads. (LINT-2)
Warning: In design 'Rasterizer_group_unit', net 'rasterizer_units[0].rasterizer_inst/gradient_unit_stage3/status_inst[31][0]' driven by pin 'rasterizer_units[0].rasterizer_inst/gradient_unit_stage3/dL_dmean2D_x_maker/status_0' has no loads. (LINT-2)
Warning: In design 'Rasterizer_group_unit', net 'rasterizer_units[0].rasterizer_inst/gradient_unit_stage3/status_inst[31][1]' driven by pin 'rasterizer_units[0].rasterizer_inst/gradient_unit_stage3/dL_dmean2D_x_maker/status_1' has no loads. (LINT-2)
Warning: In design 'Rasterizer_group_unit', net 'rasterizer_units[0].rasterizer_inst/gradient_unit_stage3/status_inst[31][2]' driven by pin 'rasterizer_units[0].rasterizer_inst/gradient_unit_stage3/dL_dmean2D_x_maker/status_2' has no loads. (LINT-2)
Warning: In design 'Rasterizer_group_unit', net 'rasterizer_units[0].rasterizer_inst/gradient_unit_stage3/status_inst[31][3]' driven by pin 'rasterizer_units[0].rasterizer_inst/gradient_unit_stage3/dL_dmean2D_x_maker/status_3' has no loads. (LINT-2)
Warning: In design 'Rasterizer_group_unit', net 'rasterizer_units[0].rasterizer_inst/gradient_unit_stage3/status_inst[31][4]' driven by pin 'rasterizer_units[0].rasterizer_inst/gradient_unit_stage3/dL_dmean2D_x_maker/status_4' has no loads. (LINT-2)
Warning: In design 'Rasterizer_group_unit', net 'rasterizer_units[0].rasterizer_inst/gradient_unit_stage3/status_inst[31][5]' driven by pin 'rasterizer_units[0].rasterizer_inst/gradient_unit_stage3/dL_dmean2D_x_maker/status_5' has no loads. (LINT-2)
Warning: In design 'Rasterizer_group_unit', net 'rasterizer_units[0].rasterizer_inst/gradient_unit_stage3/status_inst[31][6]' driven by pin 'rasterizer_units[0].rasterizer_inst/gradient_unit_stage3/dL_dmean2D_x_maker/status_6' has no loads. (LINT-2)
Warning: In design 'Rasterizer_group_unit', net 'rasterizer_units[0].rasterizer_inst/gradient_unit_stage3/status_inst[31][7]' driven by pin 'rasterizer_units[0].rasterizer_inst/gradient_unit_stage3/dL_dmean2D_x_maker/status_7' has no loads. (LINT-2)
Warning: In design 'Rasterizer_group_unit', net 'rasterizer_units[0].rasterizer_inst/gradient_unit_stage3/status_inst[30][0]' driven by pin 'rasterizer_units[0].rasterizer_inst/gradient_unit_stage3/dL_dopacity_maker/status_0' has no loads. (LINT-2)
Warning: In design 'Rasterizer_group_unit', net 'rasterizer_units[0].rasterizer_inst/gradient_unit_stage3/status_inst[30][1]' driven by pin 'rasterizer_units[0].rasterizer_inst/gradient_unit_stage3/dL_dopacity_maker/status_1' has no loads. (LINT-2)
Warning: In design 'Rasterizer_group_unit', net 'rasterizer_units[0].rasterizer_inst/gradient_unit_stage3/status_inst[30][2]' driven by pin 'rasterizer_units[0].rasterizer_inst/gradient_unit_stage3/dL_dopacity_maker/status_2' has no loads. (LINT-2)
Warning: In design 'Rasterizer_group_unit', net 'rasterizer_units[0].rasterizer_inst/gradient_unit_stage3/status_inst[30][3]' driven by pin 'rasterizer_units[0].rasterizer_inst/gradient_unit_stage3/dL_dopacity_maker/status_3' has no loads. (LINT-2)
Warning: In design 'Rasterizer_group_unit', net 'rasterizer_units[0].rasterizer_inst/gradient_unit_stage3/status_inst[30][4]' driven by pin 'rasterizer_units[0].rasterizer_inst/gradient_unit_stage3/dL_dopacity_maker/status_4' has no loads. (LINT-2)
Warning: In design 'Rasterizer_group_unit', net 'rasterizer_units[0].rasterizer_inst/gradient_unit_stage3/status_inst[30][5]' driven by pin 'rasterizer_units[0].rasterizer_inst/gradient_unit_stage3/dL_dopacity_maker/status_5' has no loads. (LINT-2)
Warning: In design 'Rasterizer_group_unit', net 'rasterizer_units[0].rasterizer_inst/gradient_unit_stage3/status_inst[30][6]' driven by pin 'rasterizer_units[0].rasterizer_inst/gradient_unit_stage3/dL_dopacity_maker/status_6' has no loads. (LINT-2)
Warning: In design 'Rasterizer_group_unit', net 'rasterizer_units[0].rasterizer_inst/gradient_unit_stage3/status_inst[30][7]' driven by pin 'rasterizer_units[0].rasterizer_inst/gradient_unit_stage3/dL_dopacity_maker/status_7' has no loads. (LINT-2)
Warning: In design 'Rasterizer_group_unit', net 'rasterizer_units[0].rasterizer_inst/gradient_unit_stage3/status_inst[29][0]' driven by pin 'rasterizer_units[0].rasterizer_inst/gradient_unit_stage3/dL_dG_maker/status_0' has no loads. (LINT-2)
Warning: In design 'Rasterizer_group_unit', net 'rasterizer_units[0].rasterizer_inst/gradient_unit_stage3/status_inst[29][1]' driven by pin 'rasterizer_units[0].rasterizer_inst/gradient_unit_stage3/dL_dG_maker/status_1' has no loads. (LINT-2)
Warning: In design 'Rasterizer_group_unit', net 'rasterizer_units[0].rasterizer_inst/gradient_unit_stage3/status_inst[29][2]' driven by pin 'rasterizer_units[0].rasterizer_inst/gradient_unit_stage3/dL_dG_maker/status_2' has no loads. (LINT-2)
Warning: In design 'Rasterizer_group_unit', net 'rasterizer_units[0].rasterizer_inst/gradient_unit_stage3/status_inst[29][3]' driven by pin 'rasterizer_units[0].rasterizer_inst/gradient_unit_stage3/dL_dG_maker/status_3' has no loads. (LINT-2)
Warning: In design 'Rasterizer_group_unit', net 'rasterizer_units[0].rasterizer_inst/gradient_unit_stage3/status_inst[29][4]' driven by pin 'rasterizer_units[0].rasterizer_inst/gradient_unit_stage3/dL_dG_maker/status_4' has no loads. (LINT-2)
Warning: In design 'Rasterizer_group_unit', net 'rasterizer_units[0].rasterizer_inst/gradient_unit_stage3/status_inst[29][5]' driven by pin 'rasterizer_units[0].rasterizer_inst/gradient_unit_stage3/dL_dG_maker/status_5' has no loads. (LINT-2)
Warning: In design 'Rasterizer_group_unit', net 'rasterizer_units[0].rasterizer_inst/gradient_unit_stage3/status_inst[29][6]' driven by pin 'rasterizer_units[0].rasterizer_inst/gradient_unit_stage3/dL_dG_maker/status_6' has no loads. (LINT-2)
Warning: In design 'Rasterizer_group_unit', net 'rasterizer_units[0].rasterizer_inst/gradient_unit_stage3/status_inst[29][7]' driven by pin 'rasterizer_units[0].rasterizer_inst/gradient_unit_stage3/dL_dG_maker/status_7' has no loads. (LINT-2)
Warning: In design 'Rasterizer_group_unit', net 'rasterizer_units[0].rasterizer_inst/gradient_unit_stage3/status_inst[28][0]' driven by pin 'rasterizer_units[0].rasterizer_inst/gradient_unit_stage3/dL_dalpha_maker_from_T/status_0' has no loads. (LINT-2)
Warning: In design 'Rasterizer_group_unit', net 'rasterizer_units[0].rasterizer_inst/gradient_unit_stage3/status_inst[28][1]' driven by pin 'rasterizer_units[0].rasterizer_inst/gradient_unit_stage3/dL_dalpha_maker_from_T/status_1' has no loads. (LINT-2)
Warning: In design 'Rasterizer_group_unit', net 'rasterizer_units[0].rasterizer_inst/gradient_unit_stage3/status_inst[28][2]' driven by pin 'rasterizer_units[0].rasterizer_inst/gradient_unit_stage3/dL_dalpha_maker_from_T/status_2' has no loads. (LINT-2)
Warning: In design 'Rasterizer_group_unit', net 'rasterizer_units[0].rasterizer_inst/gradient_unit_stage3/status_inst[28][3]' driven by pin 'rasterizer_units[0].rasterizer_inst/gradient_unit_stage3/dL_dalpha_maker_from_T/status_3' has no loads. (LINT-2)
Warning: In design 'Rasterizer_group_unit', net 'rasterizer_units[0].rasterizer_inst/gradient_unit_stage3/status_inst[28][4]' driven by pin 'rasterizer_units[0].rasterizer_inst/gradient_unit_stage3/dL_dalpha_maker_from_T/status_4' has no loads. (LINT-2)
Warning: In design 'Rasterizer_group_unit', net 'rasterizer_units[0].rasterizer_inst/gradient_unit_stage3/status_inst[28][5]' driven by pin 'rasterizer_units[0].rasterizer_inst/gradient_unit_stage3/dL_dalpha_maker_from_T/status_5' has no loads. (LINT-2)
Warning: In design 'Rasterizer_group_unit', net 'rasterizer_units[0].rasterizer_inst/gradient_unit_stage3/status_inst[28][6]' driven by pin 'rasterizer_units[0].rasterizer_inst/gradient_unit_stage3/dL_dalpha_maker_from_T/status_6' has no loads. (LINT-2)
Warning: In design 'Rasterizer_group_unit', net 'rasterizer_units[0].rasterizer_inst/gradient_unit_stage3/status_inst[28][7]' driven by pin 'rasterizer_units[0].rasterizer_inst/gradient_unit_stage3/dL_dalpha_maker_from_T/status_7' has no loads. (LINT-2)
Warning: In design 'Rasterizer_group_unit', net 'rasterizer_units[0].rasterizer_inst/gradient_unit_stage3/status_inst[27][0]' driven by pin 'rasterizer_units[0].rasterizer_inst/gradient_unit_stage3/dL_ddepth_maker/status_0' has no loads. (LINT-2)
Warning: In design 'Rasterizer_group_unit', net 'rasterizer_units[0].rasterizer_inst/gradient_unit_stage3/status_inst[27][1]' driven by pin 'rasterizer_units[0].rasterizer_inst/gradient_unit_stage3/dL_ddepth_maker/status_1' has no loads. (LINT-2)
Warning: In design 'Rasterizer_group_unit', net 'rasterizer_units[0].rasterizer_inst/gradient_unit_stage3/status_inst[27][2]' driven by pin 'rasterizer_units[0].rasterizer_inst/gradient_unit_stage3/dL_ddepth_maker/status_2' has no loads. (LINT-2)
Warning: In design 'Rasterizer_group_unit', net 'rasterizer_units[0].rasterizer_inst/gradient_unit_stage3/status_inst[27][3]' driven by pin 'rasterizer_units[0].rasterizer_inst/gradient_unit_stage3/dL_ddepth_maker/status_3' has no loads. (LINT-2)
Warning: In design 'Rasterizer_group_unit', net 'rasterizer_units[0].rasterizer_inst/gradient_unit_stage3/status_inst[27][4]' driven by pin 'rasterizer_units[0].rasterizer_inst/gradient_unit_stage3/dL_ddepth_maker/status_4' has no loads. (LINT-2)
Warning: In design 'Rasterizer_group_unit', net 'rasterizer_units[0].rasterizer_inst/gradient_unit_stage3/status_inst[27][5]' driven by pin 'rasterizer_units[0].rasterizer_inst/gradient_unit_stage3/dL_ddepth_maker/status_5' has no loads. (LINT-2)
Warning: In design 'Rasterizer_group_unit', net 'rasterizer_units[0].rasterizer_inst/gradient_unit_stage3/status_inst[27][6]' driven by pin 'rasterizer_units[0].rasterizer_inst/gradient_unit_stage3/dL_ddepth_maker/status_6' has no loads. (LINT-2)
Warning: In design 'Rasterizer_group_unit', net 'rasterizer_units[0].rasterizer_inst/gradient_unit_stage3/status_inst[27][7]' driven by pin 'rasterizer_units[0].rasterizer_inst/gradient_unit_stage3/dL_ddepth_maker/status_7' has no loads. (LINT-2)
Warning: In design 'Rasterizer_group_unit', net 'rasterizer_units[0].rasterizer_inst/gradient_unit_stage3/status_inst[26][0]' driven by pin 'rasterizer_units[0].rasterizer_inst/gradient_unit_stage3/dL_dcolor_temp_B/status_0' has no loads. (LINT-2)
Warning: In design 'Rasterizer_group_unit', net 'rasterizer_units[0].rasterizer_inst/gradient_unit_stage3/status_inst[26][1]' driven by pin 'rasterizer_units[0].rasterizer_inst/gradient_unit_stage3/dL_dcolor_temp_B/status_1' has no loads. (LINT-2)
Warning: In design 'Rasterizer_group_unit', net 'rasterizer_units[0].rasterizer_inst/gradient_unit_stage3/status_inst[26][2]' driven by pin 'rasterizer_units[0].rasterizer_inst/gradient_unit_stage3/dL_dcolor_temp_B/status_2' has no loads. (LINT-2)
Warning: In design 'Rasterizer_group_unit', net 'rasterizer_units[0].rasterizer_inst/gradient_unit_stage3/status_inst[26][3]' driven by pin 'rasterizer_units[0].rasterizer_inst/gradient_unit_stage3/dL_dcolor_temp_B/status_3' has no loads. (LINT-2)
Warning: In design 'Rasterizer_group_unit', net 'rasterizer_units[0].rasterizer_inst/gradient_unit_stage3/status_inst[26][4]' driven by pin 'rasterizer_units[0].rasterizer_inst/gradient_unit_stage3/dL_dcolor_temp_B/status_4' has no loads. (LINT-2)
Warning: In design 'Rasterizer_group_unit', net 'rasterizer_units[0].rasterizer_inst/gradient_unit_stage3/status_inst[26][5]' driven by pin 'rasterizer_units[0].rasterizer_inst/gradient_unit_stage3/dL_dcolor_temp_B/status_5' has no loads. (LINT-2)
Warning: In design 'Rasterizer_group_unit', net 'rasterizer_units[0].rasterizer_inst/gradient_unit_stage3/status_inst[26][6]' driven by pin 'rasterizer_units[0].rasterizer_inst/gradient_unit_stage3/dL_dcolor_temp_B/status_6' has no loads. (LINT-2)
Warning: In design 'Rasterizer_group_unit', net 'rasterizer_units[0].rasterizer_inst/gradient_unit_stage3/status_inst[26][7]' driven by pin 'rasterizer_units[0].rasterizer_inst/gradient_unit_stage3/dL_dcolor_temp_B/status_7' has no loads. (LINT-2)
Warning: In design 'Rasterizer_group_unit', net 'rasterizer_units[0].rasterizer_inst/gradient_unit_stage3/status_inst[25][0]' driven by pin 'rasterizer_units[0].rasterizer_inst/gradient_unit_stage3/dL_dcolor_temp_G/status_0' has no loads. (LINT-2)
Warning: In design 'Rasterizer_group_unit', net 'rasterizer_units[0].rasterizer_inst/gradient_unit_stage3/status_inst[25][1]' driven by pin 'rasterizer_units[0].rasterizer_inst/gradient_unit_stage3/dL_dcolor_temp_G/status_1' has no loads. (LINT-2)
Warning: In design 'Rasterizer_group_unit', net 'rasterizer_units[0].rasterizer_inst/gradient_unit_stage3/status_inst[25][2]' driven by pin 'rasterizer_units[0].rasterizer_inst/gradient_unit_stage3/dL_dcolor_temp_G/status_2' has no loads. (LINT-2)
Warning: In design 'Rasterizer_group_unit', net 'rasterizer_units[0].rasterizer_inst/gradient_unit_stage3/status_inst[25][3]' driven by pin 'rasterizer_units[0].rasterizer_inst/gradient_unit_stage3/dL_dcolor_temp_G/status_3' has no loads. (LINT-2)
Warning: In design 'Rasterizer_group_unit', net 'rasterizer_units[0].rasterizer_inst/gradient_unit_stage3/status_inst[25][4]' driven by pin 'rasterizer_units[0].rasterizer_inst/gradient_unit_stage3/dL_dcolor_temp_G/status_4' has no loads. (LINT-2)
Warning: In design 'Rasterizer_group_unit', net 'rasterizer_units[0].rasterizer_inst/gradient_unit_stage3/status_inst[25][5]' driven by pin 'rasterizer_units[0].rasterizer_inst/gradient_unit_stage3/dL_dcolor_temp_G/status_5' has no loads. (LINT-2)
Warning: In design 'Rasterizer_group_unit', net 'rasterizer_units[0].rasterizer_inst/gradient_unit_stage3/status_inst[25][6]' driven by pin 'rasterizer_units[0].rasterizer_inst/gradient_unit_stage3/dL_dcolor_temp_G/status_6' has no loads. (LINT-2)
Warning: In design 'Rasterizer_group_unit', net 'rasterizer_units[0].rasterizer_inst/gradient_unit_stage3/status_inst[25][7]' driven by pin 'rasterizer_units[0].rasterizer_inst/gradient_unit_stage3/dL_dcolor_temp_G/status_7' has no loads. (LINT-2)
Warning: In design 'Rasterizer_group_unit', net 'rasterizer_units[0].rasterizer_inst/gradient_unit_stage3/status_inst[24][0]' driven by pin 'rasterizer_units[0].rasterizer_inst/gradient_unit_stage3/dL_dcolor_temp_R/status_0' has no loads. (LINT-2)
Warning: In design 'Rasterizer_group_unit', net 'rasterizer_units[0].rasterizer_inst/gradient_unit_stage3/status_inst[24][1]' driven by pin 'rasterizer_units[0].rasterizer_inst/gradient_unit_stage3/dL_dcolor_temp_R/status_1' has no loads. (LINT-2)
Warning: In design 'Rasterizer_group_unit', net 'rasterizer_units[0].rasterizer_inst/gradient_unit_stage3/status_inst[24][2]' driven by pin 'rasterizer_units[0].rasterizer_inst/gradient_unit_stage3/dL_dcolor_temp_R/status_2' has no loads. (LINT-2)
Warning: In design 'Rasterizer_group_unit', net 'rasterizer_units[0].rasterizer_inst/gradient_unit_stage3/status_inst[24][3]' driven by pin 'rasterizer_units[0].rasterizer_inst/gradient_unit_stage3/dL_dcolor_temp_R/status_3' has no loads. (LINT-2)
Warning: In design 'Rasterizer_group_unit', net 'rasterizer_units[0].rasterizer_inst/gradient_unit_stage3/status_inst[24][4]' driven by pin 'rasterizer_units[0].rasterizer_inst/gradient_unit_stage3/dL_dcolor_temp_R/status_4' has no loads. (LINT-2)
Warning: In design 'Rasterizer_group_unit', net 'rasterizer_units[0].rasterizer_inst/gradient_unit_stage3/status_inst[24][5]' driven by pin 'rasterizer_units[0].rasterizer_inst/gradient_unit_stage3/dL_dcolor_temp_R/status_5' has no loads. (LINT-2)
Warning: In design 'Rasterizer_group_unit', net 'rasterizer_units[0].rasterizer_inst/gradient_unit_stage3/status_inst[24][6]' driven by pin 'rasterizer_units[0].rasterizer_inst/gradient_unit_stage3/dL_dcolor_temp_R/status_6' has no loads. (LINT-2)
Warning: In design 'Rasterizer_group_unit', net 'rasterizer_units[0].rasterizer_inst/gradient_unit_stage3/status_inst[24][7]' driven by pin 'rasterizer_units[0].rasterizer_inst/gradient_unit_stage3/dL_dcolor_temp_R/status_7' has no loads. (LINT-2)
Warning: In design 'Rasterizer_group_unit', net 'rasterizer_units[0].rasterizer_inst/gradient_unit_stage3/status_inst[23][0]' driven by pin 'rasterizer_units[0].rasterizer_inst/gradient_unit_stage3/dL_dalpha_maker1/status_0' has no loads. (LINT-2)
Warning: In design 'Rasterizer_group_unit', net 'rasterizer_units[0].rasterizer_inst/gradient_unit_stage3/status_inst[23][1]' driven by pin 'rasterizer_units[0].rasterizer_inst/gradient_unit_stage3/dL_dalpha_maker1/status_1' has no loads. (LINT-2)
Warning: In design 'Rasterizer_group_unit', net 'rasterizer_units[0].rasterizer_inst/gradient_unit_stage3/status_inst[23][2]' driven by pin 'rasterizer_units[0].rasterizer_inst/gradient_unit_stage3/dL_dalpha_maker1/status_2' has no loads. (LINT-2)
Warning: In design 'Rasterizer_group_unit', net 'rasterizer_units[0].rasterizer_inst/gradient_unit_stage3/status_inst[23][3]' driven by pin 'rasterizer_units[0].rasterizer_inst/gradient_unit_stage3/dL_dalpha_maker1/status_3' has no loads. (LINT-2)
Warning: In design 'Rasterizer_group_unit', net 'rasterizer_units[0].rasterizer_inst/gradient_unit_stage3/status_inst[23][4]' driven by pin 'rasterizer_units[0].rasterizer_inst/gradient_unit_stage3/dL_dalpha_maker1/status_4' has no loads. (LINT-2)
Warning: In design 'Rasterizer_group_unit', net 'rasterizer_units[0].rasterizer_inst/gradient_unit_stage3/status_inst[23][5]' driven by pin 'rasterizer_units[0].rasterizer_inst/gradient_unit_stage3/dL_dalpha_maker1/status_5' has no loads. (LINT-2)
Warning: In design 'Rasterizer_group_unit', net 'rasterizer_units[0].rasterizer_inst/gradient_unit_stage3/status_inst[23][6]' driven by pin 'rasterizer_units[0].rasterizer_inst/gradient_unit_stage3/dL_dalpha_maker1/status_6' has no loads. (LINT-2)
Warning: In design 'Rasterizer_group_unit', net 'rasterizer_units[0].rasterizer_inst/gradient_unit_stage3/status_inst[23][7]' driven by pin 'rasterizer_units[0].rasterizer_inst/gradient_unit_stage3/dL_dalpha_maker1/status_7' has no loads. (LINT-2)
Warning: In design 'Rasterizer_group_unit', net 'rasterizer_units[0].rasterizer_inst/gradient_unit_stage3/status_inst[22][0]' driven by pin 'rasterizer_units[0].rasterizer_inst/gradient_unit_stage3/dG_dy_maker/status_0' has no loads. (LINT-2)
Warning: In design 'Rasterizer_group_unit', net 'rasterizer_units[0].rasterizer_inst/gradient_unit_stage3/status_inst[22][1]' driven by pin 'rasterizer_units[0].rasterizer_inst/gradient_unit_stage3/dG_dy_maker/status_1' has no loads. (LINT-2)
Warning: In design 'Rasterizer_group_unit', net 'rasterizer_units[0].rasterizer_inst/gradient_unit_stage3/status_inst[22][2]' driven by pin 'rasterizer_units[0].rasterizer_inst/gradient_unit_stage3/dG_dy_maker/status_2' has no loads. (LINT-2)
Warning: In design 'Rasterizer_group_unit', net 'rasterizer_units[0].rasterizer_inst/gradient_unit_stage3/status_inst[22][3]' driven by pin 'rasterizer_units[0].rasterizer_inst/gradient_unit_stage3/dG_dy_maker/status_3' has no loads. (LINT-2)
Warning: In design 'Rasterizer_group_unit', net 'rasterizer_units[0].rasterizer_inst/gradient_unit_stage3/status_inst[22][4]' driven by pin 'rasterizer_units[0].rasterizer_inst/gradient_unit_stage3/dG_dy_maker/status_4' has no loads. (LINT-2)
Warning: In design 'Rasterizer_group_unit', net 'rasterizer_units[0].rasterizer_inst/gradient_unit_stage3/status_inst[22][5]' driven by pin 'rasterizer_units[0].rasterizer_inst/gradient_unit_stage3/dG_dy_maker/status_5' has no loads. (LINT-2)
Warning: In design 'Rasterizer_group_unit', net 'rasterizer_units[0].rasterizer_inst/gradient_unit_stage3/status_inst[22][6]' driven by pin 'rasterizer_units[0].rasterizer_inst/gradient_unit_stage3/dG_dy_maker/status_6' has no loads. (LINT-2)
Warning: In design 'Rasterizer_group_unit', net 'rasterizer_units[0].rasterizer_inst/gradient_unit_stage3/status_inst[22][7]' driven by pin 'rasterizer_units[0].rasterizer_inst/gradient_unit_stage3/dG_dy_maker/status_7' has no loads. (LINT-2)
Warning: In design 'Rasterizer_group_unit', net 'rasterizer_units[0].rasterizer_inst/gradient_unit_stage3/status_inst[21][0]' driven by pin 'rasterizer_units[0].rasterizer_inst/gradient_unit_stage3/dG_dx_maker/status_0' has no loads. (LINT-2)
Warning: In design 'Rasterizer_group_unit', net 'rasterizer_units[0].rasterizer_inst/gradient_unit_stage3/status_inst[21][1]' driven by pin 'rasterizer_units[0].rasterizer_inst/gradient_unit_stage3/dG_dx_maker/status_1' has no loads. (LINT-2)
Warning: In design 'Rasterizer_group_unit', net 'rasterizer_units[0].rasterizer_inst/gradient_unit_stage3/status_inst[21][2]' driven by pin 'rasterizer_units[0].rasterizer_inst/gradient_unit_stage3/dG_dx_maker/status_2' has no loads. (LINT-2)
Warning: In design 'Rasterizer_group_unit', net 'rasterizer_units[0].rasterizer_inst/gradient_unit_stage3/status_inst[21][3]' driven by pin 'rasterizer_units[0].rasterizer_inst/gradient_unit_stage3/dG_dx_maker/status_3' has no loads. (LINT-2)
Warning: In design 'Rasterizer_group_unit', net 'rasterizer_units[0].rasterizer_inst/gradient_unit_stage3/status_inst[21][4]' driven by pin 'rasterizer_units[0].rasterizer_inst/gradient_unit_stage3/dG_dx_maker/status_4' has no loads. (LINT-2)
Warning: In design 'Rasterizer_group_unit', net 'rasterizer_units[0].rasterizer_inst/gradient_unit_stage3/status_inst[21][5]' driven by pin 'rasterizer_units[0].rasterizer_inst/gradient_unit_stage3/dG_dx_maker/status_5' has no loads. (LINT-2)
Warning: In design 'Rasterizer_group_unit', net 'rasterizer_units[0].rasterizer_inst/gradient_unit_stage3/status_inst[21][6]' driven by pin 'rasterizer_units[0].rasterizer_inst/gradient_unit_stage3/dG_dx_maker/status_6' has no loads. (LINT-2)
Warning: In design 'Rasterizer_group_unit', net 'rasterizer_units[0].rasterizer_inst/gradient_unit_stage3/status_inst[21][7]' driven by pin 'rasterizer_units[0].rasterizer_inst/gradient_unit_stage3/dG_dx_maker/status_7' has no loads. (LINT-2)
Warning: In design 'Rasterizer_group_unit', net 'rasterizer_units[0].rasterizer_inst/gradient_unit_stage3/status_inst[20][0]' driven by pin 'rasterizer_units[0].rasterizer_inst/gradient_unit_stage3/diff_depth_maker/status_0' has no loads. (LINT-2)
Warning: In design 'Rasterizer_group_unit', net 'rasterizer_units[0].rasterizer_inst/gradient_unit_stage3/status_inst[20][1]' driven by pin 'rasterizer_units[0].rasterizer_inst/gradient_unit_stage3/diff_depth_maker/status_1' has no loads. (LINT-2)
Warning: In design 'Rasterizer_group_unit', net 'rasterizer_units[0].rasterizer_inst/gradient_unit_stage3/status_inst[20][2]' driven by pin 'rasterizer_units[0].rasterizer_inst/gradient_unit_stage3/diff_depth_maker/status_2' has no loads. (LINT-2)
Warning: In design 'Rasterizer_group_unit', net 'rasterizer_units[0].rasterizer_inst/gradient_unit_stage3/status_inst[20][3]' driven by pin 'rasterizer_units[0].rasterizer_inst/gradient_unit_stage3/diff_depth_maker/status_3' has no loads. (LINT-2)
Warning: In design 'Rasterizer_group_unit', net 'rasterizer_units[0].rasterizer_inst/gradient_unit_stage3/status_inst[20][4]' driven by pin 'rasterizer_units[0].rasterizer_inst/gradient_unit_stage3/diff_depth_maker/status_4' has no loads. (LINT-2)
Warning: In design 'Rasterizer_group_unit', net 'rasterizer_units[0].rasterizer_inst/gradient_unit_stage3/status_inst[20][5]' driven by pin 'rasterizer_units[0].rasterizer_inst/gradient_unit_stage3/diff_depth_maker/status_5' has no loads. (LINT-2)
Warning: In design 'Rasterizer_group_unit', net 'rasterizer_units[0].rasterizer_inst/gradient_unit_stage3/status_inst[20][6]' driven by pin 'rasterizer_units[0].rasterizer_inst/gradient_unit_stage3/diff_depth_maker/status_6' has no loads. (LINT-2)
Warning: In design 'Rasterizer_group_unit', net 'rasterizer_units[0].rasterizer_inst/gradient_unit_stage3/status_inst[20][7]' driven by pin 'rasterizer_units[0].rasterizer_inst/gradient_unit_stage3/diff_depth_maker/status_7' has no loads. (LINT-2)
Warning: In design 'Rasterizer_group_unit', net 'rasterizer_units[0].rasterizer_inst/gradient_unit_stage3/status_inst[19][0]' driven by pin 'rasterizer_units[0].rasterizer_inst/gradient_unit_stage3/diff_color_B_maker/status_0' has no loads. (LINT-2)
Warning: In design 'Rasterizer_group_unit', net 'rasterizer_units[0].rasterizer_inst/gradient_unit_stage3/status_inst[19][1]' driven by pin 'rasterizer_units[0].rasterizer_inst/gradient_unit_stage3/diff_color_B_maker/status_1' has no loads. (LINT-2)
Warning: In design 'Rasterizer_group_unit', net 'rasterizer_units[0].rasterizer_inst/gradient_unit_stage3/status_inst[19][2]' driven by pin 'rasterizer_units[0].rasterizer_inst/gradient_unit_stage3/diff_color_B_maker/status_2' has no loads. (LINT-2)
Warning: In design 'Rasterizer_group_unit', net 'rasterizer_units[0].rasterizer_inst/gradient_unit_stage3/status_inst[19][3]' driven by pin 'rasterizer_units[0].rasterizer_inst/gradient_unit_stage3/diff_color_B_maker/status_3' has no loads. (LINT-2)
Warning: In design 'Rasterizer_group_unit', net 'rasterizer_units[0].rasterizer_inst/gradient_unit_stage3/status_inst[19][4]' driven by pin 'rasterizer_units[0].rasterizer_inst/gradient_unit_stage3/diff_color_B_maker/status_4' has no loads. (LINT-2)
Warning: In design 'Rasterizer_group_unit', net 'rasterizer_units[0].rasterizer_inst/gradient_unit_stage3/status_inst[19][5]' driven by pin 'rasterizer_units[0].rasterizer_inst/gradient_unit_stage3/diff_color_B_maker/status_5' has no loads. (LINT-2)
Warning: In design 'Rasterizer_group_unit', net 'rasterizer_units[0].rasterizer_inst/gradient_unit_stage3/status_inst[19][6]' driven by pin 'rasterizer_units[0].rasterizer_inst/gradient_unit_stage3/diff_color_B_maker/status_6' has no loads. (LINT-2)
Warning: In design 'Rasterizer_group_unit', net 'rasterizer_units[0].rasterizer_inst/gradient_unit_stage3/status_inst[19][7]' driven by pin 'rasterizer_units[0].rasterizer_inst/gradient_unit_stage3/diff_color_B_maker/status_7' has no loads. (LINT-2)
Warning: In design 'Rasterizer_group_unit', net 'rasterizer_units[0].rasterizer_inst/gradient_unit_stage3/status_inst[18][0]' driven by pin 'rasterizer_units[0].rasterizer_inst/gradient_unit_stage3/diff_color_G_maker/status_0' has no loads. (LINT-2)
Warning: In design 'Rasterizer_group_unit', net 'rasterizer_units[0].rasterizer_inst/gradient_unit_stage3/status_inst[18][1]' driven by pin 'rasterizer_units[0].rasterizer_inst/gradient_unit_stage3/diff_color_G_maker/status_1' has no loads. (LINT-2)
Warning: In design 'Rasterizer_group_unit', net 'rasterizer_units[0].rasterizer_inst/gradient_unit_stage3/status_inst[18][2]' driven by pin 'rasterizer_units[0].rasterizer_inst/gradient_unit_stage3/diff_color_G_maker/status_2' has no loads. (LINT-2)
Warning: In design 'Rasterizer_group_unit', net 'rasterizer_units[0].rasterizer_inst/gradient_unit_stage3/status_inst[18][3]' driven by pin 'rasterizer_units[0].rasterizer_inst/gradient_unit_stage3/diff_color_G_maker/status_3' has no loads. (LINT-2)
Warning: In design 'Rasterizer_group_unit', net 'rasterizer_units[0].rasterizer_inst/gradient_unit_stage3/status_inst[18][4]' driven by pin 'rasterizer_units[0].rasterizer_inst/gradient_unit_stage3/diff_color_G_maker/status_4' has no loads. (LINT-2)
Warning: In design 'Rasterizer_group_unit', net 'rasterizer_units[0].rasterizer_inst/gradient_unit_stage3/status_inst[18][5]' driven by pin 'rasterizer_units[0].rasterizer_inst/gradient_unit_stage3/diff_color_G_maker/status_5' has no loads. (LINT-2)
Warning: In design 'Rasterizer_group_unit', net 'rasterizer_units[0].rasterizer_inst/gradient_unit_stage3/status_inst[18][6]' driven by pin 'rasterizer_units[0].rasterizer_inst/gradient_unit_stage3/diff_color_G_maker/status_6' has no loads. (LINT-2)
Warning: In design 'Rasterizer_group_unit', net 'rasterizer_units[0].rasterizer_inst/gradient_unit_stage3/status_inst[18][7]' driven by pin 'rasterizer_units[0].rasterizer_inst/gradient_unit_stage3/diff_color_G_maker/status_7' has no loads. (LINT-2)
Warning: In design 'Rasterizer_group_unit', net 'rasterizer_units[0].rasterizer_inst/gradient_unit_stage3/status_inst[17][0]' driven by pin 'rasterizer_units[0].rasterizer_inst/gradient_unit_stage3/diff_color_R_maker/status_0' has no loads. (LINT-2)
Warning: In design 'Rasterizer_group_unit', net 'rasterizer_units[0].rasterizer_inst/gradient_unit_stage3/status_inst[17][1]' driven by pin 'rasterizer_units[0].rasterizer_inst/gradient_unit_stage3/diff_color_R_maker/status_1' has no loads. (LINT-2)
Warning: In design 'Rasterizer_group_unit', net 'rasterizer_units[0].rasterizer_inst/gradient_unit_stage3/status_inst[17][2]' driven by pin 'rasterizer_units[0].rasterizer_inst/gradient_unit_stage3/diff_color_R_maker/status_2' has no loads. (LINT-2)
Warning: In design 'Rasterizer_group_unit', net 'rasterizer_units[0].rasterizer_inst/gradient_unit_stage3/status_inst[17][3]' driven by pin 'rasterizer_units[0].rasterizer_inst/gradient_unit_stage3/diff_color_R_maker/status_3' has no loads. (LINT-2)
Warning: In design 'Rasterizer_group_unit', net 'rasterizer_units[0].rasterizer_inst/gradient_unit_stage3/status_inst[17][4]' driven by pin 'rasterizer_units[0].rasterizer_inst/gradient_unit_stage3/diff_color_R_maker/status_4' has no loads. (LINT-2)
Warning: In design 'Rasterizer_group_unit', net 'rasterizer_units[0].rasterizer_inst/gradient_unit_stage3/status_inst[17][5]' driven by pin 'rasterizer_units[0].rasterizer_inst/gradient_unit_stage3/diff_color_R_maker/status_5' has no loads. (LINT-2)
Warning: In design 'Rasterizer_group_unit', net 'rasterizer_units[0].rasterizer_inst/gradient_unit_stage3/status_inst[17][6]' driven by pin 'rasterizer_units[0].rasterizer_inst/gradient_unit_stage3/diff_color_R_maker/status_6' has no loads. (LINT-2)
Warning: In design 'Rasterizer_group_unit', net 'rasterizer_units[0].rasterizer_inst/gradient_unit_stage3/status_inst[17][7]' driven by pin 'rasterizer_units[0].rasterizer_inst/gradient_unit_stage3/diff_color_R_maker/status_7' has no loads. (LINT-2)
Warning: In design 'Rasterizer_group_unit', net 'rasterizer_units[0].rasterizer_inst/gradient_unit_stage3/status_inst[16][0]' driven by pin 'rasterizer_units[0].rasterizer_inst/gradient_unit_stage3/dL_dch_dcolor/status_0' has no loads. (LINT-2)
Warning: In design 'Rasterizer_group_unit', net 'rasterizer_units[0].rasterizer_inst/gradient_unit_stage3/status_inst[16][1]' driven by pin 'rasterizer_units[0].rasterizer_inst/gradient_unit_stage3/dL_dch_dcolor/status_1' has no loads. (LINT-2)
Warning: In design 'Rasterizer_group_unit', net 'rasterizer_units[0].rasterizer_inst/gradient_unit_stage3/status_inst[16][2]' driven by pin 'rasterizer_units[0].rasterizer_inst/gradient_unit_stage3/dL_dch_dcolor/status_2' has no loads. (LINT-2)
Warning: In design 'Rasterizer_group_unit', net 'rasterizer_units[0].rasterizer_inst/gradient_unit_stage3/status_inst[16][3]' driven by pin 'rasterizer_units[0].rasterizer_inst/gradient_unit_stage3/dL_dch_dcolor/status_3' has no loads. (LINT-2)
Warning: In design 'Rasterizer_group_unit', net 'rasterizer_units[0].rasterizer_inst/gradient_unit_stage3/status_inst[16][4]' driven by pin 'rasterizer_units[0].rasterizer_inst/gradient_unit_stage3/dL_dch_dcolor/status_4' has no loads. (LINT-2)
Warning: In design 'Rasterizer_group_unit', net 'rasterizer_units[0].rasterizer_inst/gradient_unit_stage3/status_inst[16][5]' driven by pin 'rasterizer_units[0].rasterizer_inst/gradient_unit_stage3/dL_dch_dcolor/status_5' has no loads. (LINT-2)
Warning: In design 'Rasterizer_group_unit', net 'rasterizer_units[0].rasterizer_inst/gradient_unit_stage3/status_inst[16][6]' driven by pin 'rasterizer_units[0].rasterizer_inst/gradient_unit_stage3/dL_dch_dcolor/status_6' has no loads. (LINT-2)
Warning: In design 'Rasterizer_group_unit', net 'rasterizer_units[0].rasterizer_inst/gradient_unit_stage3/status_inst[16][7]' driven by pin 'rasterizer_units[0].rasterizer_inst/gradient_unit_stage3/dL_dch_dcolor/status_7' has no loads. (LINT-2)
Warning: In design 'Rasterizer_group_unit', net 'rasterizer_units[0].rasterizer_inst/gradient_unit_stage3/status_inst[15][0]' driven by pin 'rasterizer_units[0].rasterizer_inst/gradient_unit_stage3/d_y_gdy_maker/status_0' has no loads. (LINT-2)
Warning: In design 'Rasterizer_group_unit', net 'rasterizer_units[0].rasterizer_inst/gradient_unit_stage3/status_inst[15][1]' driven by pin 'rasterizer_units[0].rasterizer_inst/gradient_unit_stage3/d_y_gdy_maker/status_1' has no loads. (LINT-2)
Warning: In design 'Rasterizer_group_unit', net 'rasterizer_units[0].rasterizer_inst/gradient_unit_stage3/status_inst[15][2]' driven by pin 'rasterizer_units[0].rasterizer_inst/gradient_unit_stage3/d_y_gdy_maker/status_2' has no loads. (LINT-2)
Warning: In design 'Rasterizer_group_unit', net 'rasterizer_units[0].rasterizer_inst/gradient_unit_stage3/status_inst[15][3]' driven by pin 'rasterizer_units[0].rasterizer_inst/gradient_unit_stage3/d_y_gdy_maker/status_3' has no loads. (LINT-2)
Warning: In design 'Rasterizer_group_unit', net 'rasterizer_units[0].rasterizer_inst/gradient_unit_stage3/status_inst[15][4]' driven by pin 'rasterizer_units[0].rasterizer_inst/gradient_unit_stage3/d_y_gdy_maker/status_4' has no loads. (LINT-2)
Warning: In design 'Rasterizer_group_unit', net 'rasterizer_units[0].rasterizer_inst/gradient_unit_stage3/status_inst[15][5]' driven by pin 'rasterizer_units[0].rasterizer_inst/gradient_unit_stage3/d_y_gdy_maker/status_5' has no loads. (LINT-2)
Warning: In design 'Rasterizer_group_unit', net 'rasterizer_units[0].rasterizer_inst/gradient_unit_stage3/status_inst[15][6]' driven by pin 'rasterizer_units[0].rasterizer_inst/gradient_unit_stage3/d_y_gdy_maker/status_6' has no loads. (LINT-2)
Warning: In design 'Rasterizer_group_unit', net 'rasterizer_units[0].rasterizer_inst/gradient_unit_stage3/status_inst[15][7]' driven by pin 'rasterizer_units[0].rasterizer_inst/gradient_unit_stage3/d_y_gdy_maker/status_7' has no loads. (LINT-2)
Warning: In design 'Rasterizer_group_unit', net 'rasterizer_units[0].rasterizer_inst/gradient_unit_stage3/status_inst[14][0]' driven by pin 'rasterizer_units[0].rasterizer_inst/gradient_unit_stage3/d_y_gdx_maker/status_0' has no loads. (LINT-2)
Warning: In design 'Rasterizer_group_unit', net 'rasterizer_units[0].rasterizer_inst/gradient_unit_stage3/status_inst[14][1]' driven by pin 'rasterizer_units[0].rasterizer_inst/gradient_unit_stage3/d_y_gdx_maker/status_1' has no loads. (LINT-2)
Warning: In design 'Rasterizer_group_unit', net 'rasterizer_units[0].rasterizer_inst/gradient_unit_stage3/status_inst[14][2]' driven by pin 'rasterizer_units[0].rasterizer_inst/gradient_unit_stage3/d_y_gdx_maker/status_2' has no loads. (LINT-2)
Warning: In design 'Rasterizer_group_unit', net 'rasterizer_units[0].rasterizer_inst/gradient_unit_stage3/status_inst[14][3]' driven by pin 'rasterizer_units[0].rasterizer_inst/gradient_unit_stage3/d_y_gdx_maker/status_3' has no loads. (LINT-2)
Warning: In design 'Rasterizer_group_unit', net 'rasterizer_units[0].rasterizer_inst/gradient_unit_stage3/status_inst[14][4]' driven by pin 'rasterizer_units[0].rasterizer_inst/gradient_unit_stage3/d_y_gdx_maker/status_4' has no loads. (LINT-2)
Warning: In design 'Rasterizer_group_unit', net 'rasterizer_units[0].rasterizer_inst/gradient_unit_stage3/status_inst[14][5]' driven by pin 'rasterizer_units[0].rasterizer_inst/gradient_unit_stage3/d_y_gdx_maker/status_5' has no loads. (LINT-2)
Warning: In design 'Rasterizer_group_unit', net 'rasterizer_units[0].rasterizer_inst/gradient_unit_stage3/status_inst[14][6]' driven by pin 'rasterizer_units[0].rasterizer_inst/gradient_unit_stage3/d_y_gdx_maker/status_6' has no loads. (LINT-2)
Warning: In design 'Rasterizer_group_unit', net 'rasterizer_units[0].rasterizer_inst/gradient_unit_stage3/status_inst[14][7]' driven by pin 'rasterizer_units[0].rasterizer_inst/gradient_unit_stage3/d_y_gdx_maker/status_7' has no loads. (LINT-2)
Warning: In design 'Rasterizer_group_unit', net 'rasterizer_units[0].rasterizer_inst/gradient_unit_stage3/status_inst[13][0]' driven by pin 'rasterizer_units[0].rasterizer_inst/gradient_unit_stage3/d_x_gdx_maker/status_0' has no loads. (LINT-2)
Warning: In design 'Rasterizer_group_unit', net 'rasterizer_units[0].rasterizer_inst/gradient_unit_stage3/status_inst[13][1]' driven by pin 'rasterizer_units[0].rasterizer_inst/gradient_unit_stage3/d_x_gdx_maker/status_1' has no loads. (LINT-2)
Warning: In design 'Rasterizer_group_unit', net 'rasterizer_units[0].rasterizer_inst/gradient_unit_stage3/status_inst[13][2]' driven by pin 'rasterizer_units[0].rasterizer_inst/gradient_unit_stage3/d_x_gdx_maker/status_2' has no loads. (LINT-2)
Warning: In design 'Rasterizer_group_unit', net 'rasterizer_units[0].rasterizer_inst/gradient_unit_stage3/status_inst[13][3]' driven by pin 'rasterizer_units[0].rasterizer_inst/gradient_unit_stage3/d_x_gdx_maker/status_3' has no loads. (LINT-2)
Warning: In design 'Rasterizer_group_unit', net 'rasterizer_units[0].rasterizer_inst/gradient_unit_stage3/status_inst[13][4]' driven by pin 'rasterizer_units[0].rasterizer_inst/gradient_unit_stage3/d_x_gdx_maker/status_4' has no loads. (LINT-2)
Warning: In design 'Rasterizer_group_unit', net 'rasterizer_units[0].rasterizer_inst/gradient_unit_stage3/status_inst[13][5]' driven by pin 'rasterizer_units[0].rasterizer_inst/gradient_unit_stage3/d_x_gdx_maker/status_5' has no loads. (LINT-2)
Warning: In design 'Rasterizer_group_unit', net 'rasterizer_units[0].rasterizer_inst/gradient_unit_stage3/status_inst[13][6]' driven by pin 'rasterizer_units[0].rasterizer_inst/gradient_unit_stage3/d_x_gdx_maker/status_6' has no loads. (LINT-2)
Warning: In design 'Rasterizer_group_unit', net 'rasterizer_units[0].rasterizer_inst/gradient_unit_stage3/status_inst[13][7]' driven by pin 'rasterizer_units[0].rasterizer_inst/gradient_unit_stage3/d_x_gdx_maker/status_7' has no loads. (LINT-2)
Warning: In design 'Rasterizer_group_unit', net 'rasterizer_units[0].rasterizer_inst/gradient_unit_stage3/status_inst[12][0]' driven by pin 'rasterizer_units[0].rasterizer_inst/gradient_unit_stage3/dG_ddely_maker/status_0' has no loads. (LINT-2)
Warning: In design 'Rasterizer_group_unit', net 'rasterizer_units[0].rasterizer_inst/gradient_unit_stage3/status_inst[12][1]' driven by pin 'rasterizer_units[0].rasterizer_inst/gradient_unit_stage3/dG_ddely_maker/status_1' has no loads. (LINT-2)
Warning: In design 'Rasterizer_group_unit', net 'rasterizer_units[0].rasterizer_inst/gradient_unit_stage3/status_inst[12][2]' driven by pin 'rasterizer_units[0].rasterizer_inst/gradient_unit_stage3/dG_ddely_maker/status_2' has no loads. (LINT-2)
Warning: In design 'Rasterizer_group_unit', net 'rasterizer_units[0].rasterizer_inst/gradient_unit_stage3/status_inst[12][3]' driven by pin 'rasterizer_units[0].rasterizer_inst/gradient_unit_stage3/dG_ddely_maker/status_3' has no loads. (LINT-2)
Warning: In design 'Rasterizer_group_unit', net 'rasterizer_units[0].rasterizer_inst/gradient_unit_stage3/status_inst[12][4]' driven by pin 'rasterizer_units[0].rasterizer_inst/gradient_unit_stage3/dG_ddely_maker/status_4' has no loads. (LINT-2)
Warning: In design 'Rasterizer_group_unit', net 'rasterizer_units[0].rasterizer_inst/gradient_unit_stage3/status_inst[12][5]' driven by pin 'rasterizer_units[0].rasterizer_inst/gradient_unit_stage3/dG_ddely_maker/status_5' has no loads. (LINT-2)
Warning: In design 'Rasterizer_group_unit', net 'rasterizer_units[0].rasterizer_inst/gradient_unit_stage3/status_inst[12][6]' driven by pin 'rasterizer_units[0].rasterizer_inst/gradient_unit_stage3/dG_ddely_maker/status_6' has no loads. (LINT-2)
Warning: In design 'Rasterizer_group_unit', net 'rasterizer_units[0].rasterizer_inst/gradient_unit_stage3/status_inst[12][7]' driven by pin 'rasterizer_units[0].rasterizer_inst/gradient_unit_stage3/dG_ddely_maker/status_7' has no loads. (LINT-2)
Warning: In design 'Rasterizer_group_unit', net 'rasterizer_units[0].rasterizer_inst/gradient_unit_stage3/status_inst[11][0]' driven by pin 'rasterizer_units[0].rasterizer_inst/gradient_unit_stage3/dG_ddelx_maker/status_0' has no loads. (LINT-2)
Warning: In design 'Rasterizer_group_unit', net 'rasterizer_units[0].rasterizer_inst/gradient_unit_stage3/status_inst[11][1]' driven by pin 'rasterizer_units[0].rasterizer_inst/gradient_unit_stage3/dG_ddelx_maker/status_1' has no loads. (LINT-2)
Warning: In design 'Rasterizer_group_unit', net 'rasterizer_units[0].rasterizer_inst/gradient_unit_stage3/status_inst[11][2]' driven by pin 'rasterizer_units[0].rasterizer_inst/gradient_unit_stage3/dG_ddelx_maker/status_2' has no loads. (LINT-2)
Warning: In design 'Rasterizer_group_unit', net 'rasterizer_units[0].rasterizer_inst/gradient_unit_stage3/status_inst[11][3]' driven by pin 'rasterizer_units[0].rasterizer_inst/gradient_unit_stage3/dG_ddelx_maker/status_3' has no loads. (LINT-2)
Warning: In design 'Rasterizer_group_unit', net 'rasterizer_units[0].rasterizer_inst/gradient_unit_stage3/status_inst[11][4]' driven by pin 'rasterizer_units[0].rasterizer_inst/gradient_unit_stage3/dG_ddelx_maker/status_4' has no loads. (LINT-2)
Warning: In design 'Rasterizer_group_unit', net 'rasterizer_units[0].rasterizer_inst/gradient_unit_stage3/status_inst[11][5]' driven by pin 'rasterizer_units[0].rasterizer_inst/gradient_unit_stage3/dG_ddelx_maker/status_5' has no loads. (LINT-2)
Warning: In design 'Rasterizer_group_unit', net 'rasterizer_units[0].rasterizer_inst/gradient_unit_stage3/status_inst[11][6]' driven by pin 'rasterizer_units[0].rasterizer_inst/gradient_unit_stage3/dG_ddelx_maker/status_6' has no loads. (LINT-2)
Warning: In design 'Rasterizer_group_unit', net 'rasterizer_units[0].rasterizer_inst/gradient_unit_stage3/status_inst[11][7]' driven by pin 'rasterizer_units[0].rasterizer_inst/gradient_unit_stage3/dG_ddelx_maker/status_7' has no loads. (LINT-2)
Warning: In design 'Rasterizer_group_unit', net 'rasterizer_units[0].rasterizer_inst/gradient_unit_stage3/status_inst[10][0]' driven by pin 'rasterizer_units[0].rasterizer_inst/gradient_unit_stage3/accum_rec_depth_maker/status_0' has no loads. (LINT-2)
Warning: In design 'Rasterizer_group_unit', net 'rasterizer_units[0].rasterizer_inst/gradient_unit_stage3/status_inst[10][1]' driven by pin 'rasterizer_units[0].rasterizer_inst/gradient_unit_stage3/accum_rec_depth_maker/status_1' has no loads. (LINT-2)
Warning: In design 'Rasterizer_group_unit', net 'rasterizer_units[0].rasterizer_inst/gradient_unit_stage3/status_inst[10][2]' driven by pin 'rasterizer_units[0].rasterizer_inst/gradient_unit_stage3/accum_rec_depth_maker/status_2' has no loads. (LINT-2)
Warning: In design 'Rasterizer_group_unit', net 'rasterizer_units[0].rasterizer_inst/gradient_unit_stage3/status_inst[10][3]' driven by pin 'rasterizer_units[0].rasterizer_inst/gradient_unit_stage3/accum_rec_depth_maker/status_3' has no loads. (LINT-2)
Warning: In design 'Rasterizer_group_unit', net 'rasterizer_units[0].rasterizer_inst/gradient_unit_stage3/status_inst[10][4]' driven by pin 'rasterizer_units[0].rasterizer_inst/gradient_unit_stage3/accum_rec_depth_maker/status_4' has no loads. (LINT-2)
Warning: In design 'Rasterizer_group_unit', net 'rasterizer_units[0].rasterizer_inst/gradient_unit_stage3/status_inst[10][5]' driven by pin 'rasterizer_units[0].rasterizer_inst/gradient_unit_stage3/accum_rec_depth_maker/status_5' has no loads. (LINT-2)
Warning: In design 'Rasterizer_group_unit', net 'rasterizer_units[0].rasterizer_inst/gradient_unit_stage3/status_inst[10][6]' driven by pin 'rasterizer_units[0].rasterizer_inst/gradient_unit_stage3/accum_rec_depth_maker/status_6' has no loads. (LINT-2)
Warning: In design 'Rasterizer_group_unit', net 'rasterizer_units[0].rasterizer_inst/gradient_unit_stage3/status_inst[10][7]' driven by pin 'rasterizer_units[0].rasterizer_inst/gradient_unit_stage3/accum_rec_depth_maker/status_7' has no loads. (LINT-2)
Warning: In design 'Rasterizer_group_unit', net 'rasterizer_units[0].rasterizer_inst/gradient_unit_stage3/status_inst[9][0]' driven by pin 'rasterizer_units[0].rasterizer_inst/gradient_unit_stage3/accum_rec_B_maker/status_0' has no loads. (LINT-2)
Warning: In design 'Rasterizer_group_unit', net 'rasterizer_units[0].rasterizer_inst/gradient_unit_stage3/status_inst[9][1]' driven by pin 'rasterizer_units[0].rasterizer_inst/gradient_unit_stage3/accum_rec_B_maker/status_1' has no loads. (LINT-2)
Warning: In design 'Rasterizer_group_unit', net 'rasterizer_units[0].rasterizer_inst/gradient_unit_stage3/status_inst[9][2]' driven by pin 'rasterizer_units[0].rasterizer_inst/gradient_unit_stage3/accum_rec_B_maker/status_2' has no loads. (LINT-2)
Warning: In design 'Rasterizer_group_unit', net 'rasterizer_units[0].rasterizer_inst/gradient_unit_stage3/status_inst[9][3]' driven by pin 'rasterizer_units[0].rasterizer_inst/gradient_unit_stage3/accum_rec_B_maker/status_3' has no loads. (LINT-2)
Warning: In design 'Rasterizer_group_unit', net 'rasterizer_units[0].rasterizer_inst/gradient_unit_stage3/status_inst[9][4]' driven by pin 'rasterizer_units[0].rasterizer_inst/gradient_unit_stage3/accum_rec_B_maker/status_4' has no loads. (LINT-2)
Warning: In design 'Rasterizer_group_unit', net 'rasterizer_units[0].rasterizer_inst/gradient_unit_stage3/status_inst[9][5]' driven by pin 'rasterizer_units[0].rasterizer_inst/gradient_unit_stage3/accum_rec_B_maker/status_5' has no loads. (LINT-2)
Warning: In design 'Rasterizer_group_unit', net 'rasterizer_units[0].rasterizer_inst/gradient_unit_stage3/status_inst[9][6]' driven by pin 'rasterizer_units[0].rasterizer_inst/gradient_unit_stage3/accum_rec_B_maker/status_6' has no loads. (LINT-2)
Warning: In design 'Rasterizer_group_unit', net 'rasterizer_units[0].rasterizer_inst/gradient_unit_stage3/status_inst[9][7]' driven by pin 'rasterizer_units[0].rasterizer_inst/gradient_unit_stage3/accum_rec_B_maker/status_7' has no loads. (LINT-2)
Warning: In design 'Rasterizer_group_unit', net 'rasterizer_units[0].rasterizer_inst/gradient_unit_stage3/status_inst[8][0]' driven by pin 'rasterizer_units[0].rasterizer_inst/gradient_unit_stage3/accum_rec_G_maker/status_0' has no loads. (LINT-2)
Warning: In design 'Rasterizer_group_unit', net 'rasterizer_units[0].rasterizer_inst/gradient_unit_stage3/status_inst[8][1]' driven by pin 'rasterizer_units[0].rasterizer_inst/gradient_unit_stage3/accum_rec_G_maker/status_1' has no loads. (LINT-2)
Warning: In design 'Rasterizer_group_unit', net 'rasterizer_units[0].rasterizer_inst/gradient_unit_stage3/status_inst[8][2]' driven by pin 'rasterizer_units[0].rasterizer_inst/gradient_unit_stage3/accum_rec_G_maker/status_2' has no loads. (LINT-2)
Warning: In design 'Rasterizer_group_unit', net 'rasterizer_units[0].rasterizer_inst/gradient_unit_stage3/status_inst[8][3]' driven by pin 'rasterizer_units[0].rasterizer_inst/gradient_unit_stage3/accum_rec_G_maker/status_3' has no loads. (LINT-2)
Warning: In design 'Rasterizer_group_unit', net 'rasterizer_units[0].rasterizer_inst/gradient_unit_stage3/status_inst[8][4]' driven by pin 'rasterizer_units[0].rasterizer_inst/gradient_unit_stage3/accum_rec_G_maker/status_4' has no loads. (LINT-2)
Warning: In design 'Rasterizer_group_unit', net 'rasterizer_units[0].rasterizer_inst/gradient_unit_stage3/status_inst[8][5]' driven by pin 'rasterizer_units[0].rasterizer_inst/gradient_unit_stage3/accum_rec_G_maker/status_5' has no loads. (LINT-2)
Warning: In design 'Rasterizer_group_unit', net 'rasterizer_units[0].rasterizer_inst/gradient_unit_stage3/status_inst[8][6]' driven by pin 'rasterizer_units[0].rasterizer_inst/gradient_unit_stage3/accum_rec_G_maker/status_6' has no loads. (LINT-2)
Warning: In design 'Rasterizer_group_unit', net 'rasterizer_units[0].rasterizer_inst/gradient_unit_stage3/status_inst[8][7]' driven by pin 'rasterizer_units[0].rasterizer_inst/gradient_unit_stage3/accum_rec_G_maker/status_7' has no loads. (LINT-2)
Warning: In design 'Rasterizer_group_unit', net 'rasterizer_units[0].rasterizer_inst/gradient_unit_stage3/status_inst[7][0]' driven by pin 'rasterizer_units[0].rasterizer_inst/gradient_unit_stage3/accum_rec_R_maker/status_0' has no loads. (LINT-2)
Warning: In design 'Rasterizer_group_unit', net 'rasterizer_units[0].rasterizer_inst/gradient_unit_stage3/status_inst[7][1]' driven by pin 'rasterizer_units[0].rasterizer_inst/gradient_unit_stage3/accum_rec_R_maker/status_1' has no loads. (LINT-2)
Warning: In design 'Rasterizer_group_unit', net 'rasterizer_units[0].rasterizer_inst/gradient_unit_stage3/status_inst[7][2]' driven by pin 'rasterizer_units[0].rasterizer_inst/gradient_unit_stage3/accum_rec_R_maker/status_2' has no loads. (LINT-2)
Warning: In design 'Rasterizer_group_unit', net 'rasterizer_units[0].rasterizer_inst/gradient_unit_stage3/status_inst[7][3]' driven by pin 'rasterizer_units[0].rasterizer_inst/gradient_unit_stage3/accum_rec_R_maker/status_3' has no loads. (LINT-2)
Warning: In design 'Rasterizer_group_unit', net 'rasterizer_units[0].rasterizer_inst/gradient_unit_stage3/status_inst[7][4]' driven by pin 'rasterizer_units[0].rasterizer_inst/gradient_unit_stage3/accum_rec_R_maker/status_4' has no loads. (LINT-2)
Warning: In design 'Rasterizer_group_unit', net 'rasterizer_units[0].rasterizer_inst/gradient_unit_stage3/status_inst[7][5]' driven by pin 'rasterizer_units[0].rasterizer_inst/gradient_unit_stage3/accum_rec_R_maker/status_5' has no loads. (LINT-2)
Warning: In design 'Rasterizer_group_unit', net 'rasterizer_units[0].rasterizer_inst/gradient_unit_stage3/status_inst[7][6]' driven by pin 'rasterizer_units[0].rasterizer_inst/gradient_unit_stage3/accum_rec_R_maker/status_6' has no loads. (LINT-2)
Warning: In design 'Rasterizer_group_unit', net 'rasterizer_units[0].rasterizer_inst/gradient_unit_stage3/status_inst[7][7]' driven by pin 'rasterizer_units[0].rasterizer_inst/gradient_unit_stage3/accum_rec_R_maker/status_7' has no loads. (LINT-2)
Warning: In design 'Rasterizer_group_unit', net 'rasterizer_units[0].rasterizer_inst/gradient_unit_stage3/status_inst[6][0]' driven by pin 'rasterizer_units[0].rasterizer_inst/gradient_unit_stage3/One_minus_last_alpha_maker/status_0' has no loads. (LINT-2)
Warning: In design 'Rasterizer_group_unit', net 'rasterizer_units[0].rasterizer_inst/gradient_unit_stage3/status_inst[6][1]' driven by pin 'rasterizer_units[0].rasterizer_inst/gradient_unit_stage3/One_minus_last_alpha_maker/status_1' has no loads. (LINT-2)
Warning: In design 'Rasterizer_group_unit', net 'rasterizer_units[0].rasterizer_inst/gradient_unit_stage3/status_inst[6][2]' driven by pin 'rasterizer_units[0].rasterizer_inst/gradient_unit_stage3/One_minus_last_alpha_maker/status_2' has no loads. (LINT-2)
Warning: In design 'Rasterizer_group_unit', net 'rasterizer_units[0].rasterizer_inst/gradient_unit_stage3/status_inst[6][3]' driven by pin 'rasterizer_units[0].rasterizer_inst/gradient_unit_stage3/One_minus_last_alpha_maker/status_3' has no loads. (LINT-2)
Warning: In design 'Rasterizer_group_unit', net 'rasterizer_units[0].rasterizer_inst/gradient_unit_stage3/status_inst[6][4]' driven by pin 'rasterizer_units[0].rasterizer_inst/gradient_unit_stage3/One_minus_last_alpha_maker/status_4' has no loads. (LINT-2)
Warning: In design 'Rasterizer_group_unit', net 'rasterizer_units[0].rasterizer_inst/gradient_unit_stage3/status_inst[6][5]' driven by pin 'rasterizer_units[0].rasterizer_inst/gradient_unit_stage3/One_minus_last_alpha_maker/status_5' has no loads. (LINT-2)
Warning: In design 'Rasterizer_group_unit', net 'rasterizer_units[0].rasterizer_inst/gradient_unit_stage3/status_inst[6][6]' driven by pin 'rasterizer_units[0].rasterizer_inst/gradient_unit_stage3/One_minus_last_alpha_maker/status_6' has no loads. (LINT-2)
Warning: In design 'Rasterizer_group_unit', net 'rasterizer_units[0].rasterizer_inst/gradient_unit_stage3/status_inst[6][7]' driven by pin 'rasterizer_units[0].rasterizer_inst/gradient_unit_stage3/One_minus_last_alpha_maker/status_7' has no loads. (LINT-2)
Warning: In design 'Rasterizer_group_unit', net 'rasterizer_units[0].rasterizer_inst/gradient_unit_stage3/status_inst[5][0]' driven by pin 'rasterizer_units[0].rasterizer_inst/gradient_unit_stage3/ddely_dy_maker/status_0' has no loads. (LINT-2)
Warning: In design 'Rasterizer_group_unit', net 'rasterizer_units[0].rasterizer_inst/gradient_unit_stage3/status_inst[5][1]' driven by pin 'rasterizer_units[0].rasterizer_inst/gradient_unit_stage3/ddely_dy_maker/status_1' has no loads. (LINT-2)
Warning: In design 'Rasterizer_group_unit', net 'rasterizer_units[0].rasterizer_inst/gradient_unit_stage3/status_inst[5][2]' driven by pin 'rasterizer_units[0].rasterizer_inst/gradient_unit_stage3/ddely_dy_maker/status_2' has no loads. (LINT-2)
Warning: In design 'Rasterizer_group_unit', net 'rasterizer_units[0].rasterizer_inst/gradient_unit_stage3/status_inst[5][3]' driven by pin 'rasterizer_units[0].rasterizer_inst/gradient_unit_stage3/ddely_dy_maker/status_3' has no loads. (LINT-2)
Warning: In design 'Rasterizer_group_unit', net 'rasterizer_units[0].rasterizer_inst/gradient_unit_stage3/status_inst[5][4]' driven by pin 'rasterizer_units[0].rasterizer_inst/gradient_unit_stage3/ddely_dy_maker/status_4' has no loads. (LINT-2)
Warning: In design 'Rasterizer_group_unit', net 'rasterizer_units[0].rasterizer_inst/gradient_unit_stage3/status_inst[5][5]' driven by pin 'rasterizer_units[0].rasterizer_inst/gradient_unit_stage3/ddely_dy_maker/status_5' has no loads. (LINT-2)
Warning: In design 'Rasterizer_group_unit', net 'rasterizer_units[0].rasterizer_inst/gradient_unit_stage3/status_inst[5][6]' driven by pin 'rasterizer_units[0].rasterizer_inst/gradient_unit_stage3/ddely_dy_maker/status_6' has no loads. (LINT-2)
Warning: In design 'Rasterizer_group_unit', net 'rasterizer_units[0].rasterizer_inst/gradient_unit_stage3/status_inst[5][7]' driven by pin 'rasterizer_units[0].rasterizer_inst/gradient_unit_stage3/ddely_dy_maker/status_7' has no loads. (LINT-2)
Warning: In design 'Rasterizer_group_unit', net 'rasterizer_units[0].rasterizer_inst/gradient_unit_stage3/status_inst[4][0]' driven by pin 'rasterizer_units[0].rasterizer_inst/gradient_unit_stage3/ddelx_dx_maker/status_0' has no loads. (LINT-2)
Warning: In design 'Rasterizer_group_unit', net 'rasterizer_units[0].rasterizer_inst/gradient_unit_stage3/status_inst[4][1]' driven by pin 'rasterizer_units[0].rasterizer_inst/gradient_unit_stage3/ddelx_dx_maker/status_1' has no loads. (LINT-2)
Warning: In design 'Rasterizer_group_unit', net 'rasterizer_units[0].rasterizer_inst/gradient_unit_stage3/status_inst[4][2]' driven by pin 'rasterizer_units[0].rasterizer_inst/gradient_unit_stage3/ddelx_dx_maker/status_2' has no loads. (LINT-2)
Warning: In design 'Rasterizer_group_unit', net 'rasterizer_units[0].rasterizer_inst/gradient_unit_stage3/status_inst[4][3]' driven by pin 'rasterizer_units[0].rasterizer_inst/gradient_unit_stage3/ddelx_dx_maker/status_3' has no loads. (LINT-2)
Warning: In design 'Rasterizer_group_unit', net 'rasterizer_units[0].rasterizer_inst/gradient_unit_stage3/status_inst[4][4]' driven by pin 'rasterizer_units[0].rasterizer_inst/gradient_unit_stage3/ddelx_dx_maker/status_4' has no loads. (LINT-2)
Warning: In design 'Rasterizer_group_unit', net 'rasterizer_units[0].rasterizer_inst/gradient_unit_stage3/status_inst[4][5]' driven by pin 'rasterizer_units[0].rasterizer_inst/gradient_unit_stage3/ddelx_dx_maker/status_5' has no loads. (LINT-2)
Warning: In design 'Rasterizer_group_unit', net 'rasterizer_units[0].rasterizer_inst/gradient_unit_stage3/status_inst[4][6]' driven by pin 'rasterizer_units[0].rasterizer_inst/gradient_unit_stage3/ddelx_dx_maker/status_6' has no loads. (LINT-2)
Warning: In design 'Rasterizer_group_unit', net 'rasterizer_units[0].rasterizer_inst/gradient_unit_stage3/status_inst[4][7]' driven by pin 'rasterizer_units[0].rasterizer_inst/gradient_unit_stage3/ddelx_dx_maker/status_7' has no loads. (LINT-2)
Warning: In design 'Rasterizer_group_unit', net 'rasterizer_units[0].rasterizer_inst/gradient_unit_stage3/status_inst[3][0]' driven by pin 'rasterizer_units[0].rasterizer_inst/gradient_unit_stage3/gdy_maker/status_0' has no loads. (LINT-2)
Warning: In design 'Rasterizer_group_unit', net 'rasterizer_units[0].rasterizer_inst/gradient_unit_stage3/status_inst[3][1]' driven by pin 'rasterizer_units[0].rasterizer_inst/gradient_unit_stage3/gdy_maker/status_1' has no loads. (LINT-2)
Warning: In design 'Rasterizer_group_unit', net 'rasterizer_units[0].rasterizer_inst/gradient_unit_stage3/status_inst[3][2]' driven by pin 'rasterizer_units[0].rasterizer_inst/gradient_unit_stage3/gdy_maker/status_2' has no loads. (LINT-2)
Warning: In design 'Rasterizer_group_unit', net 'rasterizer_units[0].rasterizer_inst/gradient_unit_stage3/status_inst[3][3]' driven by pin 'rasterizer_units[0].rasterizer_inst/gradient_unit_stage3/gdy_maker/status_3' has no loads. (LINT-2)
Warning: In design 'Rasterizer_group_unit', net 'rasterizer_units[0].rasterizer_inst/gradient_unit_stage3/status_inst[3][4]' driven by pin 'rasterizer_units[0].rasterizer_inst/gradient_unit_stage3/gdy_maker/status_4' has no loads. (LINT-2)
Warning: In design 'Rasterizer_group_unit', net 'rasterizer_units[0].rasterizer_inst/gradient_unit_stage3/status_inst[3][5]' driven by pin 'rasterizer_units[0].rasterizer_inst/gradient_unit_stage3/gdy_maker/status_5' has no loads. (LINT-2)
Warning: In design 'Rasterizer_group_unit', net 'rasterizer_units[0].rasterizer_inst/gradient_unit_stage3/status_inst[3][6]' driven by pin 'rasterizer_units[0].rasterizer_inst/gradient_unit_stage3/gdy_maker/status_6' has no loads. (LINT-2)
Warning: In design 'Rasterizer_group_unit', net 'rasterizer_units[0].rasterizer_inst/gradient_unit_stage3/status_inst[3][7]' driven by pin 'rasterizer_units[0].rasterizer_inst/gradient_unit_stage3/gdy_maker/status_7' has no loads. (LINT-2)
Warning: In design 'Rasterizer_group_unit', net 'rasterizer_units[0].rasterizer_inst/gradient_unit_stage3/status_inst[2][0]' driven by pin 'rasterizer_units[0].rasterizer_inst/gradient_unit_stage3/gdx_maker/status_0' has no loads. (LINT-2)
Warning: In design 'Rasterizer_group_unit', net 'rasterizer_units[0].rasterizer_inst/gradient_unit_stage3/status_inst[2][1]' driven by pin 'rasterizer_units[0].rasterizer_inst/gradient_unit_stage3/gdx_maker/status_1' has no loads. (LINT-2)
Warning: In design 'Rasterizer_group_unit', net 'rasterizer_units[0].rasterizer_inst/gradient_unit_stage3/status_inst[2][2]' driven by pin 'rasterizer_units[0].rasterizer_inst/gradient_unit_stage3/gdx_maker/status_2' has no loads. (LINT-2)
Warning: In design 'Rasterizer_group_unit', net 'rasterizer_units[0].rasterizer_inst/gradient_unit_stage3/status_inst[2][3]' driven by pin 'rasterizer_units[0].rasterizer_inst/gradient_unit_stage3/gdx_maker/status_3' has no loads. (LINT-2)
Warning: In design 'Rasterizer_group_unit', net 'rasterizer_units[0].rasterizer_inst/gradient_unit_stage3/status_inst[2][4]' driven by pin 'rasterizer_units[0].rasterizer_inst/gradient_unit_stage3/gdx_maker/status_4' has no loads. (LINT-2)
Warning: In design 'Rasterizer_group_unit', net 'rasterizer_units[0].rasterizer_inst/gradient_unit_stage3/status_inst[2][5]' driven by pin 'rasterizer_units[0].rasterizer_inst/gradient_unit_stage3/gdx_maker/status_5' has no loads. (LINT-2)
Warning: In design 'Rasterizer_group_unit', net 'rasterizer_units[0].rasterizer_inst/gradient_unit_stage3/status_inst[2][6]' driven by pin 'rasterizer_units[0].rasterizer_inst/gradient_unit_stage3/gdx_maker/status_6' has no loads. (LINT-2)
Warning: In design 'Rasterizer_group_unit', net 'rasterizer_units[0].rasterizer_inst/gradient_unit_stage3/status_inst[2][7]' driven by pin 'rasterizer_units[0].rasterizer_inst/gradient_unit_stage3/gdx_maker/status_7' has no loads. (LINT-2)
Warning: In design 'Rasterizer_group_unit', net 'rasterizer_units[0].rasterizer_inst/gradient_unit_stage3/status_inst[1][0]' driven by pin 'rasterizer_units[0].rasterizer_inst/gradient_unit_stage3/One_minus_alpha_maker/status_0' has no loads. (LINT-2)
Warning: In design 'Rasterizer_group_unit', net 'rasterizer_units[0].rasterizer_inst/gradient_unit_stage3/status_inst[1][1]' driven by pin 'rasterizer_units[0].rasterizer_inst/gradient_unit_stage3/One_minus_alpha_maker/status_1' has no loads. (LINT-2)
Warning: In design 'Rasterizer_group_unit', net 'rasterizer_units[0].rasterizer_inst/gradient_unit_stage3/status_inst[1][2]' driven by pin 'rasterizer_units[0].rasterizer_inst/gradient_unit_stage3/One_minus_alpha_maker/status_2' has no loads. (LINT-2)
Warning: In design 'Rasterizer_group_unit', net 'rasterizer_units[0].rasterizer_inst/gradient_unit_stage3/status_inst[1][3]' driven by pin 'rasterizer_units[0].rasterizer_inst/gradient_unit_stage3/One_minus_alpha_maker/status_3' has no loads. (LINT-2)
Warning: In design 'Rasterizer_group_unit', net 'rasterizer_units[0].rasterizer_inst/gradient_unit_stage3/status_inst[1][4]' driven by pin 'rasterizer_units[0].rasterizer_inst/gradient_unit_stage3/One_minus_alpha_maker/status_4' has no loads. (LINT-2)
Warning: In design 'Rasterizer_group_unit', net 'rasterizer_units[0].rasterizer_inst/gradient_unit_stage3/status_inst[1][5]' driven by pin 'rasterizer_units[0].rasterizer_inst/gradient_unit_stage3/One_minus_alpha_maker/status_5' has no loads. (LINT-2)
Warning: In design 'Rasterizer_group_unit', net 'rasterizer_units[0].rasterizer_inst/gradient_unit_stage3/status_inst[1][6]' driven by pin 'rasterizer_units[0].rasterizer_inst/gradient_unit_stage3/One_minus_alpha_maker/status_6' has no loads. (LINT-2)
Warning: In design 'Rasterizer_group_unit', net 'rasterizer_units[0].rasterizer_inst/gradient_unit_stage3/status_inst[1][7]' driven by pin 'rasterizer_units[0].rasterizer_inst/gradient_unit_stage3/One_minus_alpha_maker/status_7' has no loads. (LINT-2)
Warning: In design 'skip_unit_BLOCK_SIZE16_exponent_bit8_mantissa_bit7_precision16_inputs4', port 'block_id[15]' is not connected to any nets. (LINT-28)
Warning: In design 'skip_unit_BLOCK_SIZE16_exponent_bit8_mantissa_bit7_precision16_inputs4', port 'block_id[7]' is not connected to any nets. (LINT-28)
Warning: In design 'fixed_arbiter_N_MASTER4_DATA_SIZE224', port 'clk' is not connected to any nets. (LINT-28)
Warning: In design 'fixed_arbiter_N_MASTER4_DATA_SIZE224', port 'rst_n' is not connected to any nets. (LINT-28)
Warning: In design 'fixed_arbiter_N_MASTER4_DATA_SIZE224', port 'dst_ready_i' is not connected to any nets. (LINT-28)
Warning: In design 'gradient_unit_BLOCK_SIZE16_exponent_bit8_mantissa_bit7_precision16', port 'W[0]' is not connected to any nets. (LINT-28)
Warning: In design 'gradient_unit_BLOCK_SIZE16_exponent_bit8_mantissa_bit7_precision16', port 'H[0]' is not connected to any nets. (LINT-28)
Warning: In design 'Rasterizer_group_unit', net 'rasterizer_units[0].rasterizer_inst/gradient_unit_stage3/status_inst[7][0]' has multiple drivers (unknown wired-logic type). (LINT-38)
Warning: In design 'Rasterizer_group_unit', net 'rasterizer_units[0].rasterizer_inst/gradient_unit_stage3/status_inst[7][1]' has multiple drivers (unknown wired-logic type). (LINT-38)
Warning: In design 'Rasterizer_group_unit', net 'rasterizer_units[0].rasterizer_inst/gradient_unit_stage3/status_inst[7][2]' has multiple drivers (unknown wired-logic type). (LINT-38)
Warning: In design 'Rasterizer_group_unit', net 'rasterizer_units[0].rasterizer_inst/gradient_unit_stage3/status_inst[7][3]' has multiple drivers (unknown wired-logic type). (LINT-38)
Warning: In design 'Rasterizer_group_unit', net 'rasterizer_units[0].rasterizer_inst/gradient_unit_stage3/status_inst[7][4]' has multiple drivers (unknown wired-logic type). (LINT-38)
Warning: In design 'Rasterizer_group_unit', net 'rasterizer_units[0].rasterizer_inst/gradient_unit_stage3/status_inst[7][5]' has multiple drivers (unknown wired-logic type). (LINT-38)
Warning: In design 'Rasterizer_group_unit', net 'rasterizer_units[0].rasterizer_inst/gradient_unit_stage3/status_inst[7][6]' has multiple drivers (unknown wired-logic type). (LINT-38)
Warning: In design 'Rasterizer_group_unit', net 'rasterizer_units[0].rasterizer_inst/gradient_unit_stage3/status_inst[7][7]' has multiple drivers (unknown wired-logic type). (LINT-38)
1
# Enable pipelined-logic retiming
set_optimize_registers -designs $top_level
1
# Synthesize the design with adaptive retiming
compile_ultra -retime -no_autoungroup
Information: Performing power optimization. (PWR-850)
Alib files are up-to-date.
Information: Evaluating DesignWare library utilization. (UISN-27)

============================================================================
| DesignWare Building Block Library  |         Version         | Available |
============================================================================
| Basic DW Building Blocks           | S-2021.06-DWBB_202106.4 |     *     |
| Licensed DW Building Blocks        | S-2021.06-DWBB_202106.4 |     *     |
============================================================================

============================================================================
| Flow Information                                                         |
----------------------------------------------------------------------------
| Flow         | Design Compiler WLM                                       |
============================================================================
| Design Information                                      | Value          |
============================================================================
| Number of Scenarios                                     | 0              |
| Leaf Cell Count                                         | 72656          |
| Number of User Hierarchies                              | 32             |
| Sequential Cell Count                                   | 68624          |
| Macro Count                                             | 0              |
| Number of Power Domains                                 | 0              |
| Design with UPF Data                                    | false          |
============================================================================
Information: Sequential output inversion is enabled.  SVF file must be used for formal verification. (OPT-1208)
Information: Retiming is enabled. SVF file must be used for formal verification. (OPT-1210)

Information: There are 1316 potential problems in your design. Please run 'check_design' for more information. (LINT-99)

Information: Uniquified 8 instances of design 'Rasterizer_unit_BLOCK_SIZE16_exponent_bit8_mantissa_bit7_precision16_input_gaussians_to_pixel4'. (OPT-1056)
Information: Uniquified 8 instances of design 'skip_unit_BLOCK_SIZE16_exponent_bit8_mantissa_bit7_precision16_inputs4'. (OPT-1056)
Information: Uniquified 8 instances of design 'fixed_arbiter_N_MASTER4_DATA_SIZE224'. (OPT-1056)
Information: Uniquified 8 instances of design 'gradient_unit_BLOCK_SIZE16_exponent_bit8_mantissa_bit7_precision16'. (OPT-1056)
  Simplifying Design 'Rasterizer_group_unit'
Information: The register 'rasterizer_units[1].rasterizer_inst/skip_unit_stage1/early_skip_reg[0]' will be removed. (OPT-1207)
Information: The register 'rasterizer_units[1].rasterizer_inst/skip_unit_stage1/early_skip_reg[1]' will be removed. (OPT-1207)
Information: The register 'rasterizer_units[1].rasterizer_inst/skip_unit_stage1/early_skip_reg[2]' will be removed. (OPT-1207)
Information: The register 'rasterizer_units[1].rasterizer_inst/skip_unit_stage1/early_skip_reg[3]' will be removed. (OPT-1207)
Information: The register 'rasterizer_units[2].rasterizer_inst/skip_unit_stage1/early_skip_reg[0]' will be removed. (OPT-1207)
Information: The register 'rasterizer_units[2].rasterizer_inst/skip_unit_stage1/early_skip_reg[1]' will be removed. (OPT-1207)
Information: The register 'rasterizer_units[2].rasterizer_inst/skip_unit_stage1/early_skip_reg[2]' will be removed. (OPT-1207)
Information: The register 'rasterizer_units[2].rasterizer_inst/skip_unit_stage1/early_skip_reg[3]' will be removed. (OPT-1207)
Information: The register 'rasterizer_units[3].rasterizer_inst/skip_unit_stage1/early_skip_reg[0]' will be removed. (OPT-1207)
Information: The register 'rasterizer_units[3].rasterizer_inst/skip_unit_stage1/early_skip_reg[1]' will be removed. (OPT-1207)
Information: The register 'rasterizer_units[3].rasterizer_inst/skip_unit_stage1/early_skip_reg[2]' will be removed. (OPT-1207)
Information: The register 'rasterizer_units[3].rasterizer_inst/skip_unit_stage1/early_skip_reg[3]' will be removed. (OPT-1207)
Information: The register 'rasterizer_units[4].rasterizer_inst/skip_unit_stage1/early_skip_reg[0]' will be removed. (OPT-1207)
Information: The register 'rasterizer_units[4].rasterizer_inst/skip_unit_stage1/early_skip_reg[1]' will be removed. (OPT-1207)
Information: The register 'rasterizer_units[4].rasterizer_inst/skip_unit_stage1/early_skip_reg[2]' will be removed. (OPT-1207)
Information: The register 'rasterizer_units[4].rasterizer_inst/skip_unit_stage1/early_skip_reg[3]' will be removed. (OPT-1207)
Information: The register 'rasterizer_units[5].rasterizer_inst/skip_unit_stage1/early_skip_reg[0]' will be removed. (OPT-1207)
Information: The register 'rasterizer_units[5].rasterizer_inst/skip_unit_stage1/early_skip_reg[1]' will be removed. (OPT-1207)
Information: The register 'rasterizer_units[5].rasterizer_inst/skip_unit_stage1/early_skip_reg[2]' will be removed. (OPT-1207)
Information: The register 'rasterizer_units[5].rasterizer_inst/skip_unit_stage1/early_skip_reg[3]' will be removed. (OPT-1207)
Information: The register 'rasterizer_units[6].rasterizer_inst/skip_unit_stage1/early_skip_reg[0]' will be removed. (OPT-1207)
Information: The register 'rasterizer_units[6].rasterizer_inst/skip_unit_stage1/early_skip_reg[1]' will be removed. (OPT-1207)
Information: The register 'rasterizer_units[6].rasterizer_inst/skip_unit_stage1/early_skip_reg[2]' will be removed. (OPT-1207)
Information: The register 'rasterizer_units[6].rasterizer_inst/skip_unit_stage1/early_skip_reg[3]' will be removed. (OPT-1207)
Information: The register 'rasterizer_units[7].rasterizer_inst/skip_unit_stage1/early_skip_reg[0]' will be removed. (OPT-1207)
Information: The register 'rasterizer_units[7].rasterizer_inst/skip_unit_stage1/early_skip_reg[1]' will be removed. (OPT-1207)
Information: The register 'rasterizer_units[7].rasterizer_inst/skip_unit_stage1/early_skip_reg[2]' will be removed. (OPT-1207)
Information: The register 'rasterizer_units[7].rasterizer_inst/skip_unit_stage1/early_skip_reg[3]' will be removed. (OPT-1207)
Information: The register 'rasterizer_units[0].rasterizer_inst/skip_unit_stage1/early_skip_reg[0]' will be removed. (OPT-1207)
Information: The register 'rasterizer_units[0].rasterizer_inst/skip_unit_stage1/early_skip_reg[1]' will be removed. (OPT-1207)
Information: The register 'rasterizer_units[0].rasterizer_inst/skip_unit_stage1/early_skip_reg[2]' will be removed. (OPT-1207)
Information: The register 'rasterizer_units[0].rasterizer_inst/skip_unit_stage1/early_skip_reg[3]' will be removed. (OPT-1207)

Loaded alib file './alib-52/um28nchslogl30hdh140f_tt0p9v25c.db.alib'
Information: State dependent leakage is now switched from on to off.

  Beginning Pass 1 Mapping
  ------------------------
  Processing 'skip_unit_BLOCK_SIZE16_exponent_bit8_mantissa_bit7_precision16_inputs4_0'
 Implement Synthetic for 'skip_unit_BLOCK_SIZE16_exponent_bit8_mantissa_bit7_precision16_inputs4_0'.
  Processing 'skip_unit_BLOCK_SIZE16_exponent_bit8_mantissa_bit7_precision16_inputs4_0_DW_fp_cmp_J1_0'
  Processing 'skip_unit_BLOCK_SIZE16_exponent_bit8_mantissa_bit7_precision16_inputs4_0_DW_fp_cmp_J1_1'
  Processing 'skip_unit_BLOCK_SIZE16_exponent_bit8_mantissa_bit7_precision16_inputs4_0_DW_fp_mult_J1_0'
  Processing 'skip_unit_BLOCK_SIZE16_exponent_bit8_mantissa_bit7_precision16_inputs4_0_DW_lzd_J1_0'
  Processing 'skip_unit_BLOCK_SIZE16_exponent_bit8_mantissa_bit7_precision16_inputs4_0_DW_lzd_J1_1'
  Processing 'skip_unit_BLOCK_SIZE16_exponent_bit8_mantissa_bit7_precision16_inputs4_0_DW_fp_exp_J1_0'
  Processing 'skip_unit_BLOCK_SIZE16_exponent_bit8_mantissa_bit7_precision16_inputs4_0_DW_exp2_J1_0'
  Processing 'skip_unit_BLOCK_SIZE16_exponent_bit8_mantissa_bit7_precision16_inputs4_0_DW_fp_sum3_J1_0'
  Processing 'skip_unit_BLOCK_SIZE16_exponent_bit8_mantissa_bit7_precision16_inputs4_0_DW_lzd_J1_2'
  Processing 'skip_unit_BLOCK_SIZE16_exponent_bit8_mantissa_bit7_precision16_inputs4_0_DW_fp_mult_J1_1'
  Processing 'skip_unit_BLOCK_SIZE16_exponent_bit8_mantissa_bit7_precision16_inputs4_0_DW_lzd_J1_3'
  Processing 'skip_unit_BLOCK_SIZE16_exponent_bit8_mantissa_bit7_precision16_inputs4_0_DW_lzd_J1_4'
  Processing 'skip_unit_BLOCK_SIZE16_exponent_bit8_mantissa_bit7_precision16_inputs4_0_DW_fp_mult_J1_2'
  Processing 'skip_unit_BLOCK_SIZE16_exponent_bit8_mantissa_bit7_precision16_inputs4_0_DW_lzd_J1_5'
  Processing 'skip_unit_BLOCK_SIZE16_exponent_bit8_mantissa_bit7_precision16_inputs4_0_DW_lzd_J1_6'
  Processing 'skip_unit_BLOCK_SIZE16_exponent_bit8_mantissa_bit7_precision16_inputs4_0_DW_fp_mult_J1_3'
  Processing 'skip_unit_BLOCK_SIZE16_exponent_bit8_mantissa_bit7_precision16_inputs4_0_DW_lzd_J1_7'
  Processing 'skip_unit_BLOCK_SIZE16_exponent_bit8_mantissa_bit7_precision16_inputs4_0_DW_lzd_J1_8'
  Processing 'skip_unit_BLOCK_SIZE16_exponent_bit8_mantissa_bit7_precision16_inputs4_0_DW_fp_mult_J1_4'
  Processing 'skip_unit_BLOCK_SIZE16_exponent_bit8_mantissa_bit7_precision16_inputs4_0_DW_lzd_J1_9'
  Processing 'skip_unit_BLOCK_SIZE16_exponent_bit8_mantissa_bit7_precision16_inputs4_0_DW_lzd_J1_10'
  Processing 'skip_unit_BLOCK_SIZE16_exponent_bit8_mantissa_bit7_precision16_inputs4_0_DW_fp_mult_J1_5'
  Processing 'skip_unit_BLOCK_SIZE16_exponent_bit8_mantissa_bit7_precision16_inputs4_0_DW_lzd_J1_11'
  Processing 'skip_unit_BLOCK_SIZE16_exponent_bit8_mantissa_bit7_precision16_inputs4_0_DW_lzd_J1_12'
  Processing 'skip_unit_BLOCK_SIZE16_exponent_bit8_mantissa_bit7_precision16_inputs4_0_DW_fp_mult_J1_6'
  Processing 'skip_unit_BLOCK_SIZE16_exponent_bit8_mantissa_bit7_precision16_inputs4_0_DW_lzd_J1_13'
  Processing 'skip_unit_BLOCK_SIZE16_exponent_bit8_mantissa_bit7_precision16_inputs4_0_DW_lzd_J1_14'
  Processing 'skip_unit_BLOCK_SIZE16_exponent_bit8_mantissa_bit7_precision16_inputs4_0_DW_fp_addsub_J1_0'
  Processing 'skip_unit_BLOCK_SIZE16_exponent_bit8_mantissa_bit7_precision16_inputs4_0_DW_lzd_J1_15'
  Processing 'skip_unit_BLOCK_SIZE16_exponent_bit8_mantissa_bit7_precision16_inputs4_0_DW_fp_addsub_J1_1'
  Processing 'skip_unit_BLOCK_SIZE16_exponent_bit8_mantissa_bit7_precision16_inputs4_0_DW_lzd_J1_16'
  Processing 'skip_unit_BLOCK_SIZE16_exponent_bit8_mantissa_bit7_precision16_inputs4_0_DW_fp_i2flt_J1_0'
  Processing 'skip_unit_BLOCK_SIZE16_exponent_bit8_mantissa_bit7_precision16_inputs4_0_DW_fp_i2flt_J1_1'
  Processing 'skip_unit_BLOCK_SIZE16_exponent_bit8_mantissa_bit7_precision16_inputs4_0_DW_fp_cmp_J1_2'
  Processing 'skip_unit_BLOCK_SIZE16_exponent_bit8_mantissa_bit7_precision16_inputs4_0_DW_fp_cmp_J1_3'
  Processing 'skip_unit_BLOCK_SIZE16_exponent_bit8_mantissa_bit7_precision16_inputs4_0_DW_fp_mult_J1_7'
  Processing 'skip_unit_BLOCK_SIZE16_exponent_bit8_mantissa_bit7_precision16_inputs4_0_DW_lzd_J1_17_DW_lzd_J1_19'
  Processing 'skip_unit_BLOCK_SIZE16_exponent_bit8_mantissa_bit7_precision16_inputs4_0_DW_lzd_J1_18_DW_lzd_J1_20'
  Processing 'skip_unit_BLOCK_SIZE16_exponent_bit8_mantissa_bit7_precision16_inputs4_0_DW_fp_exp_J1_1'
  Processing 'skip_unit_BLOCK_SIZE16_exponent_bit8_mantissa_bit7_precision16_inputs4_0_DW_exp2_J1_1'
  Processing 'skip_unit_BLOCK_SIZE16_exponent_bit8_mantissa_bit7_precision16_inputs4_0_DW_fp_sum3_J1_1'
  Processing 'skip_unit_BLOCK_SIZE16_exponent_bit8_mantissa_bit7_precision16_inputs4_0_DW_lzd_J1_19_DW_lzd_J1_21'
  Processing 'skip_unit_BLOCK_SIZE16_exponent_bit8_mantissa_bit7_precision16_inputs4_0_DW_fp_mult_J1_8'
  Processing 'skip_unit_BLOCK_SIZE16_exponent_bit8_mantissa_bit7_precision16_inputs4_0_DW_lzd_J1_20_DW_lzd_J1_22'
  Processing 'skip_unit_BLOCK_SIZE16_exponent_bit8_mantissa_bit7_precision16_inputs4_0_DW_lzd_J1_21_DW_lzd_J1_23'
  Processing 'skip_unit_BLOCK_SIZE16_exponent_bit8_mantissa_bit7_precision16_inputs4_0_DW_fp_mult_J1_9'
  Processing 'skip_unit_BLOCK_SIZE16_exponent_bit8_mantissa_bit7_precision16_inputs4_0_DW_lzd_J1_22_DW_lzd_J1_24'
  Processing 'skip_unit_BLOCK_SIZE16_exponent_bit8_mantissa_bit7_precision16_inputs4_0_DW_lzd_J1_23_DW_lzd_J1_25'
  Processing 'skip_unit_BLOCK_SIZE16_exponent_bit8_mantissa_bit7_precision16_inputs4_0_DW_fp_mult_J1_10'
  Processing 'skip_unit_BLOCK_SIZE16_exponent_bit8_mantissa_bit7_precision16_inputs4_0_DW_lzd_J1_24_DW_lzd_J1_26'
  Processing 'skip_unit_BLOCK_SIZE16_exponent_bit8_mantissa_bit7_precision16_inputs4_0_DW_lzd_J1_25_DW_lzd_J1_27'
  Processing 'skip_unit_BLOCK_SIZE16_exponent_bit8_mantissa_bit7_precision16_inputs4_0_DW_fp_mult_J1_11'
  Processing 'skip_unit_BLOCK_SIZE16_exponent_bit8_mantissa_bit7_precision16_inputs4_0_DW_lzd_J1_26_DW_lzd_J1_28'
  Processing 'skip_unit_BLOCK_SIZE16_exponent_bit8_mantissa_bit7_precision16_inputs4_0_DW_lzd_J1_27_DW_lzd_J1_29'
  Processing 'skip_unit_BLOCK_SIZE16_exponent_bit8_mantissa_bit7_precision16_inputs4_0_DW_fp_mult_J1_12'
  Processing 'skip_unit_BLOCK_SIZE16_exponent_bit8_mantissa_bit7_precision16_inputs4_0_DW_lzd_J1_28_DW_lzd_J1_30'
  Processing 'skip_unit_BLOCK_SIZE16_exponent_bit8_mantissa_bit7_precision16_inputs4_0_DW_lzd_J1_29_DW_lzd_J1_31'
  Processing 'skip_unit_BLOCK_SIZE16_exponent_bit8_mantissa_bit7_precision16_inputs4_0_DW_fp_mult_J1_13'
  Processing 'skip_unit_BLOCK_SIZE16_exponent_bit8_mantissa_bit7_precision16_inputs4_0_DW_lzd_J1_30_DW_lzd_J1_32'
  Processing 'skip_unit_BLOCK_SIZE16_exponent_bit8_mantissa_bit7_precision16_inputs4_0_DW_lzd_J1_31_DW_lzd_J1_33'
  Processing 'skip_unit_BLOCK_SIZE16_exponent_bit8_mantissa_bit7_precision16_inputs4_0_DW_fp_addsub_J1_2'
  Processing 'skip_unit_BLOCK_SIZE16_exponent_bit8_mantissa_bit7_precision16_inputs4_0_DW_lzd_J1_32_DW_lzd_J1_34'
  Processing 'skip_unit_BLOCK_SIZE16_exponent_bit8_mantissa_bit7_precision16_inputs4_0_DW_fp_addsub_J1_3'
  Processing 'skip_unit_BLOCK_SIZE16_exponent_bit8_mantissa_bit7_precision16_inputs4_0_DW_lzd_J1_33_DW_lzd_J1_35'
  Processing 'skip_unit_BLOCK_SIZE16_exponent_bit8_mantissa_bit7_precision16_inputs4_0_DW_fp_i2flt_J1_2'
  Processing 'skip_unit_BLOCK_SIZE16_exponent_bit8_mantissa_bit7_precision16_inputs4_0_DW_fp_i2flt_J1_3'
  Processing 'skip_unit_BLOCK_SIZE16_exponent_bit8_mantissa_bit7_precision16_inputs4_0_DW_fp_cmp_J1_4'
  Processing 'skip_unit_BLOCK_SIZE16_exponent_bit8_mantissa_bit7_precision16_inputs4_0_DW_fp_cmp_J1_5'
  Processing 'skip_unit_BLOCK_SIZE16_exponent_bit8_mantissa_bit7_precision16_inputs4_0_DW_fp_mult_J1_14'
  Processing 'skip_unit_BLOCK_SIZE16_exponent_bit8_mantissa_bit7_precision16_inputs4_0_DW_lzd_J1_34_DW_lzd_J1_38'
  Processing 'skip_unit_BLOCK_SIZE16_exponent_bit8_mantissa_bit7_precision16_inputs4_0_DW_lzd_J1_35_DW_lzd_J1_39'
  Processing 'skip_unit_BLOCK_SIZE16_exponent_bit8_mantissa_bit7_precision16_inputs4_0_DW_fp_exp_J1_2'
  Processing 'skip_unit_BLOCK_SIZE16_exponent_bit8_mantissa_bit7_precision16_inputs4_0_DW_exp2_J1_2'
  Processing 'skip_unit_BLOCK_SIZE16_exponent_bit8_mantissa_bit7_precision16_inputs4_0_DW_fp_sum3_J1_2'
  Processing 'skip_unit_BLOCK_SIZE16_exponent_bit8_mantissa_bit7_precision16_inputs4_0_DW_lzd_J1_36_DW_lzd_J1_40'
  Processing 'skip_unit_BLOCK_SIZE16_exponent_bit8_mantissa_bit7_precision16_inputs4_0_DW_fp_mult_J1_15'
  Processing 'skip_unit_BLOCK_SIZE16_exponent_bit8_mantissa_bit7_precision16_inputs4_0_DW_lzd_J1_37_DW_lzd_J1_41'
  Processing 'skip_unit_BLOCK_SIZE16_exponent_bit8_mantissa_bit7_precision16_inputs4_0_DW_lzd_J1_38_DW_lzd_J1_42'
  Processing 'skip_unit_BLOCK_SIZE16_exponent_bit8_mantissa_bit7_precision16_inputs4_0_DW_fp_mult_J1_16'
  Processing 'skip_unit_BLOCK_SIZE16_exponent_bit8_mantissa_bit7_precision16_inputs4_0_DW_lzd_J1_39_DW_lzd_J1_43'
  Processing 'skip_unit_BLOCK_SIZE16_exponent_bit8_mantissa_bit7_precision16_inputs4_0_DW_lzd_J1_40_DW_lzd_J1_44'
  Processing 'skip_unit_BLOCK_SIZE16_exponent_bit8_mantissa_bit7_precision16_inputs4_0_DW_fp_mult_J1_17'
  Processing 'skip_unit_BLOCK_SIZE16_exponent_bit8_mantissa_bit7_precision16_inputs4_0_DW_lzd_J1_41_DW_lzd_J1_45'
  Processing 'skip_unit_BLOCK_SIZE16_exponent_bit8_mantissa_bit7_precision16_inputs4_0_DW_lzd_J1_42_DW_lzd_J1_46'
  Processing 'skip_unit_BLOCK_SIZE16_exponent_bit8_mantissa_bit7_precision16_inputs4_0_DW_fp_mult_J1_18'
  Processing 'skip_unit_BLOCK_SIZE16_exponent_bit8_mantissa_bit7_precision16_inputs4_0_DW_lzd_J1_43_DW_lzd_J1_47'
  Processing 'skip_unit_BLOCK_SIZE16_exponent_bit8_mantissa_bit7_precision16_inputs4_0_DW_lzd_J1_44_DW_lzd_J1_48'
  Processing 'skip_unit_BLOCK_SIZE16_exponent_bit8_mantissa_bit7_precision16_inputs4_0_DW_fp_mult_J1_19'
  Processing 'skip_unit_BLOCK_SIZE16_exponent_bit8_mantissa_bit7_precision16_inputs4_0_DW_lzd_J1_45_DW_lzd_J1_49'
  Processing 'skip_unit_BLOCK_SIZE16_exponent_bit8_mantissa_bit7_precision16_inputs4_0_DW_lzd_J1_46_DW_lzd_J1_50'
  Processing 'skip_unit_BLOCK_SIZE16_exponent_bit8_mantissa_bit7_precision16_inputs4_0_DW_fp_mult_J1_20'
  Processing 'skip_unit_BLOCK_SIZE16_exponent_bit8_mantissa_bit7_precision16_inputs4_0_DW_lzd_J1_47_DW_lzd_J1_51'
  Processing 'skip_unit_BLOCK_SIZE16_exponent_bit8_mantissa_bit7_precision16_inputs4_0_DW_lzd_J1_48_DW_lzd_J1_52'
  Processing 'skip_unit_BLOCK_SIZE16_exponent_bit8_mantissa_bit7_precision16_inputs4_0_DW_fp_addsub_J1_4'
  Processing 'skip_unit_BLOCK_SIZE16_exponent_bit8_mantissa_bit7_precision16_inputs4_0_DW_lzd_J1_49_DW_lzd_J1_53'
  Processing 'skip_unit_BLOCK_SIZE16_exponent_bit8_mantissa_bit7_precision16_inputs4_0_DW_fp_addsub_J1_5'
  Processing 'skip_unit_BLOCK_SIZE16_exponent_bit8_mantissa_bit7_precision16_inputs4_0_DW_lzd_J1_50_DW_lzd_J1_54'
  Processing 'skip_unit_BLOCK_SIZE16_exponent_bit8_mantissa_bit7_precision16_inputs4_0_DW_fp_i2flt_J1_4'
  Processing 'skip_unit_BLOCK_SIZE16_exponent_bit8_mantissa_bit7_precision16_inputs4_0_DW_fp_i2flt_J1_5'
  Processing 'skip_unit_BLOCK_SIZE16_exponent_bit8_mantissa_bit7_precision16_inputs4_0_DW_fp_cmp_J1_6'
  Processing 'skip_unit_BLOCK_SIZE16_exponent_bit8_mantissa_bit7_precision16_inputs4_0_DW_fp_cmp_J1_7'
  Processing 'skip_unit_BLOCK_SIZE16_exponent_bit8_mantissa_bit7_precision16_inputs4_0_DW_fp_mult_J1_21'
  Processing 'skip_unit_BLOCK_SIZE16_exponent_bit8_mantissa_bit7_precision16_inputs4_0_DW_lzd_J1_51_DW_lzd_J1_57'
  Processing 'skip_unit_BLOCK_SIZE16_exponent_bit8_mantissa_bit7_precision16_inputs4_0_DW_lzd_J1_52_DW_lzd_J1_58'
  Processing 'skip_unit_BLOCK_SIZE16_exponent_bit8_mantissa_bit7_precision16_inputs4_0_DW_fp_exp_J1_3'
  Processing 'skip_unit_BLOCK_SIZE16_exponent_bit8_mantissa_bit7_precision16_inputs4_0_DW_exp2_J1_3'
  Processing 'skip_unit_BLOCK_SIZE16_exponent_bit8_mantissa_bit7_precision16_inputs4_0_DW_fp_sum3_J1_3'
  Processing 'skip_unit_BLOCK_SIZE16_exponent_bit8_mantissa_bit7_precision16_inputs4_0_DW_lzd_J1_53_DW_lzd_J1_59'
  Processing 'skip_unit_BLOCK_SIZE16_exponent_bit8_mantissa_bit7_precision16_inputs4_0_DW_fp_mult_J1_22'
  Processing 'skip_unit_BLOCK_SIZE16_exponent_bit8_mantissa_bit7_precision16_inputs4_0_DW_lzd_J1_54_DW_lzd_J1_60'
  Processing 'skip_unit_BLOCK_SIZE16_exponent_bit8_mantissa_bit7_precision16_inputs4_0_DW_lzd_J1_55_DW_lzd_J1_61'
  Processing 'skip_unit_BLOCK_SIZE16_exponent_bit8_mantissa_bit7_precision16_inputs4_0_DW_fp_mult_J1_23'
  Processing 'skip_unit_BLOCK_SIZE16_exponent_bit8_mantissa_bit7_precision16_inputs4_0_DW_lzd_J1_56_DW_lzd_J1_62'
  Processing 'skip_unit_BLOCK_SIZE16_exponent_bit8_mantissa_bit7_precision16_inputs4_0_DW_lzd_J1_57_DW_lzd_J1_63'
  Processing 'skip_unit_BLOCK_SIZE16_exponent_bit8_mantissa_bit7_precision16_inputs4_0_DW_fp_mult_J1_24'
  Processing 'skip_unit_BLOCK_SIZE16_exponent_bit8_mantissa_bit7_precision16_inputs4_0_DW_lzd_J1_58_DW_lzd_J1_64'
  Processing 'skip_unit_BLOCK_SIZE16_exponent_bit8_mantissa_bit7_precision16_inputs4_0_DW_lzd_J1_59_DW_lzd_J1_65'
  Processing 'skip_unit_BLOCK_SIZE16_exponent_bit8_mantissa_bit7_precision16_inputs4_0_DW_fp_mult_J1_25'
  Processing 'skip_unit_BLOCK_SIZE16_exponent_bit8_mantissa_bit7_precision16_inputs4_0_DW_lzd_J1_60_DW_lzd_J1_66'
  Processing 'skip_unit_BLOCK_SIZE16_exponent_bit8_mantissa_bit7_precision16_inputs4_0_DW_lzd_J1_61_DW_lzd_J1_67'
  Processing 'skip_unit_BLOCK_SIZE16_exponent_bit8_mantissa_bit7_precision16_inputs4_0_DW_fp_mult_J1_26'
  Processing 'skip_unit_BLOCK_SIZE16_exponent_bit8_mantissa_bit7_precision16_inputs4_0_DW_lzd_J1_62_DW_lzd_J1_68'
  Processing 'skip_unit_BLOCK_SIZE16_exponent_bit8_mantissa_bit7_precision16_inputs4_0_DW_lzd_J1_63_DW_lzd_J1_69'
  Processing 'skip_unit_BLOCK_SIZE16_exponent_bit8_mantissa_bit7_precision16_inputs4_0_DW_fp_mult_J1_27'
  Processing 'skip_unit_BLOCK_SIZE16_exponent_bit8_mantissa_bit7_precision16_inputs4_0_DW_lzd_J1_64_DW_lzd_J1_70'
  Processing 'skip_unit_BLOCK_SIZE16_exponent_bit8_mantissa_bit7_precision16_inputs4_0_DW_lzd_J1_65_DW_lzd_J1_71'
  Processing 'skip_unit_BLOCK_SIZE16_exponent_bit8_mantissa_bit7_precision16_inputs4_0_DW_fp_addsub_J1_6'
  Processing 'skip_unit_BLOCK_SIZE16_exponent_bit8_mantissa_bit7_precision16_inputs4_0_DW_lzd_J1_66_DW_lzd_J1_72'
  Processing 'skip_unit_BLOCK_SIZE16_exponent_bit8_mantissa_bit7_precision16_inputs4_0_DW_fp_addsub_J1_7'
  Processing 'skip_unit_BLOCK_SIZE16_exponent_bit8_mantissa_bit7_precision16_inputs4_0_DW_lzd_J1_67_DW_lzd_J1_73'
  Processing 'skip_unit_BLOCK_SIZE16_exponent_bit8_mantissa_bit7_precision16_inputs4_0_DW_fp_i2flt_J1_6'
  Processing 'skip_unit_BLOCK_SIZE16_exponent_bit8_mantissa_bit7_precision16_inputs4_0_DW_fp_i2flt_J1_7'
Information: Added key list 'DesignWare' to design 'skip_unit_BLOCK_SIZE16_exponent_bit8_mantissa_bit7_precision16_inputs4_0'. (DDB-72)
  Processing 'gradient_unit_BLOCK_SIZE16_exponent_bit8_mantissa_bit7_precision16_0'
Information: Added key list 'DesignWare' to design 'gradient_unit_BLOCK_SIZE16_exponent_bit8_mantissa_bit7_precision16_0'. (DDB-72)
Information: The register 'One1_reg[15]' is a constant and will be removed. (OPT-1206)
Information: The register 'One1_reg[14]' is a constant and will be removed. (OPT-1206)
Information: The register 'One1_reg[13]' is a constant and will be removed. (OPT-1206)
Information: The register 'One1_reg[12]' is a constant and will be removed. (OPT-1206)
Information: The register 'One1_reg[11]' is a constant and will be removed. (OPT-1206)
Information: The register 'One1_reg[10]' is a constant and will be removed. (OPT-1206)
Information: The register 'One1_reg[9]' is a constant and will be removed. (OPT-1206)
Information: The register 'One1_reg[8]' is a constant and will be removed. (OPT-1206)
Information: The register 'One1_reg[7]' is a constant and will be removed. (OPT-1206)
Information: The register 'One1_reg[6]' is a constant and will be removed. (OPT-1206)
Information: The register 'One1_reg[5]' is a constant and will be removed. (OPT-1206)
Information: The register 'One1_reg[4]' is a constant and will be removed. (OPT-1206)
Information: The register 'One1_reg[3]' is a constant and will be removed. (OPT-1206)
Information: The register 'One1_reg[2]' is a constant and will be removed. (OPT-1206)
Information: The register 'One1_reg[1]' is a constant and will be removed. (OPT-1206)
Information: The register 'One1_reg[0]' is a constant and will be removed. (OPT-1206)
Information: The register 'One0_reg[15]' is a constant and will be removed. (OPT-1206)
Information: The register 'One0_reg[14]' is a constant and will be removed. (OPT-1206)
Information: The register 'One0_reg[13]' is a constant and will be removed. (OPT-1206)
Information: The register 'One0_reg[12]' is a constant and will be removed. (OPT-1206)
Information: The register 'One0_reg[11]' is a constant and will be removed. (OPT-1206)
Information: The register 'One0_reg[10]' is a constant and will be removed. (OPT-1206)
Information: The register 'One0_reg[9]' is a constant and will be removed. (OPT-1206)
Information: The register 'One0_reg[8]' is a constant and will be removed. (OPT-1206)
Information: The register 'One0_reg[7]' is a constant and will be removed. (OPT-1206)
Information: The register 'One0_reg[6]' is a constant and will be removed. (OPT-1206)
Information: The register 'One0_reg[5]' is a constant and will be removed. (OPT-1206)
Information: The register 'One0_reg[4]' is a constant and will be removed. (OPT-1206)
Information: The register 'One0_reg[3]' is a constant and will be removed. (OPT-1206)
Information: The register 'One0_reg[2]' is a constant and will be removed. (OPT-1206)
Information: The register 'One0_reg[1]' is a constant and will be removed. (OPT-1206)
Information: The register 'dL_dconic_reg[31]' is a constant and will be removed. (OPT-1206)
Information: The register 'dL_dconic_reg[30]' is a constant and will be removed. (OPT-1206)
Information: The register 'dL_dconic_reg[29]' is a constant and will be removed. (OPT-1206)
Information: The register 'dL_dconic_reg[28]' is a constant and will be removed. (OPT-1206)
Information: The register 'dL_dconic_reg[27]' is a constant and will be removed. (OPT-1206)
Information: The register 'dL_dconic_reg[26]' is a constant and will be removed. (OPT-1206)
Information: The register 'dL_dconic_reg[25]' is a constant and will be removed. (OPT-1206)
Information: The register 'dL_dconic_reg[24]' is a constant and will be removed. (OPT-1206)
Information: The register 'dL_dconic_reg[23]' is a constant and will be removed. (OPT-1206)
Information: The register 'dL_dconic_reg[22]' is a constant and will be removed. (OPT-1206)
Information: The register 'dL_dconic_reg[21]' is a constant and will be removed. (OPT-1206)
Information: The register 'dL_dconic_reg[20]' is a constant and will be removed. (OPT-1206)
Information: The register 'dL_dconic_reg[19]' is a constant and will be removed. (OPT-1206)
Information: The register 'dL_dconic_reg[18]' is a constant and will be removed. (OPT-1206)
Information: The register 'dL_dconic_reg[17]' is a constant and will be removed. (OPT-1206)
Information: The register 'dL_dconic_reg[16]' is a constant and will be removed. (OPT-1206)
Information: The register 'One0_reg[0]' is a constant and will be removed. (OPT-1206)
Information: The register 'H0_reg[11]' is a constant and will be removed. (OPT-1206)
Information: The register 'W0_reg[11]' is a constant and will be removed. (OPT-1206)
 Implement Synthetic for 'gradient_unit_BLOCK_SIZE16_exponent_bit8_mantissa_bit7_precision16_0'.
  Processing 'gradient_unit_BLOCK_SIZE16_exponent_bit8_mantissa_bit7_precision16_0_DW_fp_mult_J2_0'
  Processing 'gradient_unit_BLOCK_SIZE16_exponent_bit8_mantissa_bit7_precision16_0_DW_lzd_J2_0'
  Processing 'gradient_unit_BLOCK_SIZE16_exponent_bit8_mantissa_bit7_precision16_0_DW_lzd_J2_1'
  Processing 'gradient_unit_BLOCK_SIZE16_exponent_bit8_mantissa_bit7_precision16_0_DW_fp_mult_J2_1'
  Processing 'gradient_unit_BLOCK_SIZE16_exponent_bit8_mantissa_bit7_precision16_0_DW_lzd_J2_2'
  Processing 'gradient_unit_BLOCK_SIZE16_exponent_bit8_mantissa_bit7_precision16_0_DW_lzd_J2_3'
  Processing 'gradient_unit_BLOCK_SIZE16_exponent_bit8_mantissa_bit7_precision16_0_DW_fp_mult_J2_2'
  Processing 'gradient_unit_BLOCK_SIZE16_exponent_bit8_mantissa_bit7_precision16_0_DW_lzd_J2_4'
  Processing 'gradient_unit_BLOCK_SIZE16_exponent_bit8_mantissa_bit7_precision16_0_DW_lzd_J2_5'
  Processing 'gradient_unit_BLOCK_SIZE16_exponent_bit8_mantissa_bit7_precision16_0_DW_fp_mult_J2_3'
  Processing 'gradient_unit_BLOCK_SIZE16_exponent_bit8_mantissa_bit7_precision16_0_DW_lzd_J2_6'
  Processing 'gradient_unit_BLOCK_SIZE16_exponent_bit8_mantissa_bit7_precision16_0_DW_lzd_J2_7'
  Processing 'gradient_unit_BLOCK_SIZE16_exponent_bit8_mantissa_bit7_precision16_0_DW_fp_mult_J2_4'
  Processing 'gradient_unit_BLOCK_SIZE16_exponent_bit8_mantissa_bit7_precision16_0_DW_lzd_J2_8'
  Processing 'gradient_unit_BLOCK_SIZE16_exponent_bit8_mantissa_bit7_precision16_0_DW_lzd_J2_9'
  Processing 'gradient_unit_BLOCK_SIZE16_exponent_bit8_mantissa_bit7_precision16_0_DW_fp_mult_J2_5'
  Processing 'gradient_unit_BLOCK_SIZE16_exponent_bit8_mantissa_bit7_precision16_0_DW_lzd_J2_10'
  Processing 'gradient_unit_BLOCK_SIZE16_exponent_bit8_mantissa_bit7_precision16_0_DW_lzd_J2_11'
  Processing 'gradient_unit_BLOCK_SIZE16_exponent_bit8_mantissa_bit7_precision16_0_DW_fp_mult_J2_6'
  Processing 'gradient_unit_BLOCK_SIZE16_exponent_bit8_mantissa_bit7_precision16_0_DW_lzd_J2_12'
  Processing 'gradient_unit_BLOCK_SIZE16_exponent_bit8_mantissa_bit7_precision16_0_DW_lzd_J2_13'
  Processing 'gradient_unit_BLOCK_SIZE16_exponent_bit8_mantissa_bit7_precision16_0_DW_fp_mult_J2_7'
  Processing 'gradient_unit_BLOCK_SIZE16_exponent_bit8_mantissa_bit7_precision16_0_DW_lzd_J2_14'
  Processing 'gradient_unit_BLOCK_SIZE16_exponent_bit8_mantissa_bit7_precision16_0_DW_lzd_J2_15'
  Processing 'gradient_unit_BLOCK_SIZE16_exponent_bit8_mantissa_bit7_precision16_0_DW_fp_addsub_J2_0'
  Processing 'gradient_unit_BLOCK_SIZE16_exponent_bit8_mantissa_bit7_precision16_0_DW_lzd_J2_16'
  Processing 'gradient_unit_BLOCK_SIZE16_exponent_bit8_mantissa_bit7_precision16_0_DW_fp_mult_J2_8'
  Processing 'gradient_unit_BLOCK_SIZE16_exponent_bit8_mantissa_bit7_precision16_0_DW_lzd_J2_17'
  Processing 'gradient_unit_BLOCK_SIZE16_exponent_bit8_mantissa_bit7_precision16_0_DW_lzd_J2_18'
  Processing 'gradient_unit_BLOCK_SIZE16_exponent_bit8_mantissa_bit7_precision16_0_DW_fp_mult_J2_9'
  Processing 'gradient_unit_BLOCK_SIZE16_exponent_bit8_mantissa_bit7_precision16_0_DW_lzd_J2_19'
  Processing 'gradient_unit_BLOCK_SIZE16_exponent_bit8_mantissa_bit7_precision16_0_DW_lzd_J2_20'
  Processing 'gradient_unit_BLOCK_SIZE16_exponent_bit8_mantissa_bit7_precision16_0_DW_fp_mult_J2_10'
  Processing 'gradient_unit_BLOCK_SIZE16_exponent_bit8_mantissa_bit7_precision16_0_DW_lzd_J2_21'
  Processing 'gradient_unit_BLOCK_SIZE16_exponent_bit8_mantissa_bit7_precision16_0_DW_lzd_J2_22'
  Processing 'gradient_unit_BLOCK_SIZE16_exponent_bit8_mantissa_bit7_precision16_0_DW_fp_mult_J2_11'
  Processing 'gradient_unit_BLOCK_SIZE16_exponent_bit8_mantissa_bit7_precision16_0_DW_lzd_J2_23'
  Processing 'gradient_unit_BLOCK_SIZE16_exponent_bit8_mantissa_bit7_precision16_0_DW_lzd_J2_24'
  Processing 'gradient_unit_BLOCK_SIZE16_exponent_bit8_mantissa_bit7_precision16_0_DW_fp_dp2_J2_0'
  Processing 'gradient_unit_BLOCK_SIZE16_exponent_bit8_mantissa_bit7_precision16_0_DW_lzd_J2_25'
  Processing 'gradient_unit_BLOCK_SIZE16_exponent_bit8_mantissa_bit7_precision16_0_DW_fp_dp2_J2_1'
  Processing 'gradient_unit_BLOCK_SIZE16_exponent_bit8_mantissa_bit7_precision16_0_DW_lzd_J2_26'
  Processing 'gradient_unit_BLOCK_SIZE16_exponent_bit8_mantissa_bit7_precision16_0_DW_fp_mult_J2_12'
  Processing 'gradient_unit_BLOCK_SIZE16_exponent_bit8_mantissa_bit7_precision16_0_DW_lzd_J2_27'
  Processing 'gradient_unit_BLOCK_SIZE16_exponent_bit8_mantissa_bit7_precision16_0_DW_lzd_J2_28'
  Processing 'gradient_unit_BLOCK_SIZE16_exponent_bit8_mantissa_bit7_precision16_0_DW_fp_mult_J2_13'
  Processing 'gradient_unit_BLOCK_SIZE16_exponent_bit8_mantissa_bit7_precision16_0_DW_lzd_J2_29'
  Processing 'gradient_unit_BLOCK_SIZE16_exponent_bit8_mantissa_bit7_precision16_0_DW_lzd_J2_30'
  Processing 'gradient_unit_BLOCK_SIZE16_exponent_bit8_mantissa_bit7_precision16_0_DW_fp_addsub_J2_1'
  Processing 'gradient_unit_BLOCK_SIZE16_exponent_bit8_mantissa_bit7_precision16_0_DW_lzd_J2_31'
  Processing 'gradient_unit_BLOCK_SIZE16_exponent_bit8_mantissa_bit7_precision16_0_DW_fp_addsub_J2_2'
  Processing 'gradient_unit_BLOCK_SIZE16_exponent_bit8_mantissa_bit7_precision16_0_DW_lzd_J2_32'
  Processing 'gradient_unit_BLOCK_SIZE16_exponent_bit8_mantissa_bit7_precision16_0_DW_fp_addsub_J2_3'
  Processing 'gradient_unit_BLOCK_SIZE16_exponent_bit8_mantissa_bit7_precision16_0_DW_lzd_J2_33'
  Processing 'gradient_unit_BLOCK_SIZE16_exponent_bit8_mantissa_bit7_precision16_0_DW_fp_addsub_J2_4'
  Processing 'gradient_unit_BLOCK_SIZE16_exponent_bit8_mantissa_bit7_precision16_0_DW_lzd_J2_34'
  Processing 'gradient_unit_BLOCK_SIZE16_exponent_bit8_mantissa_bit7_precision16_0_DW_fp_mult_J2_14'
  Processing 'gradient_unit_BLOCK_SIZE16_exponent_bit8_mantissa_bit7_precision16_0_DW_lzd_J2_35'
  Processing 'gradient_unit_BLOCK_SIZE16_exponent_bit8_mantissa_bit7_precision16_0_DW_lzd_J2_36'
  Processing 'gradient_unit_BLOCK_SIZE16_exponent_bit8_mantissa_bit7_precision16_0_DW_fp_mult_J2_15'
  Processing 'gradient_unit_BLOCK_SIZE16_exponent_bit8_mantissa_bit7_precision16_0_DW_lzd_J2_37'
  Processing 'gradient_unit_BLOCK_SIZE16_exponent_bit8_mantissa_bit7_precision16_0_DW_lzd_J2_38'
  Processing 'gradient_unit_BLOCK_SIZE16_exponent_bit8_mantissa_bit7_precision16_0_DW_fp_mult_J2_16'
  Processing 'gradient_unit_BLOCK_SIZE16_exponent_bit8_mantissa_bit7_precision16_0_DW_lzd_J2_39'
  Processing 'gradient_unit_BLOCK_SIZE16_exponent_bit8_mantissa_bit7_precision16_0_DW_lzd_J2_40'
  Processing 'gradient_unit_BLOCK_SIZE16_exponent_bit8_mantissa_bit7_precision16_0_DW_fp_mult_J2_17'
  Processing 'gradient_unit_BLOCK_SIZE16_exponent_bit8_mantissa_bit7_precision16_0_DW_lzd_J2_41'
  Processing 'gradient_unit_BLOCK_SIZE16_exponent_bit8_mantissa_bit7_precision16_0_DW_lzd_J2_42'
  Processing 'gradient_unit_BLOCK_SIZE16_exponent_bit8_mantissa_bit7_precision16_0_DW_fp_dp2_J2_2'
  Processing 'gradient_unit_BLOCK_SIZE16_exponent_bit8_mantissa_bit7_precision16_0_DW_lzd_J2_43'
  Processing 'gradient_unit_BLOCK_SIZE16_exponent_bit8_mantissa_bit7_precision16_0_DW_fp_dp2_J2_3'
  Processing 'gradient_unit_BLOCK_SIZE16_exponent_bit8_mantissa_bit7_precision16_0_DW_lzd_J2_44'
  Processing 'gradient_unit_BLOCK_SIZE16_exponent_bit8_mantissa_bit7_precision16_0_DW_fp_dp2_J2_4'
  Processing 'gradient_unit_BLOCK_SIZE16_exponent_bit8_mantissa_bit7_precision16_0_DW_lzd_J2_45'
  Processing 'gradient_unit_BLOCK_SIZE16_exponent_bit8_mantissa_bit7_precision16_0_DW_fp_dp2_J2_5'
  Processing 'gradient_unit_BLOCK_SIZE16_exponent_bit8_mantissa_bit7_precision16_0_DW_lzd_J2_46'
  Processing 'gradient_unit_BLOCK_SIZE16_exponent_bit8_mantissa_bit7_precision16_0_DW_fp_dp2_J2_6'
  Processing 'gradient_unit_BLOCK_SIZE16_exponent_bit8_mantissa_bit7_precision16_0_DW_lzd_J2_47'
  Processing 'gradient_unit_BLOCK_SIZE16_exponent_bit8_mantissa_bit7_precision16_0_DW_fp_dp2_J2_7'
  Processing 'gradient_unit_BLOCK_SIZE16_exponent_bit8_mantissa_bit7_precision16_0_DW_lzd_J2_48'
  Processing 'gradient_unit_BLOCK_SIZE16_exponent_bit8_mantissa_bit7_precision16_0_DW_fp_div_J2_0'
  Processing 'gradient_unit_BLOCK_SIZE16_exponent_bit8_mantissa_bit7_precision16_0_DW_div_J2_0'
  Processing 'gradient_unit_BLOCK_SIZE16_exponent_bit8_mantissa_bit7_precision16_0_DW_fp_addsub_J2_5'
  Processing 'gradient_unit_BLOCK_SIZE16_exponent_bit8_mantissa_bit7_precision16_0_DW_lzd_J2_49'
  Processing 'gradient_unit_BLOCK_SIZE16_exponent_bit8_mantissa_bit7_precision16_0_DW_fp_i2flt_J2_0'
  Processing 'gradient_unit_BLOCK_SIZE16_exponent_bit8_mantissa_bit7_precision16_0_DW_fp_i2flt_J2_1'
  Processing 'gradient_unit_BLOCK_SIZE16_exponent_bit8_mantissa_bit7_precision16_0_DW_fp_mult_J2_18'
  Processing 'gradient_unit_BLOCK_SIZE16_exponent_bit8_mantissa_bit7_precision16_0_DW_lzd_J2_50_DW_lzd_J2_52'
  Processing 'gradient_unit_BLOCK_SIZE16_exponent_bit8_mantissa_bit7_precision16_0_DW_lzd_J2_51_DW_lzd_J2_53'
  Processing 'gradient_unit_BLOCK_SIZE16_exponent_bit8_mantissa_bit7_precision16_0_DW_fp_mult_J2_19'
  Processing 'gradient_unit_BLOCK_SIZE16_exponent_bit8_mantissa_bit7_precision16_0_DW_lzd_J2_52_DW_lzd_J2_54'
  Processing 'gradient_unit_BLOCK_SIZE16_exponent_bit8_mantissa_bit7_precision16_0_DW_lzd_J2_53_DW_lzd_J2_55'
  Processing 'gradient_unit_BLOCK_SIZE16_exponent_bit8_mantissa_bit7_precision16_0_DW_fp_addsub_J2_6'
  Processing 'gradient_unit_BLOCK_SIZE16_exponent_bit8_mantissa_bit7_precision16_0_DW_lzd_J2_54_DW_lzd_J2_56'
  Processing 'gradient_unit_BLOCK_SIZE16_exponent_bit8_mantissa_bit7_precision16_1'
Information: Added key list 'DesignWare' to design 'gradient_unit_BLOCK_SIZE16_exponent_bit8_mantissa_bit7_precision16_1'. (DDB-72)
Information: The register 'One1_reg[15]' is a constant and will be removed. (OPT-1206)
Information: The register 'One1_reg[14]' is a constant and will be removed. (OPT-1206)
Information: The register 'One1_reg[13]' is a constant and will be removed. (OPT-1206)
Information: The register 'One1_reg[12]' is a constant and will be removed. (OPT-1206)
Information: The register 'One1_reg[11]' is a constant and will be removed. (OPT-1206)
Information: The register 'One1_reg[10]' is a constant and will be removed. (OPT-1206)
Information: The register 'One1_reg[9]' is a constant and will be removed. (OPT-1206)
Information: The register 'One1_reg[8]' is a constant and will be removed. (OPT-1206)
Information: The register 'One1_reg[7]' is a constant and will be removed. (OPT-1206)
Information: The register 'One1_reg[6]' is a constant and will be removed. (OPT-1206)
Information: The register 'One1_reg[5]' is a constant and will be removed. (OPT-1206)
Information: The register 'One1_reg[4]' is a constant and will be removed. (OPT-1206)
Information: The register 'One1_reg[3]' is a constant and will be removed. (OPT-1206)
Information: The register 'One1_reg[2]' is a constant and will be removed. (OPT-1206)
Information: The register 'One1_reg[1]' is a constant and will be removed. (OPT-1206)
Information: The register 'One1_reg[0]' is a constant and will be removed. (OPT-1206)
Information: The register 'One0_reg[15]' is a constant and will be removed. (OPT-1206)
Information: The register 'One0_reg[14]' is a constant and will be removed. (OPT-1206)
Information: The register 'One0_reg[13]' is a constant and will be removed. (OPT-1206)
Information: The register 'One0_reg[12]' is a constant and will be removed. (OPT-1206)
Information: The register 'One0_reg[11]' is a constant and will be removed. (OPT-1206)
Information: The register 'One0_reg[10]' is a constant and will be removed. (OPT-1206)
Information: The register 'One0_reg[9]' is a constant and will be removed. (OPT-1206)
Information: The register 'One0_reg[8]' is a constant and will be removed. (OPT-1206)
Information: The register 'One0_reg[7]' is a constant and will be removed. (OPT-1206)
Information: The register 'One0_reg[6]' is a constant and will be removed. (OPT-1206)
Information: The register 'One0_reg[5]' is a constant and will be removed. (OPT-1206)
Information: The register 'One0_reg[4]' is a constant and will be removed. (OPT-1206)
Information: The register 'One0_reg[3]' is a constant and will be removed. (OPT-1206)
Information: The register 'One0_reg[2]' is a constant and will be removed. (OPT-1206)
Information: The register 'One0_reg[1]' is a constant and will be removed. (OPT-1206)
Information: The register 'dL_dconic_reg[31]' is a constant and will be removed. (OPT-1206)
Information: The register 'dL_dconic_reg[30]' is a constant and will be removed. (OPT-1206)
Information: The register 'dL_dconic_reg[29]' is a constant and will be removed. (OPT-1206)
Information: The register 'dL_dconic_reg[28]' is a constant and will be removed. (OPT-1206)
Information: The register 'dL_dconic_reg[27]' is a constant and will be removed. (OPT-1206)
Information: The register 'dL_dconic_reg[26]' is a constant and will be removed. (OPT-1206)
Information: The register 'dL_dconic_reg[25]' is a constant and will be removed. (OPT-1206)
Information: The register 'dL_dconic_reg[24]' is a constant and will be removed. (OPT-1206)
Information: The register 'dL_dconic_reg[23]' is a constant and will be removed. (OPT-1206)
Information: The register 'dL_dconic_reg[22]' is a constant and will be removed. (OPT-1206)
Information: The register 'dL_dconic_reg[21]' is a constant and will be removed. (OPT-1206)
Information: The register 'dL_dconic_reg[20]' is a constant and will be removed. (OPT-1206)
Information: The register 'dL_dconic_reg[19]' is a constant and will be removed. (OPT-1206)
Information: The register 'dL_dconic_reg[18]' is a constant and will be removed. (OPT-1206)
Information: The register 'dL_dconic_reg[17]' is a constant and will be removed. (OPT-1206)
Information: The register 'dL_dconic_reg[16]' is a constant and will be removed. (OPT-1206)
Information: The register 'One0_reg[0]' is a constant and will be removed. (OPT-1206)
Information: The register 'H0_reg[11]' is a constant and will be removed. (OPT-1206)
Information: The register 'W0_reg[11]' is a constant and will be removed. (OPT-1206)
 Implement Synthetic for 'gradient_unit_BLOCK_SIZE16_exponent_bit8_mantissa_bit7_precision16_1'.
  Processing 'gradient_unit_BLOCK_SIZE16_exponent_bit8_mantissa_bit7_precision16_1_DW_fp_mult_J3_0'
  Processing 'gradient_unit_BLOCK_SIZE16_exponent_bit8_mantissa_bit7_precision16_1_DW_lzd_J3_0'
  Processing 'gradient_unit_BLOCK_SIZE16_exponent_bit8_mantissa_bit7_precision16_1_DW_lzd_J3_1'
  Processing 'gradient_unit_BLOCK_SIZE16_exponent_bit8_mantissa_bit7_precision16_1_DW_fp_mult_J3_1'
  Processing 'gradient_unit_BLOCK_SIZE16_exponent_bit8_mantissa_bit7_precision16_1_DW_lzd_J3_2'
  Processing 'gradient_unit_BLOCK_SIZE16_exponent_bit8_mantissa_bit7_precision16_1_DW_lzd_J3_3'
  Processing 'gradient_unit_BLOCK_SIZE16_exponent_bit8_mantissa_bit7_precision16_1_DW_fp_mult_J3_2'
  Processing 'gradient_unit_BLOCK_SIZE16_exponent_bit8_mantissa_bit7_precision16_1_DW_lzd_J3_4'
  Processing 'gradient_unit_BLOCK_SIZE16_exponent_bit8_mantissa_bit7_precision16_1_DW_lzd_J3_5'
  Processing 'gradient_unit_BLOCK_SIZE16_exponent_bit8_mantissa_bit7_precision16_1_DW_fp_mult_J3_3'
  Processing 'gradient_unit_BLOCK_SIZE16_exponent_bit8_mantissa_bit7_precision16_1_DW_lzd_J3_6'
  Processing 'gradient_unit_BLOCK_SIZE16_exponent_bit8_mantissa_bit7_precision16_1_DW_lzd_J3_7'
  Processing 'gradient_unit_BLOCK_SIZE16_exponent_bit8_mantissa_bit7_precision16_1_DW_fp_mult_J3_4'
  Processing 'gradient_unit_BLOCK_SIZE16_exponent_bit8_mantissa_bit7_precision16_1_DW_lzd_J3_8'
  Processing 'gradient_unit_BLOCK_SIZE16_exponent_bit8_mantissa_bit7_precision16_1_DW_lzd_J3_9'
  Processing 'gradient_unit_BLOCK_SIZE16_exponent_bit8_mantissa_bit7_precision16_1_DW_fp_mult_J3_5'
  Processing 'gradient_unit_BLOCK_SIZE16_exponent_bit8_mantissa_bit7_precision16_1_DW_lzd_J3_10'
  Processing 'gradient_unit_BLOCK_SIZE16_exponent_bit8_mantissa_bit7_precision16_1_DW_lzd_J3_11'
  Processing 'gradient_unit_BLOCK_SIZE16_exponent_bit8_mantissa_bit7_precision16_1_DW_fp_mult_J3_6'
  Processing 'gradient_unit_BLOCK_SIZE16_exponent_bit8_mantissa_bit7_precision16_1_DW_lzd_J3_12'
  Processing 'gradient_unit_BLOCK_SIZE16_exponent_bit8_mantissa_bit7_precision16_1_DW_lzd_J3_13'
  Processing 'gradient_unit_BLOCK_SIZE16_exponent_bit8_mantissa_bit7_precision16_1_DW_fp_mult_J3_7'
  Processing 'gradient_unit_BLOCK_SIZE16_exponent_bit8_mantissa_bit7_precision16_1_DW_lzd_J3_14'
  Processing 'gradient_unit_BLOCK_SIZE16_exponent_bit8_mantissa_bit7_precision16_1_DW_lzd_J3_15'
  Processing 'gradient_unit_BLOCK_SIZE16_exponent_bit8_mantissa_bit7_precision16_1_DW_fp_addsub_J3_0'
  Processing 'gradient_unit_BLOCK_SIZE16_exponent_bit8_mantissa_bit7_precision16_1_DW_lzd_J3_16'
  Processing 'gradient_unit_BLOCK_SIZE16_exponent_bit8_mantissa_bit7_precision16_1_DW_fp_mult_J3_8'
  Processing 'gradient_unit_BLOCK_SIZE16_exponent_bit8_mantissa_bit7_precision16_1_DW_lzd_J3_17'
  Processing 'gradient_unit_BLOCK_SIZE16_exponent_bit8_mantissa_bit7_precision16_1_DW_lzd_J3_18'
  Processing 'gradient_unit_BLOCK_SIZE16_exponent_bit8_mantissa_bit7_precision16_1_DW_fp_mult_J3_9'
  Processing 'gradient_unit_BLOCK_SIZE16_exponent_bit8_mantissa_bit7_precision16_1_DW_lzd_J3_19'
  Processing 'gradient_unit_BLOCK_SIZE16_exponent_bit8_mantissa_bit7_precision16_1_DW_lzd_J3_20'
  Processing 'gradient_unit_BLOCK_SIZE16_exponent_bit8_mantissa_bit7_precision16_1_DW_fp_mult_J3_10'
  Processing 'gradient_unit_BLOCK_SIZE16_exponent_bit8_mantissa_bit7_precision16_1_DW_lzd_J3_21'
  Processing 'gradient_unit_BLOCK_SIZE16_exponent_bit8_mantissa_bit7_precision16_1_DW_lzd_J3_22'
  Processing 'gradient_unit_BLOCK_SIZE16_exponent_bit8_mantissa_bit7_precision16_1_DW_fp_mult_J3_11'
  Processing 'gradient_unit_BLOCK_SIZE16_exponent_bit8_mantissa_bit7_precision16_1_DW_lzd_J3_23'
  Processing 'gradient_unit_BLOCK_SIZE16_exponent_bit8_mantissa_bit7_precision16_1_DW_lzd_J3_24'
  Processing 'gradient_unit_BLOCK_SIZE16_exponent_bit8_mantissa_bit7_precision16_1_DW_fp_dp2_J3_0'
  Processing 'gradient_unit_BLOCK_SIZE16_exponent_bit8_mantissa_bit7_precision16_1_DW_lzd_J3_25'
  Processing 'gradient_unit_BLOCK_SIZE16_exponent_bit8_mantissa_bit7_precision16_1_DW_fp_dp2_J3_1'
  Processing 'gradient_unit_BLOCK_SIZE16_exponent_bit8_mantissa_bit7_precision16_1_DW_lzd_J3_26'
  Processing 'gradient_unit_BLOCK_SIZE16_exponent_bit8_mantissa_bit7_precision16_1_DW_fp_mult_J3_12'
  Processing 'gradient_unit_BLOCK_SIZE16_exponent_bit8_mantissa_bit7_precision16_1_DW_lzd_J3_27'
  Processing 'gradient_unit_BLOCK_SIZE16_exponent_bit8_mantissa_bit7_precision16_1_DW_lzd_J3_28'
  Processing 'gradient_unit_BLOCK_SIZE16_exponent_bit8_mantissa_bit7_precision16_1_DW_fp_mult_J3_13'
  Processing 'gradient_unit_BLOCK_SIZE16_exponent_bit8_mantissa_bit7_precision16_1_DW_lzd_J3_29'
  Processing 'gradient_unit_BLOCK_SIZE16_exponent_bit8_mantissa_bit7_precision16_1_DW_lzd_J3_30'
  Processing 'gradient_unit_BLOCK_SIZE16_exponent_bit8_mantissa_bit7_precision16_1_DW_fp_addsub_J3_1'
  Processing 'gradient_unit_BLOCK_SIZE16_exponent_bit8_mantissa_bit7_precision16_1_DW_lzd_J3_31'
  Processing 'gradient_unit_BLOCK_SIZE16_exponent_bit8_mantissa_bit7_precision16_1_DW_fp_addsub_J3_2'
  Processing 'gradient_unit_BLOCK_SIZE16_exponent_bit8_mantissa_bit7_precision16_1_DW_lzd_J3_32'
  Processing 'gradient_unit_BLOCK_SIZE16_exponent_bit8_mantissa_bit7_precision16_1_DW_fp_addsub_J3_3'
  Processing 'gradient_unit_BLOCK_SIZE16_exponent_bit8_mantissa_bit7_precision16_1_DW_lzd_J3_33'
  Processing 'gradient_unit_BLOCK_SIZE16_exponent_bit8_mantissa_bit7_precision16_1_DW_fp_addsub_J3_4'
  Processing 'gradient_unit_BLOCK_SIZE16_exponent_bit8_mantissa_bit7_precision16_1_DW_lzd_J3_34'
  Processing 'gradient_unit_BLOCK_SIZE16_exponent_bit8_mantissa_bit7_precision16_1_DW_fp_mult_J3_14'
  Processing 'gradient_unit_BLOCK_SIZE16_exponent_bit8_mantissa_bit7_precision16_1_DW_lzd_J3_35'
  Processing 'gradient_unit_BLOCK_SIZE16_exponent_bit8_mantissa_bit7_precision16_1_DW_lzd_J3_36'
  Processing 'gradient_unit_BLOCK_SIZE16_exponent_bit8_mantissa_bit7_precision16_1_DW_fp_mult_J3_15'
  Processing 'gradient_unit_BLOCK_SIZE16_exponent_bit8_mantissa_bit7_precision16_1_DW_lzd_J3_37'
  Processing 'gradient_unit_BLOCK_SIZE16_exponent_bit8_mantissa_bit7_precision16_1_DW_lzd_J3_38'
  Processing 'gradient_unit_BLOCK_SIZE16_exponent_bit8_mantissa_bit7_precision16_1_DW_fp_mult_J3_16'
  Processing 'gradient_unit_BLOCK_SIZE16_exponent_bit8_mantissa_bit7_precision16_1_DW_lzd_J3_39'
  Processing 'gradient_unit_BLOCK_SIZE16_exponent_bit8_mantissa_bit7_precision16_1_DW_lzd_J3_40'
  Processing 'gradient_unit_BLOCK_SIZE16_exponent_bit8_mantissa_bit7_precision16_1_DW_fp_mult_J3_17'
  Processing 'gradient_unit_BLOCK_SIZE16_exponent_bit8_mantissa_bit7_precision16_1_DW_lzd_J3_41'
  Processing 'gradient_unit_BLOCK_SIZE16_exponent_bit8_mantissa_bit7_precision16_1_DW_lzd_J3_42'
  Processing 'gradient_unit_BLOCK_SIZE16_exponent_bit8_mantissa_bit7_precision16_1_DW_fp_dp2_J3_2'
  Processing 'gradient_unit_BLOCK_SIZE16_exponent_bit8_mantissa_bit7_precision16_1_DW_lzd_J3_43'
  Processing 'gradient_unit_BLOCK_SIZE16_exponent_bit8_mantissa_bit7_precision16_1_DW_fp_dp2_J3_3'
  Processing 'gradient_unit_BLOCK_SIZE16_exponent_bit8_mantissa_bit7_precision16_1_DW_lzd_J3_44'
  Processing 'gradient_unit_BLOCK_SIZE16_exponent_bit8_mantissa_bit7_precision16_1_DW_fp_dp2_J3_4'
  Processing 'gradient_unit_BLOCK_SIZE16_exponent_bit8_mantissa_bit7_precision16_1_DW_lzd_J3_45'
  Processing 'gradient_unit_BLOCK_SIZE16_exponent_bit8_mantissa_bit7_precision16_1_DW_fp_dp2_J3_5'
  Processing 'gradient_unit_BLOCK_SIZE16_exponent_bit8_mantissa_bit7_precision16_1_DW_lzd_J3_46'
  Processing 'gradient_unit_BLOCK_SIZE16_exponent_bit8_mantissa_bit7_precision16_1_DW_fp_dp2_J3_6'
  Processing 'gradient_unit_BLOCK_SIZE16_exponent_bit8_mantissa_bit7_precision16_1_DW_lzd_J3_47'
  Processing 'gradient_unit_BLOCK_SIZE16_exponent_bit8_mantissa_bit7_precision16_1_DW_fp_dp2_J3_7'
  Processing 'gradient_unit_BLOCK_SIZE16_exponent_bit8_mantissa_bit7_precision16_1_DW_lzd_J3_48'
  Processing 'gradient_unit_BLOCK_SIZE16_exponent_bit8_mantissa_bit7_precision16_1_DW_fp_div_J3_0'
  Processing 'gradient_unit_BLOCK_SIZE16_exponent_bit8_mantissa_bit7_precision16_1_DW_div_J3_0'
  Processing 'gradient_unit_BLOCK_SIZE16_exponent_bit8_mantissa_bit7_precision16_1_DW_fp_addsub_J3_5'
  Processing 'gradient_unit_BLOCK_SIZE16_exponent_bit8_mantissa_bit7_precision16_1_DW_lzd_J3_49'
  Processing 'gradient_unit_BLOCK_SIZE16_exponent_bit8_mantissa_bit7_precision16_1_DW_fp_i2flt_J3_0'
  Processing 'gradient_unit_BLOCK_SIZE16_exponent_bit8_mantissa_bit7_precision16_1_DW_fp_i2flt_J3_1'
  Processing 'gradient_unit_BLOCK_SIZE16_exponent_bit8_mantissa_bit7_precision16_1_DW_fp_mult_J3_18'
  Processing 'gradient_unit_BLOCK_SIZE16_exponent_bit8_mantissa_bit7_precision16_1_DW_lzd_J3_50_DW_lzd_J3_52'
  Processing 'gradient_unit_BLOCK_SIZE16_exponent_bit8_mantissa_bit7_precision16_1_DW_lzd_J3_51_DW_lzd_J3_53'
  Processing 'gradient_unit_BLOCK_SIZE16_exponent_bit8_mantissa_bit7_precision16_1_DW_fp_mult_J3_19'
  Processing 'gradient_unit_BLOCK_SIZE16_exponent_bit8_mantissa_bit7_precision16_1_DW_lzd_J3_52_DW_lzd_J3_54'
  Processing 'gradient_unit_BLOCK_SIZE16_exponent_bit8_mantissa_bit7_precision16_1_DW_lzd_J3_53_DW_lzd_J3_55'
  Processing 'gradient_unit_BLOCK_SIZE16_exponent_bit8_mantissa_bit7_precision16_1_DW_fp_addsub_J3_6'
  Processing 'gradient_unit_BLOCK_SIZE16_exponent_bit8_mantissa_bit7_precision16_1_DW_lzd_J3_54_DW_lzd_J3_56'
  Processing 'gradient_unit_BLOCK_SIZE16_exponent_bit8_mantissa_bit7_precision16_2'
Information: Added key list 'DesignWare' to design 'gradient_unit_BLOCK_SIZE16_exponent_bit8_mantissa_bit7_precision16_2'. (DDB-72)
Information: The register 'One1_reg[15]' is a constant and will be removed. (OPT-1206)
Information: The register 'One1_reg[14]' is a constant and will be removed. (OPT-1206)
Information: The register 'One1_reg[13]' is a constant and will be removed. (OPT-1206)
Information: The register 'One1_reg[12]' is a constant and will be removed. (OPT-1206)
Information: The register 'One1_reg[11]' is a constant and will be removed. (OPT-1206)
Information: The register 'One1_reg[10]' is a constant and will be removed. (OPT-1206)
Information: The register 'One1_reg[9]' is a constant and will be removed. (OPT-1206)
Information: The register 'One1_reg[8]' is a constant and will be removed. (OPT-1206)
Information: The register 'One1_reg[7]' is a constant and will be removed. (OPT-1206)
Information: The register 'One1_reg[6]' is a constant and will be removed. (OPT-1206)
Information: The register 'One1_reg[5]' is a constant and will be removed. (OPT-1206)
Information: The register 'One1_reg[4]' is a constant and will be removed. (OPT-1206)
Information: The register 'One1_reg[3]' is a constant and will be removed. (OPT-1206)
Information: The register 'One1_reg[2]' is a constant and will be removed. (OPT-1206)
Information: The register 'One1_reg[1]' is a constant and will be removed. (OPT-1206)
Information: The register 'One1_reg[0]' is a constant and will be removed. (OPT-1206)
Information: The register 'One0_reg[15]' is a constant and will be removed. (OPT-1206)
Information: The register 'One0_reg[14]' is a constant and will be removed. (OPT-1206)
Information: The register 'One0_reg[13]' is a constant and will be removed. (OPT-1206)
Information: The register 'One0_reg[12]' is a constant and will be removed. (OPT-1206)
Information: The register 'One0_reg[11]' is a constant and will be removed. (OPT-1206)
Information: The register 'One0_reg[10]' is a constant and will be removed. (OPT-1206)
Information: The register 'One0_reg[9]' is a constant and will be removed. (OPT-1206)
Information: The register 'One0_reg[8]' is a constant and will be removed. (OPT-1206)
Information: The register 'One0_reg[7]' is a constant and will be removed. (OPT-1206)
Information: The register 'One0_reg[6]' is a constant and will be removed. (OPT-1206)
Information: The register 'One0_reg[5]' is a constant and will be removed. (OPT-1206)
Information: The register 'One0_reg[4]' is a constant and will be removed. (OPT-1206)
Information: The register 'One0_reg[3]' is a constant and will be removed. (OPT-1206)
Information: The register 'One0_reg[2]' is a constant and will be removed. (OPT-1206)
Information: The register 'One0_reg[1]' is a constant and will be removed. (OPT-1206)
Information: The register 'dL_dconic_reg[31]' is a constant and will be removed. (OPT-1206)
Information: The register 'dL_dconic_reg[30]' is a constant and will be removed. (OPT-1206)
Information: The register 'dL_dconic_reg[29]' is a constant and will be removed. (OPT-1206)
Information: The register 'dL_dconic_reg[28]' is a constant and will be removed. (OPT-1206)
Information: The register 'dL_dconic_reg[27]' is a constant and will be removed. (OPT-1206)
Information: The register 'dL_dconic_reg[26]' is a constant and will be removed. (OPT-1206)
Information: The register 'dL_dconic_reg[25]' is a constant and will be removed. (OPT-1206)
Information: The register 'dL_dconic_reg[24]' is a constant and will be removed. (OPT-1206)
Information: The register 'dL_dconic_reg[23]' is a constant and will be removed. (OPT-1206)
Information: The register 'dL_dconic_reg[22]' is a constant and will be removed. (OPT-1206)
Information: The register 'dL_dconic_reg[21]' is a constant and will be removed. (OPT-1206)
Information: The register 'dL_dconic_reg[20]' is a constant and will be removed. (OPT-1206)
Information: The register 'dL_dconic_reg[19]' is a constant and will be removed. (OPT-1206)
Information: The register 'dL_dconic_reg[18]' is a constant and will be removed. (OPT-1206)
Information: The register 'dL_dconic_reg[17]' is a constant and will be removed. (OPT-1206)
Information: The register 'dL_dconic_reg[16]' is a constant and will be removed. (OPT-1206)
Information: The register 'One0_reg[0]' is a constant and will be removed. (OPT-1206)
Information: The register 'H0_reg[11]' is a constant and will be removed. (OPT-1206)
Information: The register 'W0_reg[11]' is a constant and will be removed. (OPT-1206)
 Implement Synthetic for 'gradient_unit_BLOCK_SIZE16_exponent_bit8_mantissa_bit7_precision16_2'.
  Processing 'gradient_unit_BLOCK_SIZE16_exponent_bit8_mantissa_bit7_precision16_2_DW_fp_mult_J4_0'
  Processing 'gradient_unit_BLOCK_SIZE16_exponent_bit8_mantissa_bit7_precision16_2_DW_lzd_J4_0'
  Processing 'gradient_unit_BLOCK_SIZE16_exponent_bit8_mantissa_bit7_precision16_2_DW_lzd_J4_1'
  Processing 'gradient_unit_BLOCK_SIZE16_exponent_bit8_mantissa_bit7_precision16_2_DW_fp_mult_J4_1'
  Processing 'gradient_unit_BLOCK_SIZE16_exponent_bit8_mantissa_bit7_precision16_2_DW_lzd_J4_2'
  Processing 'gradient_unit_BLOCK_SIZE16_exponent_bit8_mantissa_bit7_precision16_2_DW_lzd_J4_3'
  Processing 'gradient_unit_BLOCK_SIZE16_exponent_bit8_mantissa_bit7_precision16_2_DW_fp_mult_J4_2'
  Processing 'gradient_unit_BLOCK_SIZE16_exponent_bit8_mantissa_bit7_precision16_2_DW_lzd_J4_4'
  Processing 'gradient_unit_BLOCK_SIZE16_exponent_bit8_mantissa_bit7_precision16_2_DW_lzd_J4_5'
  Processing 'gradient_unit_BLOCK_SIZE16_exponent_bit8_mantissa_bit7_precision16_2_DW_fp_mult_J4_3'
  Processing 'gradient_unit_BLOCK_SIZE16_exponent_bit8_mantissa_bit7_precision16_2_DW_lzd_J4_6'
  Processing 'gradient_unit_BLOCK_SIZE16_exponent_bit8_mantissa_bit7_precision16_2_DW_lzd_J4_7'
  Processing 'gradient_unit_BLOCK_SIZE16_exponent_bit8_mantissa_bit7_precision16_2_DW_fp_mult_J4_4'
  Processing 'gradient_unit_BLOCK_SIZE16_exponent_bit8_mantissa_bit7_precision16_2_DW_lzd_J4_8'
  Processing 'gradient_unit_BLOCK_SIZE16_exponent_bit8_mantissa_bit7_precision16_2_DW_lzd_J4_9'
  Processing 'gradient_unit_BLOCK_SIZE16_exponent_bit8_mantissa_bit7_precision16_2_DW_fp_mult_J4_5'
  Processing 'gradient_unit_BLOCK_SIZE16_exponent_bit8_mantissa_bit7_precision16_2_DW_lzd_J4_10'
  Processing 'gradient_unit_BLOCK_SIZE16_exponent_bit8_mantissa_bit7_precision16_2_DW_lzd_J4_11'
  Processing 'gradient_unit_BLOCK_SIZE16_exponent_bit8_mantissa_bit7_precision16_2_DW_fp_mult_J4_6'
  Processing 'gradient_unit_BLOCK_SIZE16_exponent_bit8_mantissa_bit7_precision16_2_DW_lzd_J4_12'
  Processing 'gradient_unit_BLOCK_SIZE16_exponent_bit8_mantissa_bit7_precision16_2_DW_lzd_J4_13'
  Processing 'gradient_unit_BLOCK_SIZE16_exponent_bit8_mantissa_bit7_precision16_2_DW_fp_mult_J4_7'
  Processing 'gradient_unit_BLOCK_SIZE16_exponent_bit8_mantissa_bit7_precision16_2_DW_lzd_J4_14'
  Processing 'gradient_unit_BLOCK_SIZE16_exponent_bit8_mantissa_bit7_precision16_2_DW_lzd_J4_15'
  Processing 'gradient_unit_BLOCK_SIZE16_exponent_bit8_mantissa_bit7_precision16_2_DW_fp_addsub_J4_0'
  Processing 'gradient_unit_BLOCK_SIZE16_exponent_bit8_mantissa_bit7_precision16_2_DW_lzd_J4_16'
  Processing 'gradient_unit_BLOCK_SIZE16_exponent_bit8_mantissa_bit7_precision16_2_DW_fp_mult_J4_8'
  Processing 'gradient_unit_BLOCK_SIZE16_exponent_bit8_mantissa_bit7_precision16_2_DW_lzd_J4_17'
  Processing 'gradient_unit_BLOCK_SIZE16_exponent_bit8_mantissa_bit7_precision16_2_DW_lzd_J4_18'
  Processing 'gradient_unit_BLOCK_SIZE16_exponent_bit8_mantissa_bit7_precision16_2_DW_fp_mult_J4_9'
  Processing 'gradient_unit_BLOCK_SIZE16_exponent_bit8_mantissa_bit7_precision16_2_DW_lzd_J4_19'
  Processing 'gradient_unit_BLOCK_SIZE16_exponent_bit8_mantissa_bit7_precision16_2_DW_lzd_J4_20'
  Processing 'gradient_unit_BLOCK_SIZE16_exponent_bit8_mantissa_bit7_precision16_2_DW_fp_mult_J4_10'
  Processing 'gradient_unit_BLOCK_SIZE16_exponent_bit8_mantissa_bit7_precision16_2_DW_lzd_J4_21'
  Processing 'gradient_unit_BLOCK_SIZE16_exponent_bit8_mantissa_bit7_precision16_2_DW_lzd_J4_22'
  Processing 'gradient_unit_BLOCK_SIZE16_exponent_bit8_mantissa_bit7_precision16_2_DW_fp_mult_J4_11'
  Processing 'gradient_unit_BLOCK_SIZE16_exponent_bit8_mantissa_bit7_precision16_2_DW_lzd_J4_23'
  Processing 'gradient_unit_BLOCK_SIZE16_exponent_bit8_mantissa_bit7_precision16_2_DW_lzd_J4_24'
  Processing 'gradient_unit_BLOCK_SIZE16_exponent_bit8_mantissa_bit7_precision16_2_DW_fp_dp2_J4_0'
  Processing 'gradient_unit_BLOCK_SIZE16_exponent_bit8_mantissa_bit7_precision16_2_DW_lzd_J4_25'
  Processing 'gradient_unit_BLOCK_SIZE16_exponent_bit8_mantissa_bit7_precision16_2_DW_fp_dp2_J4_1'
  Processing 'gradient_unit_BLOCK_SIZE16_exponent_bit8_mantissa_bit7_precision16_2_DW_lzd_J4_26'
  Processing 'gradient_unit_BLOCK_SIZE16_exponent_bit8_mantissa_bit7_precision16_2_DW_fp_mult_J4_12'
  Processing 'gradient_unit_BLOCK_SIZE16_exponent_bit8_mantissa_bit7_precision16_2_DW_lzd_J4_27'
  Processing 'gradient_unit_BLOCK_SIZE16_exponent_bit8_mantissa_bit7_precision16_2_DW_lzd_J4_28'
  Processing 'gradient_unit_BLOCK_SIZE16_exponent_bit8_mantissa_bit7_precision16_2_DW_fp_mult_J4_13'
  Processing 'gradient_unit_BLOCK_SIZE16_exponent_bit8_mantissa_bit7_precision16_2_DW_lzd_J4_29'
  Processing 'gradient_unit_BLOCK_SIZE16_exponent_bit8_mantissa_bit7_precision16_2_DW_lzd_J4_30'
  Processing 'gradient_unit_BLOCK_SIZE16_exponent_bit8_mantissa_bit7_precision16_2_DW_fp_addsub_J4_1'
  Processing 'gradient_unit_BLOCK_SIZE16_exponent_bit8_mantissa_bit7_precision16_2_DW_lzd_J4_31'
  Processing 'gradient_unit_BLOCK_SIZE16_exponent_bit8_mantissa_bit7_precision16_2_DW_fp_addsub_J4_2'
  Processing 'gradient_unit_BLOCK_SIZE16_exponent_bit8_mantissa_bit7_precision16_2_DW_lzd_J4_32'
  Processing 'gradient_unit_BLOCK_SIZE16_exponent_bit8_mantissa_bit7_precision16_2_DW_fp_addsub_J4_3'
  Processing 'gradient_unit_BLOCK_SIZE16_exponent_bit8_mantissa_bit7_precision16_2_DW_lzd_J4_33'
  Processing 'gradient_unit_BLOCK_SIZE16_exponent_bit8_mantissa_bit7_precision16_2_DW_fp_addsub_J4_4'
  Processing 'gradient_unit_BLOCK_SIZE16_exponent_bit8_mantissa_bit7_precision16_2_DW_lzd_J4_34'
  Processing 'gradient_unit_BLOCK_SIZE16_exponent_bit8_mantissa_bit7_precision16_2_DW_fp_mult_J4_14'
  Processing 'gradient_unit_BLOCK_SIZE16_exponent_bit8_mantissa_bit7_precision16_2_DW_lzd_J4_35'
  Processing 'gradient_unit_BLOCK_SIZE16_exponent_bit8_mantissa_bit7_precision16_2_DW_lzd_J4_36'
  Processing 'gradient_unit_BLOCK_SIZE16_exponent_bit8_mantissa_bit7_precision16_2_DW_fp_mult_J4_15'
  Processing 'gradient_unit_BLOCK_SIZE16_exponent_bit8_mantissa_bit7_precision16_2_DW_lzd_J4_37'
  Processing 'gradient_unit_BLOCK_SIZE16_exponent_bit8_mantissa_bit7_precision16_2_DW_lzd_J4_38'
  Processing 'gradient_unit_BLOCK_SIZE16_exponent_bit8_mantissa_bit7_precision16_2_DW_fp_mult_J4_16'
  Processing 'gradient_unit_BLOCK_SIZE16_exponent_bit8_mantissa_bit7_precision16_2_DW_lzd_J4_39'
  Processing 'gradient_unit_BLOCK_SIZE16_exponent_bit8_mantissa_bit7_precision16_2_DW_lzd_J4_40'
  Processing 'gradient_unit_BLOCK_SIZE16_exponent_bit8_mantissa_bit7_precision16_2_DW_fp_mult_J4_17'
  Processing 'gradient_unit_BLOCK_SIZE16_exponent_bit8_mantissa_bit7_precision16_2_DW_lzd_J4_41'
  Processing 'gradient_unit_BLOCK_SIZE16_exponent_bit8_mantissa_bit7_precision16_2_DW_lzd_J4_42'
  Processing 'gradient_unit_BLOCK_SIZE16_exponent_bit8_mantissa_bit7_precision16_2_DW_fp_dp2_J4_2'
  Processing 'gradient_unit_BLOCK_SIZE16_exponent_bit8_mantissa_bit7_precision16_2_DW_lzd_J4_43'
  Processing 'gradient_unit_BLOCK_SIZE16_exponent_bit8_mantissa_bit7_precision16_2_DW_fp_dp2_J4_3'
  Processing 'gradient_unit_BLOCK_SIZE16_exponent_bit8_mantissa_bit7_precision16_2_DW_lzd_J4_44'
  Processing 'gradient_unit_BLOCK_SIZE16_exponent_bit8_mantissa_bit7_precision16_2_DW_fp_dp2_J4_4'
  Processing 'gradient_unit_BLOCK_SIZE16_exponent_bit8_mantissa_bit7_precision16_2_DW_lzd_J4_45'
  Processing 'gradient_unit_BLOCK_SIZE16_exponent_bit8_mantissa_bit7_precision16_2_DW_fp_dp2_J4_5'
  Processing 'gradient_unit_BLOCK_SIZE16_exponent_bit8_mantissa_bit7_precision16_2_DW_lzd_J4_46'
  Processing 'gradient_unit_BLOCK_SIZE16_exponent_bit8_mantissa_bit7_precision16_2_DW_fp_dp2_J4_6'
  Processing 'gradient_unit_BLOCK_SIZE16_exponent_bit8_mantissa_bit7_precision16_2_DW_lzd_J4_47'
  Processing 'gradient_unit_BLOCK_SIZE16_exponent_bit8_mantissa_bit7_precision16_2_DW_fp_dp2_J4_7'
  Processing 'gradient_unit_BLOCK_SIZE16_exponent_bit8_mantissa_bit7_precision16_2_DW_lzd_J4_48'
  Processing 'gradient_unit_BLOCK_SIZE16_exponent_bit8_mantissa_bit7_precision16_2_DW_fp_div_J4_0'
  Processing 'gradient_unit_BLOCK_SIZE16_exponent_bit8_mantissa_bit7_precision16_2_DW_div_J4_0'
  Processing 'gradient_unit_BLOCK_SIZE16_exponent_bit8_mantissa_bit7_precision16_2_DW_fp_addsub_J4_5'
  Processing 'gradient_unit_BLOCK_SIZE16_exponent_bit8_mantissa_bit7_precision16_2_DW_lzd_J4_49'
  Processing 'gradient_unit_BLOCK_SIZE16_exponent_bit8_mantissa_bit7_precision16_2_DW_fp_i2flt_J4_0'
  Processing 'gradient_unit_BLOCK_SIZE16_exponent_bit8_mantissa_bit7_precision16_2_DW_fp_i2flt_J4_1'
  Processing 'gradient_unit_BLOCK_SIZE16_exponent_bit8_mantissa_bit7_precision16_2_DW_fp_mult_J4_18'
  Processing 'gradient_unit_BLOCK_SIZE16_exponent_bit8_mantissa_bit7_precision16_2_DW_lzd_J4_50_DW_lzd_J4_52'
  Processing 'gradient_unit_BLOCK_SIZE16_exponent_bit8_mantissa_bit7_precision16_2_DW_lzd_J4_51_DW_lzd_J4_53'
  Processing 'gradient_unit_BLOCK_SIZE16_exponent_bit8_mantissa_bit7_precision16_2_DW_fp_mult_J4_19'
  Processing 'gradient_unit_BLOCK_SIZE16_exponent_bit8_mantissa_bit7_precision16_2_DW_lzd_J4_52_DW_lzd_J4_54'
  Processing 'gradient_unit_BLOCK_SIZE16_exponent_bit8_mantissa_bit7_precision16_2_DW_lzd_J4_53_DW_lzd_J4_55'
  Processing 'gradient_unit_BLOCK_SIZE16_exponent_bit8_mantissa_bit7_precision16_2_DW_fp_addsub_J4_6'
  Processing 'gradient_unit_BLOCK_SIZE16_exponent_bit8_mantissa_bit7_precision16_2_DW_lzd_J4_54_DW_lzd_J4_56'
  Processing 'gradient_unit_BLOCK_SIZE16_exponent_bit8_mantissa_bit7_precision16_3'
Information: Added key list 'DesignWare' to design 'gradient_unit_BLOCK_SIZE16_exponent_bit8_mantissa_bit7_precision16_3'. (DDB-72)
Information: The register 'One1_reg[15]' is a constant and will be removed. (OPT-1206)
Information: The register 'One1_reg[14]' is a constant and will be removed. (OPT-1206)
Information: The register 'One1_reg[13]' is a constant and will be removed. (OPT-1206)
Information: The register 'One1_reg[12]' is a constant and will be removed. (OPT-1206)
Information: The register 'One1_reg[11]' is a constant and will be removed. (OPT-1206)
Information: The register 'One1_reg[10]' is a constant and will be removed. (OPT-1206)
Information: The register 'One1_reg[9]' is a constant and will be removed. (OPT-1206)
Information: The register 'One1_reg[8]' is a constant and will be removed. (OPT-1206)
Information: The register 'One1_reg[7]' is a constant and will be removed. (OPT-1206)
Information: The register 'One1_reg[6]' is a constant and will be removed. (OPT-1206)
Information: The register 'One1_reg[5]' is a constant and will be removed. (OPT-1206)
Information: The register 'One1_reg[4]' is a constant and will be removed. (OPT-1206)
Information: The register 'One1_reg[3]' is a constant and will be removed. (OPT-1206)
Information: The register 'One1_reg[2]' is a constant and will be removed. (OPT-1206)
Information: The register 'One1_reg[1]' is a constant and will be removed. (OPT-1206)
Information: The register 'One1_reg[0]' is a constant and will be removed. (OPT-1206)
Information: The register 'One0_reg[15]' is a constant and will be removed. (OPT-1206)
Information: The register 'One0_reg[14]' is a constant and will be removed. (OPT-1206)
Information: The register 'One0_reg[13]' is a constant and will be removed. (OPT-1206)
Information: The register 'One0_reg[12]' is a constant and will be removed. (OPT-1206)
Information: The register 'One0_reg[11]' is a constant and will be removed. (OPT-1206)
Information: The register 'One0_reg[10]' is a constant and will be removed. (OPT-1206)
Information: The register 'One0_reg[9]' is a constant and will be removed. (OPT-1206)
Information: The register 'One0_reg[8]' is a constant and will be removed. (OPT-1206)
Information: The register 'One0_reg[7]' is a constant and will be removed. (OPT-1206)
Information: The register 'One0_reg[6]' is a constant and will be removed. (OPT-1206)
Information: The register 'One0_reg[5]' is a constant and will be removed. (OPT-1206)
Information: The register 'One0_reg[4]' is a constant and will be removed. (OPT-1206)
Information: The register 'One0_reg[3]' is a constant and will be removed. (OPT-1206)
Information: The register 'One0_reg[2]' is a constant and will be removed. (OPT-1206)
Information: The register 'One0_reg[1]' is a constant and will be removed. (OPT-1206)
Information: The register 'dL_dconic_reg[31]' is a constant and will be removed. (OPT-1206)
Information: The register 'dL_dconic_reg[30]' is a constant and will be removed. (OPT-1206)
Information: The register 'dL_dconic_reg[29]' is a constant and will be removed. (OPT-1206)
Information: The register 'dL_dconic_reg[28]' is a constant and will be removed. (OPT-1206)
Information: The register 'dL_dconic_reg[27]' is a constant and will be removed. (OPT-1206)
Information: The register 'dL_dconic_reg[26]' is a constant and will be removed. (OPT-1206)
Information: The register 'dL_dconic_reg[25]' is a constant and will be removed. (OPT-1206)
Information: The register 'dL_dconic_reg[24]' is a constant and will be removed. (OPT-1206)
Information: The register 'dL_dconic_reg[23]' is a constant and will be removed. (OPT-1206)
Information: The register 'dL_dconic_reg[22]' is a constant and will be removed. (OPT-1206)
Information: The register 'dL_dconic_reg[21]' is a constant and will be removed. (OPT-1206)
Information: The register 'dL_dconic_reg[20]' is a constant and will be removed. (OPT-1206)
Information: The register 'dL_dconic_reg[19]' is a constant and will be removed. (OPT-1206)
Information: The register 'dL_dconic_reg[18]' is a constant and will be removed. (OPT-1206)
Information: The register 'dL_dconic_reg[17]' is a constant and will be removed. (OPT-1206)
Information: The register 'dL_dconic_reg[16]' is a constant and will be removed. (OPT-1206)
Information: The register 'One0_reg[0]' is a constant and will be removed. (OPT-1206)
Information: The register 'H0_reg[11]' is a constant and will be removed. (OPT-1206)
Information: The register 'W0_reg[11]' is a constant and will be removed. (OPT-1206)
 Implement Synthetic for 'gradient_unit_BLOCK_SIZE16_exponent_bit8_mantissa_bit7_precision16_3'.
  Processing 'gradient_unit_BLOCK_SIZE16_exponent_bit8_mantissa_bit7_precision16_3_DW_fp_mult_J5_0'
  Processing 'gradient_unit_BLOCK_SIZE16_exponent_bit8_mantissa_bit7_precision16_3_DW_lzd_J5_0'
  Processing 'gradient_unit_BLOCK_SIZE16_exponent_bit8_mantissa_bit7_precision16_3_DW_lzd_J5_1'
  Processing 'gradient_unit_BLOCK_SIZE16_exponent_bit8_mantissa_bit7_precision16_3_DW_fp_mult_J5_1'
  Processing 'gradient_unit_BLOCK_SIZE16_exponent_bit8_mantissa_bit7_precision16_3_DW_lzd_J5_2'
  Processing 'gradient_unit_BLOCK_SIZE16_exponent_bit8_mantissa_bit7_precision16_3_DW_lzd_J5_3'
  Processing 'gradient_unit_BLOCK_SIZE16_exponent_bit8_mantissa_bit7_precision16_3_DW_fp_mult_J5_2'
  Processing 'gradient_unit_BLOCK_SIZE16_exponent_bit8_mantissa_bit7_precision16_3_DW_lzd_J5_4'
  Processing 'gradient_unit_BLOCK_SIZE16_exponent_bit8_mantissa_bit7_precision16_3_DW_lzd_J5_5'
  Processing 'gradient_unit_BLOCK_SIZE16_exponent_bit8_mantissa_bit7_precision16_3_DW_fp_mult_J5_3'
  Processing 'gradient_unit_BLOCK_SIZE16_exponent_bit8_mantissa_bit7_precision16_3_DW_lzd_J5_6'
  Processing 'gradient_unit_BLOCK_SIZE16_exponent_bit8_mantissa_bit7_precision16_3_DW_lzd_J5_7'
  Processing 'gradient_unit_BLOCK_SIZE16_exponent_bit8_mantissa_bit7_precision16_3_DW_fp_mult_J5_4'
  Processing 'gradient_unit_BLOCK_SIZE16_exponent_bit8_mantissa_bit7_precision16_3_DW_lzd_J5_8'
  Processing 'gradient_unit_BLOCK_SIZE16_exponent_bit8_mantissa_bit7_precision16_3_DW_lzd_J5_9'
  Processing 'gradient_unit_BLOCK_SIZE16_exponent_bit8_mantissa_bit7_precision16_3_DW_fp_mult_J5_5'
  Processing 'gradient_unit_BLOCK_SIZE16_exponent_bit8_mantissa_bit7_precision16_3_DW_lzd_J5_10'
  Processing 'gradient_unit_BLOCK_SIZE16_exponent_bit8_mantissa_bit7_precision16_3_DW_lzd_J5_11'
  Processing 'gradient_unit_BLOCK_SIZE16_exponent_bit8_mantissa_bit7_precision16_3_DW_fp_mult_J5_6'
  Processing 'gradient_unit_BLOCK_SIZE16_exponent_bit8_mantissa_bit7_precision16_3_DW_lzd_J5_12'
  Processing 'gradient_unit_BLOCK_SIZE16_exponent_bit8_mantissa_bit7_precision16_3_DW_lzd_J5_13'
  Processing 'gradient_unit_BLOCK_SIZE16_exponent_bit8_mantissa_bit7_precision16_3_DW_fp_mult_J5_7'
  Processing 'gradient_unit_BLOCK_SIZE16_exponent_bit8_mantissa_bit7_precision16_3_DW_lzd_J5_14'
  Processing 'gradient_unit_BLOCK_SIZE16_exponent_bit8_mantissa_bit7_precision16_3_DW_lzd_J5_15'
  Processing 'gradient_unit_BLOCK_SIZE16_exponent_bit8_mantissa_bit7_precision16_3_DW_fp_addsub_J5_0'
  Processing 'gradient_unit_BLOCK_SIZE16_exponent_bit8_mantissa_bit7_precision16_3_DW_lzd_J5_16'
  Processing 'gradient_unit_BLOCK_SIZE16_exponent_bit8_mantissa_bit7_precision16_3_DW_fp_mult_J5_8'
  Processing 'gradient_unit_BLOCK_SIZE16_exponent_bit8_mantissa_bit7_precision16_3_DW_lzd_J5_17'
  Processing 'gradient_unit_BLOCK_SIZE16_exponent_bit8_mantissa_bit7_precision16_3_DW_lzd_J5_18'
  Processing 'gradient_unit_BLOCK_SIZE16_exponent_bit8_mantissa_bit7_precision16_3_DW_fp_mult_J5_9'
  Processing 'gradient_unit_BLOCK_SIZE16_exponent_bit8_mantissa_bit7_precision16_3_DW_lzd_J5_19'
  Processing 'gradient_unit_BLOCK_SIZE16_exponent_bit8_mantissa_bit7_precision16_3_DW_lzd_J5_20'
  Processing 'gradient_unit_BLOCK_SIZE16_exponent_bit8_mantissa_bit7_precision16_3_DW_fp_mult_J5_10'
  Processing 'gradient_unit_BLOCK_SIZE16_exponent_bit8_mantissa_bit7_precision16_3_DW_lzd_J5_21'
  Processing 'gradient_unit_BLOCK_SIZE16_exponent_bit8_mantissa_bit7_precision16_3_DW_lzd_J5_22'
  Processing 'gradient_unit_BLOCK_SIZE16_exponent_bit8_mantissa_bit7_precision16_3_DW_fp_mult_J5_11'
  Processing 'gradient_unit_BLOCK_SIZE16_exponent_bit8_mantissa_bit7_precision16_3_DW_lzd_J5_23'
  Processing 'gradient_unit_BLOCK_SIZE16_exponent_bit8_mantissa_bit7_precision16_3_DW_lzd_J5_24'
  Processing 'gradient_unit_BLOCK_SIZE16_exponent_bit8_mantissa_bit7_precision16_3_DW_fp_dp2_J5_0'
  Processing 'gradient_unit_BLOCK_SIZE16_exponent_bit8_mantissa_bit7_precision16_3_DW_lzd_J5_25'
  Processing 'gradient_unit_BLOCK_SIZE16_exponent_bit8_mantissa_bit7_precision16_3_DW_fp_dp2_J5_1'
  Processing 'gradient_unit_BLOCK_SIZE16_exponent_bit8_mantissa_bit7_precision16_3_DW_lzd_J5_26'
  Processing 'gradient_unit_BLOCK_SIZE16_exponent_bit8_mantissa_bit7_precision16_3_DW_fp_mult_J5_12'
  Processing 'gradient_unit_BLOCK_SIZE16_exponent_bit8_mantissa_bit7_precision16_3_DW_lzd_J5_27'
  Processing 'gradient_unit_BLOCK_SIZE16_exponent_bit8_mantissa_bit7_precision16_3_DW_lzd_J5_28'
  Processing 'gradient_unit_BLOCK_SIZE16_exponent_bit8_mantissa_bit7_precision16_3_DW_fp_mult_J5_13'
  Processing 'gradient_unit_BLOCK_SIZE16_exponent_bit8_mantissa_bit7_precision16_3_DW_lzd_J5_29'
  Processing 'gradient_unit_BLOCK_SIZE16_exponent_bit8_mantissa_bit7_precision16_3_DW_lzd_J5_30'
  Processing 'gradient_unit_BLOCK_SIZE16_exponent_bit8_mantissa_bit7_precision16_3_DW_fp_addsub_J5_1'
  Processing 'gradient_unit_BLOCK_SIZE16_exponent_bit8_mantissa_bit7_precision16_3_DW_lzd_J5_31'
  Processing 'gradient_unit_BLOCK_SIZE16_exponent_bit8_mantissa_bit7_precision16_3_DW_fp_addsub_J5_2'
  Processing 'gradient_unit_BLOCK_SIZE16_exponent_bit8_mantissa_bit7_precision16_3_DW_lzd_J5_32'
  Processing 'gradient_unit_BLOCK_SIZE16_exponent_bit8_mantissa_bit7_precision16_3_DW_fp_addsub_J5_3'
  Processing 'gradient_unit_BLOCK_SIZE16_exponent_bit8_mantissa_bit7_precision16_3_DW_lzd_J5_33'
  Processing 'gradient_unit_BLOCK_SIZE16_exponent_bit8_mantissa_bit7_precision16_3_DW_fp_addsub_J5_4'
  Processing 'gradient_unit_BLOCK_SIZE16_exponent_bit8_mantissa_bit7_precision16_3_DW_lzd_J5_34'
  Processing 'gradient_unit_BLOCK_SIZE16_exponent_bit8_mantissa_bit7_precision16_3_DW_fp_mult_J5_14'
  Processing 'gradient_unit_BLOCK_SIZE16_exponent_bit8_mantissa_bit7_precision16_3_DW_lzd_J5_35'
  Processing 'gradient_unit_BLOCK_SIZE16_exponent_bit8_mantissa_bit7_precision16_3_DW_lzd_J5_36'
  Processing 'gradient_unit_BLOCK_SIZE16_exponent_bit8_mantissa_bit7_precision16_3_DW_fp_mult_J5_15'
  Processing 'gradient_unit_BLOCK_SIZE16_exponent_bit8_mantissa_bit7_precision16_3_DW_lzd_J5_37'
  Processing 'gradient_unit_BLOCK_SIZE16_exponent_bit8_mantissa_bit7_precision16_3_DW_lzd_J5_38'
  Processing 'gradient_unit_BLOCK_SIZE16_exponent_bit8_mantissa_bit7_precision16_3_DW_fp_mult_J5_16'
  Processing 'gradient_unit_BLOCK_SIZE16_exponent_bit8_mantissa_bit7_precision16_3_DW_lzd_J5_39'
  Processing 'gradient_unit_BLOCK_SIZE16_exponent_bit8_mantissa_bit7_precision16_3_DW_lzd_J5_40'
  Processing 'gradient_unit_BLOCK_SIZE16_exponent_bit8_mantissa_bit7_precision16_3_DW_fp_mult_J5_17'
  Processing 'gradient_unit_BLOCK_SIZE16_exponent_bit8_mantissa_bit7_precision16_3_DW_lzd_J5_41'
  Processing 'gradient_unit_BLOCK_SIZE16_exponent_bit8_mantissa_bit7_precision16_3_DW_lzd_J5_42'
  Processing 'gradient_unit_BLOCK_SIZE16_exponent_bit8_mantissa_bit7_precision16_3_DW_fp_dp2_J5_2'
  Processing 'gradient_unit_BLOCK_SIZE16_exponent_bit8_mantissa_bit7_precision16_3_DW_lzd_J5_43'
  Processing 'gradient_unit_BLOCK_SIZE16_exponent_bit8_mantissa_bit7_precision16_3_DW_fp_dp2_J5_3'
  Processing 'gradient_unit_BLOCK_SIZE16_exponent_bit8_mantissa_bit7_precision16_3_DW_lzd_J5_44'
  Processing 'gradient_unit_BLOCK_SIZE16_exponent_bit8_mantissa_bit7_precision16_3_DW_fp_dp2_J5_4'
  Processing 'gradient_unit_BLOCK_SIZE16_exponent_bit8_mantissa_bit7_precision16_3_DW_lzd_J5_45'
  Processing 'gradient_unit_BLOCK_SIZE16_exponent_bit8_mantissa_bit7_precision16_3_DW_fp_dp2_J5_5'
  Processing 'gradient_unit_BLOCK_SIZE16_exponent_bit8_mantissa_bit7_precision16_3_DW_lzd_J5_46'
  Processing 'gradient_unit_BLOCK_SIZE16_exponent_bit8_mantissa_bit7_precision16_3_DW_fp_dp2_J5_6'
  Processing 'gradient_unit_BLOCK_SIZE16_exponent_bit8_mantissa_bit7_precision16_3_DW_lzd_J5_47'
  Processing 'gradient_unit_BLOCK_SIZE16_exponent_bit8_mantissa_bit7_precision16_3_DW_fp_dp2_J5_7'
  Processing 'gradient_unit_BLOCK_SIZE16_exponent_bit8_mantissa_bit7_precision16_3_DW_lzd_J5_48'
  Processing 'gradient_unit_BLOCK_SIZE16_exponent_bit8_mantissa_bit7_precision16_3_DW_fp_div_J5_0'
  Processing 'gradient_unit_BLOCK_SIZE16_exponent_bit8_mantissa_bit7_precision16_3_DW_div_J5_0'
  Processing 'gradient_unit_BLOCK_SIZE16_exponent_bit8_mantissa_bit7_precision16_3_DW_fp_addsub_J5_5'
  Processing 'gradient_unit_BLOCK_SIZE16_exponent_bit8_mantissa_bit7_precision16_3_DW_lzd_J5_49'
  Processing 'gradient_unit_BLOCK_SIZE16_exponent_bit8_mantissa_bit7_precision16_3_DW_fp_i2flt_J5_0'
  Processing 'gradient_unit_BLOCK_SIZE16_exponent_bit8_mantissa_bit7_precision16_3_DW_fp_i2flt_J5_1'
  Processing 'gradient_unit_BLOCK_SIZE16_exponent_bit8_mantissa_bit7_precision16_3_DW_fp_mult_J5_18'
  Processing 'gradient_unit_BLOCK_SIZE16_exponent_bit8_mantissa_bit7_precision16_3_DW_lzd_J5_50_DW_lzd_J5_52'
  Processing 'gradient_unit_BLOCK_SIZE16_exponent_bit8_mantissa_bit7_precision16_3_DW_lzd_J5_51_DW_lzd_J5_53'
  Processing 'gradient_unit_BLOCK_SIZE16_exponent_bit8_mantissa_bit7_precision16_3_DW_fp_mult_J5_19'
  Processing 'gradient_unit_BLOCK_SIZE16_exponent_bit8_mantissa_bit7_precision16_3_DW_lzd_J5_52_DW_lzd_J5_54'
  Processing 'gradient_unit_BLOCK_SIZE16_exponent_bit8_mantissa_bit7_precision16_3_DW_lzd_J5_53_DW_lzd_J5_55'
  Processing 'gradient_unit_BLOCK_SIZE16_exponent_bit8_mantissa_bit7_precision16_3_DW_fp_addsub_J5_6'
  Processing 'gradient_unit_BLOCK_SIZE16_exponent_bit8_mantissa_bit7_precision16_3_DW_lzd_J5_54_DW_lzd_J5_56'
  Processing 'gradient_unit_BLOCK_SIZE16_exponent_bit8_mantissa_bit7_precision16_4'
Information: Added key list 'DesignWare' to design 'gradient_unit_BLOCK_SIZE16_exponent_bit8_mantissa_bit7_precision16_4'. (DDB-72)
Information: The register 'One1_reg[15]' is a constant and will be removed. (OPT-1206)
Information: The register 'One1_reg[14]' is a constant and will be removed. (OPT-1206)
Information: The register 'One1_reg[13]' is a constant and will be removed. (OPT-1206)
Information: The register 'One1_reg[12]' is a constant and will be removed. (OPT-1206)
Information: The register 'One1_reg[11]' is a constant and will be removed. (OPT-1206)
Information: The register 'One1_reg[10]' is a constant and will be removed. (OPT-1206)
Information: The register 'One1_reg[9]' is a constant and will be removed. (OPT-1206)
Information: The register 'One1_reg[8]' is a constant and will be removed. (OPT-1206)
Information: The register 'One1_reg[7]' is a constant and will be removed. (OPT-1206)
Information: The register 'One1_reg[6]' is a constant and will be removed. (OPT-1206)
Information: The register 'One1_reg[5]' is a constant and will be removed. (OPT-1206)
Information: The register 'One1_reg[4]' is a constant and will be removed. (OPT-1206)
Information: The register 'One1_reg[3]' is a constant and will be removed. (OPT-1206)
Information: The register 'One1_reg[2]' is a constant and will be removed. (OPT-1206)
Information: The register 'One1_reg[1]' is a constant and will be removed. (OPT-1206)
Information: The register 'One1_reg[0]' is a constant and will be removed. (OPT-1206)
Information: The register 'One0_reg[15]' is a constant and will be removed. (OPT-1206)
Information: The register 'One0_reg[14]' is a constant and will be removed. (OPT-1206)
Information: The register 'One0_reg[13]' is a constant and will be removed. (OPT-1206)
Information: The register 'One0_reg[12]' is a constant and will be removed. (OPT-1206)
Information: The register 'One0_reg[11]' is a constant and will be removed. (OPT-1206)
Information: The register 'One0_reg[10]' is a constant and will be removed. (OPT-1206)
Information: The register 'One0_reg[9]' is a constant and will be removed. (OPT-1206)
Information: The register 'One0_reg[8]' is a constant and will be removed. (OPT-1206)
Information: The register 'One0_reg[7]' is a constant and will be removed. (OPT-1206)
Information: The register 'One0_reg[6]' is a constant and will be removed. (OPT-1206)
Information: The register 'One0_reg[5]' is a constant and will be removed. (OPT-1206)
Information: The register 'One0_reg[4]' is a constant and will be removed. (OPT-1206)
Information: The register 'One0_reg[3]' is a constant and will be removed. (OPT-1206)
Information: The register 'One0_reg[2]' is a constant and will be removed. (OPT-1206)
Information: The register 'One0_reg[1]' is a constant and will be removed. (OPT-1206)
Information: The register 'dL_dconic_reg[31]' is a constant and will be removed. (OPT-1206)
Information: The register 'dL_dconic_reg[30]' is a constant and will be removed. (OPT-1206)
Information: The register 'dL_dconic_reg[29]' is a constant and will be removed. (OPT-1206)
Information: The register 'dL_dconic_reg[28]' is a constant and will be removed. (OPT-1206)
Information: The register 'dL_dconic_reg[27]' is a constant and will be removed. (OPT-1206)
Information: The register 'dL_dconic_reg[26]' is a constant and will be removed. (OPT-1206)
Information: The register 'dL_dconic_reg[25]' is a constant and will be removed. (OPT-1206)
Information: The register 'dL_dconic_reg[24]' is a constant and will be removed. (OPT-1206)
Information: The register 'dL_dconic_reg[23]' is a constant and will be removed. (OPT-1206)
Information: The register 'dL_dconic_reg[22]' is a constant and will be removed. (OPT-1206)
Information: The register 'dL_dconic_reg[21]' is a constant and will be removed. (OPT-1206)
Information: The register 'dL_dconic_reg[20]' is a constant and will be removed. (OPT-1206)
Information: The register 'dL_dconic_reg[19]' is a constant and will be removed. (OPT-1206)
Information: The register 'dL_dconic_reg[18]' is a constant and will be removed. (OPT-1206)
Information: The register 'dL_dconic_reg[17]' is a constant and will be removed. (OPT-1206)
Information: The register 'dL_dconic_reg[16]' is a constant and will be removed. (OPT-1206)
Information: The register 'One0_reg[0]' is a constant and will be removed. (OPT-1206)
Information: The register 'H0_reg[11]' is a constant and will be removed. (OPT-1206)
Information: The register 'W0_reg[11]' is a constant and will be removed. (OPT-1206)
 Implement Synthetic for 'gradient_unit_BLOCK_SIZE16_exponent_bit8_mantissa_bit7_precision16_4'.
  Processing 'gradient_unit_BLOCK_SIZE16_exponent_bit8_mantissa_bit7_precision16_4_DW_fp_mult_J6_0'
  Processing 'gradient_unit_BLOCK_SIZE16_exponent_bit8_mantissa_bit7_precision16_4_DW_lzd_J6_0'
  Processing 'gradient_unit_BLOCK_SIZE16_exponent_bit8_mantissa_bit7_precision16_4_DW_lzd_J6_1'
  Processing 'gradient_unit_BLOCK_SIZE16_exponent_bit8_mantissa_bit7_precision16_4_DW_fp_mult_J6_1'
  Processing 'gradient_unit_BLOCK_SIZE16_exponent_bit8_mantissa_bit7_precision16_4_DW_lzd_J6_2'
  Processing 'gradient_unit_BLOCK_SIZE16_exponent_bit8_mantissa_bit7_precision16_4_DW_lzd_J6_3'
  Processing 'gradient_unit_BLOCK_SIZE16_exponent_bit8_mantissa_bit7_precision16_4_DW_fp_mult_J6_2'
  Processing 'gradient_unit_BLOCK_SIZE16_exponent_bit8_mantissa_bit7_precision16_4_DW_lzd_J6_4'
  Processing 'gradient_unit_BLOCK_SIZE16_exponent_bit8_mantissa_bit7_precision16_4_DW_lzd_J6_5'
  Processing 'gradient_unit_BLOCK_SIZE16_exponent_bit8_mantissa_bit7_precision16_4_DW_fp_mult_J6_3'
  Processing 'gradient_unit_BLOCK_SIZE16_exponent_bit8_mantissa_bit7_precision16_4_DW_lzd_J6_6'
  Processing 'gradient_unit_BLOCK_SIZE16_exponent_bit8_mantissa_bit7_precision16_4_DW_lzd_J6_7'
  Processing 'gradient_unit_BLOCK_SIZE16_exponent_bit8_mantissa_bit7_precision16_4_DW_fp_mult_J6_4'
  Processing 'gradient_unit_BLOCK_SIZE16_exponent_bit8_mantissa_bit7_precision16_4_DW_lzd_J6_8'
  Processing 'gradient_unit_BLOCK_SIZE16_exponent_bit8_mantissa_bit7_precision16_4_DW_lzd_J6_9'
  Processing 'gradient_unit_BLOCK_SIZE16_exponent_bit8_mantissa_bit7_precision16_4_DW_fp_mult_J6_5'
  Processing 'gradient_unit_BLOCK_SIZE16_exponent_bit8_mantissa_bit7_precision16_4_DW_lzd_J6_10'
  Processing 'gradient_unit_BLOCK_SIZE16_exponent_bit8_mantissa_bit7_precision16_4_DW_lzd_J6_11'
  Processing 'gradient_unit_BLOCK_SIZE16_exponent_bit8_mantissa_bit7_precision16_4_DW_fp_mult_J6_6'
  Processing 'gradient_unit_BLOCK_SIZE16_exponent_bit8_mantissa_bit7_precision16_4_DW_lzd_J6_12'
  Processing 'gradient_unit_BLOCK_SIZE16_exponent_bit8_mantissa_bit7_precision16_4_DW_lzd_J6_13'
  Processing 'gradient_unit_BLOCK_SIZE16_exponent_bit8_mantissa_bit7_precision16_4_DW_fp_mult_J6_7'
  Processing 'gradient_unit_BLOCK_SIZE16_exponent_bit8_mantissa_bit7_precision16_4_DW_lzd_J6_14'
  Processing 'gradient_unit_BLOCK_SIZE16_exponent_bit8_mantissa_bit7_precision16_4_DW_lzd_J6_15'
  Processing 'gradient_unit_BLOCK_SIZE16_exponent_bit8_mantissa_bit7_precision16_4_DW_fp_addsub_J6_0'
  Processing 'gradient_unit_BLOCK_SIZE16_exponent_bit8_mantissa_bit7_precision16_4_DW_lzd_J6_16'
  Processing 'gradient_unit_BLOCK_SIZE16_exponent_bit8_mantissa_bit7_precision16_4_DW_fp_mult_J6_8'
  Processing 'gradient_unit_BLOCK_SIZE16_exponent_bit8_mantissa_bit7_precision16_4_DW_lzd_J6_17'
  Processing 'gradient_unit_BLOCK_SIZE16_exponent_bit8_mantissa_bit7_precision16_4_DW_lzd_J6_18'
  Processing 'gradient_unit_BLOCK_SIZE16_exponent_bit8_mantissa_bit7_precision16_4_DW_fp_mult_J6_9'
  Processing 'gradient_unit_BLOCK_SIZE16_exponent_bit8_mantissa_bit7_precision16_4_DW_lzd_J6_19'
  Processing 'gradient_unit_BLOCK_SIZE16_exponent_bit8_mantissa_bit7_precision16_4_DW_lzd_J6_20'
  Processing 'gradient_unit_BLOCK_SIZE16_exponent_bit8_mantissa_bit7_precision16_4_DW_fp_mult_J6_10'
  Processing 'gradient_unit_BLOCK_SIZE16_exponent_bit8_mantissa_bit7_precision16_4_DW_lzd_J6_21'
  Processing 'gradient_unit_BLOCK_SIZE16_exponent_bit8_mantissa_bit7_precision16_4_DW_lzd_J6_22'
  Processing 'gradient_unit_BLOCK_SIZE16_exponent_bit8_mantissa_bit7_precision16_4_DW_fp_mult_J6_11'
  Processing 'gradient_unit_BLOCK_SIZE16_exponent_bit8_mantissa_bit7_precision16_4_DW_lzd_J6_23'
  Processing 'gradient_unit_BLOCK_SIZE16_exponent_bit8_mantissa_bit7_precision16_4_DW_lzd_J6_24'
  Processing 'gradient_unit_BLOCK_SIZE16_exponent_bit8_mantissa_bit7_precision16_4_DW_fp_dp2_J6_0'
  Processing 'gradient_unit_BLOCK_SIZE16_exponent_bit8_mantissa_bit7_precision16_4_DW_lzd_J6_25'
  Processing 'gradient_unit_BLOCK_SIZE16_exponent_bit8_mantissa_bit7_precision16_4_DW_fp_dp2_J6_1'
  Processing 'gradient_unit_BLOCK_SIZE16_exponent_bit8_mantissa_bit7_precision16_4_DW_lzd_J6_26'
  Processing 'gradient_unit_BLOCK_SIZE16_exponent_bit8_mantissa_bit7_precision16_4_DW_fp_mult_J6_12'
  Processing 'gradient_unit_BLOCK_SIZE16_exponent_bit8_mantissa_bit7_precision16_4_DW_lzd_J6_27'
  Processing 'gradient_unit_BLOCK_SIZE16_exponent_bit8_mantissa_bit7_precision16_4_DW_lzd_J6_28'
  Processing 'gradient_unit_BLOCK_SIZE16_exponent_bit8_mantissa_bit7_precision16_4_DW_fp_mult_J6_13'
  Processing 'gradient_unit_BLOCK_SIZE16_exponent_bit8_mantissa_bit7_precision16_4_DW_lzd_J6_29'
  Processing 'gradient_unit_BLOCK_SIZE16_exponent_bit8_mantissa_bit7_precision16_4_DW_lzd_J6_30'
  Processing 'gradient_unit_BLOCK_SIZE16_exponent_bit8_mantissa_bit7_precision16_4_DW_fp_addsub_J6_1'
  Processing 'gradient_unit_BLOCK_SIZE16_exponent_bit8_mantissa_bit7_precision16_4_DW_lzd_J6_31'
  Processing 'gradient_unit_BLOCK_SIZE16_exponent_bit8_mantissa_bit7_precision16_4_DW_fp_addsub_J6_2'
  Processing 'gradient_unit_BLOCK_SIZE16_exponent_bit8_mantissa_bit7_precision16_4_DW_lzd_J6_32'
  Processing 'gradient_unit_BLOCK_SIZE16_exponent_bit8_mantissa_bit7_precision16_4_DW_fp_addsub_J6_3'
  Processing 'gradient_unit_BLOCK_SIZE16_exponent_bit8_mantissa_bit7_precision16_4_DW_lzd_J6_33'
  Processing 'gradient_unit_BLOCK_SIZE16_exponent_bit8_mantissa_bit7_precision16_4_DW_fp_addsub_J6_4'
  Processing 'gradient_unit_BLOCK_SIZE16_exponent_bit8_mantissa_bit7_precision16_4_DW_lzd_J6_34'
  Processing 'gradient_unit_BLOCK_SIZE16_exponent_bit8_mantissa_bit7_precision16_4_DW_fp_mult_J6_14'
  Processing 'gradient_unit_BLOCK_SIZE16_exponent_bit8_mantissa_bit7_precision16_4_DW_lzd_J6_35'
  Processing 'gradient_unit_BLOCK_SIZE16_exponent_bit8_mantissa_bit7_precision16_4_DW_lzd_J6_36'
  Processing 'gradient_unit_BLOCK_SIZE16_exponent_bit8_mantissa_bit7_precision16_4_DW_fp_mult_J6_15'
  Processing 'gradient_unit_BLOCK_SIZE16_exponent_bit8_mantissa_bit7_precision16_4_DW_lzd_J6_37'
  Processing 'gradient_unit_BLOCK_SIZE16_exponent_bit8_mantissa_bit7_precision16_4_DW_lzd_J6_38'
  Processing 'gradient_unit_BLOCK_SIZE16_exponent_bit8_mantissa_bit7_precision16_4_DW_fp_mult_J6_16'
  Processing 'gradient_unit_BLOCK_SIZE16_exponent_bit8_mantissa_bit7_precision16_4_DW_lzd_J6_39'
  Processing 'gradient_unit_BLOCK_SIZE16_exponent_bit8_mantissa_bit7_precision16_4_DW_lzd_J6_40'
  Processing 'gradient_unit_BLOCK_SIZE16_exponent_bit8_mantissa_bit7_precision16_4_DW_fp_mult_J6_17'
  Processing 'gradient_unit_BLOCK_SIZE16_exponent_bit8_mantissa_bit7_precision16_4_DW_lzd_J6_41'
  Processing 'gradient_unit_BLOCK_SIZE16_exponent_bit8_mantissa_bit7_precision16_4_DW_lzd_J6_42'
  Processing 'gradient_unit_BLOCK_SIZE16_exponent_bit8_mantissa_bit7_precision16_4_DW_fp_dp2_J6_2'
  Processing 'gradient_unit_BLOCK_SIZE16_exponent_bit8_mantissa_bit7_precision16_4_DW_lzd_J6_43'
  Processing 'gradient_unit_BLOCK_SIZE16_exponent_bit8_mantissa_bit7_precision16_4_DW_fp_dp2_J6_3'
  Processing 'gradient_unit_BLOCK_SIZE16_exponent_bit8_mantissa_bit7_precision16_4_DW_lzd_J6_44'
  Processing 'gradient_unit_BLOCK_SIZE16_exponent_bit8_mantissa_bit7_precision16_4_DW_fp_dp2_J6_4'
  Processing 'gradient_unit_BLOCK_SIZE16_exponent_bit8_mantissa_bit7_precision16_4_DW_lzd_J6_45'
  Processing 'gradient_unit_BLOCK_SIZE16_exponent_bit8_mantissa_bit7_precision16_4_DW_fp_dp2_J6_5'
  Processing 'gradient_unit_BLOCK_SIZE16_exponent_bit8_mantissa_bit7_precision16_4_DW_lzd_J6_46'
  Processing 'gradient_unit_BLOCK_SIZE16_exponent_bit8_mantissa_bit7_precision16_4_DW_fp_dp2_J6_6'
  Processing 'gradient_unit_BLOCK_SIZE16_exponent_bit8_mantissa_bit7_precision16_4_DW_lzd_J6_47'
  Processing 'gradient_unit_BLOCK_SIZE16_exponent_bit8_mantissa_bit7_precision16_4_DW_fp_dp2_J6_7'
  Processing 'gradient_unit_BLOCK_SIZE16_exponent_bit8_mantissa_bit7_precision16_4_DW_lzd_J6_48'
  Processing 'gradient_unit_BLOCK_SIZE16_exponent_bit8_mantissa_bit7_precision16_4_DW_fp_div_J6_0'
  Processing 'gradient_unit_BLOCK_SIZE16_exponent_bit8_mantissa_bit7_precision16_4_DW_div_J6_0'
  Processing 'gradient_unit_BLOCK_SIZE16_exponent_bit8_mantissa_bit7_precision16_4_DW_fp_addsub_J6_5'
  Processing 'gradient_unit_BLOCK_SIZE16_exponent_bit8_mantissa_bit7_precision16_4_DW_lzd_J6_49'
  Processing 'gradient_unit_BLOCK_SIZE16_exponent_bit8_mantissa_bit7_precision16_4_DW_fp_i2flt_J6_0'
  Processing 'gradient_unit_BLOCK_SIZE16_exponent_bit8_mantissa_bit7_precision16_4_DW_fp_i2flt_J6_1'
  Processing 'gradient_unit_BLOCK_SIZE16_exponent_bit8_mantissa_bit7_precision16_4_DW_fp_mult_J6_18'
  Processing 'gradient_unit_BLOCK_SIZE16_exponent_bit8_mantissa_bit7_precision16_4_DW_lzd_J6_50_DW_lzd_J6_52'
  Processing 'gradient_unit_BLOCK_SIZE16_exponent_bit8_mantissa_bit7_precision16_4_DW_lzd_J6_51_DW_lzd_J6_53'
  Processing 'gradient_unit_BLOCK_SIZE16_exponent_bit8_mantissa_bit7_precision16_4_DW_fp_mult_J6_19'
  Processing 'gradient_unit_BLOCK_SIZE16_exponent_bit8_mantissa_bit7_precision16_4_DW_lzd_J6_52_DW_lzd_J6_54'
  Processing 'gradient_unit_BLOCK_SIZE16_exponent_bit8_mantissa_bit7_precision16_4_DW_lzd_J6_53_DW_lzd_J6_55'
  Processing 'gradient_unit_BLOCK_SIZE16_exponent_bit8_mantissa_bit7_precision16_4_DW_fp_addsub_J6_6'
  Processing 'gradient_unit_BLOCK_SIZE16_exponent_bit8_mantissa_bit7_precision16_4_DW_lzd_J6_54_DW_lzd_J6_56'
  Processing 'gradient_unit_BLOCK_SIZE16_exponent_bit8_mantissa_bit7_precision16_5'
Information: Added key list 'DesignWare' to design 'gradient_unit_BLOCK_SIZE16_exponent_bit8_mantissa_bit7_precision16_5'. (DDB-72)
Information: The register 'One1_reg[15]' is a constant and will be removed. (OPT-1206)
Information: The register 'One1_reg[14]' is a constant and will be removed. (OPT-1206)
Information: The register 'One1_reg[13]' is a constant and will be removed. (OPT-1206)
Information: The register 'One1_reg[12]' is a constant and will be removed. (OPT-1206)
Information: The register 'One1_reg[11]' is a constant and will be removed. (OPT-1206)
Information: The register 'One1_reg[10]' is a constant and will be removed. (OPT-1206)
Information: The register 'One1_reg[9]' is a constant and will be removed. (OPT-1206)
Information: The register 'One1_reg[8]' is a constant and will be removed. (OPT-1206)
Information: The register 'One1_reg[7]' is a constant and will be removed. (OPT-1206)
Information: The register 'One1_reg[6]' is a constant and will be removed. (OPT-1206)
Information: The register 'One1_reg[5]' is a constant and will be removed. (OPT-1206)
Information: The register 'One1_reg[4]' is a constant and will be removed. (OPT-1206)
Information: The register 'One1_reg[3]' is a constant and will be removed. (OPT-1206)
Information: The register 'One1_reg[2]' is a constant and will be removed. (OPT-1206)
Information: The register 'One1_reg[1]' is a constant and will be removed. (OPT-1206)
Information: The register 'One1_reg[0]' is a constant and will be removed. (OPT-1206)
Information: The register 'One0_reg[15]' is a constant and will be removed. (OPT-1206)
Information: The register 'One0_reg[14]' is a constant and will be removed. (OPT-1206)
Information: The register 'One0_reg[13]' is a constant and will be removed. (OPT-1206)
Information: The register 'One0_reg[12]' is a constant and will be removed. (OPT-1206)
Information: The register 'One0_reg[11]' is a constant and will be removed. (OPT-1206)
Information: The register 'One0_reg[10]' is a constant and will be removed. (OPT-1206)
Information: The register 'One0_reg[9]' is a constant and will be removed. (OPT-1206)
Information: The register 'One0_reg[8]' is a constant and will be removed. (OPT-1206)
Information: The register 'One0_reg[7]' is a constant and will be removed. (OPT-1206)
Information: The register 'One0_reg[6]' is a constant and will be removed. (OPT-1206)
Information: The register 'One0_reg[5]' is a constant and will be removed. (OPT-1206)
Information: The register 'One0_reg[4]' is a constant and will be removed. (OPT-1206)
Information: The register 'One0_reg[3]' is a constant and will be removed. (OPT-1206)
Information: The register 'One0_reg[2]' is a constant and will be removed. (OPT-1206)
Information: The register 'One0_reg[1]' is a constant and will be removed. (OPT-1206)
Information: The register 'dL_dconic_reg[31]' is a constant and will be removed. (OPT-1206)
Information: The register 'dL_dconic_reg[30]' is a constant and will be removed. (OPT-1206)
Information: The register 'dL_dconic_reg[29]' is a constant and will be removed. (OPT-1206)
Information: The register 'dL_dconic_reg[28]' is a constant and will be removed. (OPT-1206)
Information: The register 'dL_dconic_reg[27]' is a constant and will be removed. (OPT-1206)
Information: The register 'dL_dconic_reg[26]' is a constant and will be removed. (OPT-1206)
Information: The register 'dL_dconic_reg[25]' is a constant and will be removed. (OPT-1206)
Information: The register 'dL_dconic_reg[24]' is a constant and will be removed. (OPT-1206)
Information: The register 'dL_dconic_reg[23]' is a constant and will be removed. (OPT-1206)
Information: The register 'dL_dconic_reg[22]' is a constant and will be removed. (OPT-1206)
Information: The register 'dL_dconic_reg[21]' is a constant and will be removed. (OPT-1206)
Information: The register 'dL_dconic_reg[20]' is a constant and will be removed. (OPT-1206)
Information: The register 'dL_dconic_reg[19]' is a constant and will be removed. (OPT-1206)
Information: The register 'dL_dconic_reg[18]' is a constant and will be removed. (OPT-1206)
Information: The register 'dL_dconic_reg[17]' is a constant and will be removed. (OPT-1206)
Information: The register 'dL_dconic_reg[16]' is a constant and will be removed. (OPT-1206)
Information: The register 'One0_reg[0]' is a constant and will be removed. (OPT-1206)
Information: The register 'H0_reg[11]' is a constant and will be removed. (OPT-1206)
Information: The register 'W0_reg[11]' is a constant and will be removed. (OPT-1206)
 Implement Synthetic for 'gradient_unit_BLOCK_SIZE16_exponent_bit8_mantissa_bit7_precision16_5'.
  Processing 'gradient_unit_BLOCK_SIZE16_exponent_bit8_mantissa_bit7_precision16_5_DW_fp_mult_J7_0'
  Processing 'gradient_unit_BLOCK_SIZE16_exponent_bit8_mantissa_bit7_precision16_5_DW_lzd_J7_0'
  Processing 'gradient_unit_BLOCK_SIZE16_exponent_bit8_mantissa_bit7_precision16_5_DW_lzd_J7_1'
  Processing 'gradient_unit_BLOCK_SIZE16_exponent_bit8_mantissa_bit7_precision16_5_DW_fp_mult_J7_1'
  Processing 'gradient_unit_BLOCK_SIZE16_exponent_bit8_mantissa_bit7_precision16_5_DW_lzd_J7_2'
  Processing 'gradient_unit_BLOCK_SIZE16_exponent_bit8_mantissa_bit7_precision16_5_DW_lzd_J7_3'
  Processing 'gradient_unit_BLOCK_SIZE16_exponent_bit8_mantissa_bit7_precision16_5_DW_fp_mult_J7_2'
  Processing 'gradient_unit_BLOCK_SIZE16_exponent_bit8_mantissa_bit7_precision16_5_DW_lzd_J7_4'
  Processing 'gradient_unit_BLOCK_SIZE16_exponent_bit8_mantissa_bit7_precision16_5_DW_lzd_J7_5'
  Processing 'gradient_unit_BLOCK_SIZE16_exponent_bit8_mantissa_bit7_precision16_5_DW_fp_mult_J7_3'
  Processing 'gradient_unit_BLOCK_SIZE16_exponent_bit8_mantissa_bit7_precision16_5_DW_lzd_J7_6'
  Processing 'gradient_unit_BLOCK_SIZE16_exponent_bit8_mantissa_bit7_precision16_5_DW_lzd_J7_7'
  Processing 'gradient_unit_BLOCK_SIZE16_exponent_bit8_mantissa_bit7_precision16_5_DW_fp_mult_J7_4'
  Processing 'gradient_unit_BLOCK_SIZE16_exponent_bit8_mantissa_bit7_precision16_5_DW_lzd_J7_8'
  Processing 'gradient_unit_BLOCK_SIZE16_exponent_bit8_mantissa_bit7_precision16_5_DW_lzd_J7_9'
  Processing 'gradient_unit_BLOCK_SIZE16_exponent_bit8_mantissa_bit7_precision16_5_DW_fp_mult_J7_5'
  Processing 'gradient_unit_BLOCK_SIZE16_exponent_bit8_mantissa_bit7_precision16_5_DW_lzd_J7_10'
  Processing 'gradient_unit_BLOCK_SIZE16_exponent_bit8_mantissa_bit7_precision16_5_DW_lzd_J7_11'
  Processing 'gradient_unit_BLOCK_SIZE16_exponent_bit8_mantissa_bit7_precision16_5_DW_fp_mult_J7_6'
  Processing 'gradient_unit_BLOCK_SIZE16_exponent_bit8_mantissa_bit7_precision16_5_DW_lzd_J7_12'
  Processing 'gradient_unit_BLOCK_SIZE16_exponent_bit8_mantissa_bit7_precision16_5_DW_lzd_J7_13'
  Processing 'gradient_unit_BLOCK_SIZE16_exponent_bit8_mantissa_bit7_precision16_5_DW_fp_mult_J7_7'
  Processing 'gradient_unit_BLOCK_SIZE16_exponent_bit8_mantissa_bit7_precision16_5_DW_lzd_J7_14'
  Processing 'gradient_unit_BLOCK_SIZE16_exponent_bit8_mantissa_bit7_precision16_5_DW_lzd_J7_15'
  Processing 'gradient_unit_BLOCK_SIZE16_exponent_bit8_mantissa_bit7_precision16_5_DW_fp_addsub_J7_0'
  Processing 'gradient_unit_BLOCK_SIZE16_exponent_bit8_mantissa_bit7_precision16_5_DW_lzd_J7_16'
  Processing 'gradient_unit_BLOCK_SIZE16_exponent_bit8_mantissa_bit7_precision16_5_DW_fp_mult_J7_8'
  Processing 'gradient_unit_BLOCK_SIZE16_exponent_bit8_mantissa_bit7_precision16_5_DW_lzd_J7_17'
  Processing 'gradient_unit_BLOCK_SIZE16_exponent_bit8_mantissa_bit7_precision16_5_DW_lzd_J7_18'
  Processing 'gradient_unit_BLOCK_SIZE16_exponent_bit8_mantissa_bit7_precision16_5_DW_fp_mult_J7_9'
  Processing 'gradient_unit_BLOCK_SIZE16_exponent_bit8_mantissa_bit7_precision16_5_DW_lzd_J7_19'
  Processing 'gradient_unit_BLOCK_SIZE16_exponent_bit8_mantissa_bit7_precision16_5_DW_lzd_J7_20'
  Processing 'gradient_unit_BLOCK_SIZE16_exponent_bit8_mantissa_bit7_precision16_5_DW_fp_mult_J7_10'
  Processing 'gradient_unit_BLOCK_SIZE16_exponent_bit8_mantissa_bit7_precision16_5_DW_lzd_J7_21'
  Processing 'gradient_unit_BLOCK_SIZE16_exponent_bit8_mantissa_bit7_precision16_5_DW_lzd_J7_22'
  Processing 'gradient_unit_BLOCK_SIZE16_exponent_bit8_mantissa_bit7_precision16_5_DW_fp_mult_J7_11'
  Processing 'gradient_unit_BLOCK_SIZE16_exponent_bit8_mantissa_bit7_precision16_5_DW_lzd_J7_23'
  Processing 'gradient_unit_BLOCK_SIZE16_exponent_bit8_mantissa_bit7_precision16_5_DW_lzd_J7_24'
  Processing 'gradient_unit_BLOCK_SIZE16_exponent_bit8_mantissa_bit7_precision16_5_DW_fp_dp2_J7_0'
  Processing 'gradient_unit_BLOCK_SIZE16_exponent_bit8_mantissa_bit7_precision16_5_DW_lzd_J7_25'
  Processing 'gradient_unit_BLOCK_SIZE16_exponent_bit8_mantissa_bit7_precision16_5_DW_fp_dp2_J7_1'
  Processing 'gradient_unit_BLOCK_SIZE16_exponent_bit8_mantissa_bit7_precision16_5_DW_lzd_J7_26'
  Processing 'gradient_unit_BLOCK_SIZE16_exponent_bit8_mantissa_bit7_precision16_5_DW_fp_mult_J7_12'
  Processing 'gradient_unit_BLOCK_SIZE16_exponent_bit8_mantissa_bit7_precision16_5_DW_lzd_J7_27'
  Processing 'gradient_unit_BLOCK_SIZE16_exponent_bit8_mantissa_bit7_precision16_5_DW_lzd_J7_28'
  Processing 'gradient_unit_BLOCK_SIZE16_exponent_bit8_mantissa_bit7_precision16_5_DW_fp_mult_J7_13'
  Processing 'gradient_unit_BLOCK_SIZE16_exponent_bit8_mantissa_bit7_precision16_5_DW_lzd_J7_29'
  Processing 'gradient_unit_BLOCK_SIZE16_exponent_bit8_mantissa_bit7_precision16_5_DW_lzd_J7_30'
  Processing 'gradient_unit_BLOCK_SIZE16_exponent_bit8_mantissa_bit7_precision16_5_DW_fp_addsub_J7_1'
  Processing 'gradient_unit_BLOCK_SIZE16_exponent_bit8_mantissa_bit7_precision16_5_DW_lzd_J7_31'
  Processing 'gradient_unit_BLOCK_SIZE16_exponent_bit8_mantissa_bit7_precision16_5_DW_fp_addsub_J7_2'
  Processing 'gradient_unit_BLOCK_SIZE16_exponent_bit8_mantissa_bit7_precision16_5_DW_lzd_J7_32'
  Processing 'gradient_unit_BLOCK_SIZE16_exponent_bit8_mantissa_bit7_precision16_5_DW_fp_addsub_J7_3'
  Processing 'gradient_unit_BLOCK_SIZE16_exponent_bit8_mantissa_bit7_precision16_5_DW_lzd_J7_33'
  Processing 'gradient_unit_BLOCK_SIZE16_exponent_bit8_mantissa_bit7_precision16_5_DW_fp_addsub_J7_4'
  Processing 'gradient_unit_BLOCK_SIZE16_exponent_bit8_mantissa_bit7_precision16_5_DW_lzd_J7_34'
  Processing 'gradient_unit_BLOCK_SIZE16_exponent_bit8_mantissa_bit7_precision16_5_DW_fp_mult_J7_14'
  Processing 'gradient_unit_BLOCK_SIZE16_exponent_bit8_mantissa_bit7_precision16_5_DW_lzd_J7_35'
  Processing 'gradient_unit_BLOCK_SIZE16_exponent_bit8_mantissa_bit7_precision16_5_DW_lzd_J7_36'
  Processing 'gradient_unit_BLOCK_SIZE16_exponent_bit8_mantissa_bit7_precision16_5_DW_fp_mult_J7_15'
  Processing 'gradient_unit_BLOCK_SIZE16_exponent_bit8_mantissa_bit7_precision16_5_DW_lzd_J7_37'
  Processing 'gradient_unit_BLOCK_SIZE16_exponent_bit8_mantissa_bit7_precision16_5_DW_lzd_J7_38'
  Processing 'gradient_unit_BLOCK_SIZE16_exponent_bit8_mantissa_bit7_precision16_5_DW_fp_mult_J7_16'
  Processing 'gradient_unit_BLOCK_SIZE16_exponent_bit8_mantissa_bit7_precision16_5_DW_lzd_J7_39'
  Processing 'gradient_unit_BLOCK_SIZE16_exponent_bit8_mantissa_bit7_precision16_5_DW_lzd_J7_40'
  Processing 'gradient_unit_BLOCK_SIZE16_exponent_bit8_mantissa_bit7_precision16_5_DW_fp_mult_J7_17'
  Processing 'gradient_unit_BLOCK_SIZE16_exponent_bit8_mantissa_bit7_precision16_5_DW_lzd_J7_41'
  Processing 'gradient_unit_BLOCK_SIZE16_exponent_bit8_mantissa_bit7_precision16_5_DW_lzd_J7_42'
  Processing 'gradient_unit_BLOCK_SIZE16_exponent_bit8_mantissa_bit7_precision16_5_DW_fp_dp2_J7_2'
  Processing 'gradient_unit_BLOCK_SIZE16_exponent_bit8_mantissa_bit7_precision16_5_DW_lzd_J7_43'
  Processing 'gradient_unit_BLOCK_SIZE16_exponent_bit8_mantissa_bit7_precision16_5_DW_fp_dp2_J7_3'
  Processing 'gradient_unit_BLOCK_SIZE16_exponent_bit8_mantissa_bit7_precision16_5_DW_lzd_J7_44'
  Processing 'gradient_unit_BLOCK_SIZE16_exponent_bit8_mantissa_bit7_precision16_5_DW_fp_dp2_J7_4'
  Processing 'gradient_unit_BLOCK_SIZE16_exponent_bit8_mantissa_bit7_precision16_5_DW_lzd_J7_45'
  Processing 'gradient_unit_BLOCK_SIZE16_exponent_bit8_mantissa_bit7_precision16_5_DW_fp_dp2_J7_5'
  Processing 'gradient_unit_BLOCK_SIZE16_exponent_bit8_mantissa_bit7_precision16_5_DW_lzd_J7_46'
  Processing 'gradient_unit_BLOCK_SIZE16_exponent_bit8_mantissa_bit7_precision16_5_DW_fp_dp2_J7_6'
  Processing 'gradient_unit_BLOCK_SIZE16_exponent_bit8_mantissa_bit7_precision16_5_DW_lzd_J7_47'
  Processing 'gradient_unit_BLOCK_SIZE16_exponent_bit8_mantissa_bit7_precision16_5_DW_fp_dp2_J7_7'
  Processing 'gradient_unit_BLOCK_SIZE16_exponent_bit8_mantissa_bit7_precision16_5_DW_lzd_J7_48'
  Processing 'gradient_unit_BLOCK_SIZE16_exponent_bit8_mantissa_bit7_precision16_5_DW_fp_div_J7_0'
  Processing 'gradient_unit_BLOCK_SIZE16_exponent_bit8_mantissa_bit7_precision16_5_DW_div_J7_0'
  Processing 'gradient_unit_BLOCK_SIZE16_exponent_bit8_mantissa_bit7_precision16_5_DW_fp_addsub_J7_5'
  Processing 'gradient_unit_BLOCK_SIZE16_exponent_bit8_mantissa_bit7_precision16_5_DW_lzd_J7_49'
  Processing 'gradient_unit_BLOCK_SIZE16_exponent_bit8_mantissa_bit7_precision16_5_DW_fp_i2flt_J7_0'
  Processing 'gradient_unit_BLOCK_SIZE16_exponent_bit8_mantissa_bit7_precision16_5_DW_fp_i2flt_J7_1'
  Processing 'gradient_unit_BLOCK_SIZE16_exponent_bit8_mantissa_bit7_precision16_5_DW_fp_mult_J7_18'
  Processing 'gradient_unit_BLOCK_SIZE16_exponent_bit8_mantissa_bit7_precision16_5_DW_lzd_J7_50_DW_lzd_J7_52'
  Processing 'gradient_unit_BLOCK_SIZE16_exponent_bit8_mantissa_bit7_precision16_5_DW_lzd_J7_51_DW_lzd_J7_53'
  Processing 'gradient_unit_BLOCK_SIZE16_exponent_bit8_mantissa_bit7_precision16_5_DW_fp_mult_J7_19'
  Processing 'gradient_unit_BLOCK_SIZE16_exponent_bit8_mantissa_bit7_precision16_5_DW_lzd_J7_52_DW_lzd_J7_54'
  Processing 'gradient_unit_BLOCK_SIZE16_exponent_bit8_mantissa_bit7_precision16_5_DW_lzd_J7_53_DW_lzd_J7_55'
  Processing 'gradient_unit_BLOCK_SIZE16_exponent_bit8_mantissa_bit7_precision16_5_DW_fp_addsub_J7_6'
  Processing 'gradient_unit_BLOCK_SIZE16_exponent_bit8_mantissa_bit7_precision16_5_DW_lzd_J7_54_DW_lzd_J7_56'
  Processing 'gradient_unit_BLOCK_SIZE16_exponent_bit8_mantissa_bit7_precision16_6'
Information: Added key list 'DesignWare' to design 'gradient_unit_BLOCK_SIZE16_exponent_bit8_mantissa_bit7_precision16_6'. (DDB-72)
Information: The register 'One1_reg[15]' is a constant and will be removed. (OPT-1206)
Information: The register 'One1_reg[14]' is a constant and will be removed. (OPT-1206)
Information: The register 'One1_reg[13]' is a constant and will be removed. (OPT-1206)
Information: The register 'One1_reg[12]' is a constant and will be removed. (OPT-1206)
Information: The register 'One1_reg[11]' is a constant and will be removed. (OPT-1206)
Information: The register 'One1_reg[10]' is a constant and will be removed. (OPT-1206)
Information: The register 'One1_reg[9]' is a constant and will be removed. (OPT-1206)
Information: The register 'One1_reg[8]' is a constant and will be removed. (OPT-1206)
Information: The register 'One1_reg[7]' is a constant and will be removed. (OPT-1206)
Information: The register 'One1_reg[6]' is a constant and will be removed. (OPT-1206)
Information: The register 'One1_reg[5]' is a constant and will be removed. (OPT-1206)
Information: The register 'One1_reg[4]' is a constant and will be removed. (OPT-1206)
Information: The register 'One1_reg[3]' is a constant and will be removed. (OPT-1206)
Information: The register 'One1_reg[2]' is a constant and will be removed. (OPT-1206)
Information: The register 'One1_reg[1]' is a constant and will be removed. (OPT-1206)
Information: The register 'One1_reg[0]' is a constant and will be removed. (OPT-1206)
Information: The register 'One0_reg[15]' is a constant and will be removed. (OPT-1206)
Information: The register 'One0_reg[14]' is a constant and will be removed. (OPT-1206)
Information: The register 'One0_reg[13]' is a constant and will be removed. (OPT-1206)
Information: The register 'One0_reg[12]' is a constant and will be removed. (OPT-1206)
Information: The register 'One0_reg[11]' is a constant and will be removed. (OPT-1206)
Information: The register 'One0_reg[10]' is a constant and will be removed. (OPT-1206)
Information: The register 'One0_reg[9]' is a constant and will be removed. (OPT-1206)
Information: The register 'One0_reg[8]' is a constant and will be removed. (OPT-1206)
Information: The register 'One0_reg[7]' is a constant and will be removed. (OPT-1206)
Information: The register 'One0_reg[6]' is a constant and will be removed. (OPT-1206)
Information: The register 'One0_reg[5]' is a constant and will be removed. (OPT-1206)
Information: The register 'One0_reg[4]' is a constant and will be removed. (OPT-1206)
Information: The register 'One0_reg[3]' is a constant and will be removed. (OPT-1206)
Information: The register 'One0_reg[2]' is a constant and will be removed. (OPT-1206)
Information: The register 'One0_reg[1]' is a constant and will be removed. (OPT-1206)
Information: The register 'dL_dconic_reg[31]' is a constant and will be removed. (OPT-1206)
Information: The register 'dL_dconic_reg[30]' is a constant and will be removed. (OPT-1206)
Information: The register 'dL_dconic_reg[29]' is a constant and will be removed. (OPT-1206)
Information: The register 'dL_dconic_reg[28]' is a constant and will be removed. (OPT-1206)
Information: The register 'dL_dconic_reg[27]' is a constant and will be removed. (OPT-1206)
Information: The register 'dL_dconic_reg[26]' is a constant and will be removed. (OPT-1206)
Information: The register 'dL_dconic_reg[25]' is a constant and will be removed. (OPT-1206)
Information: The register 'dL_dconic_reg[24]' is a constant and will be removed. (OPT-1206)
Information: The register 'dL_dconic_reg[23]' is a constant and will be removed. (OPT-1206)
Information: The register 'dL_dconic_reg[22]' is a constant and will be removed. (OPT-1206)
Information: The register 'dL_dconic_reg[21]' is a constant and will be removed. (OPT-1206)
Information: The register 'dL_dconic_reg[20]' is a constant and will be removed. (OPT-1206)
Information: The register 'dL_dconic_reg[19]' is a constant and will be removed. (OPT-1206)
Information: The register 'dL_dconic_reg[18]' is a constant and will be removed. (OPT-1206)
Information: The register 'dL_dconic_reg[17]' is a constant and will be removed. (OPT-1206)
Information: The register 'dL_dconic_reg[16]' is a constant and will be removed. (OPT-1206)
Information: The register 'One0_reg[0]' is a constant and will be removed. (OPT-1206)
Information: The register 'H0_reg[11]' is a constant and will be removed. (OPT-1206)
Information: The register 'W0_reg[11]' is a constant and will be removed. (OPT-1206)
 Implement Synthetic for 'gradient_unit_BLOCK_SIZE16_exponent_bit8_mantissa_bit7_precision16_6'.
  Processing 'gradient_unit_BLOCK_SIZE16_exponent_bit8_mantissa_bit7_precision16_6_DW_fp_mult_J8_0'
  Processing 'gradient_unit_BLOCK_SIZE16_exponent_bit8_mantissa_bit7_precision16_6_DW_lzd_J8_0'
  Processing 'gradient_unit_BLOCK_SIZE16_exponent_bit8_mantissa_bit7_precision16_6_DW_lzd_J8_1'
  Processing 'gradient_unit_BLOCK_SIZE16_exponent_bit8_mantissa_bit7_precision16_6_DW_fp_mult_J8_1'
  Processing 'gradient_unit_BLOCK_SIZE16_exponent_bit8_mantissa_bit7_precision16_6_DW_lzd_J8_2'
  Processing 'gradient_unit_BLOCK_SIZE16_exponent_bit8_mantissa_bit7_precision16_6_DW_lzd_J8_3'
  Processing 'gradient_unit_BLOCK_SIZE16_exponent_bit8_mantissa_bit7_precision16_6_DW_fp_mult_J8_2'
  Processing 'gradient_unit_BLOCK_SIZE16_exponent_bit8_mantissa_bit7_precision16_6_DW_lzd_J8_4'
  Processing 'gradient_unit_BLOCK_SIZE16_exponent_bit8_mantissa_bit7_precision16_6_DW_lzd_J8_5'
  Processing 'gradient_unit_BLOCK_SIZE16_exponent_bit8_mantissa_bit7_precision16_6_DW_fp_mult_J8_3'
  Processing 'gradient_unit_BLOCK_SIZE16_exponent_bit8_mantissa_bit7_precision16_6_DW_lzd_J8_6'
  Processing 'gradient_unit_BLOCK_SIZE16_exponent_bit8_mantissa_bit7_precision16_6_DW_lzd_J8_7'
  Processing 'gradient_unit_BLOCK_SIZE16_exponent_bit8_mantissa_bit7_precision16_6_DW_fp_mult_J8_4'
  Processing 'gradient_unit_BLOCK_SIZE16_exponent_bit8_mantissa_bit7_precision16_6_DW_lzd_J8_8'
  Processing 'gradient_unit_BLOCK_SIZE16_exponent_bit8_mantissa_bit7_precision16_6_DW_lzd_J8_9'
  Processing 'gradient_unit_BLOCK_SIZE16_exponent_bit8_mantissa_bit7_precision16_6_DW_fp_mult_J8_5'
  Processing 'gradient_unit_BLOCK_SIZE16_exponent_bit8_mantissa_bit7_precision16_6_DW_lzd_J8_10'
  Processing 'gradient_unit_BLOCK_SIZE16_exponent_bit8_mantissa_bit7_precision16_6_DW_lzd_J8_11'
  Processing 'gradient_unit_BLOCK_SIZE16_exponent_bit8_mantissa_bit7_precision16_6_DW_fp_mult_J8_6'
  Processing 'gradient_unit_BLOCK_SIZE16_exponent_bit8_mantissa_bit7_precision16_6_DW_lzd_J8_12'
  Processing 'gradient_unit_BLOCK_SIZE16_exponent_bit8_mantissa_bit7_precision16_6_DW_lzd_J8_13'
  Processing 'gradient_unit_BLOCK_SIZE16_exponent_bit8_mantissa_bit7_precision16_6_DW_fp_mult_J8_7'
  Processing 'gradient_unit_BLOCK_SIZE16_exponent_bit8_mantissa_bit7_precision16_6_DW_lzd_J8_14'
  Processing 'gradient_unit_BLOCK_SIZE16_exponent_bit8_mantissa_bit7_precision16_6_DW_lzd_J8_15'
  Processing 'gradient_unit_BLOCK_SIZE16_exponent_bit8_mantissa_bit7_precision16_6_DW_fp_addsub_J8_0'
  Processing 'gradient_unit_BLOCK_SIZE16_exponent_bit8_mantissa_bit7_precision16_6_DW_lzd_J8_16'
  Processing 'gradient_unit_BLOCK_SIZE16_exponent_bit8_mantissa_bit7_precision16_6_DW_fp_mult_J8_8'
  Processing 'gradient_unit_BLOCK_SIZE16_exponent_bit8_mantissa_bit7_precision16_6_DW_lzd_J8_17'
  Processing 'gradient_unit_BLOCK_SIZE16_exponent_bit8_mantissa_bit7_precision16_6_DW_lzd_J8_18'
  Processing 'gradient_unit_BLOCK_SIZE16_exponent_bit8_mantissa_bit7_precision16_6_DW_fp_mult_J8_9'
  Processing 'gradient_unit_BLOCK_SIZE16_exponent_bit8_mantissa_bit7_precision16_6_DW_lzd_J8_19'
  Processing 'gradient_unit_BLOCK_SIZE16_exponent_bit8_mantissa_bit7_precision16_6_DW_lzd_J8_20'
  Processing 'gradient_unit_BLOCK_SIZE16_exponent_bit8_mantissa_bit7_precision16_6_DW_fp_mult_J8_10'
  Processing 'gradient_unit_BLOCK_SIZE16_exponent_bit8_mantissa_bit7_precision16_6_DW_lzd_J8_21'
  Processing 'gradient_unit_BLOCK_SIZE16_exponent_bit8_mantissa_bit7_precision16_6_DW_lzd_J8_22'
  Processing 'gradient_unit_BLOCK_SIZE16_exponent_bit8_mantissa_bit7_precision16_6_DW_fp_mult_J8_11'
  Processing 'gradient_unit_BLOCK_SIZE16_exponent_bit8_mantissa_bit7_precision16_6_DW_lzd_J8_23'
  Processing 'gradient_unit_BLOCK_SIZE16_exponent_bit8_mantissa_bit7_precision16_6_DW_lzd_J8_24'
  Processing 'gradient_unit_BLOCK_SIZE16_exponent_bit8_mantissa_bit7_precision16_6_DW_fp_dp2_J8_0'
  Processing 'gradient_unit_BLOCK_SIZE16_exponent_bit8_mantissa_bit7_precision16_6_DW_lzd_J8_25'
  Processing 'gradient_unit_BLOCK_SIZE16_exponent_bit8_mantissa_bit7_precision16_6_DW_fp_dp2_J8_1'
  Processing 'gradient_unit_BLOCK_SIZE16_exponent_bit8_mantissa_bit7_precision16_6_DW_lzd_J8_26'
  Processing 'gradient_unit_BLOCK_SIZE16_exponent_bit8_mantissa_bit7_precision16_6_DW_fp_mult_J8_12'
  Processing 'gradient_unit_BLOCK_SIZE16_exponent_bit8_mantissa_bit7_precision16_6_DW_lzd_J8_27'
  Processing 'gradient_unit_BLOCK_SIZE16_exponent_bit8_mantissa_bit7_precision16_6_DW_lzd_J8_28'
  Processing 'gradient_unit_BLOCK_SIZE16_exponent_bit8_mantissa_bit7_precision16_6_DW_fp_mult_J8_13'
  Processing 'gradient_unit_BLOCK_SIZE16_exponent_bit8_mantissa_bit7_precision16_6_DW_lzd_J8_29'
  Processing 'gradient_unit_BLOCK_SIZE16_exponent_bit8_mantissa_bit7_precision16_6_DW_lzd_J8_30'
  Processing 'gradient_unit_BLOCK_SIZE16_exponent_bit8_mantissa_bit7_precision16_6_DW_fp_addsub_J8_1'
  Processing 'gradient_unit_BLOCK_SIZE16_exponent_bit8_mantissa_bit7_precision16_6_DW_lzd_J8_31'
  Processing 'gradient_unit_BLOCK_SIZE16_exponent_bit8_mantissa_bit7_precision16_6_DW_fp_addsub_J8_2'
  Processing 'gradient_unit_BLOCK_SIZE16_exponent_bit8_mantissa_bit7_precision16_6_DW_lzd_J8_32'
  Processing 'gradient_unit_BLOCK_SIZE16_exponent_bit8_mantissa_bit7_precision16_6_DW_fp_addsub_J8_3'
  Processing 'gradient_unit_BLOCK_SIZE16_exponent_bit8_mantissa_bit7_precision16_6_DW_lzd_J8_33'
  Processing 'gradient_unit_BLOCK_SIZE16_exponent_bit8_mantissa_bit7_precision16_6_DW_fp_addsub_J8_4'
  Processing 'gradient_unit_BLOCK_SIZE16_exponent_bit8_mantissa_bit7_precision16_6_DW_lzd_J8_34'
  Processing 'gradient_unit_BLOCK_SIZE16_exponent_bit8_mantissa_bit7_precision16_6_DW_fp_mult_J8_14'
  Processing 'gradient_unit_BLOCK_SIZE16_exponent_bit8_mantissa_bit7_precision16_6_DW_lzd_J8_35'
  Processing 'gradient_unit_BLOCK_SIZE16_exponent_bit8_mantissa_bit7_precision16_6_DW_lzd_J8_36'
  Processing 'gradient_unit_BLOCK_SIZE16_exponent_bit8_mantissa_bit7_precision16_6_DW_fp_mult_J8_15'
  Processing 'gradient_unit_BLOCK_SIZE16_exponent_bit8_mantissa_bit7_precision16_6_DW_lzd_J8_37'
  Processing 'gradient_unit_BLOCK_SIZE16_exponent_bit8_mantissa_bit7_precision16_6_DW_lzd_J8_38'
  Processing 'gradient_unit_BLOCK_SIZE16_exponent_bit8_mantissa_bit7_precision16_6_DW_fp_mult_J8_16'
  Processing 'gradient_unit_BLOCK_SIZE16_exponent_bit8_mantissa_bit7_precision16_6_DW_lzd_J8_39'
  Processing 'gradient_unit_BLOCK_SIZE16_exponent_bit8_mantissa_bit7_precision16_6_DW_lzd_J8_40'
  Processing 'gradient_unit_BLOCK_SIZE16_exponent_bit8_mantissa_bit7_precision16_6_DW_fp_mult_J8_17'
  Processing 'gradient_unit_BLOCK_SIZE16_exponent_bit8_mantissa_bit7_precision16_6_DW_lzd_J8_41'
  Processing 'gradient_unit_BLOCK_SIZE16_exponent_bit8_mantissa_bit7_precision16_6_DW_lzd_J8_42'
  Processing 'gradient_unit_BLOCK_SIZE16_exponent_bit8_mantissa_bit7_precision16_6_DW_fp_dp2_J8_2'
  Processing 'gradient_unit_BLOCK_SIZE16_exponent_bit8_mantissa_bit7_precision16_6_DW_lzd_J8_43'
  Processing 'gradient_unit_BLOCK_SIZE16_exponent_bit8_mantissa_bit7_precision16_6_DW_fp_dp2_J8_3'
  Processing 'gradient_unit_BLOCK_SIZE16_exponent_bit8_mantissa_bit7_precision16_6_DW_lzd_J8_44'
  Processing 'gradient_unit_BLOCK_SIZE16_exponent_bit8_mantissa_bit7_precision16_6_DW_fp_dp2_J8_4'
  Processing 'gradient_unit_BLOCK_SIZE16_exponent_bit8_mantissa_bit7_precision16_6_DW_lzd_J8_45'
  Processing 'gradient_unit_BLOCK_SIZE16_exponent_bit8_mantissa_bit7_precision16_6_DW_fp_dp2_J8_5'
  Processing 'gradient_unit_BLOCK_SIZE16_exponent_bit8_mantissa_bit7_precision16_6_DW_lzd_J8_46'
  Processing 'gradient_unit_BLOCK_SIZE16_exponent_bit8_mantissa_bit7_precision16_6_DW_fp_dp2_J8_6'
  Processing 'gradient_unit_BLOCK_SIZE16_exponent_bit8_mantissa_bit7_precision16_6_DW_lzd_J8_47'
  Processing 'gradient_unit_BLOCK_SIZE16_exponent_bit8_mantissa_bit7_precision16_6_DW_fp_dp2_J8_7'
  Processing 'gradient_unit_BLOCK_SIZE16_exponent_bit8_mantissa_bit7_precision16_6_DW_lzd_J8_48'
  Processing 'gradient_unit_BLOCK_SIZE16_exponent_bit8_mantissa_bit7_precision16_6_DW_fp_div_J8_0'
  Processing 'gradient_unit_BLOCK_SIZE16_exponent_bit8_mantissa_bit7_precision16_6_DW_div_J8_0'
  Processing 'gradient_unit_BLOCK_SIZE16_exponent_bit8_mantissa_bit7_precision16_6_DW_fp_addsub_J8_5'
  Processing 'gradient_unit_BLOCK_SIZE16_exponent_bit8_mantissa_bit7_precision16_6_DW_lzd_J8_49'
  Processing 'gradient_unit_BLOCK_SIZE16_exponent_bit8_mantissa_bit7_precision16_6_DW_fp_i2flt_J8_0'
  Processing 'gradient_unit_BLOCK_SIZE16_exponent_bit8_mantissa_bit7_precision16_6_DW_fp_i2flt_J8_1'
  Processing 'gradient_unit_BLOCK_SIZE16_exponent_bit8_mantissa_bit7_precision16_6_DW_fp_mult_J8_18'
  Processing 'gradient_unit_BLOCK_SIZE16_exponent_bit8_mantissa_bit7_precision16_6_DW_lzd_J8_50_DW_lzd_J8_52'
  Processing 'gradient_unit_BLOCK_SIZE16_exponent_bit8_mantissa_bit7_precision16_6_DW_lzd_J8_51_DW_lzd_J8_53'
  Processing 'gradient_unit_BLOCK_SIZE16_exponent_bit8_mantissa_bit7_precision16_6_DW_fp_mult_J8_19'
  Processing 'gradient_unit_BLOCK_SIZE16_exponent_bit8_mantissa_bit7_precision16_6_DW_lzd_J8_52_DW_lzd_J8_54'
  Processing 'gradient_unit_BLOCK_SIZE16_exponent_bit8_mantissa_bit7_precision16_6_DW_lzd_J8_53_DW_lzd_J8_55'
  Processing 'gradient_unit_BLOCK_SIZE16_exponent_bit8_mantissa_bit7_precision16_6_DW_fp_addsub_J8_6'
  Processing 'gradient_unit_BLOCK_SIZE16_exponent_bit8_mantissa_bit7_precision16_6_DW_lzd_J8_54_DW_lzd_J8_56'
  Processing 'gradient_unit_BLOCK_SIZE16_exponent_bit8_mantissa_bit7_precision16_7'
Information: Added key list 'DesignWare' to design 'gradient_unit_BLOCK_SIZE16_exponent_bit8_mantissa_bit7_precision16_7'. (DDB-72)
Information: The register 'One1_reg[15]' is a constant and will be removed. (OPT-1206)
Information: The register 'One1_reg[14]' is a constant and will be removed. (OPT-1206)
Information: The register 'One1_reg[13]' is a constant and will be removed. (OPT-1206)
Information: The register 'One1_reg[12]' is a constant and will be removed. (OPT-1206)
Information: The register 'One1_reg[11]' is a constant and will be removed. (OPT-1206)
Information: The register 'One1_reg[10]' is a constant and will be removed. (OPT-1206)
Information: The register 'One1_reg[9]' is a constant and will be removed. (OPT-1206)
Information: The register 'One1_reg[8]' is a constant and will be removed. (OPT-1206)
Information: The register 'One1_reg[7]' is a constant and will be removed. (OPT-1206)
Information: The register 'One1_reg[6]' is a constant and will be removed. (OPT-1206)
Information: The register 'One1_reg[5]' is a constant and will be removed. (OPT-1206)
Information: The register 'One1_reg[4]' is a constant and will be removed. (OPT-1206)
Information: The register 'One1_reg[3]' is a constant and will be removed. (OPT-1206)
Information: The register 'One1_reg[2]' is a constant and will be removed. (OPT-1206)
Information: The register 'One1_reg[1]' is a constant and will be removed. (OPT-1206)
Information: The register 'One1_reg[0]' is a constant and will be removed. (OPT-1206)
Information: The register 'One0_reg[15]' is a constant and will be removed. (OPT-1206)
Information: The register 'One0_reg[14]' is a constant and will be removed. (OPT-1206)
Information: The register 'One0_reg[13]' is a constant and will be removed. (OPT-1206)
Information: The register 'One0_reg[12]' is a constant and will be removed. (OPT-1206)
Information: The register 'One0_reg[11]' is a constant and will be removed. (OPT-1206)
Information: The register 'One0_reg[10]' is a constant and will be removed. (OPT-1206)
Information: The register 'One0_reg[9]' is a constant and will be removed. (OPT-1206)
Information: The register 'One0_reg[8]' is a constant and will be removed. (OPT-1206)
Information: The register 'One0_reg[7]' is a constant and will be removed. (OPT-1206)
Information: The register 'One0_reg[6]' is a constant and will be removed. (OPT-1206)
Information: The register 'One0_reg[5]' is a constant and will be removed. (OPT-1206)
Information: The register 'One0_reg[4]' is a constant and will be removed. (OPT-1206)
Information: The register 'One0_reg[3]' is a constant and will be removed. (OPT-1206)
Information: The register 'One0_reg[2]' is a constant and will be removed. (OPT-1206)
Information: The register 'One0_reg[1]' is a constant and will be removed. (OPT-1206)
Information: The register 'dL_dconic_reg[31]' is a constant and will be removed. (OPT-1206)
Information: The register 'dL_dconic_reg[30]' is a constant and will be removed. (OPT-1206)
Information: The register 'dL_dconic_reg[29]' is a constant and will be removed. (OPT-1206)
Information: The register 'dL_dconic_reg[28]' is a constant and will be removed. (OPT-1206)
Information: The register 'dL_dconic_reg[27]' is a constant and will be removed. (OPT-1206)
Information: The register 'dL_dconic_reg[26]' is a constant and will be removed. (OPT-1206)
Information: The register 'dL_dconic_reg[25]' is a constant and will be removed. (OPT-1206)
Information: The register 'dL_dconic_reg[24]' is a constant and will be removed. (OPT-1206)
Information: The register 'dL_dconic_reg[23]' is a constant and will be removed. (OPT-1206)
Information: The register 'dL_dconic_reg[22]' is a constant and will be removed. (OPT-1206)
Information: The register 'dL_dconic_reg[21]' is a constant and will be removed. (OPT-1206)
Information: The register 'dL_dconic_reg[20]' is a constant and will be removed. (OPT-1206)
Information: The register 'dL_dconic_reg[19]' is a constant and will be removed. (OPT-1206)
Information: The register 'dL_dconic_reg[18]' is a constant and will be removed. (OPT-1206)
Information: The register 'dL_dconic_reg[17]' is a constant and will be removed. (OPT-1206)
Information: The register 'dL_dconic_reg[16]' is a constant and will be removed. (OPT-1206)
Information: The register 'One0_reg[0]' is a constant and will be removed. (OPT-1206)
Information: The register 'H0_reg[11]' is a constant and will be removed. (OPT-1206)
Information: The register 'W0_reg[11]' is a constant and will be removed. (OPT-1206)
 Implement Synthetic for 'gradient_unit_BLOCK_SIZE16_exponent_bit8_mantissa_bit7_precision16_7'.
  Processing 'gradient_unit_BLOCK_SIZE16_exponent_bit8_mantissa_bit7_precision16_7_DW_fp_mult_J9_0'
  Processing 'gradient_unit_BLOCK_SIZE16_exponent_bit8_mantissa_bit7_precision16_7_DW_lzd_J9_0'
  Processing 'gradient_unit_BLOCK_SIZE16_exponent_bit8_mantissa_bit7_precision16_7_DW_lzd_J9_1'
  Processing 'gradient_unit_BLOCK_SIZE16_exponent_bit8_mantissa_bit7_precision16_7_DW_fp_mult_J9_1'
  Processing 'gradient_unit_BLOCK_SIZE16_exponent_bit8_mantissa_bit7_precision16_7_DW_lzd_J9_2'
  Processing 'gradient_unit_BLOCK_SIZE16_exponent_bit8_mantissa_bit7_precision16_7_DW_lzd_J9_3'
  Processing 'gradient_unit_BLOCK_SIZE16_exponent_bit8_mantissa_bit7_precision16_7_DW_fp_mult_J9_2'
  Processing 'gradient_unit_BLOCK_SIZE16_exponent_bit8_mantissa_bit7_precision16_7_DW_lzd_J9_4'
  Processing 'gradient_unit_BLOCK_SIZE16_exponent_bit8_mantissa_bit7_precision16_7_DW_lzd_J9_5'
  Processing 'gradient_unit_BLOCK_SIZE16_exponent_bit8_mantissa_bit7_precision16_7_DW_fp_mult_J9_3'
  Processing 'gradient_unit_BLOCK_SIZE16_exponent_bit8_mantissa_bit7_precision16_7_DW_lzd_J9_6'
  Processing 'gradient_unit_BLOCK_SIZE16_exponent_bit8_mantissa_bit7_precision16_7_DW_lzd_J9_7'
  Processing 'gradient_unit_BLOCK_SIZE16_exponent_bit8_mantissa_bit7_precision16_7_DW_fp_mult_J9_4'
  Processing 'gradient_unit_BLOCK_SIZE16_exponent_bit8_mantissa_bit7_precision16_7_DW_lzd_J9_8'
  Processing 'gradient_unit_BLOCK_SIZE16_exponent_bit8_mantissa_bit7_precision16_7_DW_lzd_J9_9'
  Processing 'gradient_unit_BLOCK_SIZE16_exponent_bit8_mantissa_bit7_precision16_7_DW_fp_mult_J9_5'
  Processing 'gradient_unit_BLOCK_SIZE16_exponent_bit8_mantissa_bit7_precision16_7_DW_lzd_J9_10'
  Processing 'gradient_unit_BLOCK_SIZE16_exponent_bit8_mantissa_bit7_precision16_7_DW_lzd_J9_11'
  Processing 'gradient_unit_BLOCK_SIZE16_exponent_bit8_mantissa_bit7_precision16_7_DW_fp_mult_J9_6'
  Processing 'gradient_unit_BLOCK_SIZE16_exponent_bit8_mantissa_bit7_precision16_7_DW_lzd_J9_12'
  Processing 'gradient_unit_BLOCK_SIZE16_exponent_bit8_mantissa_bit7_precision16_7_DW_lzd_J9_13'
  Processing 'gradient_unit_BLOCK_SIZE16_exponent_bit8_mantissa_bit7_precision16_7_DW_fp_mult_J9_7'
  Processing 'gradient_unit_BLOCK_SIZE16_exponent_bit8_mantissa_bit7_precision16_7_DW_lzd_J9_14'
  Processing 'gradient_unit_BLOCK_SIZE16_exponent_bit8_mantissa_bit7_precision16_7_DW_lzd_J9_15'
  Processing 'gradient_unit_BLOCK_SIZE16_exponent_bit8_mantissa_bit7_precision16_7_DW_fp_addsub_J9_0'
  Processing 'gradient_unit_BLOCK_SIZE16_exponent_bit8_mantissa_bit7_precision16_7_DW_lzd_J9_16'
  Processing 'gradient_unit_BLOCK_SIZE16_exponent_bit8_mantissa_bit7_precision16_7_DW_fp_mult_J9_8'
  Processing 'gradient_unit_BLOCK_SIZE16_exponent_bit8_mantissa_bit7_precision16_7_DW_lzd_J9_17'
  Processing 'gradient_unit_BLOCK_SIZE16_exponent_bit8_mantissa_bit7_precision16_7_DW_lzd_J9_18'
  Processing 'gradient_unit_BLOCK_SIZE16_exponent_bit8_mantissa_bit7_precision16_7_DW_fp_mult_J9_9'
  Processing 'gradient_unit_BLOCK_SIZE16_exponent_bit8_mantissa_bit7_precision16_7_DW_lzd_J9_19'
  Processing 'gradient_unit_BLOCK_SIZE16_exponent_bit8_mantissa_bit7_precision16_7_DW_lzd_J9_20'
  Processing 'gradient_unit_BLOCK_SIZE16_exponent_bit8_mantissa_bit7_precision16_7_DW_fp_mult_J9_10'
  Processing 'gradient_unit_BLOCK_SIZE16_exponent_bit8_mantissa_bit7_precision16_7_DW_lzd_J9_21'
  Processing 'gradient_unit_BLOCK_SIZE16_exponent_bit8_mantissa_bit7_precision16_7_DW_lzd_J9_22'
  Processing 'gradient_unit_BLOCK_SIZE16_exponent_bit8_mantissa_bit7_precision16_7_DW_fp_mult_J9_11'
  Processing 'gradient_unit_BLOCK_SIZE16_exponent_bit8_mantissa_bit7_precision16_7_DW_lzd_J9_23'
  Processing 'gradient_unit_BLOCK_SIZE16_exponent_bit8_mantissa_bit7_precision16_7_DW_lzd_J9_24'
  Processing 'gradient_unit_BLOCK_SIZE16_exponent_bit8_mantissa_bit7_precision16_7_DW_fp_dp2_J9_0'
  Processing 'gradient_unit_BLOCK_SIZE16_exponent_bit8_mantissa_bit7_precision16_7_DW_lzd_J9_25'
  Processing 'gradient_unit_BLOCK_SIZE16_exponent_bit8_mantissa_bit7_precision16_7_DW_fp_dp2_J9_1'
  Processing 'gradient_unit_BLOCK_SIZE16_exponent_bit8_mantissa_bit7_precision16_7_DW_lzd_J9_26'
  Processing 'gradient_unit_BLOCK_SIZE16_exponent_bit8_mantissa_bit7_precision16_7_DW_fp_mult_J9_12'
  Processing 'gradient_unit_BLOCK_SIZE16_exponent_bit8_mantissa_bit7_precision16_7_DW_lzd_J9_27'
  Processing 'gradient_unit_BLOCK_SIZE16_exponent_bit8_mantissa_bit7_precision16_7_DW_lzd_J9_28'
  Processing 'gradient_unit_BLOCK_SIZE16_exponent_bit8_mantissa_bit7_precision16_7_DW_fp_mult_J9_13'
  Processing 'gradient_unit_BLOCK_SIZE16_exponent_bit8_mantissa_bit7_precision16_7_DW_lzd_J9_29'
  Processing 'gradient_unit_BLOCK_SIZE16_exponent_bit8_mantissa_bit7_precision16_7_DW_lzd_J9_30'
  Processing 'gradient_unit_BLOCK_SIZE16_exponent_bit8_mantissa_bit7_precision16_7_DW_fp_addsub_J9_1'
  Processing 'gradient_unit_BLOCK_SIZE16_exponent_bit8_mantissa_bit7_precision16_7_DW_lzd_J9_31'
  Processing 'gradient_unit_BLOCK_SIZE16_exponent_bit8_mantissa_bit7_precision16_7_DW_fp_addsub_J9_2'
  Processing 'gradient_unit_BLOCK_SIZE16_exponent_bit8_mantissa_bit7_precision16_7_DW_lzd_J9_32'
  Processing 'gradient_unit_BLOCK_SIZE16_exponent_bit8_mantissa_bit7_precision16_7_DW_fp_addsub_J9_3'
  Processing 'gradient_unit_BLOCK_SIZE16_exponent_bit8_mantissa_bit7_precision16_7_DW_lzd_J9_33'
  Processing 'gradient_unit_BLOCK_SIZE16_exponent_bit8_mantissa_bit7_precision16_7_DW_fp_addsub_J9_4'
  Processing 'gradient_unit_BLOCK_SIZE16_exponent_bit8_mantissa_bit7_precision16_7_DW_lzd_J9_34'
  Processing 'gradient_unit_BLOCK_SIZE16_exponent_bit8_mantissa_bit7_precision16_7_DW_fp_mult_J9_14'
  Processing 'gradient_unit_BLOCK_SIZE16_exponent_bit8_mantissa_bit7_precision16_7_DW_lzd_J9_35'
  Processing 'gradient_unit_BLOCK_SIZE16_exponent_bit8_mantissa_bit7_precision16_7_DW_lzd_J9_36'
  Processing 'gradient_unit_BLOCK_SIZE16_exponent_bit8_mantissa_bit7_precision16_7_DW_fp_mult_J9_15'
  Processing 'gradient_unit_BLOCK_SIZE16_exponent_bit8_mantissa_bit7_precision16_7_DW_lzd_J9_37'
  Processing 'gradient_unit_BLOCK_SIZE16_exponent_bit8_mantissa_bit7_precision16_7_DW_lzd_J9_38'
  Processing 'gradient_unit_BLOCK_SIZE16_exponent_bit8_mantissa_bit7_precision16_7_DW_fp_mult_J9_16'
  Processing 'gradient_unit_BLOCK_SIZE16_exponent_bit8_mantissa_bit7_precision16_7_DW_lzd_J9_39'
  Processing 'gradient_unit_BLOCK_SIZE16_exponent_bit8_mantissa_bit7_precision16_7_DW_lzd_J9_40'
  Processing 'gradient_unit_BLOCK_SIZE16_exponent_bit8_mantissa_bit7_precision16_7_DW_fp_mult_J9_17'
  Processing 'gradient_unit_BLOCK_SIZE16_exponent_bit8_mantissa_bit7_precision16_7_DW_lzd_J9_41'
  Processing 'gradient_unit_BLOCK_SIZE16_exponent_bit8_mantissa_bit7_precision16_7_DW_lzd_J9_42'
  Processing 'gradient_unit_BLOCK_SIZE16_exponent_bit8_mantissa_bit7_precision16_7_DW_fp_dp2_J9_2'
  Processing 'gradient_unit_BLOCK_SIZE16_exponent_bit8_mantissa_bit7_precision16_7_DW_lzd_J9_43'
  Processing 'gradient_unit_BLOCK_SIZE16_exponent_bit8_mantissa_bit7_precision16_7_DW_fp_dp2_J9_3'
  Processing 'gradient_unit_BLOCK_SIZE16_exponent_bit8_mantissa_bit7_precision16_7_DW_lzd_J9_44'
  Processing 'gradient_unit_BLOCK_SIZE16_exponent_bit8_mantissa_bit7_precision16_7_DW_fp_dp2_J9_4'
  Processing 'gradient_unit_BLOCK_SIZE16_exponent_bit8_mantissa_bit7_precision16_7_DW_lzd_J9_45'
  Processing 'gradient_unit_BLOCK_SIZE16_exponent_bit8_mantissa_bit7_precision16_7_DW_fp_dp2_J9_5'
  Processing 'gradient_unit_BLOCK_SIZE16_exponent_bit8_mantissa_bit7_precision16_7_DW_lzd_J9_46'
  Processing 'gradient_unit_BLOCK_SIZE16_exponent_bit8_mantissa_bit7_precision16_7_DW_fp_dp2_J9_6'
  Processing 'gradient_unit_BLOCK_SIZE16_exponent_bit8_mantissa_bit7_precision16_7_DW_lzd_J9_47'
  Processing 'gradient_unit_BLOCK_SIZE16_exponent_bit8_mantissa_bit7_precision16_7_DW_fp_dp2_J9_7'
  Processing 'gradient_unit_BLOCK_SIZE16_exponent_bit8_mantissa_bit7_precision16_7_DW_lzd_J9_48'
  Processing 'gradient_unit_BLOCK_SIZE16_exponent_bit8_mantissa_bit7_precision16_7_DW_fp_div_J9_0'
  Processing 'gradient_unit_BLOCK_SIZE16_exponent_bit8_mantissa_bit7_precision16_7_DW_div_J9_0'
  Processing 'gradient_unit_BLOCK_SIZE16_exponent_bit8_mantissa_bit7_precision16_7_DW_fp_addsub_J9_5'
  Processing 'gradient_unit_BLOCK_SIZE16_exponent_bit8_mantissa_bit7_precision16_7_DW_lzd_J9_49'
  Processing 'gradient_unit_BLOCK_SIZE16_exponent_bit8_mantissa_bit7_precision16_7_DW_fp_i2flt_J9_0'
  Processing 'gradient_unit_BLOCK_SIZE16_exponent_bit8_mantissa_bit7_precision16_7_DW_fp_i2flt_J9_1'
  Processing 'gradient_unit_BLOCK_SIZE16_exponent_bit8_mantissa_bit7_precision16_7_DW_fp_mult_J9_18'
  Processing 'gradient_unit_BLOCK_SIZE16_exponent_bit8_mantissa_bit7_precision16_7_DW_lzd_J9_50_DW_lzd_J9_52'
  Processing 'gradient_unit_BLOCK_SIZE16_exponent_bit8_mantissa_bit7_precision16_7_DW_lzd_J9_51_DW_lzd_J9_53'
  Processing 'gradient_unit_BLOCK_SIZE16_exponent_bit8_mantissa_bit7_precision16_7_DW_fp_mult_J9_19'
  Processing 'gradient_unit_BLOCK_SIZE16_exponent_bit8_mantissa_bit7_precision16_7_DW_lzd_J9_52_DW_lzd_J9_54'
  Processing 'gradient_unit_BLOCK_SIZE16_exponent_bit8_mantissa_bit7_precision16_7_DW_lzd_J9_53_DW_lzd_J9_55'
  Processing 'gradient_unit_BLOCK_SIZE16_exponent_bit8_mantissa_bit7_precision16_7_DW_fp_addsub_J9_6'
  Processing 'gradient_unit_BLOCK_SIZE16_exponent_bit8_mantissa_bit7_precision16_7_DW_lzd_J9_54_DW_lzd_J9_56'
  Processing 'Rasterizer_group_unit'
  Processing 'fixed_arbiter_N_MASTER4_DATA_SIZE224_0'
Information: Added key list 'DesignWare' to design 'fixed_arbiter_N_MASTER4_DATA_SIZE224_0'. (DDB-72)
 Implement Synthetic for 'fixed_arbiter_N_MASTER4_DATA_SIZE224_0'.
  Processing 'Rasterizer_unit_BLOCK_SIZE16_exponent_bit8_mantissa_bit7_precision16_input_gaussians_to_pixel4_0'
  Processing 'Rasterizer_unit_BLOCK_SIZE16_exponent_bit8_mantissa_bit7_precision16_input_gaussians_to_pixel4_4'
  Processing 'Rasterizer_unit_BLOCK_SIZE16_exponent_bit8_mantissa_bit7_precision16_input_gaussians_to_pixel4_1'
  Processing 'Rasterizer_unit_BLOCK_SIZE16_exponent_bit8_mantissa_bit7_precision16_input_gaussians_to_pixel4_5'
  Processing 'Rasterizer_unit_BLOCK_SIZE16_exponent_bit8_mantissa_bit7_precision16_input_gaussians_to_pixel4_2'
  Processing 'Rasterizer_unit_BLOCK_SIZE16_exponent_bit8_mantissa_bit7_precision16_input_gaussians_to_pixel4_6'
  Processing 'Rasterizer_unit_BLOCK_SIZE16_exponent_bit8_mantissa_bit7_precision16_input_gaussians_to_pixel4_3'
  Processing 'Rasterizer_unit_BLOCK_SIZE16_exponent_bit8_mantissa_bit7_precision16_input_gaussians_to_pixel4_7'

  Updating timing information
Information: Updating design information... (UID-85)
Information: The register 'rasterizer_units[1].rasterizer_inst/skip_unit_stage1/dyy2_reg[3][15]' is a constant and will be removed. (OPT-1206)
Information: The register 'rasterizer_units[1].rasterizer_inst/skip_unit_stage1/dyy2_reg[2][15]' is a constant and will be removed. (OPT-1206)
Information: The register 'rasterizer_units[1].rasterizer_inst/skip_unit_stage1/dyy2_reg[1][15]' is a constant and will be removed. (OPT-1206)
Information: The register 'rasterizer_units[1].rasterizer_inst/skip_unit_stage1/dyy2_reg[0][15]' is a constant and will be removed. (OPT-1206)
Information: The register 'rasterizer_units[1].rasterizer_inst/skip_unit_stage1/dxx2_reg[3][15]' is a constant and will be removed. (OPT-1206)
Information: The register 'rasterizer_units[1].rasterizer_inst/skip_unit_stage1/dxx2_reg[2][15]' is a constant and will be removed. (OPT-1206)
Information: The register 'rasterizer_units[1].rasterizer_inst/skip_unit_stage1/dxx2_reg[1][15]' is a constant and will be removed. (OPT-1206)
Information: The register 'rasterizer_units[1].rasterizer_inst/skip_unit_stage1/dxx2_reg[0][15]' is a constant and will be removed. (OPT-1206)
Information: The register 'rasterizer_units[1].rasterizer_inst/skip_unit_stage1/G4_reg[3][15]' is a constant and will be removed. (OPT-1206)
Information: The register 'rasterizer_units[1].rasterizer_inst/skip_unit_stage1/G5_reg[3][15]' is a constant and will be removed. (OPT-1206)
Information: The register 'rasterizer_units[1].rasterizer_inst/skip_unit_stage1/G4_reg[2][15]' is a constant and will be removed. (OPT-1206)
Information: The register 'rasterizer_units[1].rasterizer_inst/skip_unit_stage1/G5_reg[2][15]' is a constant and will be removed. (OPT-1206)
Information: The register 'rasterizer_units[1].rasterizer_inst/skip_unit_stage1/G4_reg[1][15]' is a constant and will be removed. (OPT-1206)
Information: The register 'rasterizer_units[1].rasterizer_inst/skip_unit_stage1/G5_reg[1][15]' is a constant and will be removed. (OPT-1206)
Information: The register 'rasterizer_units[1].rasterizer_inst/skip_unit_stage1/G4_reg[0][15]' is a constant and will be removed. (OPT-1206)
Information: The register 'rasterizer_units[1].rasterizer_inst/skip_unit_stage1/G5_reg[0][15]' is a constant and will be removed. (OPT-1206)
Information: The register 'rasterizer_units[1].rasterizer_inst/skip_unit_stage1/G_out_reg[0][15]' is a constant and will be removed. (OPT-1206)
Information: The register 'rasterizer_units[1].rasterizer_inst/skip_unit_stage1/G_out_reg[1][15]' is a constant and will be removed. (OPT-1206)
Information: The register 'rasterizer_units[1].rasterizer_inst/skip_unit_stage1/G_out_reg[2][15]' is a constant and will be removed. (OPT-1206)
Information: The register 'rasterizer_units[1].rasterizer_inst/skip_unit_stage1/G_out_reg[3][15]' is a constant and will be removed. (OPT-1206)
Information: The register 'rasterizer_units[2].rasterizer_inst/skip_unit_stage1/dyy2_reg[3][15]' is a constant and will be removed. (OPT-1206)
Information: The register 'rasterizer_units[2].rasterizer_inst/skip_unit_stage1/dyy2_reg[2][15]' is a constant and will be removed. (OPT-1206)
Information: The register 'rasterizer_units[2].rasterizer_inst/skip_unit_stage1/dyy2_reg[1][15]' is a constant and will be removed. (OPT-1206)
Information: The register 'rasterizer_units[2].rasterizer_inst/skip_unit_stage1/dyy2_reg[0][15]' is a constant and will be removed. (OPT-1206)
Information: The register 'rasterizer_units[2].rasterizer_inst/skip_unit_stage1/dxx2_reg[3][15]' is a constant and will be removed. (OPT-1206)
Information: The register 'rasterizer_units[2].rasterizer_inst/skip_unit_stage1/dxx2_reg[2][15]' is a constant and will be removed. (OPT-1206)
Information: The register 'rasterizer_units[2].rasterizer_inst/skip_unit_stage1/dxx2_reg[1][15]' is a constant and will be removed. (OPT-1206)
Information: The register 'rasterizer_units[2].rasterizer_inst/skip_unit_stage1/dxx2_reg[0][15]' is a constant and will be removed. (OPT-1206)
Information: The register 'rasterizer_units[2].rasterizer_inst/skip_unit_stage1/G4_reg[3][15]' is a constant and will be removed. (OPT-1206)
Information: The register 'rasterizer_units[2].rasterizer_inst/skip_unit_stage1/G5_reg[3][15]' is a constant and will be removed. (OPT-1206)
Information: The register 'rasterizer_units[2].rasterizer_inst/skip_unit_stage1/G4_reg[2][15]' is a constant and will be removed. (OPT-1206)
Information: The register 'rasterizer_units[2].rasterizer_inst/skip_unit_stage1/G5_reg[2][15]' is a constant and will be removed. (OPT-1206)
Information: The register 'rasterizer_units[2].rasterizer_inst/skip_unit_stage1/G4_reg[1][15]' is a constant and will be removed. (OPT-1206)
Information: The register 'rasterizer_units[2].rasterizer_inst/skip_unit_stage1/G5_reg[1][15]' is a constant and will be removed. (OPT-1206)
Information: The register 'rasterizer_units[2].rasterizer_inst/skip_unit_stage1/G4_reg[0][15]' is a constant and will be removed. (OPT-1206)
Information: The register 'rasterizer_units[2].rasterizer_inst/skip_unit_stage1/G5_reg[0][15]' is a constant and will be removed. (OPT-1206)
Information: The register 'rasterizer_units[2].rasterizer_inst/skip_unit_stage1/G_out_reg[0][15]' is a constant and will be removed. (OPT-1206)
Information: The register 'rasterizer_units[2].rasterizer_inst/skip_unit_stage1/G_out_reg[1][15]' is a constant and will be removed. (OPT-1206)
Information: The register 'rasterizer_units[2].rasterizer_inst/skip_unit_stage1/G_out_reg[2][15]' is a constant and will be removed. (OPT-1206)
Information: The register 'rasterizer_units[2].rasterizer_inst/skip_unit_stage1/G_out_reg[3][15]' is a constant and will be removed. (OPT-1206)
Information: The register 'rasterizer_units[3].rasterizer_inst/skip_unit_stage1/dyy2_reg[3][15]' is a constant and will be removed. (OPT-1206)
Information: The register 'rasterizer_units[3].rasterizer_inst/skip_unit_stage1/dyy2_reg[2][15]' is a constant and will be removed. (OPT-1206)
Information: The register 'rasterizer_units[3].rasterizer_inst/skip_unit_stage1/dyy2_reg[1][15]' is a constant and will be removed. (OPT-1206)
Information: The register 'rasterizer_units[3].rasterizer_inst/skip_unit_stage1/dyy2_reg[0][15]' is a constant and will be removed. (OPT-1206)
Information: The register 'rasterizer_units[3].rasterizer_inst/skip_unit_stage1/dxx2_reg[3][15]' is a constant and will be removed. (OPT-1206)
Information: The register 'rasterizer_units[3].rasterizer_inst/skip_unit_stage1/dxx2_reg[2][15]' is a constant and will be removed. (OPT-1206)
Information: The register 'rasterizer_units[3].rasterizer_inst/skip_unit_stage1/dxx2_reg[1][15]' is a constant and will be removed. (OPT-1206)
Information: The register 'rasterizer_units[3].rasterizer_inst/skip_unit_stage1/dxx2_reg[0][15]' is a constant and will be removed. (OPT-1206)
Information: The register 'rasterizer_units[3].rasterizer_inst/skip_unit_stage1/G4_reg[3][15]' is a constant and will be removed. (OPT-1206)
Information: The register 'rasterizer_units[3].rasterizer_inst/skip_unit_stage1/G5_reg[3][15]' is a constant and will be removed. (OPT-1206)
Information: The register 'rasterizer_units[3].rasterizer_inst/skip_unit_stage1/G4_reg[2][15]' is a constant and will be removed. (OPT-1206)
Information: The register 'rasterizer_units[3].rasterizer_inst/skip_unit_stage1/G5_reg[2][15]' is a constant and will be removed. (OPT-1206)
Information: The register 'rasterizer_units[3].rasterizer_inst/skip_unit_stage1/G4_reg[1][15]' is a constant and will be removed. (OPT-1206)
Information: The register 'rasterizer_units[3].rasterizer_inst/skip_unit_stage1/G5_reg[1][15]' is a constant and will be removed. (OPT-1206)
Information: The register 'rasterizer_units[3].rasterizer_inst/skip_unit_stage1/G4_reg[0][15]' is a constant and will be removed. (OPT-1206)
Information: The register 'rasterizer_units[3].rasterizer_inst/skip_unit_stage1/G5_reg[0][15]' is a constant and will be removed. (OPT-1206)
Information: The register 'rasterizer_units[3].rasterizer_inst/skip_unit_stage1/G_out_reg[0][15]' is a constant and will be removed. (OPT-1206)
Information: The register 'rasterizer_units[3].rasterizer_inst/skip_unit_stage1/G_out_reg[1][15]' is a constant and will be removed. (OPT-1206)
Information: The register 'rasterizer_units[3].rasterizer_inst/skip_unit_stage1/G_out_reg[2][15]' is a constant and will be removed. (OPT-1206)
Information: The register 'rasterizer_units[3].rasterizer_inst/skip_unit_stage1/G_out_reg[3][15]' is a constant and will be removed. (OPT-1206)
Information: The register 'rasterizer_units[4].rasterizer_inst/skip_unit_stage1/dyy2_reg[3][15]' is a constant and will be removed. (OPT-1206)
Information: The register 'rasterizer_units[4].rasterizer_inst/skip_unit_stage1/dyy2_reg[2][15]' is a constant and will be removed. (OPT-1206)
Information: The register 'rasterizer_units[4].rasterizer_inst/skip_unit_stage1/dyy2_reg[1][15]' is a constant and will be removed. (OPT-1206)
Information: The register 'rasterizer_units[4].rasterizer_inst/skip_unit_stage1/dyy2_reg[0][15]' is a constant and will be removed. (OPT-1206)
Information: The register 'rasterizer_units[4].rasterizer_inst/skip_unit_stage1/dxx2_reg[3][15]' is a constant and will be removed. (OPT-1206)
Information: The register 'rasterizer_units[4].rasterizer_inst/skip_unit_stage1/dxx2_reg[2][15]' is a constant and will be removed. (OPT-1206)
Information: The register 'rasterizer_units[4].rasterizer_inst/skip_unit_stage1/dxx2_reg[1][15]' is a constant and will be removed. (OPT-1206)
Information: The register 'rasterizer_units[4].rasterizer_inst/skip_unit_stage1/dxx2_reg[0][15]' is a constant and will be removed. (OPT-1206)
Information: The register 'rasterizer_units[4].rasterizer_inst/skip_unit_stage1/G4_reg[3][15]' is a constant and will be removed. (OPT-1206)
Information: The register 'rasterizer_units[4].rasterizer_inst/skip_unit_stage1/G5_reg[3][15]' is a constant and will be removed. (OPT-1206)
Information: The register 'rasterizer_units[4].rasterizer_inst/skip_unit_stage1/G4_reg[2][15]' is a constant and will be removed. (OPT-1206)
Information: The register 'rasterizer_units[4].rasterizer_inst/skip_unit_stage1/G5_reg[2][15]' is a constant and will be removed. (OPT-1206)
Information: The register 'rasterizer_units[4].rasterizer_inst/skip_unit_stage1/G4_reg[1][15]' is a constant and will be removed. (OPT-1206)
Information: The register 'rasterizer_units[4].rasterizer_inst/skip_unit_stage1/G5_reg[1][15]' is a constant and will be removed. (OPT-1206)
Information: The register 'rasterizer_units[4].rasterizer_inst/skip_unit_stage1/G4_reg[0][15]' is a constant and will be removed. (OPT-1206)
Information: The register 'rasterizer_units[4].rasterizer_inst/skip_unit_stage1/G5_reg[0][15]' is a constant and will be removed. (OPT-1206)
Information: The register 'rasterizer_units[4].rasterizer_inst/skip_unit_stage1/G_out_reg[0][15]' is a constant and will be removed. (OPT-1206)
Information: The register 'rasterizer_units[4].rasterizer_inst/skip_unit_stage1/G_out_reg[1][15]' is a constant and will be removed. (OPT-1206)
Information: The register 'rasterizer_units[4].rasterizer_inst/skip_unit_stage1/G_out_reg[2][15]' is a constant and will be removed. (OPT-1206)
Information: The register 'rasterizer_units[4].rasterizer_inst/skip_unit_stage1/G_out_reg[3][15]' is a constant and will be removed. (OPT-1206)
Information: The register 'rasterizer_units[5].rasterizer_inst/skip_unit_stage1/dyy2_reg[3][15]' is a constant and will be removed. (OPT-1206)
Information: The register 'rasterizer_units[5].rasterizer_inst/skip_unit_stage1/dyy2_reg[2][15]' is a constant and will be removed. (OPT-1206)
Information: The register 'rasterizer_units[5].rasterizer_inst/skip_unit_stage1/dyy2_reg[1][15]' is a constant and will be removed. (OPT-1206)
Information: The register 'rasterizer_units[5].rasterizer_inst/skip_unit_stage1/dyy2_reg[0][15]' is a constant and will be removed. (OPT-1206)
Information: The register 'rasterizer_units[5].rasterizer_inst/skip_unit_stage1/dxx2_reg[3][15]' is a constant and will be removed. (OPT-1206)
Information: The register 'rasterizer_units[5].rasterizer_inst/skip_unit_stage1/dxx2_reg[2][15]' is a constant and will be removed. (OPT-1206)
Information: The register 'rasterizer_units[5].rasterizer_inst/skip_unit_stage1/dxx2_reg[1][15]' is a constant and will be removed. (OPT-1206)
Information: The register 'rasterizer_units[5].rasterizer_inst/skip_unit_stage1/dxx2_reg[0][15]' is a constant and will be removed. (OPT-1206)
Information: The register 'rasterizer_units[5].rasterizer_inst/skip_unit_stage1/G4_reg[3][15]' is a constant and will be removed. (OPT-1206)
Information: The register 'rasterizer_units[5].rasterizer_inst/skip_unit_stage1/G5_reg[3][15]' is a constant and will be removed. (OPT-1206)
Information: The register 'rasterizer_units[5].rasterizer_inst/skip_unit_stage1/G4_reg[2][15]' is a constant and will be removed. (OPT-1206)
Information: The register 'rasterizer_units[5].rasterizer_inst/skip_unit_stage1/G5_reg[2][15]' is a constant and will be removed. (OPT-1206)
Information: The register 'rasterizer_units[5].rasterizer_inst/skip_unit_stage1/G4_reg[1][15]' is a constant and will be removed. (OPT-1206)
Information: The register 'rasterizer_units[5].rasterizer_inst/skip_unit_stage1/G5_reg[1][15]' is a constant and will be removed. (OPT-1206)
Information: The register 'rasterizer_units[5].rasterizer_inst/skip_unit_stage1/G4_reg[0][15]' is a constant and will be removed. (OPT-1206)
Information: The register 'rasterizer_units[5].rasterizer_inst/skip_unit_stage1/G5_reg[0][15]' is a constant and will be removed. (OPT-1206)
Information: The register 'rasterizer_units[5].rasterizer_inst/skip_unit_stage1/G_out_reg[0][15]' is a constant and will be removed. (OPT-1206)
Information: The register 'rasterizer_units[5].rasterizer_inst/skip_unit_stage1/G_out_reg[1][15]' is a constant and will be removed. (OPT-1206)
Information: The register 'rasterizer_units[5].rasterizer_inst/skip_unit_stage1/G_out_reg[2][15]' is a constant and will be removed. (OPT-1206)
Information: The register 'rasterizer_units[5].rasterizer_inst/skip_unit_stage1/G_out_reg[3][15]' is a constant and will be removed. (OPT-1206)
Information: The register 'rasterizer_units[6].rasterizer_inst/skip_unit_stage1/dyy2_reg[3][15]' is a constant and will be removed. (OPT-1206)
Information: The register 'rasterizer_units[6].rasterizer_inst/skip_unit_stage1/dyy2_reg[2][15]' is a constant and will be removed. (OPT-1206)
Information: The register 'rasterizer_units[6].rasterizer_inst/skip_unit_stage1/dyy2_reg[1][15]' is a constant and will be removed. (OPT-1206)
Information: The register 'rasterizer_units[6].rasterizer_inst/skip_unit_stage1/dyy2_reg[0][15]' is a constant and will be removed. (OPT-1206)
Information: The register 'rasterizer_units[6].rasterizer_inst/skip_unit_stage1/dxx2_reg[3][15]' is a constant and will be removed. (OPT-1206)
Information: The register 'rasterizer_units[6].rasterizer_inst/skip_unit_stage1/dxx2_reg[2][15]' is a constant and will be removed. (OPT-1206)
Information: The register 'rasterizer_units[6].rasterizer_inst/skip_unit_stage1/dxx2_reg[1][15]' is a constant and will be removed. (OPT-1206)
Information: The register 'rasterizer_units[6].rasterizer_inst/skip_unit_stage1/dxx2_reg[0][15]' is a constant and will be removed. (OPT-1206)
Information: The register 'rasterizer_units[6].rasterizer_inst/skip_unit_stage1/G4_reg[3][15]' is a constant and will be removed. (OPT-1206)
Information: The register 'rasterizer_units[6].rasterizer_inst/skip_unit_stage1/G5_reg[3][15]' is a constant and will be removed. (OPT-1206)
Information: The register 'rasterizer_units[6].rasterizer_inst/skip_unit_stage1/G4_reg[2][15]' is a constant and will be removed. (OPT-1206)
Information: The register 'rasterizer_units[6].rasterizer_inst/skip_unit_stage1/G5_reg[2][15]' is a constant and will be removed. (OPT-1206)
Information: The register 'rasterizer_units[6].rasterizer_inst/skip_unit_stage1/G4_reg[1][15]' is a constant and will be removed. (OPT-1206)
Information: The register 'rasterizer_units[6].rasterizer_inst/skip_unit_stage1/G5_reg[1][15]' is a constant and will be removed. (OPT-1206)
Information: The register 'rasterizer_units[6].rasterizer_inst/skip_unit_stage1/G4_reg[0][15]' is a constant and will be removed. (OPT-1206)
Information: The register 'rasterizer_units[6].rasterizer_inst/skip_unit_stage1/G5_reg[0][15]' is a constant and will be removed. (OPT-1206)
Information: The register 'rasterizer_units[6].rasterizer_inst/skip_unit_stage1/G_out_reg[0][15]' is a constant and will be removed. (OPT-1206)
Information: The register 'rasterizer_units[6].rasterizer_inst/skip_unit_stage1/G_out_reg[1][15]' is a constant and will be removed. (OPT-1206)
Information: The register 'rasterizer_units[6].rasterizer_inst/skip_unit_stage1/G_out_reg[2][15]' is a constant and will be removed. (OPT-1206)
Information: The register 'rasterizer_units[6].rasterizer_inst/skip_unit_stage1/G_out_reg[3][15]' is a constant and will be removed. (OPT-1206)
Information: The register 'rasterizer_units[7].rasterizer_inst/skip_unit_stage1/dyy2_reg[3][15]' is a constant and will be removed. (OPT-1206)
Information: The register 'rasterizer_units[7].rasterizer_inst/skip_unit_stage1/dyy2_reg[2][15]' is a constant and will be removed. (OPT-1206)
Information: The register 'rasterizer_units[7].rasterizer_inst/skip_unit_stage1/dyy2_reg[1][15]' is a constant and will be removed. (OPT-1206)
Information: The register 'rasterizer_units[7].rasterizer_inst/skip_unit_stage1/dyy2_reg[0][15]' is a constant and will be removed. (OPT-1206)
Information: The register 'rasterizer_units[7].rasterizer_inst/skip_unit_stage1/dxx2_reg[3][15]' is a constant and will be removed. (OPT-1206)
Information: The register 'rasterizer_units[7].rasterizer_inst/skip_unit_stage1/dxx2_reg[2][15]' is a constant and will be removed. (OPT-1206)
Information: The register 'rasterizer_units[7].rasterizer_inst/skip_unit_stage1/dxx2_reg[1][15]' is a constant and will be removed. (OPT-1206)
Information: The register 'rasterizer_units[7].rasterizer_inst/skip_unit_stage1/dxx2_reg[0][15]' is a constant and will be removed. (OPT-1206)
Information: The register 'rasterizer_units[7].rasterizer_inst/skip_unit_stage1/G4_reg[3][15]' is a constant and will be removed. (OPT-1206)
Information: The register 'rasterizer_units[7].rasterizer_inst/skip_unit_stage1/G5_reg[3][15]' is a constant and will be removed. (OPT-1206)
Information: The register 'rasterizer_units[7].rasterizer_inst/skip_unit_stage1/G4_reg[2][15]' is a constant and will be removed. (OPT-1206)
Information: The register 'rasterizer_units[7].rasterizer_inst/skip_unit_stage1/G5_reg[2][15]' is a constant and will be removed. (OPT-1206)
Information: The register 'rasterizer_units[7].rasterizer_inst/skip_unit_stage1/G4_reg[1][15]' is a constant and will be removed. (OPT-1206)
Information: The register 'rasterizer_units[7].rasterizer_inst/skip_unit_stage1/G5_reg[1][15]' is a constant and will be removed. (OPT-1206)
Information: The register 'rasterizer_units[7].rasterizer_inst/skip_unit_stage1/G4_reg[0][15]' is a constant and will be removed. (OPT-1206)
Information: The register 'rasterizer_units[7].rasterizer_inst/skip_unit_stage1/G5_reg[0][15]' is a constant and will be removed. (OPT-1206)
Information: The register 'rasterizer_units[7].rasterizer_inst/skip_unit_stage1/G_out_reg[0][15]' is a constant and will be removed. (OPT-1206)
Information: The register 'rasterizer_units[7].rasterizer_inst/skip_unit_stage1/G_out_reg[1][15]' is a constant and will be removed. (OPT-1206)
Information: The register 'rasterizer_units[7].rasterizer_inst/skip_unit_stage1/G_out_reg[2][15]' is a constant and will be removed. (OPT-1206)
Information: The register 'rasterizer_units[7].rasterizer_inst/skip_unit_stage1/G_out_reg[3][15]' is a constant and will be removed. (OPT-1206)
Information: The register 'rasterizer_units[7].rasterizer_inst/gradient_unit_stage3/G0_reg[15]' is a constant and will be removed. (OPT-1206)
Information: The register 'rasterizer_units[7].rasterizer_inst/gradient_unit_stage3/G1_reg[15]' is a constant and will be removed. (OPT-1206)
Information: The register 'rasterizer_units[7].rasterizer_inst/gradient_unit_stage3/G2_reg[15]' is a constant and will be removed. (OPT-1206)
Information: The register 'rasterizer_units[7].rasterizer_inst/gradient_unit_stage3/G3_reg[15]' is a constant and will be removed. (OPT-1206)
Information: The register 'rasterizer_units[7].rasterizer_inst/gradient_unit_stage3/G4_reg[15]' is a constant and will be removed. (OPT-1206)
Information: The register 'rasterizer_units[7].rasterizer_inst/gradient_unit_stage3/G5_reg[15]' is a constant and will be removed. (OPT-1206)
Information: The register 'rasterizer_units[7].rasterizer_inst/gradient_unit_stage3/G6_reg[15]' is a constant and will be removed. (OPT-1206)
Information: The register 'rasterizer_units[7].rasterizer_inst/gradient_unit_stage3/ddelx_dx1_reg[15]' is a constant and will be removed. (OPT-1206)
Information: The register 'rasterizer_units[7].rasterizer_inst/gradient_unit_stage3/ddelx_dx2_reg[15]' is a constant and will be removed. (OPT-1206)
Information: The register 'rasterizer_units[7].rasterizer_inst/gradient_unit_stage3/ddely_dy1_reg[15]' is a constant and will be removed. (OPT-1206)
Information: The register 'rasterizer_units[7].rasterizer_inst/gradient_unit_stage3/ddely_dy2_reg[15]' is a constant and will be removed. (OPT-1206)
Information: The register 'rasterizer_units[6].rasterizer_inst/gradient_unit_stage3/G0_reg[15]' is a constant and will be removed. (OPT-1206)
Information: The register 'rasterizer_units[6].rasterizer_inst/gradient_unit_stage3/G1_reg[15]' is a constant and will be removed. (OPT-1206)
Information: The register 'rasterizer_units[6].rasterizer_inst/gradient_unit_stage3/G2_reg[15]' is a constant and will be removed. (OPT-1206)
Information: The register 'rasterizer_units[6].rasterizer_inst/gradient_unit_stage3/G3_reg[15]' is a constant and will be removed. (OPT-1206)
Information: The register 'rasterizer_units[6].rasterizer_inst/gradient_unit_stage3/G4_reg[15]' is a constant and will be removed. (OPT-1206)
Information: The register 'rasterizer_units[6].rasterizer_inst/gradient_unit_stage3/G5_reg[15]' is a constant and will be removed. (OPT-1206)
Information: The register 'rasterizer_units[6].rasterizer_inst/gradient_unit_stage3/G6_reg[15]' is a constant and will be removed. (OPT-1206)
Information: The register 'rasterizer_units[6].rasterizer_inst/gradient_unit_stage3/ddelx_dx1_reg[15]' is a constant and will be removed. (OPT-1206)
Information: The register 'rasterizer_units[6].rasterizer_inst/gradient_unit_stage3/ddelx_dx2_reg[15]' is a constant and will be removed. (OPT-1206)
Information: The register 'rasterizer_units[6].rasterizer_inst/gradient_unit_stage3/ddely_dy1_reg[15]' is a constant and will be removed. (OPT-1206)
Information: The register 'rasterizer_units[6].rasterizer_inst/gradient_unit_stage3/ddely_dy2_reg[15]' is a constant and will be removed. (OPT-1206)
Information: The register 'rasterizer_units[5].rasterizer_inst/gradient_unit_stage3/G0_reg[15]' is a constant and will be removed. (OPT-1206)
Information: The register 'rasterizer_units[5].rasterizer_inst/gradient_unit_stage3/G1_reg[15]' is a constant and will be removed. (OPT-1206)
Information: The register 'rasterizer_units[5].rasterizer_inst/gradient_unit_stage3/G2_reg[15]' is a constant and will be removed. (OPT-1206)
Information: The register 'rasterizer_units[5].rasterizer_inst/gradient_unit_stage3/G3_reg[15]' is a constant and will be removed. (OPT-1206)
Information: The register 'rasterizer_units[5].rasterizer_inst/gradient_unit_stage3/G4_reg[15]' is a constant and will be removed. (OPT-1206)
Information: The register 'rasterizer_units[5].rasterizer_inst/gradient_unit_stage3/G5_reg[15]' is a constant and will be removed. (OPT-1206)
Information: The register 'rasterizer_units[5].rasterizer_inst/gradient_unit_stage3/G6_reg[15]' is a constant and will be removed. (OPT-1206)
Information: The register 'rasterizer_units[5].rasterizer_inst/gradient_unit_stage3/ddelx_dx1_reg[15]' is a constant and will be removed. (OPT-1206)
Information: The register 'rasterizer_units[5].rasterizer_inst/gradient_unit_stage3/ddelx_dx2_reg[15]' is a constant and will be removed. (OPT-1206)
Information: The register 'rasterizer_units[5].rasterizer_inst/gradient_unit_stage3/ddely_dy1_reg[15]' is a constant and will be removed. (OPT-1206)
Information: The register 'rasterizer_units[5].rasterizer_inst/gradient_unit_stage3/ddely_dy2_reg[15]' is a constant and will be removed. (OPT-1206)
Information: The register 'rasterizer_units[4].rasterizer_inst/gradient_unit_stage3/G0_reg[15]' is a constant and will be removed. (OPT-1206)
Information: The register 'rasterizer_units[4].rasterizer_inst/gradient_unit_stage3/G1_reg[15]' is a constant and will be removed. (OPT-1206)
Information: The register 'rasterizer_units[4].rasterizer_inst/gradient_unit_stage3/G2_reg[15]' is a constant and will be removed. (OPT-1206)
Information: The register 'rasterizer_units[4].rasterizer_inst/gradient_unit_stage3/G3_reg[15]' is a constant and will be removed. (OPT-1206)
Information: The register 'rasterizer_units[4].rasterizer_inst/gradient_unit_stage3/G4_reg[15]' is a constant and will be removed. (OPT-1206)
Information: The register 'rasterizer_units[4].rasterizer_inst/gradient_unit_stage3/G5_reg[15]' is a constant and will be removed. (OPT-1206)
Information: The register 'rasterizer_units[4].rasterizer_inst/gradient_unit_stage3/G6_reg[15]' is a constant and will be removed. (OPT-1206)
Information: The register 'rasterizer_units[4].rasterizer_inst/gradient_unit_stage3/ddelx_dx1_reg[15]' is a constant and will be removed. (OPT-1206)
Information: The register 'rasterizer_units[4].rasterizer_inst/gradient_unit_stage3/ddelx_dx2_reg[15]' is a constant and will be removed. (OPT-1206)
Information: The register 'rasterizer_units[4].rasterizer_inst/gradient_unit_stage3/ddely_dy1_reg[15]' is a constant and will be removed. (OPT-1206)
Information: The register 'rasterizer_units[4].rasterizer_inst/gradient_unit_stage3/ddely_dy2_reg[15]' is a constant and will be removed. (OPT-1206)
Information: The register 'rasterizer_units[3].rasterizer_inst/gradient_unit_stage3/G0_reg[15]' is a constant and will be removed. (OPT-1206)
Information: The register 'rasterizer_units[3].rasterizer_inst/gradient_unit_stage3/G1_reg[15]' is a constant and will be removed. (OPT-1206)
Information: The register 'rasterizer_units[3].rasterizer_inst/gradient_unit_stage3/G2_reg[15]' is a constant and will be removed. (OPT-1206)
Information: The register 'rasterizer_units[3].rasterizer_inst/gradient_unit_stage3/G3_reg[15]' is a constant and will be removed. (OPT-1206)
Information: The register 'rasterizer_units[3].rasterizer_inst/gradient_unit_stage3/G4_reg[15]' is a constant and will be removed. (OPT-1206)
Information: The register 'rasterizer_units[3].rasterizer_inst/gradient_unit_stage3/G5_reg[15]' is a constant and will be removed. (OPT-1206)
Information: The register 'rasterizer_units[3].rasterizer_inst/gradient_unit_stage3/G6_reg[15]' is a constant and will be removed. (OPT-1206)
Information: The register 'rasterizer_units[3].rasterizer_inst/gradient_unit_stage3/ddelx_dx1_reg[15]' is a constant and will be removed. (OPT-1206)
Information: The register 'rasterizer_units[3].rasterizer_inst/gradient_unit_stage3/ddelx_dx2_reg[15]' is a constant and will be removed. (OPT-1206)
Information: The register 'rasterizer_units[3].rasterizer_inst/gradient_unit_stage3/ddely_dy1_reg[15]' is a constant and will be removed. (OPT-1206)
Information: The register 'rasterizer_units[3].rasterizer_inst/gradient_unit_stage3/ddely_dy2_reg[15]' is a constant and will be removed. (OPT-1206)
Information: The register 'rasterizer_units[2].rasterizer_inst/gradient_unit_stage3/G0_reg[15]' is a constant and will be removed. (OPT-1206)
Information: The register 'rasterizer_units[2].rasterizer_inst/gradient_unit_stage3/G1_reg[15]' is a constant and will be removed. (OPT-1206)
Information: The register 'rasterizer_units[2].rasterizer_inst/gradient_unit_stage3/G2_reg[15]' is a constant and will be removed. (OPT-1206)
Information: The register 'rasterizer_units[2].rasterizer_inst/gradient_unit_stage3/G3_reg[15]' is a constant and will be removed. (OPT-1206)
Information: The register 'rasterizer_units[2].rasterizer_inst/gradient_unit_stage3/G4_reg[15]' is a constant and will be removed. (OPT-1206)
Information: The register 'rasterizer_units[2].rasterizer_inst/gradient_unit_stage3/G5_reg[15]' is a constant and will be removed. (OPT-1206)
Information: The register 'rasterizer_units[2].rasterizer_inst/gradient_unit_stage3/G6_reg[15]' is a constant and will be removed. (OPT-1206)
Information: The register 'rasterizer_units[2].rasterizer_inst/gradient_unit_stage3/ddelx_dx1_reg[15]' is a constant and will be removed. (OPT-1206)
Information: The register 'rasterizer_units[2].rasterizer_inst/gradient_unit_stage3/ddelx_dx2_reg[15]' is a constant and will be removed. (OPT-1206)
Information: The register 'rasterizer_units[2].rasterizer_inst/gradient_unit_stage3/ddely_dy1_reg[15]' is a constant and will be removed. (OPT-1206)
Information: The register 'rasterizer_units[2].rasterizer_inst/gradient_unit_stage3/ddely_dy2_reg[15]' is a constant and will be removed. (OPT-1206)
Information: The register 'rasterizer_units[1].rasterizer_inst/gradient_unit_stage3/G0_reg[15]' is a constant and will be removed. (OPT-1206)
Information: The register 'rasterizer_units[1].rasterizer_inst/gradient_unit_stage3/G1_reg[15]' is a constant and will be removed. (OPT-1206)
Information: The register 'rasterizer_units[1].rasterizer_inst/gradient_unit_stage3/G2_reg[15]' is a constant and will be removed. (OPT-1206)
Information: The register 'rasterizer_units[1].rasterizer_inst/gradient_unit_stage3/G3_reg[15]' is a constant and will be removed. (OPT-1206)
Information: The register 'rasterizer_units[1].rasterizer_inst/gradient_unit_stage3/G4_reg[15]' is a constant and will be removed. (OPT-1206)
Information: The register 'rasterizer_units[1].rasterizer_inst/gradient_unit_stage3/G5_reg[15]' is a constant and will be removed. (OPT-1206)
Information: The register 'rasterizer_units[1].rasterizer_inst/gradient_unit_stage3/G6_reg[15]' is a constant and will be removed. (OPT-1206)
Information: The register 'rasterizer_units[1].rasterizer_inst/gradient_unit_stage3/ddelx_dx1_reg[15]' is a constant and will be removed. (OPT-1206)
Information: The register 'rasterizer_units[1].rasterizer_inst/gradient_unit_stage3/ddelx_dx2_reg[15]' is a constant and will be removed. (OPT-1206)
Information: The register 'rasterizer_units[1].rasterizer_inst/gradient_unit_stage3/ddely_dy1_reg[15]' is a constant and will be removed. (OPT-1206)
Information: The register 'rasterizer_units[1].rasterizer_inst/gradient_unit_stage3/ddely_dy2_reg[15]' is a constant and will be removed. (OPT-1206)
Information: The register 'rasterizer_units[0].rasterizer_inst/gradient_unit_stage3/ddelx_dx1_reg[15]' is a constant and will be removed. (OPT-1206)
Information: The register 'rasterizer_units[0].rasterizer_inst/gradient_unit_stage3/ddelx_dx2_reg[15]' is a constant and will be removed. (OPT-1206)
Information: The register 'rasterizer_units[0].rasterizer_inst/gradient_unit_stage3/ddely_dy1_reg[15]' is a constant and will be removed. (OPT-1206)
Information: The register 'rasterizer_units[0].rasterizer_inst/gradient_unit_stage3/ddely_dy2_reg[15]' is a constant and will be removed. (OPT-1206)
Information: The register 'rasterizer_units[0].rasterizer_inst/skip_unit_stage1/dyy2_reg[3][15]' is a constant and will be removed. (OPT-1206)
Information: The register 'rasterizer_units[0].rasterizer_inst/skip_unit_stage1/dyy2_reg[2][15]' is a constant and will be removed. (OPT-1206)
Information: The register 'rasterizer_units[0].rasterizer_inst/skip_unit_stage1/dyy2_reg[1][15]' is a constant and will be removed. (OPT-1206)
Information: The register 'rasterizer_units[0].rasterizer_inst/skip_unit_stage1/dyy2_reg[0][15]' is a constant and will be removed. (OPT-1206)
Information: The register 'rasterizer_units[0].rasterizer_inst/skip_unit_stage1/dxx2_reg[3][15]' is a constant and will be removed. (OPT-1206)
Information: The register 'rasterizer_units[0].rasterizer_inst/skip_unit_stage1/dxx2_reg[2][15]' is a constant and will be removed. (OPT-1206)
Information: The register 'rasterizer_units[0].rasterizer_inst/skip_unit_stage1/dxx2_reg[1][15]' is a constant and will be removed. (OPT-1206)
Information: The register 'rasterizer_units[0].rasterizer_inst/skip_unit_stage1/dxx2_reg[0][15]' is a constant and will be removed. (OPT-1206)
Information: The register 'rasterizer_units[0].rasterizer_inst/skip_unit_stage1/G4_reg[3][15]' is a constant and will be removed. (OPT-1206)
Information: The register 'rasterizer_units[0].rasterizer_inst/skip_unit_stage1/G5_reg[3][15]' is a constant and will be removed. (OPT-1206)
Information: The register 'rasterizer_units[0].rasterizer_inst/skip_unit_stage1/G4_reg[2][15]' is a constant and will be removed. (OPT-1206)
Information: The register 'rasterizer_units[0].rasterizer_inst/skip_unit_stage1/G5_reg[2][15]' is a constant and will be removed. (OPT-1206)
Information: The register 'rasterizer_units[0].rasterizer_inst/skip_unit_stage1/G4_reg[1][15]' is a constant and will be removed. (OPT-1206)
Information: The register 'rasterizer_units[0].rasterizer_inst/skip_unit_stage1/G5_reg[1][15]' is a constant and will be removed. (OPT-1206)
Information: The register 'rasterizer_units[0].rasterizer_inst/skip_unit_stage1/G4_reg[0][15]' is a constant and will be removed. (OPT-1206)
Information: The register 'rasterizer_units[0].rasterizer_inst/skip_unit_stage1/G5_reg[0][15]' is a constant and will be removed. (OPT-1206)
Information: The register 'rasterizer_units[0].rasterizer_inst/skip_unit_stage1/G_out_reg[0][15]' is a constant and will be removed. (OPT-1206)
Information: The register 'rasterizer_units[0].rasterizer_inst/skip_unit_stage1/G_out_reg[1][15]' is a constant and will be removed. (OPT-1206)
Information: The register 'rasterizer_units[0].rasterizer_inst/skip_unit_stage1/G_out_reg[2][15]' is a constant and will be removed. (OPT-1206)
Information: The register 'rasterizer_units[0].rasterizer_inst/skip_unit_stage1/G_out_reg[3][15]' is a constant and will be removed. (OPT-1206)
Information: The register 'rasterizer_units[0].rasterizer_inst/gradient_unit_stage3/G0_reg[15]' is a constant and will be removed. (OPT-1206)
Information: The register 'rasterizer_units[0].rasterizer_inst/gradient_unit_stage3/G1_reg[15]' is a constant and will be removed. (OPT-1206)
Information: The register 'rasterizer_units[0].rasterizer_inst/gradient_unit_stage3/G2_reg[15]' is a constant and will be removed. (OPT-1206)
Information: The register 'rasterizer_units[0].rasterizer_inst/gradient_unit_stage3/G3_reg[15]' is a constant and will be removed. (OPT-1206)
Information: The register 'rasterizer_units[0].rasterizer_inst/gradient_unit_stage3/G4_reg[15]' is a constant and will be removed. (OPT-1206)
Information: The register 'rasterizer_units[0].rasterizer_inst/gradient_unit_stage3/G5_reg[15]' is a constant and will be removed. (OPT-1206)
Information: The register 'rasterizer_units[0].rasterizer_inst/gradient_unit_stage3/G6_reg[15]' is a constant and will be removed. (OPT-1206)

Threshold voltage group cell usage:
>> SVT30 89.55%, undefined 10.45%

  Beginning Mapping Optimizations  (Ultra High effort)
  -------------------------------
  Structuring 'skip_unit_BLOCK_SIZE16_exponent_bit8_mantissa_bit7_precision16_inputs4_7_DW_fp_mult_0'
  Mapping 'skip_unit_BLOCK_SIZE16_exponent_bit8_mantissa_bit7_precision16_inputs4_7_DW_fp_mult_0'
  Structuring 'skip_unit_BLOCK_SIZE16_exponent_bit8_mantissa_bit7_precision16_inputs4_7_DW_fp_mult_1'
  Mapping 'skip_unit_BLOCK_SIZE16_exponent_bit8_mantissa_bit7_precision16_inputs4_7_DW_fp_mult_1'
  Structuring 'skip_unit_BLOCK_SIZE16_exponent_bit8_mantissa_bit7_precision16_inputs4_7_DW_fp_mult_2'
  Mapping 'skip_unit_BLOCK_SIZE16_exponent_bit8_mantissa_bit7_precision16_inputs4_7_DW_fp_mult_2'
  Structuring 'skip_unit_BLOCK_SIZE16_exponent_bit8_mantissa_bit7_precision16_inputs4_7_DW_fp_mult_3'
  Mapping 'skip_unit_BLOCK_SIZE16_exponent_bit8_mantissa_bit7_precision16_inputs4_7_DW_fp_mult_3'
  Structuring 'skip_unit_BLOCK_SIZE16_exponent_bit8_mantissa_bit7_precision16_inputs4_7_DW_fp_mult_4'
  Mapping 'skip_unit_BLOCK_SIZE16_exponent_bit8_mantissa_bit7_precision16_inputs4_7_DW_fp_mult_4'
  Structuring 'skip_unit_BLOCK_SIZE16_exponent_bit8_mantissa_bit7_precision16_inputs4_7_DW_fp_mult_5'
  Mapping 'skip_unit_BLOCK_SIZE16_exponent_bit8_mantissa_bit7_precision16_inputs4_7_DW_fp_mult_5'
  Structuring 'skip_unit_BLOCK_SIZE16_exponent_bit8_mantissa_bit7_precision16_inputs4_7_DW_fp_mult_6'
  Mapping 'skip_unit_BLOCK_SIZE16_exponent_bit8_mantissa_bit7_precision16_inputs4_7_DW_fp_mult_6'
  Structuring 'skip_unit_BLOCK_SIZE16_exponent_bit8_mantissa_bit7_precision16_inputs4_7_DW_fp_mult_7'
  Mapping 'skip_unit_BLOCK_SIZE16_exponent_bit8_mantissa_bit7_precision16_inputs4_7_DW_fp_mult_7'
  Structuring 'skip_unit_BLOCK_SIZE16_exponent_bit8_mantissa_bit7_precision16_inputs4_7_DW_fp_mult_8'
  Mapping 'skip_unit_BLOCK_SIZE16_exponent_bit8_mantissa_bit7_precision16_inputs4_7_DW_fp_mult_8'
  Structuring 'skip_unit_BLOCK_SIZE16_exponent_bit8_mantissa_bit7_precision16_inputs4_7_DW_fp_mult_9'
  Mapping 'skip_unit_BLOCK_SIZE16_exponent_bit8_mantissa_bit7_precision16_inputs4_7_DW_fp_mult_9'
  Structuring 'skip_unit_BLOCK_SIZE16_exponent_bit8_mantissa_bit7_precision16_inputs4_7_DW_fp_mult_10'
  Mapping 'skip_unit_BLOCK_SIZE16_exponent_bit8_mantissa_bit7_precision16_inputs4_7_DW_fp_mult_10'
  Structuring 'skip_unit_BLOCK_SIZE16_exponent_bit8_mantissa_bit7_precision16_inputs4_7_DW_fp_mult_11'
  Mapping 'skip_unit_BLOCK_SIZE16_exponent_bit8_mantissa_bit7_precision16_inputs4_7_DW_fp_mult_11'
  Structuring 'skip_unit_BLOCK_SIZE16_exponent_bit8_mantissa_bit7_precision16_inputs4_7_DW_fp_mult_12'
  Mapping 'skip_unit_BLOCK_SIZE16_exponent_bit8_mantissa_bit7_precision16_inputs4_7_DW_fp_mult_12'
  Structuring 'skip_unit_BLOCK_SIZE16_exponent_bit8_mantissa_bit7_precision16_inputs4_7_DW_fp_mult_13'
  Mapping 'skip_unit_BLOCK_SIZE16_exponent_bit8_mantissa_bit7_precision16_inputs4_7_DW_fp_mult_13'
  Structuring 'skip_unit_BLOCK_SIZE16_exponent_bit8_mantissa_bit7_precision16_inputs4_7_DW_fp_mult_14'
  Mapping 'skip_unit_BLOCK_SIZE16_exponent_bit8_mantissa_bit7_precision16_inputs4_7_DW_fp_mult_14'
  Structuring 'skip_unit_BLOCK_SIZE16_exponent_bit8_mantissa_bit7_precision16_inputs4_7_DW_fp_mult_15'
  Mapping 'skip_unit_BLOCK_SIZE16_exponent_bit8_mantissa_bit7_precision16_inputs4_7_DW_fp_mult_15'
  Structuring 'skip_unit_BLOCK_SIZE16_exponent_bit8_mantissa_bit7_precision16_inputs4_7_DW_fp_mult_16'
  Mapping 'skip_unit_BLOCK_SIZE16_exponent_bit8_mantissa_bit7_precision16_inputs4_7_DW_fp_mult_16'
  Structuring 'skip_unit_BLOCK_SIZE16_exponent_bit8_mantissa_bit7_precision16_inputs4_7_DW_fp_mult_17'
  Mapping 'skip_unit_BLOCK_SIZE16_exponent_bit8_mantissa_bit7_precision16_inputs4_7_DW_fp_mult_17'
  Structuring 'skip_unit_BLOCK_SIZE16_exponent_bit8_mantissa_bit7_precision16_inputs4_7_DW_fp_mult_18'
  Mapping 'skip_unit_BLOCK_SIZE16_exponent_bit8_mantissa_bit7_precision16_inputs4_7_DW_fp_mult_18'
  Structuring 'skip_unit_BLOCK_SIZE16_exponent_bit8_mantissa_bit7_precision16_inputs4_7_DW_fp_mult_19'
  Mapping 'skip_unit_BLOCK_SIZE16_exponent_bit8_mantissa_bit7_precision16_inputs4_7_DW_fp_mult_19'
  Structuring 'skip_unit_BLOCK_SIZE16_exponent_bit8_mantissa_bit7_precision16_inputs4_7_DW_fp_mult_20'
  Mapping 'skip_unit_BLOCK_SIZE16_exponent_bit8_mantissa_bit7_precision16_inputs4_7_DW_fp_mult_20'
  Structuring 'skip_unit_BLOCK_SIZE16_exponent_bit8_mantissa_bit7_precision16_inputs4_7_DW_fp_mult_21'
  Mapping 'skip_unit_BLOCK_SIZE16_exponent_bit8_mantissa_bit7_precision16_inputs4_7_DW_fp_mult_21'
  Structuring 'skip_unit_BLOCK_SIZE16_exponent_bit8_mantissa_bit7_precision16_inputs4_7_DW_fp_mult_22'
  Mapping 'skip_unit_BLOCK_SIZE16_exponent_bit8_mantissa_bit7_precision16_inputs4_7_DW_fp_mult_22'
  Structuring 'skip_unit_BLOCK_SIZE16_exponent_bit8_mantissa_bit7_precision16_inputs4_7_DW_fp_mult_23'
  Mapping 'skip_unit_BLOCK_SIZE16_exponent_bit8_mantissa_bit7_precision16_inputs4_7_DW_fp_mult_23'
  Structuring 'skip_unit_BLOCK_SIZE16_exponent_bit8_mantissa_bit7_precision16_inputs4_0_DW_fp_mult_0'
  Mapping 'skip_unit_BLOCK_SIZE16_exponent_bit8_mantissa_bit7_precision16_inputs4_0_DW_fp_mult_0'
  Structuring 'skip_unit_BLOCK_SIZE16_exponent_bit8_mantissa_bit7_precision16_inputs4_0_DW_fp_mult_1'
  Mapping 'skip_unit_BLOCK_SIZE16_exponent_bit8_mantissa_bit7_precision16_inputs4_0_DW_fp_mult_1'
  Structuring 'skip_unit_BLOCK_SIZE16_exponent_bit8_mantissa_bit7_precision16_inputs4_1_DW_fp_mult_0'
  Mapping 'skip_unit_BLOCK_SIZE16_exponent_bit8_mantissa_bit7_precision16_inputs4_1_DW_fp_mult_0'
  Structuring 'skip_unit_BLOCK_SIZE16_exponent_bit8_mantissa_bit7_precision16_inputs4_1_DW_fp_mult_1'
  Mapping 'skip_unit_BLOCK_SIZE16_exponent_bit8_mantissa_bit7_precision16_inputs4_1_DW_fp_mult_1'
  Structuring 'skip_unit_BLOCK_SIZE16_exponent_bit8_mantissa_bit7_precision16_inputs4_2_DW_fp_mult_0'
  Mapping 'skip_unit_BLOCK_SIZE16_exponent_bit8_mantissa_bit7_precision16_inputs4_2_DW_fp_mult_0'
  Structuring 'skip_unit_BLOCK_SIZE16_exponent_bit8_mantissa_bit7_precision16_inputs4_2_DW_fp_mult_1'
  Mapping 'skip_unit_BLOCK_SIZE16_exponent_bit8_mantissa_bit7_precision16_inputs4_2_DW_fp_mult_1'
  Structuring 'skip_unit_BLOCK_SIZE16_exponent_bit8_mantissa_bit7_precision16_inputs4_3_DW_fp_mult_0'
  Mapping 'skip_unit_BLOCK_SIZE16_exponent_bit8_mantissa_bit7_precision16_inputs4_3_DW_fp_mult_0'
  Structuring 'skip_unit_BLOCK_SIZE16_exponent_bit8_mantissa_bit7_precision16_inputs4_3_DW_fp_mult_1'
  Mapping 'skip_unit_BLOCK_SIZE16_exponent_bit8_mantissa_bit7_precision16_inputs4_3_DW_fp_mult_1'
  Structuring 'skip_unit_BLOCK_SIZE16_exponent_bit8_mantissa_bit7_precision16_inputs4_4_DW_fp_mult_0'
  Mapping 'skip_unit_BLOCK_SIZE16_exponent_bit8_mantissa_bit7_precision16_inputs4_4_DW_fp_mult_0'
  Structuring 'skip_unit_BLOCK_SIZE16_exponent_bit8_mantissa_bit7_precision16_inputs4_4_DW_fp_mult_1'
  Mapping 'skip_unit_BLOCK_SIZE16_exponent_bit8_mantissa_bit7_precision16_inputs4_4_DW_fp_mult_1'
  Structuring 'skip_unit_BLOCK_SIZE16_exponent_bit8_mantissa_bit7_precision16_inputs4_5_DW_fp_mult_0'
  Mapping 'skip_unit_BLOCK_SIZE16_exponent_bit8_mantissa_bit7_precision16_inputs4_5_DW_fp_mult_0'
  Structuring 'skip_unit_BLOCK_SIZE16_exponent_bit8_mantissa_bit7_precision16_inputs4_5_DW_fp_mult_1'
  Mapping 'skip_unit_BLOCK_SIZE16_exponent_bit8_mantissa_bit7_precision16_inputs4_5_DW_fp_mult_1'
  Structuring 'skip_unit_BLOCK_SIZE16_exponent_bit8_mantissa_bit7_precision16_inputs4_6_DW_fp_mult_0'
  Mapping 'skip_unit_BLOCK_SIZE16_exponent_bit8_mantissa_bit7_precision16_inputs4_6_DW_fp_mult_0'
  Structuring 'skip_unit_BLOCK_SIZE16_exponent_bit8_mantissa_bit7_precision16_inputs4_6_DW_fp_mult_1'
  Mapping 'skip_unit_BLOCK_SIZE16_exponent_bit8_mantissa_bit7_precision16_inputs4_6_DW_fp_mult_1'
  Structuring 'skip_unit_BLOCK_SIZE16_exponent_bit8_mantissa_bit7_precision16_inputs4_0_DW_fp_mult_2'
  Mapping 'skip_unit_BLOCK_SIZE16_exponent_bit8_mantissa_bit7_precision16_inputs4_0_DW_fp_mult_2'
  Structuring 'skip_unit_BLOCK_SIZE16_exponent_bit8_mantissa_bit7_precision16_inputs4_0_DW_fp_mult_3'
  Mapping 'skip_unit_BLOCK_SIZE16_exponent_bit8_mantissa_bit7_precision16_inputs4_0_DW_fp_mult_3'
  Structuring 'skip_unit_BLOCK_SIZE16_exponent_bit8_mantissa_bit7_precision16_inputs4_1_DW_fp_mult_2'
  Mapping 'skip_unit_BLOCK_SIZE16_exponent_bit8_mantissa_bit7_precision16_inputs4_1_DW_fp_mult_2'
  Structuring 'skip_unit_BLOCK_SIZE16_exponent_bit8_mantissa_bit7_precision16_inputs4_1_DW_fp_mult_3'
  Mapping 'skip_unit_BLOCK_SIZE16_exponent_bit8_mantissa_bit7_precision16_inputs4_1_DW_fp_mult_3'
  Structuring 'skip_unit_BLOCK_SIZE16_exponent_bit8_mantissa_bit7_precision16_inputs4_2_DW_fp_mult_2'
  Mapping 'skip_unit_BLOCK_SIZE16_exponent_bit8_mantissa_bit7_precision16_inputs4_2_DW_fp_mult_2'
  Structuring 'skip_unit_BLOCK_SIZE16_exponent_bit8_mantissa_bit7_precision16_inputs4_2_DW_fp_mult_3'
  Mapping 'skip_unit_BLOCK_SIZE16_exponent_bit8_mantissa_bit7_precision16_inputs4_2_DW_fp_mult_3'
  Structuring 'skip_unit_BLOCK_SIZE16_exponent_bit8_mantissa_bit7_precision16_inputs4_3_DW_fp_mult_2'
  Mapping 'skip_unit_BLOCK_SIZE16_exponent_bit8_mantissa_bit7_precision16_inputs4_3_DW_fp_mult_2'
  Structuring 'skip_unit_BLOCK_SIZE16_exponent_bit8_mantissa_bit7_precision16_inputs4_3_DW_fp_mult_3'
  Mapping 'skip_unit_BLOCK_SIZE16_exponent_bit8_mantissa_bit7_precision16_inputs4_3_DW_fp_mult_3'
  Structuring 'skip_unit_BLOCK_SIZE16_exponent_bit8_mantissa_bit7_precision16_inputs4_4_DW_fp_mult_2'
  Mapping 'skip_unit_BLOCK_SIZE16_exponent_bit8_mantissa_bit7_precision16_inputs4_4_DW_fp_mult_2'
  Structuring 'skip_unit_BLOCK_SIZE16_exponent_bit8_mantissa_bit7_precision16_inputs4_4_DW_fp_mult_3'
  Mapping 'skip_unit_BLOCK_SIZE16_exponent_bit8_mantissa_bit7_precision16_inputs4_4_DW_fp_mult_3'
  Structuring 'skip_unit_BLOCK_SIZE16_exponent_bit8_mantissa_bit7_precision16_inputs4_5_DW_fp_mult_2'
  Mapping 'skip_unit_BLOCK_SIZE16_exponent_bit8_mantissa_bit7_precision16_inputs4_5_DW_fp_mult_2'
  Structuring 'skip_unit_BLOCK_SIZE16_exponent_bit8_mantissa_bit7_precision16_inputs4_5_DW_fp_mult_3'
  Mapping 'skip_unit_BLOCK_SIZE16_exponent_bit8_mantissa_bit7_precision16_inputs4_5_DW_fp_mult_3'
  Structuring 'skip_unit_BLOCK_SIZE16_exponent_bit8_mantissa_bit7_precision16_inputs4_6_DW_fp_mult_2'
  Mapping 'skip_unit_BLOCK_SIZE16_exponent_bit8_mantissa_bit7_precision16_inputs4_6_DW_fp_mult_2'
  Structuring 'skip_unit_BLOCK_SIZE16_exponent_bit8_mantissa_bit7_precision16_inputs4_6_DW_fp_mult_3'
  Mapping 'skip_unit_BLOCK_SIZE16_exponent_bit8_mantissa_bit7_precision16_inputs4_6_DW_fp_mult_3'
  Structuring 'skip_unit_BLOCK_SIZE16_exponent_bit8_mantissa_bit7_precision16_inputs4_0_DW_fp_mult_4'
  Mapping 'skip_unit_BLOCK_SIZE16_exponent_bit8_mantissa_bit7_precision16_inputs4_0_DW_fp_mult_4'
  Structuring 'skip_unit_BLOCK_SIZE16_exponent_bit8_mantissa_bit7_precision16_inputs4_0_DW_fp_mult_5'
  Mapping 'skip_unit_BLOCK_SIZE16_exponent_bit8_mantissa_bit7_precision16_inputs4_0_DW_fp_mult_5'
  Structuring 'skip_unit_BLOCK_SIZE16_exponent_bit8_mantissa_bit7_precision16_inputs4_1_DW_fp_mult_4'
  Mapping 'skip_unit_BLOCK_SIZE16_exponent_bit8_mantissa_bit7_precision16_inputs4_1_DW_fp_mult_4'
  Structuring 'skip_unit_BLOCK_SIZE16_exponent_bit8_mantissa_bit7_precision16_inputs4_1_DW_fp_mult_5'
  Mapping 'skip_unit_BLOCK_SIZE16_exponent_bit8_mantissa_bit7_precision16_inputs4_1_DW_fp_mult_5'
  Structuring 'skip_unit_BLOCK_SIZE16_exponent_bit8_mantissa_bit7_precision16_inputs4_2_DW_fp_mult_4'
  Mapping 'skip_unit_BLOCK_SIZE16_exponent_bit8_mantissa_bit7_precision16_inputs4_2_DW_fp_mult_4'
  Structuring 'skip_unit_BLOCK_SIZE16_exponent_bit8_mantissa_bit7_precision16_inputs4_2_DW_fp_mult_5'
  Mapping 'skip_unit_BLOCK_SIZE16_exponent_bit8_mantissa_bit7_precision16_inputs4_2_DW_fp_mult_5'
  Structuring 'skip_unit_BLOCK_SIZE16_exponent_bit8_mantissa_bit7_precision16_inputs4_3_DW_fp_mult_4'
  Mapping 'skip_unit_BLOCK_SIZE16_exponent_bit8_mantissa_bit7_precision16_inputs4_3_DW_fp_mult_4'
  Structuring 'skip_unit_BLOCK_SIZE16_exponent_bit8_mantissa_bit7_precision16_inputs4_3_DW_fp_mult_5'
  Mapping 'skip_unit_BLOCK_SIZE16_exponent_bit8_mantissa_bit7_precision16_inputs4_3_DW_fp_mult_5'
  Structuring 'skip_unit_BLOCK_SIZE16_exponent_bit8_mantissa_bit7_precision16_inputs4_4_DW_fp_mult_4'
  Mapping 'skip_unit_BLOCK_SIZE16_exponent_bit8_mantissa_bit7_precision16_inputs4_4_DW_fp_mult_4'
  Structuring 'skip_unit_BLOCK_SIZE16_exponent_bit8_mantissa_bit7_precision16_inputs4_4_DW_fp_mult_5'
  Mapping 'skip_unit_BLOCK_SIZE16_exponent_bit8_mantissa_bit7_precision16_inputs4_4_DW_fp_mult_5'
  Structuring 'skip_unit_BLOCK_SIZE16_exponent_bit8_mantissa_bit7_precision16_inputs4_5_DW_fp_mult_4'
  Mapping 'skip_unit_BLOCK_SIZE16_exponent_bit8_mantissa_bit7_precision16_inputs4_5_DW_fp_mult_4'
  Structuring 'skip_unit_BLOCK_SIZE16_exponent_bit8_mantissa_bit7_precision16_inputs4_5_DW_fp_mult_5'
  Mapping 'skip_unit_BLOCK_SIZE16_exponent_bit8_mantissa_bit7_precision16_inputs4_5_DW_fp_mult_5'
  Structuring 'skip_unit_BLOCK_SIZE16_exponent_bit8_mantissa_bit7_precision16_inputs4_6_DW_fp_mult_4'
  Mapping 'skip_unit_BLOCK_SIZE16_exponent_bit8_mantissa_bit7_precision16_inputs4_6_DW_fp_mult_4'
  Structuring 'skip_unit_BLOCK_SIZE16_exponent_bit8_mantissa_bit7_precision16_inputs4_6_DW_fp_mult_5'
  Mapping 'skip_unit_BLOCK_SIZE16_exponent_bit8_mantissa_bit7_precision16_inputs4_6_DW_fp_mult_5'
  Structuring 'skip_unit_BLOCK_SIZE16_exponent_bit8_mantissa_bit7_precision16_inputs4_0_DW_fp_mult_6'
  Mapping 'skip_unit_BLOCK_SIZE16_exponent_bit8_mantissa_bit7_precision16_inputs4_0_DW_fp_mult_6'
  Structuring 'skip_unit_BLOCK_SIZE16_exponent_bit8_mantissa_bit7_precision16_inputs4_0_DW_fp_mult_7'
  Mapping 'skip_unit_BLOCK_SIZE16_exponent_bit8_mantissa_bit7_precision16_inputs4_0_DW_fp_mult_7'
  Structuring 'skip_unit_BLOCK_SIZE16_exponent_bit8_mantissa_bit7_precision16_inputs4_1_DW_fp_mult_6'
  Mapping 'skip_unit_BLOCK_SIZE16_exponent_bit8_mantissa_bit7_precision16_inputs4_1_DW_fp_mult_6'
  Structuring 'skip_unit_BLOCK_SIZE16_exponent_bit8_mantissa_bit7_precision16_inputs4_1_DW_fp_mult_7'
  Mapping 'skip_unit_BLOCK_SIZE16_exponent_bit8_mantissa_bit7_precision16_inputs4_1_DW_fp_mult_7'
  Structuring 'skip_unit_BLOCK_SIZE16_exponent_bit8_mantissa_bit7_precision16_inputs4_2_DW_fp_mult_6'
  Mapping 'skip_unit_BLOCK_SIZE16_exponent_bit8_mantissa_bit7_precision16_inputs4_2_DW_fp_mult_6'
  Structuring 'skip_unit_BLOCK_SIZE16_exponent_bit8_mantissa_bit7_precision16_inputs4_2_DW_fp_mult_7'
  Mapping 'skip_unit_BLOCK_SIZE16_exponent_bit8_mantissa_bit7_precision16_inputs4_2_DW_fp_mult_7'
  Structuring 'skip_unit_BLOCK_SIZE16_exponent_bit8_mantissa_bit7_precision16_inputs4_3_DW_fp_mult_6'
  Mapping 'skip_unit_BLOCK_SIZE16_exponent_bit8_mantissa_bit7_precision16_inputs4_3_DW_fp_mult_6'
  Structuring 'skip_unit_BLOCK_SIZE16_exponent_bit8_mantissa_bit7_precision16_inputs4_3_DW_fp_mult_7'
  Mapping 'skip_unit_BLOCK_SIZE16_exponent_bit8_mantissa_bit7_precision16_inputs4_3_DW_fp_mult_7'
  Structuring 'skip_unit_BLOCK_SIZE16_exponent_bit8_mantissa_bit7_precision16_inputs4_4_DW_fp_mult_6'
  Mapping 'skip_unit_BLOCK_SIZE16_exponent_bit8_mantissa_bit7_precision16_inputs4_4_DW_fp_mult_6'
  Structuring 'skip_unit_BLOCK_SIZE16_exponent_bit8_mantissa_bit7_precision16_inputs4_4_DW_fp_mult_7'
  Mapping 'skip_unit_BLOCK_SIZE16_exponent_bit8_mantissa_bit7_precision16_inputs4_4_DW_fp_mult_7'
  Structuring 'skip_unit_BLOCK_SIZE16_exponent_bit8_mantissa_bit7_precision16_inputs4_5_DW_fp_mult_6'
  Mapping 'skip_unit_BLOCK_SIZE16_exponent_bit8_mantissa_bit7_precision16_inputs4_5_DW_fp_mult_6'
  Structuring 'skip_unit_BLOCK_SIZE16_exponent_bit8_mantissa_bit7_precision16_inputs4_5_DW_fp_mult_7'
  Mapping 'skip_unit_BLOCK_SIZE16_exponent_bit8_mantissa_bit7_precision16_inputs4_5_DW_fp_mult_7'
  Structuring 'skip_unit_BLOCK_SIZE16_exponent_bit8_mantissa_bit7_precision16_inputs4_6_DW_fp_mult_6'
  Mapping 'skip_unit_BLOCK_SIZE16_exponent_bit8_mantissa_bit7_precision16_inputs4_6_DW_fp_mult_6'
  Structuring 'skip_unit_BLOCK_SIZE16_exponent_bit8_mantissa_bit7_precision16_inputs4_6_DW_fp_mult_7'
  Mapping 'skip_unit_BLOCK_SIZE16_exponent_bit8_mantissa_bit7_precision16_inputs4_6_DW_fp_mult_7'
  Structuring 'skip_unit_BLOCK_SIZE16_exponent_bit8_mantissa_bit7_precision16_inputs4_0_DW_fp_mult_8'
  Mapping 'skip_unit_BLOCK_SIZE16_exponent_bit8_mantissa_bit7_precision16_inputs4_0_DW_fp_mult_8'
  Structuring 'skip_unit_BLOCK_SIZE16_exponent_bit8_mantissa_bit7_precision16_inputs4_0_DW_fp_mult_9'
  Mapping 'skip_unit_BLOCK_SIZE16_exponent_bit8_mantissa_bit7_precision16_inputs4_0_DW_fp_mult_9'
  Structuring 'skip_unit_BLOCK_SIZE16_exponent_bit8_mantissa_bit7_precision16_inputs4_1_DW_fp_mult_8'
  Mapping 'skip_unit_BLOCK_SIZE16_exponent_bit8_mantissa_bit7_precision16_inputs4_1_DW_fp_mult_8'
  Structuring 'skip_unit_BLOCK_SIZE16_exponent_bit8_mantissa_bit7_precision16_inputs4_1_DW_fp_mult_9'
  Mapping 'skip_unit_BLOCK_SIZE16_exponent_bit8_mantissa_bit7_precision16_inputs4_1_DW_fp_mult_9'
  Structuring 'skip_unit_BLOCK_SIZE16_exponent_bit8_mantissa_bit7_precision16_inputs4_2_DW_fp_mult_8'
  Mapping 'skip_unit_BLOCK_SIZE16_exponent_bit8_mantissa_bit7_precision16_inputs4_2_DW_fp_mult_8'
  Structuring 'skip_unit_BLOCK_SIZE16_exponent_bit8_mantissa_bit7_precision16_inputs4_2_DW_fp_mult_9'
  Mapping 'skip_unit_BLOCK_SIZE16_exponent_bit8_mantissa_bit7_precision16_inputs4_2_DW_fp_mult_9'
  Structuring 'skip_unit_BLOCK_SIZE16_exponent_bit8_mantissa_bit7_precision16_inputs4_3_DW_fp_mult_8'
  Mapping 'skip_unit_BLOCK_SIZE16_exponent_bit8_mantissa_bit7_precision16_inputs4_3_DW_fp_mult_8'
  Structuring 'skip_unit_BLOCK_SIZE16_exponent_bit8_mantissa_bit7_precision16_inputs4_3_DW_fp_mult_9'
  Mapping 'skip_unit_BLOCK_SIZE16_exponent_bit8_mantissa_bit7_precision16_inputs4_3_DW_fp_mult_9'
  Structuring 'skip_unit_BLOCK_SIZE16_exponent_bit8_mantissa_bit7_precision16_inputs4_4_DW_fp_mult_8'
  Mapping 'skip_unit_BLOCK_SIZE16_exponent_bit8_mantissa_bit7_precision16_inputs4_4_DW_fp_mult_8'
  Structuring 'skip_unit_BLOCK_SIZE16_exponent_bit8_mantissa_bit7_precision16_inputs4_4_DW_fp_mult_9'
  Mapping 'skip_unit_BLOCK_SIZE16_exponent_bit8_mantissa_bit7_precision16_inputs4_4_DW_fp_mult_9'
  Structuring 'skip_unit_BLOCK_SIZE16_exponent_bit8_mantissa_bit7_precision16_inputs4_5_DW_fp_mult_8'
  Mapping 'skip_unit_BLOCK_SIZE16_exponent_bit8_mantissa_bit7_precision16_inputs4_5_DW_fp_mult_8'
  Structuring 'skip_unit_BLOCK_SIZE16_exponent_bit8_mantissa_bit7_precision16_inputs4_5_DW_fp_mult_9'
  Mapping 'skip_unit_BLOCK_SIZE16_exponent_bit8_mantissa_bit7_precision16_inputs4_5_DW_fp_mult_9'
  Structuring 'skip_unit_BLOCK_SIZE16_exponent_bit8_mantissa_bit7_precision16_inputs4_6_DW_fp_mult_8'
  Mapping 'skip_unit_BLOCK_SIZE16_exponent_bit8_mantissa_bit7_precision16_inputs4_6_DW_fp_mult_8'
  Structuring 'skip_unit_BLOCK_SIZE16_exponent_bit8_mantissa_bit7_precision16_inputs4_6_DW_fp_mult_9'
  Mapping 'skip_unit_BLOCK_SIZE16_exponent_bit8_mantissa_bit7_precision16_inputs4_6_DW_fp_mult_9'
  Structuring 'skip_unit_BLOCK_SIZE16_exponent_bit8_mantissa_bit7_precision16_inputs4_0_DW_fp_mult_10'
  Mapping 'skip_unit_BLOCK_SIZE16_exponent_bit8_mantissa_bit7_precision16_inputs4_0_DW_fp_mult_10'
  Structuring 'skip_unit_BLOCK_SIZE16_exponent_bit8_mantissa_bit7_precision16_inputs4_0_DW_fp_mult_11'
  Mapping 'skip_unit_BLOCK_SIZE16_exponent_bit8_mantissa_bit7_precision16_inputs4_0_DW_fp_mult_11'
  Structuring 'skip_unit_BLOCK_SIZE16_exponent_bit8_mantissa_bit7_precision16_inputs4_1_DW_fp_mult_10'
  Mapping 'skip_unit_BLOCK_SIZE16_exponent_bit8_mantissa_bit7_precision16_inputs4_1_DW_fp_mult_10'
  Structuring 'skip_unit_BLOCK_SIZE16_exponent_bit8_mantissa_bit7_precision16_inputs4_1_DW_fp_mult_11'
  Mapping 'skip_unit_BLOCK_SIZE16_exponent_bit8_mantissa_bit7_precision16_inputs4_1_DW_fp_mult_11'
  Structuring 'skip_unit_BLOCK_SIZE16_exponent_bit8_mantissa_bit7_precision16_inputs4_2_DW_fp_mult_10'
  Mapping 'skip_unit_BLOCK_SIZE16_exponent_bit8_mantissa_bit7_precision16_inputs4_2_DW_fp_mult_10'
  Structuring 'skip_unit_BLOCK_SIZE16_exponent_bit8_mantissa_bit7_precision16_inputs4_2_DW_fp_mult_11'
  Mapping 'skip_unit_BLOCK_SIZE16_exponent_bit8_mantissa_bit7_precision16_inputs4_2_DW_fp_mult_11'
  Structuring 'skip_unit_BLOCK_SIZE16_exponent_bit8_mantissa_bit7_precision16_inputs4_3_DW_fp_mult_10'
  Mapping 'skip_unit_BLOCK_SIZE16_exponent_bit8_mantissa_bit7_precision16_inputs4_3_DW_fp_mult_10'
  Structuring 'skip_unit_BLOCK_SIZE16_exponent_bit8_mantissa_bit7_precision16_inputs4_3_DW_fp_mult_11'
  Mapping 'skip_unit_BLOCK_SIZE16_exponent_bit8_mantissa_bit7_precision16_inputs4_3_DW_fp_mult_11'
  Structuring 'skip_unit_BLOCK_SIZE16_exponent_bit8_mantissa_bit7_precision16_inputs4_4_DW_fp_mult_10'
  Mapping 'skip_unit_BLOCK_SIZE16_exponent_bit8_mantissa_bit7_precision16_inputs4_4_DW_fp_mult_10'
  Structuring 'skip_unit_BLOCK_SIZE16_exponent_bit8_mantissa_bit7_precision16_inputs4_4_DW_fp_mult_11'
  Mapping 'skip_unit_BLOCK_SIZE16_exponent_bit8_mantissa_bit7_precision16_inputs4_4_DW_fp_mult_11'
  Structuring 'skip_unit_BLOCK_SIZE16_exponent_bit8_mantissa_bit7_precision16_inputs4_5_DW_fp_mult_10'
  Mapping 'skip_unit_BLOCK_SIZE16_exponent_bit8_mantissa_bit7_precision16_inputs4_5_DW_fp_mult_10'
  Structuring 'skip_unit_BLOCK_SIZE16_exponent_bit8_mantissa_bit7_precision16_inputs4_5_DW_fp_mult_11'
  Mapping 'skip_unit_BLOCK_SIZE16_exponent_bit8_mantissa_bit7_precision16_inputs4_5_DW_fp_mult_11'
  Structuring 'skip_unit_BLOCK_SIZE16_exponent_bit8_mantissa_bit7_precision16_inputs4_6_DW_fp_mult_10'
  Mapping 'skip_unit_BLOCK_SIZE16_exponent_bit8_mantissa_bit7_precision16_inputs4_6_DW_fp_mult_10'
  Structuring 'skip_unit_BLOCK_SIZE16_exponent_bit8_mantissa_bit7_precision16_inputs4_6_DW_fp_mult_11'
  Mapping 'skip_unit_BLOCK_SIZE16_exponent_bit8_mantissa_bit7_precision16_inputs4_6_DW_fp_mult_11'
  Structuring 'skip_unit_BLOCK_SIZE16_exponent_bit8_mantissa_bit7_precision16_inputs4_0_DW_fp_mult_12'
  Mapping 'skip_unit_BLOCK_SIZE16_exponent_bit8_mantissa_bit7_precision16_inputs4_0_DW_fp_mult_12'
  Structuring 'skip_unit_BLOCK_SIZE16_exponent_bit8_mantissa_bit7_precision16_inputs4_0_DW_fp_mult_13'
  Mapping 'skip_unit_BLOCK_SIZE16_exponent_bit8_mantissa_bit7_precision16_inputs4_0_DW_fp_mult_13'
  Structuring 'skip_unit_BLOCK_SIZE16_exponent_bit8_mantissa_bit7_precision16_inputs4_1_DW_fp_mult_12'
  Mapping 'skip_unit_BLOCK_SIZE16_exponent_bit8_mantissa_bit7_precision16_inputs4_1_DW_fp_mult_12'
  Structuring 'skip_unit_BLOCK_SIZE16_exponent_bit8_mantissa_bit7_precision16_inputs4_1_DW_fp_mult_13'
  Mapping 'skip_unit_BLOCK_SIZE16_exponent_bit8_mantissa_bit7_precision16_inputs4_1_DW_fp_mult_13'
  Structuring 'skip_unit_BLOCK_SIZE16_exponent_bit8_mantissa_bit7_precision16_inputs4_2_DW_fp_mult_12'
  Mapping 'skip_unit_BLOCK_SIZE16_exponent_bit8_mantissa_bit7_precision16_inputs4_2_DW_fp_mult_12'
  Structuring 'skip_unit_BLOCK_SIZE16_exponent_bit8_mantissa_bit7_precision16_inputs4_2_DW_fp_mult_13'
  Mapping 'skip_unit_BLOCK_SIZE16_exponent_bit8_mantissa_bit7_precision16_inputs4_2_DW_fp_mult_13'
  Structuring 'skip_unit_BLOCK_SIZE16_exponent_bit8_mantissa_bit7_precision16_inputs4_3_DW_fp_mult_12'
  Mapping 'skip_unit_BLOCK_SIZE16_exponent_bit8_mantissa_bit7_precision16_inputs4_3_DW_fp_mult_12'
  Structuring 'skip_unit_BLOCK_SIZE16_exponent_bit8_mantissa_bit7_precision16_inputs4_3_DW_fp_mult_13'
  Mapping 'skip_unit_BLOCK_SIZE16_exponent_bit8_mantissa_bit7_precision16_inputs4_3_DW_fp_mult_13'
  Structuring 'skip_unit_BLOCK_SIZE16_exponent_bit8_mantissa_bit7_precision16_inputs4_4_DW_fp_mult_12'
  Mapping 'skip_unit_BLOCK_SIZE16_exponent_bit8_mantissa_bit7_precision16_inputs4_4_DW_fp_mult_12'
  Structuring 'skip_unit_BLOCK_SIZE16_exponent_bit8_mantissa_bit7_precision16_inputs4_4_DW_fp_mult_13'
  Mapping 'skip_unit_BLOCK_SIZE16_exponent_bit8_mantissa_bit7_precision16_inputs4_4_DW_fp_mult_13'
  Structuring 'skip_unit_BLOCK_SIZE16_exponent_bit8_mantissa_bit7_precision16_inputs4_5_DW_fp_mult_12'
  Mapping 'skip_unit_BLOCK_SIZE16_exponent_bit8_mantissa_bit7_precision16_inputs4_5_DW_fp_mult_12'
  Structuring 'skip_unit_BLOCK_SIZE16_exponent_bit8_mantissa_bit7_precision16_inputs4_5_DW_fp_mult_13'
  Mapping 'skip_unit_BLOCK_SIZE16_exponent_bit8_mantissa_bit7_precision16_inputs4_5_DW_fp_mult_13'
  Structuring 'skip_unit_BLOCK_SIZE16_exponent_bit8_mantissa_bit7_precision16_inputs4_6_DW_fp_mult_12'
  Mapping 'skip_unit_BLOCK_SIZE16_exponent_bit8_mantissa_bit7_precision16_inputs4_6_DW_fp_mult_12'
  Structuring 'skip_unit_BLOCK_SIZE16_exponent_bit8_mantissa_bit7_precision16_inputs4_6_DW_fp_mult_13'
  Mapping 'skip_unit_BLOCK_SIZE16_exponent_bit8_mantissa_bit7_precision16_inputs4_6_DW_fp_mult_13'
  Structuring 'skip_unit_BLOCK_SIZE16_exponent_bit8_mantissa_bit7_precision16_inputs4_0_DW_fp_mult_14'
  Mapping 'skip_unit_BLOCK_SIZE16_exponent_bit8_mantissa_bit7_precision16_inputs4_0_DW_fp_mult_14'
  Structuring 'skip_unit_BLOCK_SIZE16_exponent_bit8_mantissa_bit7_precision16_inputs4_0_DW_fp_mult_15'
  Mapping 'skip_unit_BLOCK_SIZE16_exponent_bit8_mantissa_bit7_precision16_inputs4_0_DW_fp_mult_15'
  Structuring 'skip_unit_BLOCK_SIZE16_exponent_bit8_mantissa_bit7_precision16_inputs4_1_DW_fp_mult_14'
  Mapping 'skip_unit_BLOCK_SIZE16_exponent_bit8_mantissa_bit7_precision16_inputs4_1_DW_fp_mult_14'
  Structuring 'skip_unit_BLOCK_SIZE16_exponent_bit8_mantissa_bit7_precision16_inputs4_1_DW_fp_mult_15'
  Mapping 'skip_unit_BLOCK_SIZE16_exponent_bit8_mantissa_bit7_precision16_inputs4_1_DW_fp_mult_15'
  Structuring 'skip_unit_BLOCK_SIZE16_exponent_bit8_mantissa_bit7_precision16_inputs4_2_DW_fp_mult_14'
  Mapping 'skip_unit_BLOCK_SIZE16_exponent_bit8_mantissa_bit7_precision16_inputs4_2_DW_fp_mult_14'
  Structuring 'skip_unit_BLOCK_SIZE16_exponent_bit8_mantissa_bit7_precision16_inputs4_2_DW_fp_mult_15'
  Mapping 'skip_unit_BLOCK_SIZE16_exponent_bit8_mantissa_bit7_precision16_inputs4_2_DW_fp_mult_15'
  Structuring 'skip_unit_BLOCK_SIZE16_exponent_bit8_mantissa_bit7_precision16_inputs4_3_DW_fp_mult_14'
  Mapping 'skip_unit_BLOCK_SIZE16_exponent_bit8_mantissa_bit7_precision16_inputs4_3_DW_fp_mult_14'
  Structuring 'skip_unit_BLOCK_SIZE16_exponent_bit8_mantissa_bit7_precision16_inputs4_3_DW_fp_mult_15'
  Mapping 'skip_unit_BLOCK_SIZE16_exponent_bit8_mantissa_bit7_precision16_inputs4_3_DW_fp_mult_15'
  Structuring 'skip_unit_BLOCK_SIZE16_exponent_bit8_mantissa_bit7_precision16_inputs4_4_DW_fp_mult_14'
  Mapping 'skip_unit_BLOCK_SIZE16_exponent_bit8_mantissa_bit7_precision16_inputs4_4_DW_fp_mult_14'
  Structuring 'skip_unit_BLOCK_SIZE16_exponent_bit8_mantissa_bit7_precision16_inputs4_4_DW_fp_mult_15'
  Mapping 'skip_unit_BLOCK_SIZE16_exponent_bit8_mantissa_bit7_precision16_inputs4_4_DW_fp_mult_15'
  Structuring 'skip_unit_BLOCK_SIZE16_exponent_bit8_mantissa_bit7_precision16_inputs4_5_DW_fp_mult_14'
  Mapping 'skip_unit_BLOCK_SIZE16_exponent_bit8_mantissa_bit7_precision16_inputs4_5_DW_fp_mult_14'
  Structuring 'skip_unit_BLOCK_SIZE16_exponent_bit8_mantissa_bit7_precision16_inputs4_5_DW_fp_mult_15'
  Mapping 'skip_unit_BLOCK_SIZE16_exponent_bit8_mantissa_bit7_precision16_inputs4_5_DW_fp_mult_15'
  Structuring 'skip_unit_BLOCK_SIZE16_exponent_bit8_mantissa_bit7_precision16_inputs4_6_DW_fp_mult_14'
  Mapping 'skip_unit_BLOCK_SIZE16_exponent_bit8_mantissa_bit7_precision16_inputs4_6_DW_fp_mult_14'
  Structuring 'skip_unit_BLOCK_SIZE16_exponent_bit8_mantissa_bit7_precision16_inputs4_6_DW_fp_mult_15'
  Mapping 'skip_unit_BLOCK_SIZE16_exponent_bit8_mantissa_bit7_precision16_inputs4_6_DW_fp_mult_15'
  Structuring 'skip_unit_BLOCK_SIZE16_exponent_bit8_mantissa_bit7_precision16_inputs4_0_DW_fp_mult_16'
  Mapping 'skip_unit_BLOCK_SIZE16_exponent_bit8_mantissa_bit7_precision16_inputs4_0_DW_fp_mult_16'
  Structuring 'skip_unit_BLOCK_SIZE16_exponent_bit8_mantissa_bit7_precision16_inputs4_0_DW_fp_mult_17'
  Mapping 'skip_unit_BLOCK_SIZE16_exponent_bit8_mantissa_bit7_precision16_inputs4_0_DW_fp_mult_17'
  Structuring 'skip_unit_BLOCK_SIZE16_exponent_bit8_mantissa_bit7_precision16_inputs4_1_DW_fp_mult_16'
  Mapping 'skip_unit_BLOCK_SIZE16_exponent_bit8_mantissa_bit7_precision16_inputs4_1_DW_fp_mult_16'
  Structuring 'skip_unit_BLOCK_SIZE16_exponent_bit8_mantissa_bit7_precision16_inputs4_1_DW_fp_mult_17'
  Mapping 'skip_unit_BLOCK_SIZE16_exponent_bit8_mantissa_bit7_precision16_inputs4_1_DW_fp_mult_17'
  Structuring 'skip_unit_BLOCK_SIZE16_exponent_bit8_mantissa_bit7_precision16_inputs4_2_DW_fp_mult_16'
  Mapping 'skip_unit_BLOCK_SIZE16_exponent_bit8_mantissa_bit7_precision16_inputs4_2_DW_fp_mult_16'
  Structuring 'skip_unit_BLOCK_SIZE16_exponent_bit8_mantissa_bit7_precision16_inputs4_2_DW_fp_mult_17'
  Mapping 'skip_unit_BLOCK_SIZE16_exponent_bit8_mantissa_bit7_precision16_inputs4_2_DW_fp_mult_17'
  Structuring 'skip_unit_BLOCK_SIZE16_exponent_bit8_mantissa_bit7_precision16_inputs4_3_DW_fp_mult_16'
  Mapping 'skip_unit_BLOCK_SIZE16_exponent_bit8_mantissa_bit7_precision16_inputs4_3_DW_fp_mult_16'
  Structuring 'skip_unit_BLOCK_SIZE16_exponent_bit8_mantissa_bit7_precision16_inputs4_3_DW_fp_mult_17'
  Mapping 'skip_unit_BLOCK_SIZE16_exponent_bit8_mantissa_bit7_precision16_inputs4_3_DW_fp_mult_17'
  Structuring 'skip_unit_BLOCK_SIZE16_exponent_bit8_mantissa_bit7_precision16_inputs4_4_DW_fp_mult_16'
  Mapping 'skip_unit_BLOCK_SIZE16_exponent_bit8_mantissa_bit7_precision16_inputs4_4_DW_fp_mult_16'
  Structuring 'skip_unit_BLOCK_SIZE16_exponent_bit8_mantissa_bit7_precision16_inputs4_4_DW_fp_mult_17'
  Mapping 'skip_unit_BLOCK_SIZE16_exponent_bit8_mantissa_bit7_precision16_inputs4_4_DW_fp_mult_17'
  Structuring 'skip_unit_BLOCK_SIZE16_exponent_bit8_mantissa_bit7_precision16_inputs4_5_DW_fp_mult_16'
  Mapping 'skip_unit_BLOCK_SIZE16_exponent_bit8_mantissa_bit7_precision16_inputs4_5_DW_fp_mult_16'
  Structuring 'skip_unit_BLOCK_SIZE16_exponent_bit8_mantissa_bit7_precision16_inputs4_5_DW_fp_mult_17'
  Mapping 'skip_unit_BLOCK_SIZE16_exponent_bit8_mantissa_bit7_precision16_inputs4_5_DW_fp_mult_17'
  Structuring 'skip_unit_BLOCK_SIZE16_exponent_bit8_mantissa_bit7_precision16_inputs4_6_DW_fp_mult_16'
  Mapping 'skip_unit_BLOCK_SIZE16_exponent_bit8_mantissa_bit7_precision16_inputs4_6_DW_fp_mult_16'
  Structuring 'skip_unit_BLOCK_SIZE16_exponent_bit8_mantissa_bit7_precision16_inputs4_6_DW_fp_mult_17'
  Mapping 'skip_unit_BLOCK_SIZE16_exponent_bit8_mantissa_bit7_precision16_inputs4_6_DW_fp_mult_17'
  Structuring 'skip_unit_BLOCK_SIZE16_exponent_bit8_mantissa_bit7_precision16_inputs4_0_DW_fp_mult_18'
  Mapping 'skip_unit_BLOCK_SIZE16_exponent_bit8_mantissa_bit7_precision16_inputs4_0_DW_fp_mult_18'
  Structuring 'skip_unit_BLOCK_SIZE16_exponent_bit8_mantissa_bit7_precision16_inputs4_0_DW_fp_mult_19'
  Mapping 'skip_unit_BLOCK_SIZE16_exponent_bit8_mantissa_bit7_precision16_inputs4_0_DW_fp_mult_19'
  Structuring 'skip_unit_BLOCK_SIZE16_exponent_bit8_mantissa_bit7_precision16_inputs4_1_DW_fp_mult_18'
  Mapping 'skip_unit_BLOCK_SIZE16_exponent_bit8_mantissa_bit7_precision16_inputs4_1_DW_fp_mult_18'
  Structuring 'skip_unit_BLOCK_SIZE16_exponent_bit8_mantissa_bit7_precision16_inputs4_1_DW_fp_mult_19'
  Mapping 'skip_unit_BLOCK_SIZE16_exponent_bit8_mantissa_bit7_precision16_inputs4_1_DW_fp_mult_19'
  Structuring 'skip_unit_BLOCK_SIZE16_exponent_bit8_mantissa_bit7_precision16_inputs4_2_DW_fp_mult_18'
  Mapping 'skip_unit_BLOCK_SIZE16_exponent_bit8_mantissa_bit7_precision16_inputs4_2_DW_fp_mult_18'
  Structuring 'skip_unit_BLOCK_SIZE16_exponent_bit8_mantissa_bit7_precision16_inputs4_2_DW_fp_mult_19'
  Mapping 'skip_unit_BLOCK_SIZE16_exponent_bit8_mantissa_bit7_precision16_inputs4_2_DW_fp_mult_19'
  Structuring 'skip_unit_BLOCK_SIZE16_exponent_bit8_mantissa_bit7_precision16_inputs4_3_DW_fp_mult_18'
  Mapping 'skip_unit_BLOCK_SIZE16_exponent_bit8_mantissa_bit7_precision16_inputs4_3_DW_fp_mult_18'
  Structuring 'skip_unit_BLOCK_SIZE16_exponent_bit8_mantissa_bit7_precision16_inputs4_3_DW_fp_mult_19'
  Mapping 'skip_unit_BLOCK_SIZE16_exponent_bit8_mantissa_bit7_precision16_inputs4_3_DW_fp_mult_19'
  Structuring 'skip_unit_BLOCK_SIZE16_exponent_bit8_mantissa_bit7_precision16_inputs4_4_DW_fp_mult_18'
  Mapping 'skip_unit_BLOCK_SIZE16_exponent_bit8_mantissa_bit7_precision16_inputs4_4_DW_fp_mult_18'
  Structuring 'skip_unit_BLOCK_SIZE16_exponent_bit8_mantissa_bit7_precision16_inputs4_4_DW_fp_mult_19'
  Mapping 'skip_unit_BLOCK_SIZE16_exponent_bit8_mantissa_bit7_precision16_inputs4_4_DW_fp_mult_19'
  Structuring 'skip_unit_BLOCK_SIZE16_exponent_bit8_mantissa_bit7_precision16_inputs4_5_DW_fp_mult_18'
  Mapping 'skip_unit_BLOCK_SIZE16_exponent_bit8_mantissa_bit7_precision16_inputs4_5_DW_fp_mult_18'
  Structuring 'skip_unit_BLOCK_SIZE16_exponent_bit8_mantissa_bit7_precision16_inputs4_5_DW_fp_mult_19'
  Mapping 'skip_unit_BLOCK_SIZE16_exponent_bit8_mantissa_bit7_precision16_inputs4_5_DW_fp_mult_19'
  Structuring 'skip_unit_BLOCK_SIZE16_exponent_bit8_mantissa_bit7_precision16_inputs4_6_DW_fp_mult_18'
  Mapping 'skip_unit_BLOCK_SIZE16_exponent_bit8_mantissa_bit7_precision16_inputs4_6_DW_fp_mult_18'
  Structuring 'skip_unit_BLOCK_SIZE16_exponent_bit8_mantissa_bit7_precision16_inputs4_6_DW_fp_mult_19'
  Mapping 'skip_unit_BLOCK_SIZE16_exponent_bit8_mantissa_bit7_precision16_inputs4_6_DW_fp_mult_19'
  Structuring 'skip_unit_BLOCK_SIZE16_exponent_bit8_mantissa_bit7_precision16_inputs4_0_DW_fp_mult_20'
  Mapping 'skip_unit_BLOCK_SIZE16_exponent_bit8_mantissa_bit7_precision16_inputs4_0_DW_fp_mult_20'
  Structuring 'skip_unit_BLOCK_SIZE16_exponent_bit8_mantissa_bit7_precision16_inputs4_0_DW_fp_mult_21'
  Mapping 'skip_unit_BLOCK_SIZE16_exponent_bit8_mantissa_bit7_precision16_inputs4_0_DW_fp_mult_21'
  Structuring 'skip_unit_BLOCK_SIZE16_exponent_bit8_mantissa_bit7_precision16_inputs4_1_DW_fp_mult_20'
  Mapping 'skip_unit_BLOCK_SIZE16_exponent_bit8_mantissa_bit7_precision16_inputs4_1_DW_fp_mult_20'
  Structuring 'skip_unit_BLOCK_SIZE16_exponent_bit8_mantissa_bit7_precision16_inputs4_1_DW_fp_mult_21'
  Mapping 'skip_unit_BLOCK_SIZE16_exponent_bit8_mantissa_bit7_precision16_inputs4_1_DW_fp_mult_21'
  Structuring 'skip_unit_BLOCK_SIZE16_exponent_bit8_mantissa_bit7_precision16_inputs4_2_DW_fp_mult_20'
  Mapping 'skip_unit_BLOCK_SIZE16_exponent_bit8_mantissa_bit7_precision16_inputs4_2_DW_fp_mult_20'
  Structuring 'skip_unit_BLOCK_SIZE16_exponent_bit8_mantissa_bit7_precision16_inputs4_2_DW_fp_mult_21'
  Mapping 'skip_unit_BLOCK_SIZE16_exponent_bit8_mantissa_bit7_precision16_inputs4_2_DW_fp_mult_21'
  Structuring 'skip_unit_BLOCK_SIZE16_exponent_bit8_mantissa_bit7_precision16_inputs4_3_DW_fp_mult_20'
  Mapping 'skip_unit_BLOCK_SIZE16_exponent_bit8_mantissa_bit7_precision16_inputs4_3_DW_fp_mult_20'
  Structuring 'skip_unit_BLOCK_SIZE16_exponent_bit8_mantissa_bit7_precision16_inputs4_3_DW_fp_mult_21'
  Mapping 'skip_unit_BLOCK_SIZE16_exponent_bit8_mantissa_bit7_precision16_inputs4_3_DW_fp_mult_21'
  Structuring 'skip_unit_BLOCK_SIZE16_exponent_bit8_mantissa_bit7_precision16_inputs4_4_DW_fp_mult_20'
  Mapping 'skip_unit_BLOCK_SIZE16_exponent_bit8_mantissa_bit7_precision16_inputs4_4_DW_fp_mult_20'
  Structuring 'skip_unit_BLOCK_SIZE16_exponent_bit8_mantissa_bit7_precision16_inputs4_4_DW_fp_mult_21'
  Mapping 'skip_unit_BLOCK_SIZE16_exponent_bit8_mantissa_bit7_precision16_inputs4_4_DW_fp_mult_21'
  Structuring 'skip_unit_BLOCK_SIZE16_exponent_bit8_mantissa_bit7_precision16_inputs4_5_DW_fp_mult_20'
  Mapping 'skip_unit_BLOCK_SIZE16_exponent_bit8_mantissa_bit7_precision16_inputs4_5_DW_fp_mult_20'
  Structuring 'skip_unit_BLOCK_SIZE16_exponent_bit8_mantissa_bit7_precision16_inputs4_5_DW_fp_mult_21'
  Mapping 'skip_unit_BLOCK_SIZE16_exponent_bit8_mantissa_bit7_precision16_inputs4_5_DW_fp_mult_21'
  Structuring 'skip_unit_BLOCK_SIZE16_exponent_bit8_mantissa_bit7_precision16_inputs4_6_DW_fp_mult_20'
  Mapping 'skip_unit_BLOCK_SIZE16_exponent_bit8_mantissa_bit7_precision16_inputs4_6_DW_fp_mult_20'
  Structuring 'skip_unit_BLOCK_SIZE16_exponent_bit8_mantissa_bit7_precision16_inputs4_6_DW_fp_mult_21'
  Mapping 'skip_unit_BLOCK_SIZE16_exponent_bit8_mantissa_bit7_precision16_inputs4_6_DW_fp_mult_21'
  Structuring 'skip_unit_BLOCK_SIZE16_exponent_bit8_mantissa_bit7_precision16_inputs4_0_DW_fp_mult_22'
  Mapping 'skip_unit_BLOCK_SIZE16_exponent_bit8_mantissa_bit7_precision16_inputs4_0_DW_fp_mult_22'
  Structuring 'skip_unit_BLOCK_SIZE16_exponent_bit8_mantissa_bit7_precision16_inputs4_0_DW_fp_mult_23'
  Mapping 'skip_unit_BLOCK_SIZE16_exponent_bit8_mantissa_bit7_precision16_inputs4_0_DW_fp_mult_23'
  Structuring 'skip_unit_BLOCK_SIZE16_exponent_bit8_mantissa_bit7_precision16_inputs4_1_DW_fp_mult_22'
  Mapping 'skip_unit_BLOCK_SIZE16_exponent_bit8_mantissa_bit7_precision16_inputs4_1_DW_fp_mult_22'
  Structuring 'skip_unit_BLOCK_SIZE16_exponent_bit8_mantissa_bit7_precision16_inputs4_1_DW_fp_mult_23'
  Mapping 'skip_unit_BLOCK_SIZE16_exponent_bit8_mantissa_bit7_precision16_inputs4_1_DW_fp_mult_23'
  Structuring 'skip_unit_BLOCK_SIZE16_exponent_bit8_mantissa_bit7_precision16_inputs4_2_DW_fp_mult_22'
  Mapping 'skip_unit_BLOCK_SIZE16_exponent_bit8_mantissa_bit7_precision16_inputs4_2_DW_fp_mult_22'
  Structuring 'skip_unit_BLOCK_SIZE16_exponent_bit8_mantissa_bit7_precision16_inputs4_2_DW_fp_mult_23'
  Mapping 'skip_unit_BLOCK_SIZE16_exponent_bit8_mantissa_bit7_precision16_inputs4_2_DW_fp_mult_23'
  Structuring 'skip_unit_BLOCK_SIZE16_exponent_bit8_mantissa_bit7_precision16_inputs4_3_DW_fp_mult_22'
  Mapping 'skip_unit_BLOCK_SIZE16_exponent_bit8_mantissa_bit7_precision16_inputs4_3_DW_fp_mult_22'
  Structuring 'skip_unit_BLOCK_SIZE16_exponent_bit8_mantissa_bit7_precision16_inputs4_3_DW_fp_mult_23'
  Mapping 'skip_unit_BLOCK_SIZE16_exponent_bit8_mantissa_bit7_precision16_inputs4_3_DW_fp_mult_23'
  Structuring 'skip_unit_BLOCK_SIZE16_exponent_bit8_mantissa_bit7_precision16_inputs4_4_DW_fp_mult_22'
  Mapping 'skip_unit_BLOCK_SIZE16_exponent_bit8_mantissa_bit7_precision16_inputs4_4_DW_fp_mult_22'
  Structuring 'skip_unit_BLOCK_SIZE16_exponent_bit8_mantissa_bit7_precision16_inputs4_4_DW_fp_mult_23'
  Mapping 'skip_unit_BLOCK_SIZE16_exponent_bit8_mantissa_bit7_precision16_inputs4_4_DW_fp_mult_23'
  Structuring 'skip_unit_BLOCK_SIZE16_exponent_bit8_mantissa_bit7_precision16_inputs4_5_DW_fp_mult_22'
  Mapping 'skip_unit_BLOCK_SIZE16_exponent_bit8_mantissa_bit7_precision16_inputs4_5_DW_fp_mult_22'
  Structuring 'skip_unit_BLOCK_SIZE16_exponent_bit8_mantissa_bit7_precision16_inputs4_5_DW_fp_mult_23'
  Mapping 'skip_unit_BLOCK_SIZE16_exponent_bit8_mantissa_bit7_precision16_inputs4_5_DW_fp_mult_23'
  Structuring 'skip_unit_BLOCK_SIZE16_exponent_bit8_mantissa_bit7_precision16_inputs4_6_DW_fp_mult_22'
  Mapping 'skip_unit_BLOCK_SIZE16_exponent_bit8_mantissa_bit7_precision16_inputs4_6_DW_fp_mult_22'
  Structuring 'skip_unit_BLOCK_SIZE16_exponent_bit8_mantissa_bit7_precision16_inputs4_6_DW_fp_mult_23'
  Mapping 'skip_unit_BLOCK_SIZE16_exponent_bit8_mantissa_bit7_precision16_inputs4_6_DW_fp_mult_23'
Information: Checking pipeline property of design Rasterizer_group_unit. (RTDC-137)
Information: Pipeline detection aborted. Reason: cell rasterizer_units[7].rasterizer_inst/gradient_unit_stage3/T2_reg[15] is on a feedback loop. (RTDC-138)
Information: Aborted pipeline detection on design Rasterizer_group_unit. (RTDC-140)
  Mapping Optimization (Phase 1)
  Mapping Optimization (Phase 2)
  Mapping Optimization (Phase 3)
  Mapping Optimization (Phase 4)
  Mapping Optimization (Phase 5)
  Mapping Optimization (Phase 6)
  Mapping Optimization (Phase 7)
  Mapping Optimization (Phase 8)
  Mapping Optimization (Phase 9)
  Mapping Optimization (Phase 10)
  Mapping Optimization (Phase 11)
  Mapping Optimization (Phase 12)
  Mapping Optimization (Phase 13)
  Mapping Optimization (Phase 14)
  Mapping Optimization (Phase 15)
  Mapping Optimization (Phase 16)
  Mapping Optimization (Phase 17)
  Mapping Optimization (Phase 18)
  Mapping Optimization (Phase 19)
  Mapping Optimization (Phase 20)
  Mapping Optimization (Phase 21)
  Mapping Optimization (Phase 22)
  Mapping Optimization (Phase 23)
  Mapping Optimization (Phase 24)
  Mapping Optimization (Phase 25)
  Mapping Optimization (Phase 26)
Information: In design 'Rasterizer_group_unit', the register 'rasterizer_units[7].rasterizer_inst/gradient_unit_stage3/ddelx_dx1_reg[11]' is removed because it is merged to 'rasterizer_units[7].rasterizer_inst/gradient_unit_stage3/ddelx_dx1_reg[13]'. (OPT-1215)
Information: In design 'Rasterizer_group_unit', the register 'rasterizer_units[7].rasterizer_inst/gradient_unit_stage3/ddelx_dx1_reg[12]' is removed because it is merged to 'rasterizer_units[7].rasterizer_inst/gradient_unit_stage3/ddelx_dx1_reg[13]'. (OPT-1215)
Information: In design 'Rasterizer_group_unit', the register 'rasterizer_units[7].rasterizer_inst/gradient_unit_stage3/ddely_dy1_reg[11]' is removed because it is merged to 'rasterizer_units[7].rasterizer_inst/gradient_unit_stage3/ddely_dy1_reg[13]'. (OPT-1215)
Information: In design 'Rasterizer_group_unit', the register 'rasterizer_units[7].rasterizer_inst/gradient_unit_stage3/ddely_dy1_reg[12]' is removed because it is merged to 'rasterizer_units[7].rasterizer_inst/gradient_unit_stage3/ddely_dy1_reg[13]'. (OPT-1215)
Information: In design 'Rasterizer_group_unit', the register 'rasterizer_units[6].rasterizer_inst/gradient_unit_stage3/ddelx_dx1_reg[11]' is removed because it is merged to 'rasterizer_units[6].rasterizer_inst/gradient_unit_stage3/ddelx_dx1_reg[13]'. (OPT-1215)
Information: In design 'Rasterizer_group_unit', the register 'rasterizer_units[6].rasterizer_inst/gradient_unit_stage3/ddelx_dx1_reg[12]' is removed because it is merged to 'rasterizer_units[6].rasterizer_inst/gradient_unit_stage3/ddelx_dx1_reg[13]'. (OPT-1215)
Information: In design 'Rasterizer_group_unit', the register 'rasterizer_units[6].rasterizer_inst/gradient_unit_stage3/ddely_dy1_reg[11]' is removed because it is merged to 'rasterizer_units[6].rasterizer_inst/gradient_unit_stage3/ddely_dy1_reg[13]'. (OPT-1215)
Information: In design 'Rasterizer_group_unit', the register 'rasterizer_units[6].rasterizer_inst/gradient_unit_stage3/ddely_dy1_reg[12]' is removed because it is merged to 'rasterizer_units[6].rasterizer_inst/gradient_unit_stage3/ddely_dy1_reg[13]'. (OPT-1215)
Information: In design 'Rasterizer_group_unit', the register 'rasterizer_units[5].rasterizer_inst/gradient_unit_stage3/ddelx_dx1_reg[11]' is removed because it is merged to 'rasterizer_units[5].rasterizer_inst/gradient_unit_stage3/ddelx_dx1_reg[13]'. (OPT-1215)
Information: In design 'Rasterizer_group_unit', the register 'rasterizer_units[5].rasterizer_inst/gradient_unit_stage3/ddelx_dx1_reg[12]' is removed because it is merged to 'rasterizer_units[5].rasterizer_inst/gradient_unit_stage3/ddelx_dx1_reg[13]'. (OPT-1215)
Information: In design 'Rasterizer_group_unit', the register 'rasterizer_units[5].rasterizer_inst/gradient_unit_stage3/ddely_dy1_reg[11]' is removed because it is merged to 'rasterizer_units[5].rasterizer_inst/gradient_unit_stage3/ddely_dy1_reg[13]'. (OPT-1215)
Information: In design 'Rasterizer_group_unit', the register 'rasterizer_units[5].rasterizer_inst/gradient_unit_stage3/ddely_dy1_reg[12]' is removed because it is merged to 'rasterizer_units[5].rasterizer_inst/gradient_unit_stage3/ddely_dy1_reg[13]'. (OPT-1215)
Information: In design 'Rasterizer_group_unit', the register 'rasterizer_units[4].rasterizer_inst/gradient_unit_stage3/ddelx_dx1_reg[11]' is removed because it is merged to 'rasterizer_units[4].rasterizer_inst/gradient_unit_stage3/ddelx_dx1_reg[13]'. (OPT-1215)
Information: In design 'Rasterizer_group_unit', the register 'rasterizer_units[4].rasterizer_inst/gradient_unit_stage3/ddelx_dx1_reg[12]' is removed because it is merged to 'rasterizer_units[4].rasterizer_inst/gradient_unit_stage3/ddelx_dx1_reg[13]'. (OPT-1215)
Information: In design 'Rasterizer_group_unit', the register 'rasterizer_units[4].rasterizer_inst/gradient_unit_stage3/ddely_dy1_reg[11]' is removed because it is merged to 'rasterizer_units[4].rasterizer_inst/gradient_unit_stage3/ddely_dy1_reg[13]'. (OPT-1215)
Information: In design 'Rasterizer_group_unit', the register 'rasterizer_units[4].rasterizer_inst/gradient_unit_stage3/ddely_dy1_reg[12]' is removed because it is merged to 'rasterizer_units[4].rasterizer_inst/gradient_unit_stage3/ddely_dy1_reg[13]'. (OPT-1215)
Information: In design 'Rasterizer_group_unit', the register 'rasterizer_units[3].rasterizer_inst/gradient_unit_stage3/ddelx_dx1_reg[11]' is removed because it is merged to 'rasterizer_units[3].rasterizer_inst/gradient_unit_stage3/ddelx_dx1_reg[13]'. (OPT-1215)
Information: In design 'Rasterizer_group_unit', the register 'rasterizer_units[3].rasterizer_inst/gradient_unit_stage3/ddelx_dx1_reg[12]' is removed because it is merged to 'rasterizer_units[3].rasterizer_inst/gradient_unit_stage3/ddelx_dx1_reg[13]'. (OPT-1215)
Information: In design 'Rasterizer_group_unit', the register 'rasterizer_units[3].rasterizer_inst/gradient_unit_stage3/ddely_dy1_reg[11]' is removed because it is merged to 'rasterizer_units[3].rasterizer_inst/gradient_unit_stage3/ddely_dy1_reg[13]'. (OPT-1215)
Information: In design 'Rasterizer_group_unit', the register 'rasterizer_units[3].rasterizer_inst/gradient_unit_stage3/ddely_dy1_reg[12]' is removed because it is merged to 'rasterizer_units[3].rasterizer_inst/gradient_unit_stage3/ddely_dy1_reg[13]'. (OPT-1215)
Information: In design 'Rasterizer_group_unit', the register 'rasterizer_units[2].rasterizer_inst/gradient_unit_stage3/ddelx_dx1_reg[11]' is removed because it is merged to 'rasterizer_units[2].rasterizer_inst/gradient_unit_stage3/ddelx_dx1_reg[13]'. (OPT-1215)
Information: In design 'Rasterizer_group_unit', the register 'rasterizer_units[2].rasterizer_inst/gradient_unit_stage3/ddelx_dx1_reg[12]' is removed because it is merged to 'rasterizer_units[2].rasterizer_inst/gradient_unit_stage3/ddelx_dx1_reg[13]'. (OPT-1215)
Information: In design 'Rasterizer_group_unit', the register 'rasterizer_units[2].rasterizer_inst/gradient_unit_stage3/ddely_dy1_reg[11]' is removed because it is merged to 'rasterizer_units[2].rasterizer_inst/gradient_unit_stage3/ddely_dy1_reg[13]'. (OPT-1215)
Information: In design 'Rasterizer_group_unit', the register 'rasterizer_units[2].rasterizer_inst/gradient_unit_stage3/ddely_dy1_reg[12]' is removed because it is merged to 'rasterizer_units[2].rasterizer_inst/gradient_unit_stage3/ddely_dy1_reg[13]'. (OPT-1215)
Information: In design 'Rasterizer_group_unit', the register 'rasterizer_units[1].rasterizer_inst/gradient_unit_stage3/ddelx_dx1_reg[11]' is removed because it is merged to 'rasterizer_units[1].rasterizer_inst/gradient_unit_stage3/ddelx_dx1_reg[13]'. (OPT-1215)
Information: In design 'Rasterizer_group_unit', the register 'rasterizer_units[1].rasterizer_inst/gradient_unit_stage3/ddelx_dx1_reg[12]' is removed because it is merged to 'rasterizer_units[1].rasterizer_inst/gradient_unit_stage3/ddelx_dx1_reg[13]'. (OPT-1215)
Information: In design 'Rasterizer_group_unit', the register 'rasterizer_units[1].rasterizer_inst/gradient_unit_stage3/ddely_dy1_reg[11]' is removed because it is merged to 'rasterizer_units[1].rasterizer_inst/gradient_unit_stage3/ddely_dy1_reg[13]'. (OPT-1215)
Information: In design 'Rasterizer_group_unit', the register 'rasterizer_units[1].rasterizer_inst/gradient_unit_stage3/ddely_dy1_reg[12]' is removed because it is merged to 'rasterizer_units[1].rasterizer_inst/gradient_unit_stage3/ddely_dy1_reg[13]'. (OPT-1215)
Information: In design 'Rasterizer_group_unit', the register 'rasterizer_units[0].rasterizer_inst/gradient_unit_stage3/ddelx_dx1_reg[11]' is removed because it is merged to 'rasterizer_units[0].rasterizer_inst/gradient_unit_stage3/ddelx_dx1_reg[13]'. (OPT-1215)
Information: In design 'Rasterizer_group_unit', the register 'rasterizer_units[0].rasterizer_inst/gradient_unit_stage3/ddelx_dx1_reg[12]' is removed because it is merged to 'rasterizer_units[0].rasterizer_inst/gradient_unit_stage3/ddelx_dx1_reg[13]'. (OPT-1215)
Information: In design 'Rasterizer_group_unit', the register 'rasterizer_units[0].rasterizer_inst/gradient_unit_stage3/ddely_dy1_reg[11]' is removed because it is merged to 'rasterizer_units[0].rasterizer_inst/gradient_unit_stage3/ddely_dy1_reg[13]'. (OPT-1215)
Information: In design 'Rasterizer_group_unit', the register 'rasterizer_units[0].rasterizer_inst/gradient_unit_stage3/ddely_dy1_reg[12]' is removed because it is merged to 'rasterizer_units[0].rasterizer_inst/gradient_unit_stage3/ddely_dy1_reg[13]'. (OPT-1215)
Information: Checkpoint guidance is generated in the .svf file. (INFO-122)
Warning: Retiming is likely to run for an extended
	period of time due to the large design size. (RTDC-135)
  Retiming Rasterizer_group_unit (top)
  Preferred flip-flop is SEN_FSDPQO_F4_12 with setup = 0.02

Warning: The design contains the following cells
	 which have no influence on the design's function but cannot
	 be removed (e.g. because a dont_touch attribute has been set
	 set on them). Retiming will ignore these cells in order to 
	 achieve good results:
	rasterizer_units[0].rasterizer_inst/skip_unit_stage1/inputs_dimension[2].t3_inst_i/*cell*1233413 (SEN_NR2_T_2)
	rasterizer_units[0].rasterizer_inst/skip_unit_stage1/inputs_dimension[2].t2_inst_i/*cell*1230884 (SEN_NR2_T_2)
	rasterizer_units[0].rasterizer_inst/skip_unit_stage1/inputs_dimension[2].t1_inst_i/*cell*1228152 (SEN_NR2_T_2)
	rasterizer_units[0].rasterizer_inst/skip_unit_stage1/inputs_dimension[0].t2_inst_i/*cell*1222998 (SEN_NR2_T_2)
	rasterizer_units[0].rasterizer_inst/skip_unit_stage1/inputs_dimension[3].t1_inst_i/*cell*1229522 (SEN_NR2_T_2)
	rasterizer_units[0].rasterizer_inst/skip_unit_stage1/inputs_dimension[3].t3_inst_i/*cell*1234647 (SEN_NR2_T_2)
	rasterizer_units[0].rasterizer_inst/skip_unit_stage1/*cell*1224366 (SEN_NR2_T_2)
	rasterizer_units[0].rasterizer_inst/skip_unit_stage1/inputs_dimension[1].t2_inst_i/UM1/U138 (SEN_NR2_T_4)
	rasterizer_units[0].rasterizer_inst/skip_unit_stage1/inputs_dimension[1].t1_inst_i/UM1/U138 (SEN_NR2_T_4)
	rasterizer_units[0].rasterizer_inst/skip_unit_stage1/*cell*1232107 (SEN_NR2_T_2)
	rasterizer_units[1].rasterizer_inst/skip_unit_stage1/inputs_dimension[2].t1_inst_i/*cell*1123919 (SEN_NR2_T_2)
	rasterizer_units[1].rasterizer_inst/skip_unit_stage1/inputs_dimension[1].t3_inst_i/*cell*1127814 (SEN_NR2_T_2)
	rasterizer_units[1].rasterizer_inst/skip_unit_stage1/inputs_dimension[2].t2_inst_i/*cell*1125283 (SEN_NR2_T_2)
	rasterizer_units[1].rasterizer_inst/skip_unit_stage1/inputs_dimension[0].t3_inst_i/*cell*1129058 (SEN_NR2_T_2)
	rasterizer_units[1].rasterizer_inst/skip_unit_stage1/inputs_dimension[3].t1_inst_i/*cell*1116215 (SEN_NR2_T_2)
	rasterizer_units[1].rasterizer_inst/skip_unit_stage1/inputs_dimension[3].t2_inst_i/*cell*1118952 (SEN_NR2_T_2)
	rasterizer_units[1].rasterizer_inst/skip_unit_stage1/inputs_dimension[3].t3_inst_i/*cell*1126509 (SEN_NR2_T_2)
	rasterizer_units[1].rasterizer_inst/skip_unit_stage1/inputs_dimension[0].t2_inst_i/*cell*1122725 (SEN_NR2_T_2)
	rasterizer_units[1].rasterizer_inst/skip_unit_stage1/inputs_dimension[0].t1_inst_i/*cell*1117582 (SEN_NR2_T_2)
	rasterizer_units[1].rasterizer_inst/skip_unit_stage1/inputs_dimension[2].t3_inst_i/*cell*1130258 (SEN_NR2_T_2)
	rasterizer_units[1].rasterizer_inst/skip_unit_stage1/inputs_dimension[1].t1_inst_i/UM1/U138 (SEN_NR2_T_4)
	rasterizer_units[1].rasterizer_inst/skip_unit_stage1/inputs_dimension[1].t2_inst_i/UM1/U138 (SEN_NR2_T_4)
	rasterizer_units[2].rasterizer_inst/skip_unit_stage1/inputs_dimension[2].t1_inst_i/*cell*1139173 (SEN_NR2_T_2)
	rasterizer_units[2].rasterizer_inst/skip_unit_stage1/inputs_dimension[1].t3_inst_i/*cell*1143068 (SEN_NR2_T_2)
	rasterizer_units[2].rasterizer_inst/skip_unit_stage1/inputs_dimension[2].t2_inst_i/*cell*1140537 (SEN_NR2_T_2)
	rasterizer_units[2].rasterizer_inst/skip_unit_stage1/inputs_dimension[0].t3_inst_i/*cell*1144312 (SEN_NR2_T_2)
	rasterizer_units[2].rasterizer_inst/skip_unit_stage1/inputs_dimension[3].t1_inst_i/*cell*1131469 (SEN_NR2_T_2)
	rasterizer_units[2].rasterizer_inst/skip_unit_stage1/inputs_dimension[3].t2_inst_i/*cell*1134206 (SEN_NR2_T_2)
	rasterizer_units[2].rasterizer_inst/skip_unit_stage1/inputs_dimension[3].t3_inst_i/*cell*1141763 (SEN_NR2_T_2)
	rasterizer_units[2].rasterizer_inst/skip_unit_stage1/inputs_dimension[0].t2_inst_i/*cell*1137979 (SEN_NR2_T_2)
	rasterizer_units[2].rasterizer_inst/skip_unit_stage1/inputs_dimension[0].t1_inst_i/*cell*1132836 (SEN_NR2_T_2)
	rasterizer_units[2].rasterizer_inst/skip_unit_stage1/inputs_dimension[2].t3_inst_i/*cell*1145512 (SEN_NR2_T_2)
	rasterizer_units[2].rasterizer_inst/skip_unit_stage1/inputs_dimension[1].t1_inst_i/UM1/U138 (SEN_NR2_T_4)
	rasterizer_units[2].rasterizer_inst/skip_unit_stage1/inputs_dimension[1].t2_inst_i/UM1/U138 (SEN_NR2_T_4)
	rasterizer_units[2].rasterizer_inst/gradient_unit_stage3/*cell*2185936 (SEN_DEL_L4V1_8)
	rasterizer_units[3].rasterizer_inst/skip_unit_stage1/inputs_dimension[2].t1_inst_i/*cell*1154427 (SEN_NR2_T_2)
	rasterizer_units[3].rasterizer_inst/skip_unit_stage1/inputs_dimension[1].t3_inst_i/*cell*1158322 (SEN_NR2_T_2)
	rasterizer_units[3].rasterizer_inst/skip_unit_stage1/inputs_dimension[2].t2_inst_i/*cell*1155791 (SEN_NR2_T_2)
	rasterizer_units[3].rasterizer_inst/skip_unit_stage1/inputs_dimension[0].t3_inst_i/*cell*1159566 (SEN_NR2_T_2)
	rasterizer_units[3].rasterizer_inst/skip_unit_stage1/inputs_dimension[3].t1_inst_i/*cell*1146723 (SEN_NR2_T_2)
	rasterizer_units[3].rasterizer_inst/skip_unit_stage1/inputs_dimension[3].t2_inst_i/*cell*1149460 (SEN_NR2_T_2)
	rasterizer_units[3].rasterizer_inst/skip_unit_stage1/inputs_dimension[3].t3_inst_i/*cell*1157017 (SEN_NR2_T_2)
	rasterizer_units[3].rasterizer_inst/skip_unit_stage1/inputs_dimension[0].t2_inst_i/*cell*1153233 (SEN_NR2_T_2)
	rasterizer_units[3].rasterizer_inst/skip_unit_stage1/inputs_dimension[0].t1_inst_i/*cell*1148090 (SEN_NR2_T_2)
	rasterizer_units[3].rasterizer_inst/skip_unit_stage1/inputs_dimension[2].t3_inst_i/*cell*1160766 (SEN_NR2_T_2)
	rasterizer_units[3].rasterizer_inst/skip_unit_stage1/inputs_dimension[1].t1_inst_i/UM1/U138 (SEN_NR2_T_4)
	rasterizer_units[3].rasterizer_inst/skip_unit_stage1/inputs_dimension[1].t2_inst_i/UM1/U138 (SEN_NR2_T_4)
	rasterizer_units[4].rasterizer_inst/skip_unit_stage1/inputs_dimension[2].t1_inst_i/*cell*1169681 (SEN_NR2_T_2)
	rasterizer_units[4].rasterizer_inst/skip_unit_stage1/inputs_dimension[1].t3_inst_i/*cell*1173576 (SEN_NR2_T_2)
	rasterizer_units[4].rasterizer_inst/skip_unit_stage1/inputs_dimension[2].t2_inst_i/*cell*1171045 (SEN_NR2_T_2)
	rasterizer_units[4].rasterizer_inst/skip_unit_stage1/inputs_dimension[0].t3_inst_i/*cell*1174820 (SEN_NR2_T_2)
	rasterizer_units[4].rasterizer_inst/skip_unit_stage1/inputs_dimension[3].t1_inst_i/*cell*1161977 (SEN_NR2_T_2)
	rasterizer_units[4].rasterizer_inst/skip_unit_stage1/inputs_dimension[3].t2_inst_i/*cell*1164714 (SEN_NR2_T_2)
	rasterizer_units[4].rasterizer_inst/skip_unit_stage1/inputs_dimension[3].t3_inst_i/*cell*1172271 (SEN_NR2_T_2)
	rasterizer_units[4].rasterizer_inst/skip_unit_stage1/inputs_dimension[0].t2_inst_i/*cell*1168487 (SEN_NR2_T_2)
	rasterizer_units[4].rasterizer_inst/skip_unit_stage1/inputs_dimension[0].t1_inst_i/*cell*1163344 (SEN_NR2_T_2)
	rasterizer_units[4].rasterizer_inst/skip_unit_stage1/inputs_dimension[2].t3_inst_i/*cell*1176020 (SEN_NR2_T_2)
	rasterizer_units[4].rasterizer_inst/skip_unit_stage1/inputs_dimension[1].t1_inst_i/UM1/U138 (SEN_NR2_T_4)
	rasterizer_units[4].rasterizer_inst/skip_unit_stage1/inputs_dimension[1].t2_inst_i/UM1/U138 (SEN_NR2_T_4)
	rasterizer_units[4].rasterizer_inst/gradient_unit_stage3/*cell*2186635 (SEN_DEL_L4V1_8)
	rasterizer_units[5].rasterizer_inst/skip_unit_stage1/inputs_dimension[2].t1_inst_i/*cell*1184935 (SEN_NR2_T_2)
	rasterizer_units[5].rasterizer_inst/skip_unit_stage1/inputs_dimension[1].t3_inst_i/*cell*1188830 (SEN_NR2_T_2)
	rasterizer_units[5].rasterizer_inst/skip_unit_stage1/inputs_dimension[2].t2_inst_i/*cell*1186299 (SEN_NR2_T_2)
	rasterizer_units[5].rasterizer_inst/skip_unit_stage1/inputs_dimension[0].t3_inst_i/*cell*1190074 (SEN_NR2_T_2)
	rasterizer_units[5].rasterizer_inst/skip_unit_stage1/inputs_dimension[3].t1_inst_i/*cell*1177231 (SEN_NR2_T_2)
	rasterizer_units[5].rasterizer_inst/skip_unit_stage1/inputs_dimension[3].t2_inst_i/*cell*1179968 (SEN_NR2_T_2)
	rasterizer_units[5].rasterizer_inst/skip_unit_stage1/inputs_dimension[3].t3_inst_i/*cell*1187525 (SEN_NR2_T_2)
	rasterizer_units[5].rasterizer_inst/skip_unit_stage1/inputs_dimension[0].t2_inst_i/*cell*1183741 (SEN_NR2_T_2)
	rasterizer_units[5].rasterizer_inst/skip_unit_stage1/inputs_dimension[0].t1_inst_i/*cell*1178598 (SEN_NR2_T_2)
	rasterizer_units[5].rasterizer_inst/skip_unit_stage1/inputs_dimension[2].t3_inst_i/*cell*1191274 (SEN_NR2_T_2)
	rasterizer_units[5].rasterizer_inst/skip_unit_stage1/inputs_dimension[1].t1_inst_i/UM1/U138 (SEN_NR2_T_4)
	rasterizer_units[5].rasterizer_inst/skip_unit_stage1/inputs_dimension[1].t2_inst_i/UM1/U138 (SEN_NR2_T_4)
	rasterizer_units[6].rasterizer_inst/skip_unit_stage1/inputs_dimension[2].t1_inst_i/*cell*1200189 (SEN_NR2_T_2)
	rasterizer_units[6].rasterizer_inst/skip_unit_stage1/inputs_dimension[1].t3_inst_i/*cell*1204084 (SEN_NR2_T_2)
	rasterizer_units[6].rasterizer_inst/skip_unit_stage1/inputs_dimension[2].t2_inst_i/*cell*1201553 (SEN_NR2_T_2)
	rasterizer_units[6].rasterizer_inst/skip_unit_stage1/inputs_dimension[0].t3_inst_i/*cell*1205328 (SEN_NR2_T_2)
	rasterizer_units[6].rasterizer_inst/skip_unit_stage1/inputs_dimension[3].t1_inst_i/*cell*1192485 (SEN_NR2_T_2)
	rasterizer_units[6].rasterizer_inst/skip_unit_stage1/inputs_dimension[3].t2_inst_i/*cell*1195222 (SEN_NR2_T_2)
	rasterizer_units[6].rasterizer_inst/skip_unit_stage1/inputs_dimension[3].t3_inst_i/*cell*1202779 (SEN_NR2_T_2)
	rasterizer_units[6].rasterizer_inst/skip_unit_stage1/inputs_dimension[0].t2_inst_i/*cell*1198995 (SEN_NR2_T_2)
	rasterizer_units[6].rasterizer_inst/skip_unit_stage1/inputs_dimension[0].t1_inst_i/*cell*1193852 (SEN_NR2_T_2)
	rasterizer_units[6].rasterizer_inst/skip_unit_stage1/inputs_dimension[2].t3_inst_i/*cell*1206528 (SEN_NR2_T_2)
	rasterizer_units[6].rasterizer_inst/skip_unit_stage1/inputs_dimension[1].t1_inst_i/UM1/U138 (SEN_NR2_T_4)
	rasterizer_units[6].rasterizer_inst/skip_unit_stage1/inputs_dimension[1].t2_inst_i/UM1/U138 (SEN_NR2_T_4)
	rasterizer_units[7].rasterizer_inst/skip_unit_stage1/inputs_dimension[2].t1_inst_i/*cell*1215443 (SEN_NR2_T_2)
	rasterizer_units[7].rasterizer_inst/skip_unit_stage1/inputs_dimension[1].t3_inst_i/*cell*1219338 (SEN_NR2_T_2)
	rasterizer_units[7].rasterizer_inst/skip_unit_stage1/inputs_dimension[2].t2_inst_i/*cell*1216807 (SEN_NR2_T_2)
	rasterizer_units[7].rasterizer_inst/skip_unit_stage1/inputs_dimension[0].t3_inst_i/*cell*1220582 (SEN_NR2_T_2)
	rasterizer_units[7].rasterizer_inst/skip_unit_stage1/inputs_dimension[3].t1_inst_i/*cell*1207739 (SEN_NR2_T_2)
	rasterizer_units[7].rasterizer_inst/skip_unit_stage1/inputs_dimension[3].t2_inst_i/*cell*1210476 (SEN_NR2_T_2)
	rasterizer_units[7].rasterizer_inst/skip_unit_stage1/inputs_dimension[3].t3_inst_i/*cell*1218033 (SEN_NR2_T_2)
	rasterizer_units[7].rasterizer_inst/skip_unit_stage1/inputs_dimension[0].t2_inst_i/*cell*1214249 (SEN_NR2_T_2)
	rasterizer_units[7].rasterizer_inst/skip_unit_stage1/inputs_dimension[0].t1_inst_i/*cell*1209106 (SEN_NR2_T_2)
	rasterizer_units[7].rasterizer_inst/skip_unit_stage1/inputs_dimension[2].t3_inst_i/*cell*1221782 (SEN_NR2_T_2)
	rasterizer_units[7].rasterizer_inst/skip_unit_stage1/inputs_dimension[1].t1_inst_i/UM1/U138 (SEN_NR2_T_4)
	rasterizer_units[7].rasterizer_inst/skip_unit_stage1/inputs_dimension[1].t2_inst_i/UM1/U138 (SEN_NR2_T_4)

 (RTDC-60)

  Retiming base-clock clk, rising edge.
  Beginning minimum period retiming ...
  ... minimum period retiming done.
  Beginning minimum area retiming step 1 ...
  ... minimum area retiming step 1 done.
  Beginning minimum area retiming step 2 ...
  5% 10% 15% 20% 25% 30% 35% 40% 45% 50% 55% 60% 65% 70% 75% 80% 85% 90% 95% 100% 
  ... minimum area retiming step 2 done.
  Beginning minimum area retiming step 3 ...
  5% 